item_code,station_code,personnel_count,expedition_duration,opening_stock,received_quantity,consumed_quantity,closing_stock,minimum_stock,lead_time,future_7day_requirement
8,1,47,165,85.6,0.0,0.07,85.53,30,40,0.39
8,1,31,285,85.53,0.0,0.05,85.48,30,40,0.38
8,1,38,312,85.48,0.0,0.05,85.43,30,40,0.36
8,1,45,223,85.43,0.0,0.06,85.37,30,40,0.38
8,1,46,154,85.37,0.0,0.06,85.31,30,40,0.39
8,1,44,338,85.31,0.0,0.06,85.24,30,40,0.42
8,1,47,167,85.24,0.0,0.07,85.18,30,40,0.39
8,1,28,184,85.18,0.0,0.04,85.14,30,40,0.39
8,1,33,318,85.14,0.0,0.05,85.09,30,40,0.38
8,1,30,248,85.09,0.0,0.04,85.05,30,40,0.4
8,1,50,152,85.05,0.0,0.08,84.97,30,40,0.38
8,1,31,220,84.97,0.0,0.04,84.92,30,40,0.36
8,1,27,170,84.92,0.0,0.04,84.88,30,40,0.34
8,1,39,241,84.88,0.0,0.05,84.83,30,40,0.35
8,1,33,265,84.83,0.0,0.05,84.78,30,40,0.36
8,1,42,242,84.78,0.0,0.06,84.72,30,40,0.37
8,1,33,212,84.72,0.0,0.05,84.66,30,40,0.34
8,1,31,313,84.66,0.0,0.05,84.61,30,40,0.35
8,1,36,181,84.61,0.0,0.05,84.56,30,40,0.37
8,1,42,184,84.56,0.0,0.06,84.5,30,40,0.38
8,1,40,111,84.5,0.0,0.06,84.44,30,40,0.39
8,1,37,107,84.44,0.0,0.06,84.38,30,40,0.38
8,1,39,296,84.38,0.0,0.05,84.33,30,40,0.37
8,1,25,90,84.33,0.0,0.04,84.29,30,40,0.38
8,1,45,310,84.29,0.0,0.06,84.23,30,40,0.38
8,1,37,207,84.23,0.0,0.05,84.17,30,40,0.37
8,1,31,198,84.17,0.0,0.05,84.12,30,40,0.37
8,1,42,320,84.12,0.0,0.06,84.06,30,40,0.36
8,1,32,114,84.06,0.0,0.05,84.01,30,40,0.35
8,1,29,272,84.01,0.0,0.04,83.97,30,40,0.36
8,1,29,97,83.97,0.0,0.05,83.92,30,40,0.36
8,1,38,213,83.92,0.0,0.06,83.86,30,40,0.35
8,1,25,193,83.86,0.0,0.04,83.82,30,40,0.37
8,1,42,248,83.82,0.0,0.07,83.75,30,40,0.36
8,1,36,277,83.75,0.0,0.05,83.7,30,40,0.35
8,1,26,287,83.7,0.0,0.04,83.66,30,40,0.36
8,1,32,253,83.66,0.0,0.05,83.6,30,40,0.37
8,1,36,302,83.6,0.0,0.06,83.55,30,40,0.35
8,1,27,236,83.55,0.0,0.04,83.5,30,40,0.36
8,1,33,124,83.5,0.0,0.05,83.45,30,40,0.36
8,1,45,281,83.45,0.0,0.07,83.38,30,40,0.39
8,1,46,290,83.38,0.0,0.08,83.31,30,40,0.42
8,1,44,246,83.31,0.0,0.07,83.24,30,40,0.42
8,1,37,140,83.24,0.0,0.05,83.19,30,40,0.44
8,1,47,292,83.19,0.0,0.08,83.11,30,40,0.45
8,1,28,164,83.11,0.0,0.05,83.06,30,40,0.47
8,1,48,216,83.06,0.0,0.07,82.99,30,40,0.46
8,1,42,318,82.99,0.0,0.06,82.93,30,40,0.44
8,1,39,193,82.93,0.0,0.06,82.87,30,40,0.44
8,1,45,157,82.87,0.0,0.07,82.8,30,40,0.46
8,1,43,148,82.8,0.0,0.07,82.73,30,40,0.44
8,1,44,270,82.73,0.0,0.06,82.66,30,40,0.43
8,1,27,270,82.66,0.0,0.04,82.62,30,40,0.43
8,1,45,191,82.62,0.0,0.07,82.55,30,40,0.43
8,1,40,102,82.55,0.0,0.06,82.49,30,40,0.44
8,1,50,258,82.49,0.0,0.07,82.42,30,40,0.42
8,1,28,162,82.42,0.0,0.05,82.37,30,40,0.41
8,1,38,353,82.37,0.0,0.06,82.31,30,40,0.43
8,1,50,141,82.31,0.0,0.08,82.23,30,40,0.47
8,1,48,161,82.23,0.0,0.08,82.15,30,40,0.44
8,1,33,360,82.15,0.0,0.04,82.11,30,40,0.45
8,1,43,281,82.11,0.0,0.07,82.04,30,40,0.43
8,1,31,163,82.04,0.0,0.05,81.99,30,40,0.43
8,1,39,345,81.99,0.0,0.05,81.93,30,40,0.43
8,1,38,231,81.93,0.0,0.06,81.87,30,40,0.41
8,1,41,153,81.87,0.0,0.06,81.81,30,40,0.4
8,1,45,273,81.81,0.0,0.07,81.75,30,40,0.4
8,1,30,295,81.75,0.0,0.04,81.7,30,40,0.37
8,1,25,226,81.7,0.0,0.04,81.66,30,40,0.4
8,1,50,341,81.66,0.0,0.08,81.58,30,40,0.42
8,1,46,342,81.58,0.0,0.07,81.51,30,40,0.43
8,1,49,165,81.51,0.0,0.07,81.44,30,40,0.41
8,1,27,189,81.44,0.0,0.04,81.4,30,40,0.39
8,1,34,235,81.4,0.0,0.05,81.35,30,40,0.43
8,1,46,262,81.35,0.0,0.08,81.27,30,40,0.44
8,1,37,195,81.27,0.0,0.05,81.21,30,40,0.43
8,1,40,105,81.21,0.0,0.07,81.15,30,40,0.4
8,1,26,248,81.15,0.0,0.04,81.11,30,40,0.39
8,1,33,184,81.11,0.0,0.06,81.05,30,40,0.42
8,1,44,300,81.05,0.0,0.07,80.98,30,40,0.44
8,1,44,182,80.98,0.0,0.07,80.91,30,40,0.41
8,1,35,155,80.91,0.0,0.05,80.86,30,40,0.43
8,1,43,208,80.86,0.0,0.07,80.79,30,40,0.42
8,1,38,260,80.79,0.0,0.06,80.73,30,40,0.44
8,1,43,165,80.73,0.0,0.06,80.67,30,40,0.43
8,1,33,334,80.67,0.0,0.05,80.62,30,40,0.41
8,1,30,137,80.62,0.0,0.05,80.57,30,40,0.4
8,1,43,286,80.57,0.0,0.06,80.51,30,40,0.43
8,1,47,223,80.51,0.0,0.08,80.43,30,40,0.43
8,1,48,205,80.43,0.0,0.07,80.36,30,40,0.41
8,1,31,158,80.36,0.0,0.04,80.32,30,40,0.39
8,1,31,159,80.32,0.0,0.04,80.28,30,40,0.41
8,1,46,257,80.28,0.0,0.07,80.21,30,40,0.44
8,1,50,121,80.21,0.0,0.08,80.13,30,40,0.44
8,1,41,206,80.13,0.0,0.06,80.07,30,40,0.44
8,1,48,278,80.07,0.0,0.08,79.99,30,40,0.42
8,1,30,281,79.99,0.0,0.05,79.94,30,40,0.45
8,1,43,219,79.94,0.0,0.07,79.87,30,40,0.47
8,1,40,163,79.87,0.0,0.06,79.81,30,40,0.45
8,1,36,197,79.81,0.0,0.05,79.76,30,40,0.41
8,1,25,309,79.76,0.0,0.04,79.72,30,40,0.42
8,1,41,340,79.72,0.0,0.07,79.65,30,40,0.4
8,1,37,134,79.65,0.0,0.06,79.59,30,40,0.42
8,1,42,287,79.59,0.0,0.07,79.53,30,40,0.42
8,1,44,302,79.53,0.0,0.07,79.46,30,40,0.41
8,1,31,341,79.46,0.0,0.05,79.41,30,40,0.41
8,1,35,316,79.41,0.0,0.05,79.36,30,40,0.44
8,1,40,171,79.36,0.0,0.07,79.29,30,40,0.43
8,1,36,158,79.29,0.0,0.06,79.23,30,40,0.42
8,1,28,173,79.23,0.0,0.05,79.19,30,40,0.4
8,1,36,113,79.19,0.0,0.05,79.13,30,40,0.38
8,1,28,269,79.13,0.0,0.05,79.09,30,40,0.37
8,1,28,171,79.09,0.0,0.04,79.05,30,40,0.37
8,1,31,344,79.05,0.0,0.05,79.0,30,40,0.36
8,1,37,250,79.0,0.0,0.06,78.94,30,40,0.35
8,1,36,222,78.94,0.0,0.05,78.89,30,40,0.35
8,1,29,174,78.89,0.0,0.05,78.84,30,40,0.37
8,1,42,267,78.84,0.0,0.07,78.77,30,40,0.39
8,1,40,96,78.77,0.0,0.07,78.71,30,40,0.4
8,1,35,189,78.71,0.0,0.05,78.65,30,40,0.39
8,1,26,95,78.65,0.0,0.04,78.61,30,40,0.38
8,1,31,142,78.61,0.0,0.05,78.56,30,40,0.37
8,1,25,291,78.56,0.0,0.04,78.53,30,40,0.38
8,1,41,294,78.53,0.0,0.06,78.47,30,40,0.37
8,1,39,312,78.47,0.0,0.06,78.4,30,40,0.35
8,1,33,265,78.4,0.0,0.05,78.35,30,40,0.36
8,1,41,134,78.35,0.0,0.06,78.29,30,40,0.36
8,1,25,248,78.29,0.0,0.04,78.25,30,40,0.37
8,1,41,182,78.25,0.0,0.06,78.19,30,40,0.4
8,1,44,292,78.19,0.0,0.07,78.12,30,40,0.38
8,1,30,146,78.12,0.0,0.04,78.08,30,40,0.4
8,1,50,145,78.08,0.0,0.08,78.0,30,40,0.39
8,1,33,277,78.0,0.0,0.04,77.96,30,40,0.39
8,1,41,117,77.96,0.0,0.06,77.89,30,40,0.4
8,1,31,243,77.89,0.0,0.05,77.84,30,40,0.41
8,1,41,231,77.84,0.0,0.07,77.77,30,40,0.4
8,1,35,353,77.77,0.0,0.06,77.72,30,40,0.4
8,1,27,200,77.72,0.0,0.04,77.68,30,40,0.36
8,1,26,103,77.68,0.0,0.04,77.63,30,40,0.37
8,1,34,99,77.63,0.0,0.05,77.58,30,40,0.38
8,1,46,281,77.58,0.0,0.07,77.52,30,40,0.4
8,1,43,145,77.52,0.0,0.07,77.45,30,40,0.37
8,1,25,324,77.45,0.0,0.04,77.41,30,40,0.36
8,1,38,150,77.41,0.0,0.05,77.36,30,40,0.38
8,1,35,257,77.36,0.0,0.06,77.3,30,40,0.39
8,1,36,346,77.3,0.0,0.05,77.25,30,40,0.38
8,1,27,333,77.25,0.0,0.04,77.21,30,40,0.38
8,1,50,250,77.21,0.0,0.07,77.14,30,40,0.38
8,1,46,217,77.14,0.0,0.07,77.06,30,40,0.4
8,1,45,249,77.06,0.0,0.06,77.0,30,40,0.43
8,1,47,305,77.0,0.0,0.08,76.92,30,40,0.42
8,1,29,116,76.92,0.0,0.05,76.88,30,40,0.43
8,1,47,277,76.88,0.0,0.06,76.81,30,40,0.44
8,1,31,314,76.81,0.0,0.05,76.76,30,40,0.42
8,1,34,273,76.76,0.0,0.05,76.7,30,40,0.39
8,1,30,228,76.7,0.0,0.04,76.66,30,40,0.41
8,1,50,279,76.66,0.0,0.08,76.58,30,40,0.4
8,1,49,91,76.58,0.0,0.07,76.51,30,40,0.39
8,1,28,222,76.51,0.0,0.04,76.47,30,40,0.4
8,1,41,199,76.47,0.0,0.07,76.41,30,40,0.4
8,1,35,148,76.41,0.0,0.05,76.36,30,40,0.41
8,1,39,357,76.36,0.0,0.06,76.3,30,40,0.44
8,1,44,271,76.3,0.0,0.07,76.23,30,40,0.4
8,1,27,178,76.23,0.0,0.04,76.19,30,40,0.4
8,1,48,169,76.19,0.0,0.07,76.11,30,40,0.4
8,1,30,276,76.11,0.0,0.04,76.07,30,40,0.4
8,1,49,177,76.07,0.0,0.07,76.0,30,40,0.4
8,1,30,149,76.0,0.0,0.05,75.95,30,40,0.39
8,1,37,138,75.95,0.0,0.05,75.9,30,40,0.38
8,1,41,154,75.9,0.0,0.06,75.84,30,40,0.38
8,1,29,288,75.84,0.0,0.04,75.8,30,40,0.37
8,1,41,322,75.8,0.0,0.06,75.74,30,40,0.4
8,1,43,91,75.74,0.0,0.07,75.67,30,40,0.4
8,1,48,283,75.67,0.0,0.07,75.6,30,40,0.41
8,1,44,230,75.6,0.0,0.06,75.54,30,40,0.44
8,1,49,349,75.54,0.0,0.08,75.46,30,40,0.42
8,1,36,230,75.46,0.0,0.04,75.41,30,40,0.43
8,1,37,224,75.41,0.0,0.05,75.36,30,40,0.43
8,1,43,131,75.36,0.0,0.06,75.3,30,40,0.4
8,1,29,241,75.3,0.0,0.04,75.26,30,40,0.38
8,1,36,347,75.26,0.0,0.05,75.21,30,40,0.36
8,1,27,182,75.21,0.0,0.04,75.17,30,40,0.32
8,1,30,113,75.17,0.0,0.04,75.13,30,40,0.34
8,1,47,310,75.13,0.0,0.06,75.06,30,40,0.36
8,1,50,106,75.06,0.0,0.07,75.0,30,40,0.35
8,1,32,144,75.0,0.0,0.05,74.95,30,40,0.37
8,1,41,227,74.95,0.0,0.06,74.89,30,40,0.38
8,1,45,308,74.89,0.0,0.06,74.83,30,40,0.4
8,1,42,298,74.83,0.0,0.06,74.76,30,40,0.41
8,1,36,257,74.76,0.0,0.05,74.71,30,40,0.42
8,1,45,196,74.71,0.0,0.07,74.65,30,40,0.39
8,1,36,180,74.65,0.0,0.04,74.6,30,40,0.39
8,1,32,275,74.6,0.0,0.05,74.56,30,40,0.39
8,1,43,346,74.56,0.0,0.06,74.5,30,40,0.37
8,1,31,323,74.5,0.0,0.04,74.46,30,40,0.36
8,1,39,238,74.46,0.0,0.05,74.41,30,40,0.36
8,1,38,165,74.41,24.11,0.05,98.46,30,40,0.33
8,1,30,155,98.46,0.0,0.04,98.42,30,40,0.33
8,1,28,356,98.42,0.0,0.04,98.38,30,40,0.35
8,1,50,198,98.38,0.0,0.07,98.31,30,40,0.35
8,1,46,112,98.31,0.0,0.06,98.25,30,40,0.37
8,1,44,305,98.25,0.0,0.06,98.19,30,40,0.36
8,1,32,228,98.19,0.0,0.04,98.15,30,40,0.34
8,1,26,174,98.15,0.0,0.03,98.12,30,40,0.36
8,1,41,117,98.12,0.0,0.06,98.06,30,40,0.37
8,1,38,257,98.06,0.0,0.05,98.01,30,40,0.36
8,1,43,330,98.01,0.0,0.06,97.95,30,40,0.37
8,1,49,235,97.95,0.0,0.07,97.88,30,40,0.34
8,1,26,262,97.88,0.0,0.03,97.85,30,40,0.34
8,1,27,344,97.85,0.0,0.04,97.81,30,40,0.36
8,1,37,282,97.81,0.0,0.05,97.76,30,40,0.37
8,1,46,130,97.76,0.0,0.07,97.69,30,40,0.38
8,1,46,347,97.69,0.0,0.06,97.63,30,40,0.38
8,1,44,353,97.63,0.0,0.06,97.58,30,40,0.34
8,1,25,334,97.58,0.0,0.03,97.55,30,40,0.37
8,1,50,330,97.55,0.0,0.06,97.48,30,40,0.36
8,1,26,230,97.48,0.0,0.03,97.45,30,40,0.38
8,1,45,309,97.45,0.0,0.07,97.39,30,40,0.35
8,1,28,338,97.39,0.0,0.04,97.34,30,40,0.34
8,1,36,325,97.34,0.0,0.05,97.29,30,40,0.33
8,1,38,273,97.29,0.0,0.05,97.24,30,40,0.33
8,1,30,162,97.24,0.0,0.03,97.2,30,40,0.34
8,1,43,335,97.2,0.0,0.07,97.14,30,40,0.37
8,1,43,191,97.14,0.0,0.06,97.08,30,40,0.35
8,1,39,102,97.08,0.0,0.05,97.02,30,40,0.36
8,1,41,193,97.02,0.0,0.05,96.97,30,40,0.36
8,1,39,127,96.97,0.0,0.05,96.92,30,40,0.36
8,1,38,282,96.92,0.0,0.05,96.87,30,40,0.39
8,1,50,184,96.87,0.0,0.06,96.81,30,40,0.36
8,1,27,160,96.81,0.0,0.04,96.77,30,40,0.36
8,1,46,95,96.77,0.0,0.06,96.71,30,40,0.36
8,1,43,175,96.71,0.0,0.05,96.66,30,40,0.36
8,1,40,182,96.66,0.0,0.05,96.61,30,40,0.37
8,1,47,187,96.61,0.0,0.06,96.55,30,40,0.38
8,1,46,216,96.55,0.0,0.06,96.49,30,40,0.37
8,1,45,248,96.49,0.0,0.05,96.44,30,40,0.36
8,1,26,121,96.44,0.0,0.03,96.4,30,40,0.34
8,1,36,276,96.4,0.0,0.04,96.36,30,40,0.34
8,1,34,138,96.36,0.0,0.05,96.31,30,40,0.33
8,1,33,345,96.31,0.0,0.04,96.27,30,40,0.33
8,1,46,115,96.27,0.0,0.06,96.21,30,40,0.32
8,1,38,225,96.21,0.0,0.05,96.17,30,40,0.31
8,1,31,352,96.17,0.0,0.04,96.12,30,40,0.32
8,1,37,307,96.12,0.0,0.04,96.08,30,40,0.31
8,1,25,192,96.08,0.0,0.03,96.04,30,40,0.3
8,1,30,173,96.04,0.0,0.04,96.01,30,40,0.31
8,1,34,194,96.01,0.0,0.05,95.96,30,40,0.28
8,1,25,331,95.96,0.0,0.03,95.93,30,40,0.28
8,1,48,267,95.93,0.0,0.05,95.88,30,40,0.3
8,1,48,301,95.88,0.0,0.06,95.81,30,40,0.3
8,1,32,262,95.81,0.0,0.04,95.77,30,40,0.31
8,1,29,103,95.77,0.0,0.04,95.73,30,40,0.32
8,1,49,310,95.73,0.0,0.05,95.67,30,40,0.31
8,1,37,223,95.67,0.0,0.04,95.63,30,40,0.33
8,1,34,292,95.63,0.0,0.05,95.58,30,40,0.33
8,1,42,335,95.58,0.0,0.05,95.54,30,40,0.33
8,1,44,130,95.54,0.0,0.06,95.48,30,40,0.34
8,1,38,116,95.48,0.0,0.05,95.43,30,40,0.36
8,1,43,196,95.43,0.0,0.06,95.37,30,40,0.35
8,1,27,200,95.37,0.0,0.04,95.33,30,40,0.34
8,1,26,144,95.33,0.0,0.03,95.3,30,40,0.36
8,1,50,236,95.3,0.0,0.07,95.23,30,40,0.39
8,1,50,161,95.23,0.0,0.08,95.15,30,40,0.36
8,1,27,309,95.15,0.0,0.03,95.12,30,40,0.36
8,1,41,317,95.12,0.0,0.05,95.07,30,40,0.35
8,1,38,225,95.07,0.0,0.05,95.01,30,40,0.36
8,1,39,288,95.01,0.0,0.05,94.97,30,40,0.38
8,1,34,334,94.97,0.0,0.05,94.92,30,40,0.36
8,1,39,166,94.92,0.0,0.05,94.87,30,40,0.33
8,1,40,167,94.87,0.0,0.05,94.82,30,40,0.36
8,1,43,153,94.82,0.0,0.06,94.77,30,40,0.35
8,1,35,325,94.77,0.0,0.04,94.73,30,40,0.36
8,1,50,177,94.73,0.0,0.06,94.67,30,40,0.36
8,1,43,243,94.67,0.0,0.05,94.61,30,40,0.34
8,1,29,215,94.61,0.0,0.03,94.58,30,40,0.34
8,1,36,154,94.58,0.0,0.05,94.53,30,40,0.35
8,1,45,153,94.53,0.0,0.06,94.48,30,40,0.35
8,1,50,324,94.48,0.0,0.06,94.42,30,40,0.36
8,1,35,202,94.42,0.0,0.05,94.37,30,40,0.34
8,1,26,235,94.37,0.0,0.04,94.33,30,40,0.36
8,1,50,146,94.33,0.0,0.07,94.27,30,40,0.37
8,1,25,113,94.27,0.0,0.04,94.23,30,40,0.37
8,1,37,183,94.23,0.0,0.05,94.18,30,40,0.37
8,1,44,138,94.18,0.0,0.06,94.12,30,40,0.36
8,1,39,226,94.12,0.0,0.05,94.07,30,40,0.35
8,1,33,262,94.07,0.0,0.04,94.02,30,40,0.37
8,1,42,174,94.02,0.0,0.06,93.97,30,40,0.36
8,1,47,257,93.97,0.0,0.06,93.91,30,40,0.37
8,1,36,295,93.91,0.0,0.05,93.86,30,40,0.38
8,1,39,232,93.86,0.0,0.06,93.81,30,40,0.38
8,1,44,156,93.81,0.0,0.06,93.75,30,40,0.37
8,1,28,328,93.75,0.0,0.04,93.71,30,40,0.39
8,1,43,347,93.71,0.0,0.06,93.65,30,40,0.37
8,1,30,172,93.65,0.0,0.04,93.61,30,40,0.35
8,1,35,187,93.61,0.0,0.04,93.56,30,40,0.34
8,1,27,230,93.56,0.0,0.04,93.53,30,40,0.35
8,1,48,205,93.53,0.0,0.07,93.46,30,40,0.33
8,1,29,167,93.46,0.0,0.04,93.42,30,40,0.34
8,1,36,149,93.42,0.0,0.05,93.36,30,40,0.34
8,1,49,157,93.36,0.0,0.06,93.3,30,40,0.37
8,1,48,105,93.3,0.0,0.07,93.24,30,40,0.39
8,1,45,252,93.24,0.0,0.06,93.18,30,40,0.41
8,1,46,244,93.18,0.0,0.06,93.12,30,40,0.41
8,1,50,126,93.12,0.0,0.07,93.05,30,40,0.43
8,1,46,200,93.05,0.0,0.06,92.99,30,40,0.42
8,1,29,142,92.99,0.0,0.04,92.95,30,40,0.42
8,1,47,338,92.95,0.0,0.06,92.9,30,40,0.39
8,1,30,252,92.9,27.05,0.04,119.91,30,40,0.39
8,1,45,291,119.91,0.0,0.06,119.85,30,40,0.38
8,1,40,340,119.85,0.0,0.05,119.8,30,40,0.38
8,1,48,331,119.8,0.0,0.07,119.74,30,40,0.37
8,1,36,290,119.74,0.0,0.05,119.69,30,40,0.37
8,1,32,172,119.69,0.0,0.04,119.65,30,40,0.35
8,1,34,291,119.65,0.0,0.04,119.61,30,40,0.35
8,1,26,298,119.61,0.0,0.04,119.57,30,40,0.36
8,1,44,297,119.57,0.0,0.07,119.51,30,40,0.37
8,1,41,259,119.51,0.0,0.06,119.45,30,40,0.37
8,1,47,357,119.45,0.0,0.07,119.38,30,40,0.35
8,1,31,194,119.38,0.0,0.03,119.35,30,40,0.35
8,1,34,107,119.35,0.0,0.04,119.31,30,40,0.37
8,1,50,283,119.31,0.0,0.06,119.24,30,40,0.4
8,1,47,278,119.24,0.0,0.07,119.18,30,40,0.36
8,1,26,287,119.18,0.0,0.03,119.14,30,40,0.36
8,1,48,125,119.14,0.0,0.06,119.08,30,40,0.35
8,1,48,306,119.08,0.0,0.06,119.02,30,40,0.36
8,1,33,213,119.02,0.0,0.04,118.98,30,40,0.38
8,1,47,184,118.98,0.0,0.06,118.91,30,40,0.36
8,1,27,320,118.91,0.0,0.04,118.87,30,40,0.34
8,1,36,266,118.87,0.0,0.05,118.82,30,40,0.36
8,1,39,102,118.82,0.0,0.05,118.77,30,40,0.34
8,1,29,348,118.77,0.0,0.04,118.73,30,40,0.34
8,1,35,203,118.73,0.0,0.06,118.67,30,40,0.36
8,1,43,195,118.67,0.0,0.06,118.61,30,40,0.34
8,1,30,239,118.61,0.0,0.04,118.57,30,40,0.37
8,1,40,190,118.57,0.0,0.07,118.51,30,40,0.37
8,1,36,252,118.51,0.0,0.05,118.45,30,40,0.37
8,1,35,136,118.45,0.0,0.05,118.4,30,40,0.39
8,1,44,137,118.4,0.0,0.06,118.34,30,40,0.38
8,1,36,158,118.34,0.0,0.05,118.29,30,40,0.36
8,1,26,176,118.29,0.0,0.04,118.25,30,40,0.37
8,1,33,187,118.25,0.0,0.05,118.2,30,40,0.36
8,1,40,99,118.2,0.0,0.06,118.14,30,40,0.37
8,1,42,270,118.14,0.0,0.06,118.09,30,40,0.36
8,1,28,117,118.09,29.82,0.04,147.87,30,40,0.36
8,1,46,278,147.87,0.0,0.06,147.8,30,40,0.35
8,1,28,158,147.8,0.0,0.04,147.77,30,40,0.39
8,1,49,119,147.77,0.0,0.08,147.69,30,40,0.4
8,1,44,352,147.69,23.47,0.06,171.1,30,40,0.38
8,1,30,119,171.1,0.0,0.04,171.06,30,40,0.37
8,1,36,219,171.06,0.0,0.05,171.01,30,40,0.39
8,1,41,179,171.01,0.0,0.06,170.95,30,40,0.4
8,1,45,295,170.95,0.0,0.07,170.88,30,40,0.42
8,1,39,180,170.88,0.0,0.06,170.83,30,40,0.39
8,1,34,291,170.83,0.0,0.05,170.78,30,40,0.37
8,1,29,310,170.78,0.0,0.04,170.74,30,40,0.37
8,1,27,118,170.74,0.0,0.04,170.7,30,40,0.37
8,1,35,134,170.7,0.0,0.05,170.65,30,40,0.37
8,1,47,95,170.65,0.0,0.06,170.6,30,40,0.34
8,1,27,202,170.6,0.0,0.04,170.56,30,40,0.32
8,1,29,252,170.56,0.0,0.04,170.52,30,40,0.34
8,1,48,296,170.52,0.0,0.07,170.45,30,40,0.37
8,1,49,322,170.45,0.0,0.07,170.37,30,40,0.39
8,1,38,305,170.37,0.0,0.06,170.32,30,40,0.38
8,1,28,252,170.32,0.0,0.04,170.27,30,40,0.38
8,1,43,137,170.27,0.0,0.06,170.22,30,40,0.4
8,1,37,326,170.22,0.0,0.06,170.16,30,40,0.42
8,1,45,244,170.16,0.0,0.06,170.09,30,40,0.4
8,1,39,131,170.09,0.0,0.05,170.04,30,40,0.37
8,1,31,139,170.04,0.0,0.04,170.0,30,40,0.38
8,1,49,294,170.0,0.0,0.07,169.93,30,40,0.4
8,1,48,188,169.93,0.0,0.06,169.86,30,40,0.41
8,1,47,289,169.86,0.0,0.07,169.79,30,40,0.39
8,1,28,208,169.79,0.0,0.04,169.75,30,40,0.37
8,1,25,186,169.75,0.0,0.04,169.71,30,40,0.36
8,1,36,278,169.71,0.0,0.04,169.66,30,40,0.37
8,1,32,92,169.66,0.0,0.05,169.62,30,40,0.34
8,1,26,106,169.62,0.0,0.04,169.58,30,40,0.32
8,1,25,269,169.58,0.0,0.04,169.54,30,40,0.28
8,1,27,110,169.54,0.0,0.03,169.51,30,40,0.29
8,1,28,123,169.51,0.0,0.05,169.46,30,40,0.31
8,1,42,168,169.46,0.0,0.06,169.4,30,40,0.31
8,1,28,196,169.4,0.0,0.04,169.36,30,40,0.32
8,1,40,118,169.36,0.0,0.06,169.31,30,40,0.34
8,1,45,318,169.31,0.0,0.06,169.24,30,40,0.37
8,1,44,164,169.24,0.0,0.07,169.17,30,40,0.41
8,1,47,329,169.17,0.0,0.07,169.11,30,40,0.41
8,1,39,351,169.11,0.0,0.05,169.05,30,40,0.42
8,1,47,220,169.05,0.0,0.07,168.98,30,40,0.43
8,1,33,103,168.98,0.0,0.05,168.93,30,40,0.4
8,1,25,249,168.93,0.0,0.03,168.9,30,40,0.4
8,1,38,166,168.9,0.0,0.06,168.84,30,40,0.38
8,1,31,272,168.84,0.0,0.05,168.79,30,40,0.38
8,1,48,154,168.79,0.0,0.07,168.72,30,40,0.38
8,1,36,124,168.72,0.0,0.05,168.67,30,40,0.36
8,1,36,145,168.67,0.0,0.05,168.61,30,40,0.38
8,1,41,269,168.61,0.0,0.07,168.54,30,40,0.42
8,1,49,338,168.54,0.0,0.07,168.47,30,40,0.41
8,1,39,249,168.47,0.0,0.05,168.41,30,40,0.42
8,1,40,172,168.41,0.0,0.06,168.35,30,40,0.41
8,1,39,327,168.35,0.0,0.06,168.3,30,40,0.4
8,1,29,103,168.3,0.0,0.04,168.26,30,40,0.4
8,1,30,252,168.26,0.0,0.05,168.21,30,40,0.38
8,1,28,148,168.21,0.0,0.05,168.16,30,40,0.39
8,1,43,105,168.16,0.0,0.08,168.08,30,40,0.39
8,1,32,103,168.08,0.0,0.05,168.04,30,40,0.39
8,1,42,171,168.04,0.0,0.06,167.98,30,40,0.37
8,1,25,212,167.98,0.0,0.04,167.94,30,40,0.38
8,1,30,178,167.94,0.0,0.05,167.89,30,40,0.37
8,1,26,113,167.89,0.0,0.04,167.85,30,40,0.39
8,1,47,267,167.85,0.0,0.07,167.78,30,40,0.35
8,1,29,182,167.78,0.0,0.04,167.73,30,40,0.34
8,1,25,90,167.73,0.0,0.04,167.69,30,40,0.33
8,1,36,347,167.69,0.0,0.05,167.64,30,40,0.34
8,1,35,296,167.64,0.0,0.05,167.59,30,40,0.36
8,1,42,98,167.59,0.0,0.07,167.53,30,40,0.38
8,1,37,277,167.53,0.0,0.06,167.46,30,40,0.36
8,1,36,206,167.46,0.0,0.05,167.41,30,40,0.37
8,1,31,291,167.41,0.0,0.05,167.36,30,40,0.39
8,1,39,151,167.36,0.0,0.06,167.3,30,40,0.4
8,1,43,268,167.3,0.0,0.06,167.23,30,40,0.41
8,1,36,258,167.23,0.0,0.06,167.17,30,40,0.42
8,1,49,306,167.17,0.0,0.08,167.1,30,40,0.41
8,1,33,98,167.1,0.0,0.05,167.05,30,40,0.41
8,1,26,274,167.05,0.0,0.05,167.0,30,40,0.41
8,1,34,190,167.0,0.0,0.05,166.95,30,40,0.4
8,1,35,158,166.95,0.0,0.05,166.9,30,40,0.39
8,1,32,150,166.9,0.0,0.05,166.84,30,40,0.38
8,1,33,353,166.84,0.0,0.05,166.79,30,40,0.37
8,1,46,332,166.79,0.0,0.07,166.73,30,40,0.4
8,1,45,318,166.73,0.0,0.08,166.65,30,40,0.41
8,1,34,341,166.65,0.0,0.06,166.6,30,40,0.4
8,1,28,342,166.6,0.0,0.04,166.55,30,40,0.4
8,1,34,290,166.55,0.0,0.05,166.5,30,40,0.39
8,1,27,258,166.5,0.0,0.04,166.46,30,40,0.42
8,1,48,207,166.46,0.0,0.08,166.39,30,40,0.4
8,1,37,245,166.39,0.0,0.05,166.33,30,40,0.38
8,1,42,138,166.33,0.0,0.06,166.27,30,40,0.38
8,1,39,242,166.27,0.0,0.06,166.21,30,40,0.39
8,1,29,234,166.21,0.0,0.05,166.16,30,40,0.39
8,1,26,218,166.16,0.0,0.05,166.11,30,40,0.4
8,1,28,161,166.11,0.0,0.05,166.07,30,40,0.39
8,1,47,194,166.07,0.0,0.07,166.0,30,40,0.41
8,1,44,246,166.0,0.0,0.07,165.93,30,40,0.43
8,1,48,252,165.93,0.0,0.08,165.85,30,40,0.42
8,1,41,159,165.85,0.0,0.05,165.8,30,40,0.43
8,1,36,150,165.8,0.0,0.06,165.75,30,40,0.44
8,1,33,156,165.75,0.0,0.06,165.69,30,40,0.43
8,1,25,269,165.69,0.0,0.04,165.65,30,40,0.41
8,1,30,267,165.65,0.0,0.05,165.6,30,40,0.41
8,1,48,197,165.6,0.0,0.07,165.53,30,40,0.39
8,1,37,299,165.53,0.0,0.06,165.48,30,40,0.38
8,1,28,215,165.48,0.0,0.04,165.43,30,40,0.37
8,1,32,199,165.43,0.0,0.05,165.38,30,40,0.37
8,1,44,276,165.38,0.0,0.06,165.32,30,40,0.39
8,1,39,309,165.32,0.0,0.06,165.26,30,40,0.4
8,1,38,310,165.26,0.0,0.06,165.2,30,40,0.39
8,1,41,102,165.2,0.0,0.06,165.14,30,40,0.38
8,1,28,153,165.14,0.0,0.05,165.09,30,40,0.38
8,1,28,153,165.09,0.0,0.04,165.05,30,40,0.39
8,1,47,277,165.05,0.0,0.06,164.99,30,40,0.4
8,1,40,165,164.99,0.0,0.07,164.92,30,40,0.39
8,1,37,113,164.92,0.0,0.05,164.87,30,40,0.39
8,1,41,146,164.87,0.0,0.06,164.81,30,40,0.39
8,1,42,142,164.81,0.0,0.06,164.75,30,40,0.38
8,1,30,329,164.75,0.0,0.04,164.71,30,40,0.4
8,1,42,161,164.71,0.0,0.06,164.65,30,40,0.39
8,1,28,292,164.65,0.0,0.05,164.6,30,40,0.39
8,1,44,356,164.6,0.0,0.07,164.53,30,40,0.4
8,1,35,289,164.53,0.0,0.06,164.47,30,40,0.42
8,1,48,142,164.47,0.0,0.08,164.39,30,40,0.42
8,1,38,141,164.39,0.0,0.06,164.33,30,40,0.44
8,1,36,228,164.33,0.0,0.06,164.27,30,40,0.43
8,1,32,163,164.27,0.0,0.05,164.22,30,40,0.46
8,1,47,356,164.22,0.0,0.08,164.14,30,40,0.46
8,1,43,102,164.14,0.0,0.07,164.07,30,40,0.45
8,1,30,109,164.07,0.0,0.05,164.02,30,40,0.44
8,1,42,306,164.02,0.0,0.07,163.95,30,40,0.44
8,1,36,96,163.95,0.0,0.06,163.9,30,40,0.44
8,1,37,214,163.9,0.0,0.06,163.84,30,40,0.43
8,1,27,304,163.84,0.0,0.04,163.8,30,40,0.4
8,1,37,120,163.8,0.0,0.05,163.74,30,40,0.37
8,1,27,326,163.74,0.0,0.04,163.7,30,40,0.37
8,1,32,197,163.7,0.0,0.05,163.66,30,40,0.35
8,1,37,194,163.66,0.0,0.05,163.6,30,40,0.36
8,1,45,109,163.6,0.0,0.07,163.53,30,40,0.34
8,1,28,123,163.53,0.0,0.04,163.48,30,40,0.35
8,1,35,97,163.48,0.0,0.05,163.43,30,40,0.34
8,1,25,255,163.43,0.0,0.04,163.39,30,40,0.35
8,1,27,159,163.39,0.0,0.05,163.35,30,40,0.35
8,1,30,140,163.35,0.0,0.05,163.3,30,40,0.37
8,1,49,252,163.3,0.0,0.07,163.23,30,40,0.37
8,1,44,167,163.23,0.0,0.07,163.17,30,40,0.38
8,1,32,325,163.17,0.0,0.05,163.12,30,40,0.4
8,1,47,116,163.12,0.0,0.07,163.05,30,40,0.42
8,1,36,96,163.05,0.0,0.06,162.99,30,40,0.43
8,1,39,204,162.99,0.0,0.06,162.93,30,40,0.43
8,1,31,92,162.93,0.0,0.05,162.88,30,40,0.41
8,1,32,137,162.88,0.0,0.05,162.83,30,40,0.42
8,1,49,190,162.83,0.0,0.08,162.76,30,40,0.45
8,1,49,328,162.76,0.0,0.08,162.68,30,40,0.42
8,1,28,196,162.68,0.0,0.04,162.64,30,40,0.42
8,1,48,147,162.64,0.0,0.06,162.57,30,40,0.41
8,1,30,264,162.57,0.0,0.05,162.53,30,40,0.41
8,1,36,243,162.53,0.0,0.05,162.47,30,40,0.43
8,1,46,145,162.47,0.0,0.07,162.4,30,40,0.42
8,1,41,127,162.4,0.0,0.07,162.34,30,40,0.39
8,1,34,357,162.34,0.0,0.05,162.28,30,40,0.42
8,1,40,317,162.28,0.0,0.07,162.22,30,40,0.42
8,1,38,309,162.22,0.0,0.06,162.16,30,40,0.41
8,1,28,349,162.16,0.0,0.04,162.12,30,40,0.41
8,1,37,191,162.12,0.0,0.05,162.06,30,40,0.38
8,1,28,201,162.06,0.0,0.04,162.02,30,40,0.37
8,1,34,244,162.02,0.0,0.06,161.96,30,40,0.35
8,1,26,187,161.96,0.0,0.03,161.93,30,40,0.36
8,1,49,109,161.93,0.0,0.08,161.85,30,40,0.35
8,1,37,207,161.85,0.0,0.05,161.8,30,40,0.36
8,1,33,152,161.8,0.0,0.05,161.75,30,40,0.37
8,1,37,227,161.75,0.0,0.06,161.69,30,40,0.38
8,1,36,317,161.69,0.0,0.05,161.63,30,40,0.37
8,1,39,312,161.63,0.0,0.05,161.58,30,40,0.42
8,1,50,216,161.58,0.0,0.08,161.5,30,40,0.38
8,1,30,321,161.5,0.0,0.04,161.46,30,40,0.38
8,1,33,345,161.46,0.0,0.05,161.41,30,40,0.38
8,1,35,211,161.41,0.0,0.05,161.35,30,40,0.36
8,1,27,178,161.35,0.0,0.04,161.31,30,40,0.38
8,1,45,96,161.31,0.0,0.07,161.24,30,40,0.4
8,1,46,247,161.24,0.0,0.07,161.18,30,40,0.39
8,1,47,212,161.18,0.0,0.07,161.11,30,40,0.41
8,1,40,350,161.11,0.0,0.06,161.05,30,40,0.44
8,1,49,95,161.05,0.0,0.08,160.97,30,40,0.46
8,1,43,293,160.97,0.0,0.07,160.9,30,40,0.46
8,1,26,202,160.9,0.0,0.04,160.86,30,40,0.45
8,1,43,255,160.86,0.0,0.06,160.8,30,40,0.44
8,1,37,334,160.8,0.0,0.06,160.74,30,40,0.43
8,1,43,171,160.74,0.0,0.06,160.68,30,40,0.41
8,1,32,133,160.68,0.0,0.04,160.64,30,40,0.39
8,1,38,151,160.64,0.0,0.06,160.58,30,40,0.36
8,1,25,354,160.58,0.0,0.04,160.54,30,40,0.35
8,1,27,166,160.54,0.0,0.03,160.5,30,40,0.36
8,1,49,96,160.5,0.0,0.07,160.43,30,40,0.35
8,1,34,322,160.43,0.0,0.05,160.38,30,40,0.35
8,1,48,184,160.38,0.0,0.06,160.32,30,40,0.38
8,1,47,348,160.32,0.0,0.07,160.25,30,40,0.36
8,1,27,319,160.25,0.0,0.04,160.21,30,40,0.37
8,1,37,194,160.21,0.0,0.05,160.16,30,40,0.41
8,1,46,157,160.16,0.0,0.07,160.09,30,40,0.39
8,1,42,184,160.09,0.0,0.05,160.04,30,40,0.38
8,1,28,172,160.04,0.0,0.04,160.0,30,40,0.37
8,1,42,164,160.0,0.0,0.05,159.95,30,40,0.37
8,1,50,95,159.95,0.0,0.07,159.88,30,40,0.38
8,1,36,192,159.88,0.0,0.05,159.84,30,40,0.39
8,1,37,153,159.84,0.0,0.06,159.78,30,40,0.39
8,1,47,104,159.78,17.0,0.07,176.71,30,40,0.4
8,1,44,316,176.71,0.0,0.06,176.65,30,40,0.42
8,1,46,351,176.65,0.0,0.06,176.59,30,40,0.43
8,1,39,276,176.59,0.0,0.06,176.53,30,40,0.4
8,1,36,204,176.53,0.0,0.04,176.49,30,40,0.42
8,1,45,153,176.49,0.0,0.07,176.42,30,40,0.43
8,1,49,230,176.42,0.0,0.07,176.35,30,40,0.42
8,1,50,182,176.35,0.0,0.06,176.29,30,40,0.41
8,1,37,274,176.29,0.0,0.05,176.23,30,40,0.4
8,1,33,225,176.23,0.0,0.05,176.19,30,40,0.38
8,1,29,91,176.19,0.0,0.04,176.14,30,40,0.39
8,1,39,94,176.14,0.0,0.05,176.09,30,40,0.38
8,1,48,315,176.09,0.0,0.06,176.02,30,40,0.37
8,1,44,230,176.02,0.0,0.06,175.96,30,40,0.36
8,1,36,168,175.96,0.0,0.05,175.92,30,40,0.37
8,1,40,321,175.92,0.0,0.06,175.86,30,40,0.38
8,1,42,249,175.86,0.0,0.06,175.8,30,40,0.39
8,1,33,322,175.8,0.0,0.05,175.75,30,40,0.39
8,1,31,107,175.75,0.0,0.05,175.7,30,40,0.39
8,1,39,146,175.7,0.0,0.06,175.64,30,40,0.38
8,1,38,291,175.64,0.0,0.05,175.6,30,40,0.37
8,1,25,222,175.6,0.0,0.04,175.56,30,40,0.37
8,1,46,226,175.56,0.0,0.06,175.5,30,40,0.35
8,1,27,281,175.5,0.0,0.04,175.47,30,40,0.34
8,1,34,131,175.47,0.0,0.04,175.43,30,40,0.33
8,1,28,218,175.43,0.0,0.04,175.38,30,40,0.32
8,1,36,167,175.38,0.0,0.05,175.34,30,40,0.34
8,1,48,301,175.34,0.0,0.07,175.27,30,40,0.34
8,1,32,199,175.27,0.0,0.04,175.23,30,40,0.33
8,1,40,352,175.23,0.0,0.05,175.17,30,40,0.35
8,1,50,91,175.17,0.0,0.06,175.12,30,40,0.35
8,1,35,110,175.12,0.0,0.04,175.08,30,40,0.34
8,1,26,186,175.08,0.0,0.03,175.04,30,40,0.35
8,1,48,135,175.04,0.0,0.06,174.98,30,40,0.34
8,1,42,153,174.98,0.0,0.06,174.92,30,40,0.35
8,1,40,108,174.92,0.0,0.05,174.87,30,40,0.34
8,1,29,150,174.87,0.0,0.04,174.83,30,40,0.31
8,1,26,90,174.83,0.0,0.03,174.8,30,40,0.34
8,1,44,110,174.8,0.0,0.07,174.73,30,40,0.36
8,1,41,248,174.73,0.0,0.05,174.68,30,40,0.34
8,1,33,116,174.68,0.0,0.04,174.64,30,40,0.33
8,1,35,125,174.64,0.0,0.05,174.59,30,40,0.34
8,1,50,305,174.59,0.0,0.06,174.53,30,40,0.36
8,1,42,210,174.53,0.0,0.06,174.47,30,40,0.39
8,1,50,101,174.47,0.0,0.06,174.41,30,40,0.35
8,1,27,300,174.41,0.0,0.03,174.37,30,40,0.34
8,1,29,154,174.37,0.0,0.04,174.33,30,40,0.35
8,1,31,171,174.33,0.0,0.05,174.29,30,40,0.36
8,1,38,225,174.29,0.0,0.06,174.23,30,40,0.35
8,1,38,119,174.23,0.0,0.05,174.18,30,40,0.33
8,1,30,274,174.18,0.0,0.04,174.14,30,40,0.33
8,1,46,314,174.14,0.0,0.06,174.07,30,40,0.34
8,1,35,132,174.07,0.0,0.04,174.03,30,40,0.36
8,1,44,257,174.03,0.0,0.06,173.97,30,40,0.36
8,1,33,173,173.97,0.0,0.05,173.92,30,40,0.34
8,1,30,159,173.92,0.0,0.04,173.89,30,40,0.33
8,1,36,168,173.89,0.0,0.04,173.84,30,40,0.34
8,1,34,221,173.84,0.0,0.05,173.8,30,40,0.32
8,1,34,261,173.8,0.0,0.04,173.76,30,40,0.33
8,1,40,168,173.76,0.0,0.05,173.7,30,40,0.31
8,1,29,148,173.7,0.0,0.04,173.67,30,40,0.32
8,1,44,241,173.67,0.0,0.06,173.6,30,40,0.33
8,1,40,303,173.6,0.0,0.05,173.55,30,40,0.33
8,1,36,342,173.55,0.0,0.04,173.51,30,40,0.33
8,1,34,134,173.51,0.0,0.05,173.46,30,40,0.35
8,1,48,348,173.46,0.0,0.06,173.41,30,40,0.34
8,1,30,311,173.41,0.0,0.04,173.37,30,40,0.34
8,1,28,192,173.37,0.0,0.04,173.33,30,40,0.32
8,1,30,289,173.33,0.0,0.04,173.28,30,40,0.32
8,1,35,277,173.28,0.0,0.05,173.24,30,40,0.32
8,1,31,162,173.24,0.0,0.04,173.2,30,40,0.32
8,1,32,209,173.2,0.0,0.05,173.15,30,40,0.29
8,1,26,336,173.15,0.0,0.03,173.12,30,40,0.32
8,1,50,252,173.12,0.0,0.07,173.06,30,40,0.32
8,1,32,249,173.06,0.0,0.04,173.02,30,40,0.32
8,1,28,136,173.02,0.0,0.04,172.98,30,40,0.31
8,1,36,248,172.98,0.0,0.04,172.94,30,40,0.31
8,1,28,318,172.94,0.0,0.04,172.9,30,40,0.32
8,1,46,190,172.9,0.0,0.06,172.84,30,40,0.34
8,1,38,125,172.84,0.0,0.05,172.79,30,40,0.32
8,1,39,216,172.79,0.0,0.05,172.74,30,40,0.33
8,1,40,210,172.74,0.0,0.05,172.69,30,40,0.35
8,1,46,261,172.69,0.0,0.06,172.64,30,40,0.35
8,1,33,219,172.64,0.0,0.04,172.59,30,40,0.37
8,1,41,148,172.59,0.0,0.06,172.54,30,40,0.36
8,1,44,348,172.54,0.0,0.05,172.49,30,40,0.35
8,1,30,346,172.49,0.0,0.04,172.45,30,40,0.35
8,1,41,340,172.45,0.0,0.05,172.4,30,40,0.35
8,1,41,277,172.4,0.0,0.05,172.35,30,40,0.34
8,1,38,216,172.35,0.0,0.05,172.3,30,40,0.34
8,1,36,349,172.3,0.0,0.04,172.26,30,40,0.33
8,1,38,215,172.26,0.0,0.05,172.21,30,40,0.34
8,1,47,266,172.21,0.0,0.06,172.15,30,40,0.33
8,1,30,229,172.15,0.0,0.03,172.12,30,40,0.32
8,1,35,102,172.12,32.43,0.04,204.51,30,40,0.31
8,1,33,357,204.51,0.0,0.04,204.47,30,40,0.31
8,1,42,144,204.47,0.0,0.05,204.42,30,40,0.31
8,1,30,210,204.42,0.0,0.04,204.38,30,40,0.32
8,1,40,155,204.38,0.0,0.06,204.32,30,40,0.3
8,1,28,334,204.32,0.0,0.04,204.28,30,40,0.32
8,1,39,338,204.28,0.0,0.05,204.23,30,40,0.31
8,1,27,230,204.23,0.0,0.03,204.2,30,40,0.32
8,1,38,265,204.2,0.0,0.05,204.15,30,40,0.31
8,1,29,288,204.15,0.0,0.04,204.11,30,40,0.34
8,1,44,232,204.11,0.0,0.07,204.04,30,40,0.34
8,1,41,125,204.04,0.0,0.06,203.98,30,40,0.34
8,1,31,344,203.98,0.0,0.04,203.94,30,40,0.33
8,1,32,184,203.94,0.0,0.04,203.9,30,40,0.33
8,1,30,184,203.9,0.0,0.03,203.87,30,40,0.32
8,1,30,278,203.87,0.0,0.04,203.83,30,40,0.32
8,1,40,280,203.83,0.0,0.04,203.78,30,40,0.31
8,1,45,204,203.78,0.0,0.06,203.72,30,40,0.3
8,1,49,175,203.72,0.0,0.05,203.67,30,40,0.31
8,1,40,238,203.67,0.0,0.05,203.62,30,40,0.31
8,1,35,221,203.62,0.0,0.04,203.58,30,40,0.31
8,1,26,183,203.58,0.0,0.03,203.54,30,40,0.33
8,1,50,209,203.54,0.0,0.06,203.49,30,40,0.35
8,1,46,283,203.49,0.0,0.06,203.42,30,40,0.34
8,1,37,269,203.42,0.0,0.05,203.37,30,40,0.33
8,1,34,312,203.37,0.0,0.04,203.33,30,40,0.33
8,1,36,235,203.33,0.0,0.05,203.28,30,40,0.34
8,1,34,360,203.28,0.0,0.05,203.23,30,40,0.35
8,1,28,249,203.23,0.0,0.04,203.19,30,40,0.34
8,1,37,100,203.19,23.57,0.05,226.71,30,40,0.33
8,1,35,158,226.71,0.0,0.05,226.67,30,40,0.35
8,1,50,297,226.67,0.0,0.07,226.6,30,40,0.35
8,1,30,227,226.6,0.0,0.04,226.56,30,40,0.35
8,1,39,285,226.56,0.0,0.05,226.51,30,40,0.35
8,1,38,347,226.51,0.0,0.05,226.45,30,40,0.36
8,1,33,179,226.45,0.0,0.05,226.4,30,40,0.35
8,1,26,321,226.4,0.0,0.04,226.36,30,40,0.35
8,1,36,98,226.36,0.0,0.05,226.31,30,40,0.35
8,1,47,162,226.31,0.0,0.07,226.24,30,40,0.35
8,1,36,341,226.24,0.0,0.04,226.21,30,40,0.33
8,1,27,280,226.21,0.0,0.03,226.17,30,40,0.34
8,1,40,299,226.17,0.0,0.06,226.11,30,40,0.34
8,1,37,99,226.11,0.0,0.05,226.06,30,40,0.34
8,1,31,153,226.06,0.0,0.04,226.02,30,40,0.34
8,1,40,320,226.02,0.0,0.05,225.96,30,40,0.32
8,1,37,234,225.96,0.0,0.05,225.91,30,40,0.34
8,1,45,205,225.91,0.0,0.06,225.85,30,40,0.38
8,1,49,120,225.85,0.0,0.07,225.78,30,40,0.39
8,1,49,98,225.78,0.0,0.07,225.71,30,40,0.38
8,1,29,101,225.71,0.0,0.04,225.67,30,40,0.4
8,1,39,335,225.67,36.33,0.06,261.94,30,40,0.39
8,1,32,107,261.94,0.0,0.04,261.9,30,40,0.38
8,1,31,159,261.9,0.0,0.04,261.86,30,40,0.39
8,1,47,126,261.86,0.0,0.07,261.8,30,40,0.37
8,1,32,107,261.8,0.0,0.05,261.75,30,40,0.35
8,1,35,301,261.75,0.0,0.05,261.7,30,40,0.36
8,1,39,215,261.7,0.0,0.05,261.65,30,40,0.36
8,1,46,101,261.65,0.0,0.06,261.59,30,40,0.38
8,1,43,293,261.59,0.0,0.06,261.53,30,40,0.41
8,1,48,168,261.53,0.0,0.07,261.46,30,40,0.41
8,1,44,267,261.46,0.0,0.07,261.39,30,40,0.42
8,1,40,348,261.39,0.0,0.06,261.33,30,40,0.42
8,1,39,211,261.33,0.0,0.05,261.29,30,40,0.41
8,1,30,349,261.29,0.0,0.04,261.24,30,40,0.4
8,1,36,146,261.24,0.0,0.05,261.2,30,40,0.37
8,1,27,319,261.2,0.0,0.03,261.16,30,40,0.36
8,1,47,280,261.16,0.0,0.06,261.1,30,40,0.34
8,1,36,336,261.1,0.0,0.05,261.05,30,40,0.35
8,1,45,182,261.05,0.0,0.07,260.99,30,40,0.37
8,1,47,320,260.99,0.0,0.07,260.91,30,40,0.4
8,1,48,175,260.91,0.0,0.07,260.85,30,40,0.4
8,1,36,173,260.85,0.0,0.05,260.8,30,40,0.42
8,1,39,97,260.8,0.0,0.05,260.75,30,40,0.42
8,1,46,295,260.75,0.0,0.06,260.69,30,40,0.41
8,1,29,180,260.69,0.0,0.04,260.65,30,40,0.38
8,1,25,321,260.65,0.0,0.04,260.61,30,40,0.38
8,1,50,235,260.61,0.0,0.07,260.54,30,40,0.35
8,1,38,116,260.54,0.0,0.04,260.5,30,40,0.35
4,1,47,165,281.6,0.0,0.39,281.21,120,30,2.48
4,1,31,285,281.21,0.0,0.31,280.9,120,30,2.36
4,1,38,312,280.9,0.0,0.32,280.58,120,30,2.26
4,1,45,223,280.58,0.0,0.38,280.2,120,30,2.38
4,1,46,154,280.2,0.0,0.41,279.79,120,30,2.36
4,1,44,338,279.79,0.0,0.32,279.47,120,30,2.54
4,1,47,167,279.47,0.0,0.41,279.06,120,30,2.36
4,1,28,184,279.06,0.0,0.21,278.85,120,30,2.37
4,1,33,318,278.85,0.0,0.32,278.53,120,30,2.31
4,1,30,248,278.53,0.0,0.26,278.27,120,30,2.36
4,1,50,152,278.27,0.0,0.43,277.84,120,30,2.24
4,1,31,220,277.84,0.0,0.29,277.55,120,30,2.13
4,1,27,170,277.55,0.0,0.21,277.33,120,30,2.02
4,1,39,241,277.33,0.0,0.3,277.03,120,30,2.07
4,1,33,265,277.03,0.0,0.26,276.77,120,30,2.14
4,1,42,242,276.77,0.0,0.39,276.38,120,30,2.15
4,1,33,212,276.38,0.0,0.27,276.11,120,30,2.02
4,1,31,313,276.11,0.0,0.3,275.8,120,30,2.08
4,1,36,181,275.8,0.0,0.35,275.46,120,30,2.25
4,1,42,184,275.46,0.0,0.38,275.08,120,30,2.32
4,1,40,111,275.08,0.0,0.37,274.7,120,30,2.39
4,1,37,107,274.7,0.0,0.33,274.38,120,30,2.33
4,1,39,296,274.38,0.0,0.33,274.04,120,30,2.28
4,1,25,90,274.04,0.0,0.22,273.82,120,30,2.38
4,1,45,310,273.82,0.0,0.4,273.42,120,30,2.32
4,1,37,207,273.42,0.0,0.29,273.13,120,30,2.24
4,1,31,198,273.13,0.0,0.3,272.83,120,30,2.25
4,1,42,320,272.83,0.0,0.38,272.45,120,30,2.21
4,1,32,114,272.45,0.0,0.29,272.16,120,30,2.14
4,1,29,272,272.16,0.0,0.26,271.89,120,30,2.16
4,1,29,97,271.89,0.0,0.24,271.65,120,30,2.07
4,1,38,213,271.65,0.0,0.31,271.34,120,30,2.02
4,1,25,193,271.34,0.0,0.24,271.1,120,30,2.08
4,1,42,248,271.1,0.0,0.36,270.74,120,30,2.06
4,1,36,277,270.74,0.0,0.36,270.39,120,30,1.99
4,1,26,287,270.39,0.0,0.22,270.16,120,30,2.03
4,1,32,253,270.16,0.0,0.3,269.86,120,30,2.14
4,1,36,302,269.86,0.0,0.35,269.51,120,30,2.09
4,1,27,236,269.51,0.0,0.26,269.25,120,30,2.2
4,1,33,124,269.25,0.0,0.35,268.89,120,30,2.29
4,1,45,281,268.89,0.0,0.45,268.44,120,30,2.35
4,1,46,290,268.44,0.0,0.42,268.03,120,30,2.54
4,1,44,246,268.03,0.0,0.41,267.61,120,30,2.57
4,1,37,140,267.61,0.0,0.33,267.28,120,30,2.65
4,1,47,292,267.28,0.0,0.43,266.85,120,30,2.66
4,1,28,164,266.85,0.0,0.27,266.58,120,30,2.78
4,1,48,216,266.58,0.0,0.47,266.11,120,30,2.67
4,1,42,318,266.11,0.0,0.34,265.77,120,30,2.59
4,1,39,193,265.77,0.0,0.34,265.43,120,30,2.59
4,1,45,157,265.43,0.0,0.41,265.03,120,30,2.63
4,1,43,148,265.03,0.0,0.37,264.66,120,30,2.62
4,1,44,270,264.66,0.0,0.42,264.25,120,30,2.59
4,1,27,270,264.25,0.0,0.24,264.01,120,30,2.53
4,1,45,191,264.01,0.0,0.41,263.6,120,30,2.58
4,1,40,102,263.6,0.0,0.39,263.22,120,30,2.67
4,1,50,258,263.22,0.0,0.43,262.78,120,30,2.49
4,1,28,162,262.78,0.0,0.23,262.56,120,30,2.51
4,1,38,353,262.56,0.0,0.39,262.17,120,30,2.53
4,1,50,141,262.17,0.0,0.44,261.73,120,30,2.76
4,1,48,161,261.73,0.0,0.47,261.26,120,30,2.68
4,1,33,360,261.26,0.0,0.33,260.93,120,30,2.74
4,1,43,281,260.93,0.0,0.45,260.48,120,30,2.59
4,1,31,163,260.48,0.0,0.28,260.2,120,30,2.78
4,1,39,345,260.2,0.0,0.42,259.78,120,30,2.76
4,1,38,231,259.78,0.0,0.37,259.41,120,30,2.74
4,1,41,153,259.41,0.0,0.42,258.99,120,30,2.69
4,1,45,273,258.99,0.0,0.42,258.57,120,30,2.67
4,1,30,295,258.57,0.0,0.31,258.26,120,30,2.45
4,1,25,226,258.26,0.0,0.23,258.03,120,30,2.66
4,1,50,341,258.03,0.0,0.49,257.54,120,30,2.69
4,1,46,342,257.54,0.0,0.45,257.08,120,30,2.76
4,1,49,165,257.08,0.0,0.44,256.64,120,30,2.6
4,1,27,189,256.64,0.0,0.26,256.38,120,30,2.53
4,1,34,235,256.38,0.0,0.35,256.04,120,30,2.62
4,1,46,262,256.04,0.0,0.4,255.64,120,30,2.75
4,1,37,195,255.64,0.0,0.36,255.28,120,30,2.62
4,1,40,105,255.28,0.0,0.36,254.92,120,30,2.42
4,1,26,248,254.92,0.0,0.25,254.67,120,30,2.29
4,1,33,184,254.67,0.0,0.31,254.36,120,30,2.5
4,1,44,300,254.36,0.0,0.47,253.89,120,30,2.62
4,1,44,182,253.89,0.0,0.47,253.42,120,30,2.62
4,1,35,155,253.42,0.0,0.4,253.02,120,30,2.71
4,1,43,208,253.02,0.0,0.45,252.57,120,30,2.7
4,1,38,260,252.57,0.0,0.35,252.21,120,30,2.85
4,1,43,165,252.21,0.0,0.4,251.82,120,30,2.86
4,1,33,334,251.82,0.0,0.32,251.5,120,30,2.7
4,1,30,137,251.5,0.0,0.31,251.19,120,30,2.64
4,1,43,286,251.19,0.0,0.41,250.79,120,30,2.68
4,1,47,223,250.79,0.0,0.44,250.35,120,30,2.72
4,1,48,205,250.35,0.0,0.49,249.86,120,30,2.65
4,1,31,158,249.86,0.0,0.28,249.58,120,30,2.56
4,1,31,159,249.58,0.0,0.31,249.28,120,30,2.75
4,1,46,257,249.28,0.0,0.51,248.77,120,30,2.93
4,1,50,121,248.77,0.0,0.49,248.28,120,30,2.88
4,1,41,206,248.28,0.0,0.36,247.92,120,30,2.97
4,1,48,278,247.92,0.0,0.53,247.39,120,30,2.76
4,1,30,281,247.39,0.0,0.28,247.12,120,30,2.86
4,1,43,219,247.12,0.0,0.38,246.73,120,30,2.92
4,1,40,163,246.73,0.0,0.37,246.36,120,30,2.79
4,1,36,197,246.36,0.0,0.38,245.98,120,30,2.53
4,1,25,309,245.98,0.0,0.23,245.75,120,30,2.56
4,1,41,340,245.75,143.01,0.39,388.37,120,30,2.37
4,1,37,134,388.37,0.0,0.34,388.02,120,30,2.48
4,1,42,287,388.02,0.0,0.39,387.63,120,30,2.55
4,1,44,302,387.63,0.0,0.45,387.18,120,30,2.43
4,1,31,341,387.18,0.0,0.25,386.93,120,30,2.36
4,1,35,316,386.93,0.0,0.31,386.63,120,30,2.47
4,1,40,171,386.63,0.0,0.34,386.28,120,30,2.44
4,1,36,158,386.28,0.0,0.36,385.92,120,30,2.36
4,1,28,173,385.92,0.0,0.26,385.66,120,30,2.33
4,1,36,113,385.66,0.0,0.36,385.3,120,30,2.14
4,1,28,269,385.3,0.0,0.26,385.04,120,30,2.15
4,1,28,171,385.04,0.0,0.26,384.78,120,30,2.12
4,1,31,344,384.78,0.0,0.28,384.5,120,30,2.11
4,1,37,250,384.5,0.0,0.33,384.16,120,30,2.09
4,1,36,222,384.16,0.0,0.34,383.82,120,30,2.06
4,1,29,174,383.82,0.0,0.23,383.6,120,30,2.06
4,1,42,267,383.6,0.0,0.36,383.24,120,30,2.16
4,1,40,96,383.24,0.0,0.36,382.87,120,30,2.26
4,1,35,189,382.87,0.0,0.36,382.51,120,30,2.23
4,1,26,95,382.51,0.0,0.25,382.26,120,30,2.22
4,1,31,142,382.26,0.0,0.32,381.94,120,30,2.13
4,1,25,291,381.94,0.0,0.25,381.69,120,30,2.25
4,1,41,294,381.69,0.0,0.35,381.34,120,30,2.27
4,1,39,312,381.34,0.0,0.38,380.96,120,30,2.19
4,1,33,265,380.96,0.0,0.28,380.69,120,30,2.22
4,1,41,134,380.69,0.0,0.39,380.3,120,30,2.2
4,1,25,248,380.3,0.0,0.23,380.07,120,30,2.27
4,1,41,182,380.07,0.0,0.39,379.68,120,30,2.4
4,1,44,292,379.68,0.0,0.38,379.29,120,30,2.34
4,1,30,146,379.29,0.0,0.29,379.01,120,30,2.39
4,1,50,145,379.01,0.0,0.43,378.58,120,30,2.42
4,1,33,277,378.58,0.0,0.31,378.27,120,30,2.39
4,1,41,117,378.27,0.0,0.36,377.91,120,30,2.43
4,1,31,243,377.91,0.0,0.27,377.64,120,30,2.44
4,1,41,231,377.64,0.0,0.4,377.24,120,30,2.42
4,1,35,353,377.24,0.0,0.36,376.88,120,30,2.37
4,1,27,200,376.88,0.0,0.24,376.64,120,30,2.16
4,1,26,103,376.64,0.0,0.22,376.42,120,30,2.17
4,1,34,99,376.42,0.0,0.32,376.1,120,30,2.13
4,1,46,281,376.1,0.0,0.32,375.78,120,30,2.27
4,1,43,145,375.78,0.0,0.41,375.37,120,30,2.09
4,1,25,324,375.37,0.0,0.22,375.15,120,30,2.05
4,1,38,150,375.15,0.0,0.32,374.83,120,30,2.1
4,1,35,257,374.83,0.0,0.29,374.53,120,30,2.18
4,1,36,346,374.53,0.0,0.3,374.23,120,30,2.11
4,1,27,333,374.23,0.0,0.25,373.98,120,30,2.34
4,1,50,250,373.98,0.0,0.55,373.43,120,30,2.34
4,1,46,217,373.43,0.0,0.41,373.02,120,30,2.53
4,1,45,249,373.02,0.0,0.41,372.61,120,30,2.63
4,1,47,305,372.61,0.0,0.42,372.19,120,30,2.63
4,1,29,116,372.19,0.0,0.29,371.9,120,30,2.77
4,1,47,277,371.9,0.0,0.44,371.46,120,30,2.84
4,1,31,314,371.46,0.0,0.32,371.14,120,30,2.65
4,1,34,273,371.14,0.0,0.36,370.78,120,30,2.52
4,1,30,228,370.78,0.0,0.28,370.5,120,30,2.58
4,1,50,279,370.5,0.0,0.47,370.03,120,30,2.67
4,1,49,91,370.03,0.0,0.51,369.52,120,30,2.59
4,1,28,222,369.52,0.0,0.21,369.31,120,30,2.52
4,1,41,199,369.31,0.0,0.37,368.94,120,30,2.52
4,1,35,148,368.94,0.0,0.32,368.62,120,30,2.51
4,1,39,357,368.62,0.0,0.35,368.27,120,30,2.58
4,1,44,271,368.27,0.0,0.35,367.92,120,30,2.34
4,1,27,178,367.92,0.0,0.23,367.68,120,30,2.18
4,1,48,169,367.68,0.0,0.35,367.33,120,30,2.2
4,1,30,276,367.33,0.0,0.23,367.1,120,30,2.29
4,1,49,177,367.1,0.0,0.46,366.65,120,30,2.26
4,1,30,149,366.65,0.0,0.29,366.36,120,30,2.24
4,1,37,138,366.36,0.0,0.33,366.03,120,30,2.27
4,1,41,154,366.03,0.0,0.38,365.66,120,30,2.31
4,1,29,288,365.66,0.0,0.27,365.39,120,30,2.34
4,1,41,322,365.39,0.0,0.38,365.01,120,30,2.53
4,1,43,91,365.01,0.0,0.42,364.59,120,30,2.46
4,1,48,283,364.59,0.0,0.39,364.21,120,30,2.53
4,1,44,230,364.21,0.0,0.36,363.84,120,30,2.6
4,1,49,349,363.84,0.0,0.4,363.45,120,30,2.52
4,1,36,230,363.45,0.0,0.3,363.15,120,30,2.58
4,1,37,224,363.15,0.0,0.33,362.82,120,30,2.5
4,1,43,131,362.82,0.0,0.3,362.52,120,30,2.31
4,1,29,241,362.52,0.0,0.23,362.29,120,30,2.27
4,1,36,347,362.29,0.0,0.35,361.94,120,30,2.16
4,1,27,182,361.94,0.0,0.25,361.68,120,30,2.02
4,1,30,113,361.68,0.0,0.26,361.43,120,30,2.09
4,1,47,310,361.43,0.0,0.37,361.06,120,30,2.14
4,1,50,106,361.06,0.0,0.38,360.68,120,30,2.1
4,1,32,144,360.68,0.0,0.26,360.43,120,30,2.22
4,1,41,227,360.43,0.0,0.35,360.07,120,30,2.18
4,1,45,308,360.07,0.0,0.31,359.76,120,30,2.29
4,1,42,298,359.76,0.0,0.36,359.41,120,30,2.32
4,1,36,257,359.41,0.0,0.29,359.12,120,30,2.36
4,1,45,196,359.12,0.0,0.41,358.71,120,30,2.28
4,1,36,180,358.71,0.0,0.3,358.4,120,30,2.31
4,1,32,275,358.4,0.0,0.29,358.12,120,30,2.31
4,1,43,346,358.12,0.0,0.35,357.76,120,30,2.22
4,1,31,323,357.76,0.0,0.22,357.54,120,30,2.15
4,1,39,238,357.54,0.0,0.29,357.25,120,30,2.13
4,1,38,165,357.25,0.0,0.27,356.98,120,30,1.98
4,1,30,155,356.98,0.0,0.26,356.72,120,30,1.91
4,1,28,356,356.72,0.0,0.23,356.49,120,30,1.98
4,1,50,198,356.49,0.0,0.36,356.13,120,30,1.98
4,1,46,112,356.13,0.0,0.35,355.78,120,30,2.07
4,1,44,305,355.78,0.0,0.31,355.47,120,30,2.02
4,1,32,228,355.47,0.0,0.24,355.24,120,30,1.98
4,1,26,174,355.24,0.0,0.23,355.0,120,30,2.01
4,1,41,117,355.0,0.0,0.29,354.71,120,30,2.05
4,1,38,257,354.71,0.0,0.27,354.44,120,30,2.03
4,1,43,330,354.44,0.0,0.34,354.11,120,30,2.07
4,1,49,235,354.11,0.0,0.39,353.72,120,30,1.98
4,1,26,262,353.72,0.0,0.22,353.5,120,30,1.96
4,1,27,344,353.5,0.0,0.22,353.28,120,30,2.02
4,1,37,282,353.28,0.0,0.29,352.99,120,30,2.07
4,1,46,130,352.99,0.0,0.34,352.66,120,30,2.18
4,1,46,347,352.66,0.0,0.38,352.28,120,30,2.23
4,1,44,353,352.28,0.0,0.39,351.89,120,30,2.04
4,1,25,334,351.89,0.0,0.2,351.69,120,30,2.2
4,1,50,330,351.69,0.0,0.38,351.31,120,30,2.21
4,1,26,230,351.31,0.0,0.23,351.08,120,30,2.29
4,1,45,309,351.08,0.0,0.37,350.71,120,30,2.14
4,1,28,338,350.71,0.0,0.19,350.52,120,30,2.02
4,1,36,325,350.52,0.0,0.26,350.26,120,30,1.92
4,1,38,273,350.26,0.0,0.29,349.97,120,30,1.95
4,1,30,162,349.97,0.0,0.23,349.74,120,30,1.9
4,1,43,335,349.74,0.0,0.33,349.41,120,30,2.04
4,1,43,191,349.41,0.0,0.37,349.04,120,30,1.96
4,1,39,102,349.04,0.0,0.29,348.75,120,30,2.09
4,1,41,193,348.75,0.0,0.32,348.43,120,30,2.13
4,1,39,127,348.43,0.0,0.3,348.13,120,30,2.14
4,1,38,282,348.13,0.0,0.3,347.83,120,30,2.28
4,1,50,184,347.83,0.0,0.37,347.46,120,30,2.17
4,1,27,160,347.46,0.0,0.22,347.24,120,30,2.19
4,1,46,95,347.24,0.0,0.39,346.85,120,30,2.28
4,1,43,175,346.85,0.0,0.38,346.47,120,30,2.31
4,1,40,182,346.47,0.0,0.35,346.13,120,30,2.35
4,1,47,187,346.13,0.0,0.34,345.78,120,30,2.45
4,1,46,216,345.78,0.0,0.4,345.38,120,30,2.45
4,1,45,248,345.38,0.0,0.37,345.01,120,30,2.46
4,1,26,121,345.01,0.0,0.23,344.78,120,30,2.37
4,1,36,276,344.78,0.0,0.3,344.48,120,30,2.22
4,1,34,138,344.48,0.0,0.23,344.25,120,30,2.17
4,1,33,345,344.25,0.0,0.3,343.95,120,30,2.2
4,1,46,115,343.95,0.0,0.37,343.59,120,30,2.1
4,1,38,225,343.59,0.0,0.3,343.28,120,30,1.99
4,1,31,352,343.28,0.0,0.26,343.03,120,30,2.06
4,1,37,307,343.03,0.0,0.3,342.73,120,30,1.94
4,1,25,192,342.73,0.0,0.18,342.55,120,30,1.94
4,1,30,173,342.55,0.0,0.23,342.32,120,30,1.9
4,1,34,194,342.32,0.0,0.26,342.06,120,30,1.71
4,1,25,331,342.06,0.0,0.18,341.88,120,30,1.8
4,1,48,267,341.88,0.0,0.39,341.49,120,30,1.88
4,1,48,301,341.49,0.0,0.34,341.15,120,30,1.85
4,1,32,262,341.15,0.0,0.27,340.88,120,30,1.93
4,1,29,103,340.88,0.0,0.26,340.62,120,30,2.06
4,1,49,310,340.62,0.0,0.36,340.26,120,30,2.12
4,1,37,223,340.26,0.0,0.32,339.94,120,30,2.2
4,1,34,292,339.94,0.0,0.26,339.68,120,30,2.16
4,1,42,335,339.68,0.0,0.35,339.33,120,30,2.16
4,1,44,130,339.33,0.0,0.34,338.98,120,30,2.2
4,1,38,116,338.98,0.0,0.31,338.67,120,30,2.3
4,1,43,196,338.67,0.0,0.36,338.32,120,30,2.15
4,1,27,200,338.32,0.0,0.21,338.11,120,30,2.05
4,1,26,144,338.11,0.0,0.22,337.89,120,30,2.17
4,1,50,236,337.89,0.0,0.38,337.51,120,30,2.21
4,1,50,161,337.51,0.0,0.39,337.12,120,30,2.06
4,1,27,309,337.12,121.09,0.19,458.03,120,30,2.05
4,1,41,317,458.03,0.0,0.3,457.72,120,30,1.96
4,1,38,225,457.72,0.0,0.27,457.45,120,30,2.01
4,1,39,288,457.45,0.0,0.26,457.19,120,30,2.08
4,1,34,334,457.19,0.0,0.29,456.9,120,30,1.98
4,1,39,166,456.9,0.0,0.28,456.62,120,30,1.93
4,1,40,167,456.62,0.0,0.34,456.28,120,30,2.1
4,1,43,153,456.28,0.0,0.36,455.92,120,30,2.08
4,1,35,325,455.92,0.0,0.28,455.63,120,30,2.26
4,1,50,177,455.63,0.0,0.45,455.18,120,30,2.36
4,1,43,243,455.18,0.0,0.36,454.82,120,30,2.29
4,1,29,215,454.82,0.0,0.22,454.6,120,30,2.28
4,1,36,154,454.6,0.0,0.27,454.33,120,30,2.26
4,1,45,153,454.33,0.0,0.32,454.01,120,30,2.31
4,1,50,324,454.01,0.0,0.41,453.61,120,30,2.28
4,1,35,202,453.61,0.0,0.25,453.36,120,30,2.03
4,1,26,235,453.36,0.0,0.2,453.16,120,30,2.04
4,1,50,146,453.16,0.0,0.37,452.79,120,30,2.04
4,1,25,113,452.79,0.0,0.22,452.57,120,30,2.09
4,1,37,183,452.57,0.0,0.32,452.25,120,30,2.1
4,1,44,138,452.25,0.0,0.33,451.92,120,30,1.98
4,1,39,226,451.92,0.0,0.29,451.63,120,30,1.99
4,1,33,262,451.63,0.0,0.26,451.37,120,30,2.14
4,1,42,174,451.37,0.0,0.35,451.02,120,30,2.14
4,1,47,257,451.02,0.0,0.37,450.65,120,30,2.21
4,1,36,295,450.65,0.0,0.29,450.36,120,30,2.18
4,1,39,232,450.36,0.0,0.29,450.07,120,30,2.21
4,1,44,156,450.07,0.0,0.36,449.72,120,30,2.1
4,1,28,328,449.72,0.0,0.18,449.54,120,30,2.16
4,1,43,347,449.54,0.0,0.32,449.22,120,30,2.03
4,1,30,172,449.22,0.0,0.22,448.99,120,30,1.99
4,1,35,187,448.99,0.0,0.33,448.67,120,30,1.93
4,1,27,230,448.67,0.0,0.23,448.44,120,30,2.03
4,1,48,205,448.44,0.0,0.39,448.05,120,30,1.9
4,1,29,167,448.05,0.0,0.23,447.82,120,30,2.04
4,1,36,149,447.82,0.0,0.32,447.5,120,30,2.14
4,1,49,157,447.5,0.0,0.42,447.07,120,30,2.3
4,1,48,105,447.07,0.0,0.38,446.69,120,30,2.32
4,1,45,252,446.69,0.0,0.35,446.35,120,30,2.45
4,1,46,244,446.35,0.0,0.36,445.99,120,30,2.43
4,1,50,126,445.99,0.0,0.37,445.62,120,30,2.52
4,1,46,200,445.62,0.0,0.32,445.29,120,30,2.42
4,1,29,142,445.29,0.0,0.22,445.08,120,30,2.33
4,1,47,338,445.08,0.0,0.33,444.75,120,30,2.2
4,1,30,252,444.75,0.0,0.25,444.5,120,30,2.25
4,1,45,291,444.5,0.0,0.4,444.1,120,30,2.23
4,1,40,340,444.1,0.0,0.34,443.76,120,30,2.23
4,1,48,331,443.76,0.0,0.37,443.39,120,30,2.21
4,1,36,290,443.39,0.0,0.3,443.09,120,30,2.23
4,1,32,172,443.09,0.0,0.24,442.85,120,30,2.17
4,1,34,291,442.85,0.0,0.27,442.58,120,30,2.14
4,1,26,298,442.58,0.0,0.22,442.36,120,30,2.1
4,1,44,297,442.36,0.0,0.36,442.0,120,30,2.07
4,1,41,259,442.0,0.0,0.31,441.69,120,30,2.1
4,1,47,357,441.69,0.0,0.4,441.29,120,30,2.05
4,1,31,194,441.29,0.0,0.25,441.04,120,30,2.08
4,1,34,107,441.04,0.0,0.27,440.78,120,30,2.24
4,1,50,283,440.78,0.0,0.43,440.35,120,30,2.44
4,1,47,278,440.35,138.35,0.42,578.27,120,30,2.32
4,1,26,287,578.27,0.0,0.24,578.03,120,30,2.5
4,1,48,125,578.03,0.0,0.49,577.54,120,30,2.55
4,1,48,306,577.54,0.0,0.45,577.09,120,30,2.58
4,1,33,213,577.09,0.0,0.28,576.81,120,30,2.68
4,1,47,184,576.81,0.0,0.37,576.45,120,30,2.48
4,1,27,320,576.45,0.0,0.23,576.22,120,30,2.34
4,1,36,266,576.22,0.0,0.28,575.93,120,30,2.35
4,1,39,102,575.93,0.0,0.25,575.68,120,30,2.09
4,1,29,348,575.68,0.0,0.23,575.46,120,30,1.94
4,1,35,203,575.46,0.0,0.3,575.16,120,30,2.08
4,1,43,195,575.16,0.0,0.42,574.74,120,30,1.96
4,1,30,239,574.74,0.0,0.25,574.49,120,30,2.05
4,1,40,190,574.49,0.0,0.32,574.17,120,30,2.07
4,1,36,252,574.17,0.0,0.3,573.87,120,30,2.12
4,1,35,136,573.87,0.0,0.3,573.57,120,30,2.27
4,1,44,137,573.57,0.0,0.38,573.19,120,30,2.29
4,1,36,158,573.19,0.0,0.32,572.87,120,30,2.08
4,1,26,176,572.87,0.0,0.21,572.66,120,30,2.12
4,1,33,187,572.66,0.0,0.29,572.38,120,30,2.1
4,1,40,99,572.38,0.0,0.3,572.08,120,30,2.16
4,1,42,270,572.08,0.0,0.36,571.72,120,30,2.08
4,1,28,117,571.72,0.0,0.22,571.51,120,30,2.05
4,1,46,278,571.51,0.0,0.35,571.16,120,30,1.93
4,1,28,158,571.16,0.0,0.2,570.96,120,30,2.12
4,1,49,119,570.96,0.0,0.4,570.56,120,30,2.21
4,1,44,352,570.56,0.0,0.38,570.18,120,30,2.15
4,1,30,119,570.18,0.0,0.24,569.95,120,30,2.09
4,1,36,219,569.95,0.0,0.3,569.65,120,30,2.21
4,1,41,179,569.65,0.0,0.34,569.31,120,30,2.29
4,1,45,295,569.31,0.0,0.43,568.89,120,30,2.42
4,1,39,180,568.89,0.0,0.33,568.56,120,30,2.3
4,1,34,291,568.56,0.0,0.28,568.28,120,30,2.13
4,1,29,310,568.28,0.0,0.21,568.07,120,30,2.13
4,1,27,118,568.07,0.0,0.24,567.83,120,30,2.16
4,1,35,134,567.83,0.0,0.33,567.5,120,30,2.24
4,1,47,95,567.5,0.0,0.42,567.08,120,30,2.01
4,1,27,202,567.08,0.0,0.2,566.88,120,30,1.96
4,1,29,252,566.88,0.0,0.28,566.6,120,30,2.11
4,1,48,296,566.6,0.0,0.43,566.17,120,30,2.33
4,1,49,322,566.17,0.0,0.43,565.74,120,30,2.37
4,1,38,305,565.74,0.0,0.28,565.46,120,30,2.27
4,1,28,252,565.46,0.0,0.23,565.23,120,30,2.22
4,1,43,137,565.23,0.0,0.37,564.86,120,30,2.32
4,1,37,326,564.86,0.0,0.3,564.55,120,30,2.41
4,1,45,244,564.55,0.0,0.37,564.18,120,30,2.31
4,1,39,131,564.18,0.0,0.33,563.85,120,30,2.13
4,1,31,139,563.85,0.0,0.25,563.6,120,30,2.25
4,1,49,294,563.6,0.0,0.4,563.2,120,30,2.46
4,1,48,188,563.2,0.0,0.44,562.76,120,30,2.51
4,1,47,289,562.76,0.0,0.42,562.34,120,30,2.48
4,1,28,208,562.34,0.0,0.27,562.06,120,30,2.35
4,1,25,186,562.06,0.0,0.24,561.82,120,30,2.38
4,1,36,278,561.82,0.0,0.36,561.47,120,30,2.41
4,1,32,92,561.47,0.0,0.28,561.19,120,30,2.24
4,1,26,106,561.19,0.0,0.23,560.96,120,30,2.03
4,1,25,269,560.96,0.0,0.23,560.73,120,30,1.79
4,1,27,110,560.73,0.0,0.18,560.55,120,30,1.77
4,1,28,123,560.55,0.0,0.25,560.3,120,30,1.87
4,1,42,168,560.3,0.0,0.34,559.96,120,30,1.78
4,1,28,196,559.96,0.0,0.27,559.68,120,30,1.82
4,1,40,118,559.68,0.0,0.32,559.36,120,30,2.02
4,1,45,318,559.36,0.0,0.43,558.92,120,30,2.22
4,1,44,164,558.92,0.0,0.43,558.49,120,30,2.45
4,1,47,329,558.49,0.0,0.41,558.09,120,30,2.51
4,1,39,351,558.09,0.0,0.31,557.77,120,30,2.57
4,1,47,220,557.77,0.0,0.4,557.37,120,30,2.58
4,1,33,103,557.37,0.0,0.28,557.09,120,30,2.46
4,1,25,249,557.09,0.0,0.2,556.9,120,30,2.36
4,1,38,166,556.9,0.0,0.33,556.56,120,30,2.2
4,1,31,272,556.56,0.0,0.27,556.29,120,30,2.27
4,1,48,154,556.29,0.0,0.48,555.81,120,30,2.33
4,1,36,124,555.81,0.0,0.37,555.44,120,30,2.27
4,1,36,145,555.44,0.0,0.34,555.09,120,30,2.35
4,1,41,269,555.09,0.0,0.36,554.74,120,30,2.59
4,1,49,338,554.74,0.0,0.44,554.29,120,30,2.61
4,1,39,249,554.29,0.0,0.35,553.95,120,30,2.66
4,1,40,172,553.95,0.0,0.32,553.63,120,30,2.58
4,1,39,327,553.63,0.0,0.4,553.23,120,30,2.47
4,1,29,103,553.23,0.0,0.26,552.97,120,30,2.41
4,1,30,252,552.97,0.0,0.28,552.69,120,30,2.31
4,1,28,148,552.69,0.0,0.26,552.44,120,30,2.21
4,1,43,105,552.44,0.0,0.34,552.1,120,30,2.17
4,1,32,103,552.1,0.0,0.31,551.79,120,30,2.3
4,1,42,171,551.79,0.0,0.45,551.34,120,30,2.12
4,1,25,212,551.34,0.0,0.22,551.12,120,30,2.17
4,1,30,178,551.12,0.0,0.31,550.81,120,30,2.16
4,1,26,113,550.81,0.0,0.27,550.54,120,30,2.38
4,1,47,267,550.54,0.0,0.48,550.06,120,30,2.28
4,1,29,182,550.06,0.0,0.24,549.82,120,30,2.2
4,1,25,90,549.82,0.0,0.23,549.59,120,30,2.07
4,1,36,347,549.59,0.0,0.32,549.27,120,30,2.18
4,1,35,296,549.27,0.0,0.33,548.94,120,30,2.26
4,1,42,98,548.94,0.0,0.39,548.55,120,30,2.35
4,1,37,277,548.55,0.0,0.36,548.2,120,30,2.23
4,1,36,206,548.2,0.0,0.36,547.84,120,30,2.3
4,1,31,291,547.84,0.0,0.31,547.53,120,30,2.41
4,1,39,151,547.53,0.0,0.34,547.19,120,30,2.48
4,1,43,268,547.19,0.0,0.39,546.8,120,30,2.45
4,1,36,258,546.8,0.0,0.3,546.5,120,30,2.48
4,1,49,306,546.5,0.0,0.42,546.07,120,30,2.37
4,1,33,98,546.07,0.0,0.25,545.82,120,30,2.24
4,1,26,274,545.82,0.0,0.23,545.59,120,30,2.25
4,1,34,190,545.59,0.0,0.32,545.27,120,30,2.23
4,1,35,158,545.27,0.0,0.32,544.95,120,30,2.15
4,1,32,150,544.95,0.0,0.31,544.64,120,30,2.17
4,1,33,353,544.64,0.0,0.32,544.32,120,30,2.21
4,1,46,332,544.32,0.0,0.46,543.86,120,30,2.34
4,1,45,318,543.86,0.0,0.38,543.48,120,30,2.41
4,1,34,341,543.48,0.0,0.3,543.18,120,30,2.36
4,1,28,342,543.18,0.0,0.27,542.91,120,30,2.33
4,1,34,290,542.91,0.0,0.29,542.62,120,30,2.3
4,1,27,258,542.62,0.0,0.28,542.34,120,30,2.41
4,1,48,207,542.34,0.0,0.43,541.92,120,30,2.31
4,1,37,245,541.92,0.0,0.36,541.56,120,30,2.35
4,1,42,138,541.56,0.0,0.42,541.14,120,30,2.43
4,1,39,242,541.14,0.0,0.38,540.75,120,30,2.41
4,1,29,234,540.75,0.0,0.25,540.5,120,30,2.37
4,1,26,218,540.5,0.0,0.25,540.25,120,30,2.36
4,1,28,161,540.25,0.0,0.27,539.98,120,30,2.38
4,1,47,194,539.98,0.0,0.45,539.53,120,30,2.47
4,1,44,246,539.53,0.0,0.45,539.08,120,30,2.48
4,1,48,252,539.08,0.0,0.43,538.65,120,30,2.48
4,1,41,159,538.65,0.0,0.38,538.27,120,30,2.59
4,1,36,150,538.27,0.0,0.36,537.91,120,30,2.69
4,1,33,156,537.91,0.0,0.35,537.56,120,30,2.66
4,1,25,269,537.56,0.0,0.24,537.32,120,30,2.5
4,1,30,267,537.32,0.0,0.29,537.03,120,30,2.5
4,1,48,197,537.03,0.0,0.45,536.58,120,30,2.41
4,1,37,299,536.58,0.0,0.34,536.24,120,30,2.3
4,1,28,215,536.24,0.0,0.27,535.97,120,30,2.26
4,1,32,199,535.97,0.0,0.32,535.65,120,30,2.29
4,1,44,276,535.65,0.0,0.38,535.27,120,30,2.44
4,1,39,309,535.27,0.0,0.39,534.87,120,30,2.47
4,1,38,310,534.87,0.0,0.32,534.55,120,30,2.42
4,1,41,102,534.55,0.0,0.4,534.15,120,30,2.3
4,1,28,153,534.15,0.0,0.22,533.93,120,30,2.33
4,1,28,153,533.93,0.0,0.3,533.63,120,30,2.51
4,1,47,277,533.63,0.0,0.5,533.13,120,30,2.51
4,1,40,165,533.13,0.0,0.38,532.76,120,30,2.43
4,1,37,113,532.76,0.0,0.31,532.45,120,30,2.49
4,1,41,146,532.45,0.0,0.38,532.07,120,30,2.51
4,1,42,142,532.07,0.0,0.42,531.65,120,30,2.58
4,1,30,329,531.65,0.0,0.29,531.36,120,30,2.76
4,1,42,161,531.36,0.0,0.48,530.88,120,30,2.56
4,1,28,292,530.88,0.0,0.3,530.58,120,30,2.57
4,1,44,356,530.58,0.0,0.39,530.19,120,30,2.62
4,1,35,289,530.19,0.0,0.36,529.82,120,30,2.69
4,1,48,142,529.82,0.0,0.45,529.38,120,30,2.61
4,1,38,141,529.38,0.0,0.34,529.03,120,30,2.65
4,1,36,228,529.03,0.0,0.33,528.7,120,30,2.54
4,1,32,163,528.7,0.0,0.37,528.33,120,30,2.68
4,1,47,356,528.33,0.0,0.44,527.88,120,30,2.68
4,1,43,102,527.88,0.0,0.39,527.5,120,30,2.64
4,1,30,109,527.5,0.0,0.32,527.17,120,30,2.55
4,1,42,306,527.17,0.0,0.36,526.81,120,30,2.54
4,1,36,96,526.81,0.0,0.33,526.49,120,30,2.5
4,1,37,214,526.49,0.0,0.29,526.2,120,30,2.38
4,1,27,304,526.2,0.0,0.25,525.95,120,30,2.32
4,1,37,120,525.95,0.0,0.38,525.57,120,30,2.16
4,1,27,326,525.57,0.0,0.23,525.33,120,30,2.17
4,1,32,197,525.33,0.0,0.33,525.0,120,30,2.15
4,1,37,194,525.0,0.0,0.34,524.66,120,30,2.27
4,1,45,109,524.66,0.0,0.45,524.21,120,30,2.26
4,1,28,123,524.21,0.0,0.28,523.93,120,30,2.33
4,1,35,97,523.93,0.0,0.32,523.6,120,30,2.17
4,1,25,255,523.6,0.0,0.22,523.39,120,30,2.18
4,1,27,159,523.39,0.0,0.24,523.15,120,30,2.12
4,1,30,140,523.15,0.0,0.27,522.87,120,30,2.24
4,1,49,252,522.87,0.0,0.46,522.42,120,30,2.23
4,1,44,167,522.42,123.63,0.44,645.61,120,30,2.23
4,1,32,325,645.61,0.0,0.28,645.33,120,30,2.35
4,1,47,116,645.33,0.0,0.44,644.89,120,30,2.45
4,1,36,96,644.89,0.0,0.32,644.56,120,30,2.57
4,1,39,204,644.56,0.0,0.36,644.2,120,30,2.62
4,1,31,92,644.2,0.0,0.32,643.88,120,30,2.44
4,1,32,137,643.88,0.0,0.28,643.6,120,30,2.44
4,1,49,190,643.6,0.0,0.44,643.16,120,30,2.59
4,1,49,328,643.16,0.0,0.43,642.73,120,30,2.39
4,1,28,196,642.73,0.0,0.24,642.5,120,30,2.5
4,1,48,147,642.5,0.0,0.43,642.06,120,30,2.4
4,1,30,264,642.06,0.0,0.26,641.8,120,30,2.4
4,1,36,243,641.8,176.21,0.32,817.69,120,30,2.56
4,1,46,145,817.69,0.0,0.44,817.25,120,30,2.49
4,1,41,127,817.25,0.0,0.37,816.88,120,30,2.4
4,1,34,357,816.88,0.0,0.34,816.55,120,30,2.5
4,1,40,317,816.55,0.0,0.34,816.2,120,30,2.4
4,1,38,309,816.2,0.0,0.33,815.87,120,30,2.41
4,1,28,349,815.87,0.0,0.27,815.6,120,30,2.38
4,1,37,191,815.6,0.0,0.29,815.31,120,30,2.17
4,1,28,201,815.31,0.0,0.23,815.07,120,30,2.1
4,1,34,244,815.07,0.0,0.3,814.77,120,30,2.0
4,1,26,187,814.77,0.0,0.24,814.53,120,30,2.15
4,1,49,109,814.53,0.0,0.49,814.04,120,30,2.15
4,1,37,207,814.04,0.0,0.33,813.71,120,30,2.19
4,1,33,152,813.71,0.0,0.31,813.4,120,30,2.24
4,1,37,227,813.4,0.0,0.34,813.06,120,30,2.31
4,1,36,317,813.06,0.0,0.3,812.76,120,30,2.27
4,1,39,312,812.76,0.0,0.26,812.5,120,30,2.44
4,1,50,216,812.5,0.0,0.41,812.09,120,30,2.21
4,1,30,321,812.09,0.0,0.26,811.83,120,30,2.16
4,1,33,345,811.83,0.0,0.28,811.56,120,30,2.16
4,1,35,211,811.56,0.0,0.31,811.25,120,30,2.06
4,1,27,178,811.25,0.0,0.24,811.01,120,30,2.13
4,1,45,96,811.01,0.0,0.37,810.64,120,30,2.26
4,1,46,247,810.64,0.0,0.39,810.24,120,30,2.26
4,1,47,212,810.24,0.0,0.41,809.84,120,30,2.37
4,1,40,350,809.84,0.0,0.37,809.46,120,30,2.5
4,1,49,95,809.46,0.0,0.41,809.05,120,30,2.57
4,1,43,293,809.05,0.0,0.38,808.67,120,30,2.55
4,1,26,202,808.67,0.0,0.22,808.45,120,30,2.54
4,1,43,255,808.45,0.0,0.36,808.09,120,30,2.49
4,1,37,334,808.09,0.0,0.34,807.76,120,30,2.51
4,1,43,171,807.76,0.0,0.43,807.33,120,30,2.42
4,1,32,133,807.33,0.0,0.28,807.04,120,30,2.31
4,1,38,151,807.04,0.0,0.3,806.74,120,30,2.16
4,1,25,354,806.74,0.0,0.23,806.51,120,30,2.19
4,1,27,166,806.51,0.0,0.25,806.26,120,30,2.25
4,1,49,96,806.26,0.0,0.42,805.83,120,30,2.16
4,1,34,322,805.83,0.0,0.25,805.58,120,30,2.15
4,1,48,184,805.58,0.0,0.42,805.16,120,30,2.31
4,1,47,348,805.16,0.0,0.44,804.72,120,30,2.26
4,1,27,319,804.72,0.0,0.25,804.47,120,30,2.33
4,1,37,194,804.47,0.0,0.3,804.16,120,30,2.48
4,1,46,157,804.16,0.0,0.4,803.76,120,30,2.45
4,1,42,184,803.76,0.0,0.39,803.37,120,30,2.44
4,1,28,172,803.37,0.0,0.24,803.13,120,30,2.4
4,1,42,164,803.13,0.0,0.38,802.75,120,30,2.35
4,1,50,95,802.75,0.0,0.39,802.36,120,30,2.39
4,1,36,192,802.36,0.0,0.29,802.07,120,30,2.41
4,1,37,153,802.07,0.0,0.32,801.75,120,30,2.36
4,1,47,104,801.75,0.0,0.35,801.4,120,30,2.32
4,1,44,316,801.4,0.0,0.35,801.05,120,30,2.47
4,1,46,351,801.05,0.0,0.39,800.66,120,30,2.44
4,1,39,276,800.66,0.0,0.35,800.31,120,30,2.31
4,1,36,204,800.31,0.0,0.26,800.05,120,30,2.41
4,1,45,153,800.05,0.0,0.39,799.66,120,30,2.5
4,1,49,230,799.66,0.0,0.41,799.25,120,30,2.56
4,1,50,182,799.25,0.0,0.41,798.84,120,30,2.54
4,1,37,274,798.84,0.0,0.33,798.51,120,30,2.44
4,1,33,225,798.51,0.0,0.29,798.22,120,30,2.28
4,1,29,91,798.22,0.0,0.19,798.02,120,30,2.35
4,1,39,94,798.02,0.0,0.33,797.7,120,30,2.35
4,1,48,315,797.7,0.0,0.39,797.31,120,30,2.32
4,1,44,230,797.31,0.0,0.38,796.93,120,30,2.24
4,1,36,168,796.93,0.0,0.33,796.6,120,30,2.22
4,1,40,321,796.6,0.0,0.31,796.3,120,30,2.28
4,1,42,249,796.3,0.0,0.35,795.95,120,30,2.38
4,1,33,322,795.95,0.0,0.29,795.66,120,30,2.29
4,1,31,107,795.66,0.0,0.24,795.43,120,30,2.21
4,1,39,146,795.43,0.0,0.31,795.11,120,30,2.09
4,1,38,291,795.11,0.0,0.26,794.85,120,30,1.96
4,1,25,222,794.85,0.0,0.2,794.65,120,30,2.02
4,1,46,226,794.65,0.0,0.37,794.27,120,30,1.88
4,1,27,281,794.27,0.0,0.21,794.06,120,30,1.9
4,1,34,131,794.06,0.0,0.31,793.74,120,30,1.88
4,1,28,218,793.74,0.0,0.22,793.52,120,30,1.87
4,1,36,167,793.52,0.0,0.3,793.22,120,30,1.99
4,1,48,301,793.22,0.0,0.38,792.85,120,30,2.05
4,1,32,199,792.85,0.0,0.26,792.59,120,30,1.99
4,1,40,352,792.59,0.0,0.31,792.28,120,30,2.19
4,1,50,91,792.28,0.0,0.41,791.87,120,30,2.16
4,1,35,110,791.87,0.0,0.28,791.59,120,30,2.16
4,1,26,186,791.59,0.0,0.22,791.37,120,30,2.23
4,1,48,135,791.37,0.0,0.37,791.01,120,30,2.17
4,1,42,153,791.01,0.0,0.32,790.68,120,30,2.24
4,1,40,108,790.68,0.0,0.33,790.36,120,30,2.16
4,1,29,150,790.36,0.0,0.23,790.13,120,30,1.96
4,1,26,90,790.13,0.0,0.21,789.92,120,30,2.07
4,1,44,110,789.92,0.0,0.39,789.53,120,30,2.23
4,1,41,248,789.53,0.0,0.38,789.15,120,30,2.13
4,1,33,116,789.15,0.0,0.27,788.88,120,30,2.07
4,1,35,125,788.88,0.0,0.26,788.62,120,30,2.04
4,1,50,305,788.62,0.0,0.3,788.32,120,30,2.17
4,1,42,210,788.32,0.0,0.36,787.95,120,30,2.35
4,1,50,101,787.95,0.0,0.39,787.56,120,30,2.17
4,1,27,300,787.56,0.0,0.21,787.35,120,30,2.01
4,1,29,154,787.35,0.0,0.22,787.13,120,30,1.97
4,1,31,171,787.13,0.0,0.23,786.89,120,30,2.02
4,1,38,225,786.89,0.0,0.31,786.58,120,30,2.03
4,1,38,119,786.58,0.0,0.31,786.27,120,30,1.91
4,1,30,274,786.27,0.0,0.24,786.03,120,30,1.86
4,1,46,314,786.03,0.0,0.34,785.69,120,30,1.93
4,1,35,132,785.69,0.0,0.28,785.41,120,30,2.02
4,1,44,257,785.41,0.0,0.31,785.1,120,30,2.04
4,1,33,173,785.1,0.0,0.25,784.85,120,30,1.96
4,1,30,159,784.85,0.0,0.23,784.61,120,30,1.89
4,1,36,168,784.61,0.0,0.24,784.38,120,30,1.92
4,1,34,221,784.38,0.0,0.27,784.11,120,30,1.83
4,1,34,261,784.11,0.0,0.25,783.86,120,30,1.86
4,1,40,168,783.86,0.0,0.31,783.56,120,30,1.82
4,1,29,148,783.56,0.0,0.27,783.29,120,30,1.94
4,1,44,241,783.29,0.0,0.37,782.92,120,30,2.06
4,1,40,303,782.92,0.0,0.35,782.57,120,30,2.1
4,1,36,342,782.57,0.0,0.28,782.29,120,30,2.11
4,1,34,134,782.29,0.0,0.28,782.01,120,30,2.26
4,1,48,348,782.01,0.0,0.4,781.61,120,30,2.16
4,1,30,311,781.61,0.0,0.21,781.4,120,30,2.16
4,1,28,192,781.4,0.0,0.27,781.13,120,30,2.03
4,1,30,289,781.13,0.0,0.24,780.89,120,30,1.99
4,1,35,277,780.89,0.0,0.31,780.58,120,30,1.96
4,1,31,162,780.58,0.0,0.25,780.33,120,30,1.94
4,1,32,209,780.33,0.0,0.26,780.07,120,30,1.76
4,1,26,336,780.07,0.0,0.22,779.85,120,30,1.97
4,1,50,252,779.85,0.0,0.42,779.43,120,30,1.96
4,1,32,249,779.43,0.0,0.26,779.18,120,30,1.92
4,1,28,136,779.18,0.0,0.2,778.97,120,30,1.87
4,1,36,248,778.97,0.0,0.26,778.71,120,30,1.86
4,1,28,318,778.71,0.0,0.24,778.48,120,30,1.98
4,1,46,190,778.48,0.0,0.38,778.09,120,30,2.04
4,1,38,125,778.09,0.0,0.28,777.81,120,30,1.93
4,1,39,216,777.81,0.0,0.31,777.5,120,30,1.95
4,1,40,210,777.5,0.0,0.28,777.22,120,30,2.12
4,1,46,261,777.22,0.0,0.37,776.85,120,30,2.08
4,1,33,219,776.85,0.0,0.22,776.63,120,30,2.15
4,1,41,148,776.63,0.0,0.31,776.33,120,30,2.07
4,1,44,348,776.33,0.0,0.3,776.02,120,30,1.98
4,1,30,346,776.02,0.0,0.19,775.83,120,30,1.97
4,1,41,340,775.83,0.0,0.3,775.53,120,30,2.03
4,1,41,277,775.53,0.0,0.34,775.19,120,30,1.99
4,1,38,216,775.19,0.0,0.33,774.87,120,30,2.07
4,1,36,349,774.87,0.0,0.3,774.56,120,30,2.04
4,1,38,215,774.56,0.0,0.28,774.29,120,30,2.1
4,1,47,266,774.29,0.0,0.36,773.93,120,30,2.1
4,1,30,229,773.93,0.0,0.19,773.73,120,30,2.07
4,1,35,102,773.73,0.0,0.27,773.46,120,30,1.97
4,1,33,357,773.46,0.0,0.24,773.22,120,30,1.95
4,1,42,144,773.22,0.0,0.31,772.91,120,30,1.91
4,1,30,210,772.91,0.0,0.26,772.65,120,30,1.94
4,1,40,155,772.65,0.0,0.31,772.35,120,30,1.79
4,1,28,334,772.35,0.0,0.21,772.14,120,30,1.96
4,1,39,338,772.14,0.0,0.36,771.78,120,30,1.89
4,1,27,230,771.78,0.0,0.2,771.58,120,30,1.93
4,1,38,265,771.58,0.0,0.28,771.3,120,30,1.83
4,1,29,288,771.3,0.0,0.21,771.1,120,30,1.94
4,1,44,232,771.1,0.0,0.37,770.73,120,30,1.89
4,1,41,125,770.73,0.0,0.26,770.47,120,30,1.93
4,1,31,344,770.47,0.0,0.25,770.22,120,30,1.81
4,1,32,184,770.22,0.0,0.24,769.97,120,30,1.84
4,1,30,184,769.97,0.0,0.23,769.75,120,30,1.83
4,1,30,278,769.75,0.0,0.27,769.48,120,30,1.95
4,1,40,280,769.48,0.0,0.33,769.15,120,30,1.88
4,1,45,204,769.15,0.0,0.3,768.85,120,30,1.94
4,1,49,175,768.85,0.0,0.32,768.52,120,30,2.04
4,1,40,238,768.52,0.0,0.35,768.17,120,30,2.04
4,1,35,221,768.17,0.0,0.24,767.93,120,30,2.01
4,1,26,183,767.93,0.0,0.2,767.73,120,30,2.14
4,1,50,209,767.73,0.0,0.4,767.32,120,30,2.16
4,1,46,283,767.32,0.0,0.35,766.97,120,30,2.15
4,1,37,269,766.97,0.0,0.29,766.67,120,30,2.13
4,1,34,312,766.67,0.0,0.3,766.38,120,30,2.03
4,1,36,235,766.38,0.0,0.25,766.12,120,30,2.09
4,1,34,360,766.12,0.0,0.3,765.83,120,30,2.14
4,1,28,249,765.83,0.0,0.25,765.58,120,30,2.04
4,1,37,100,765.58,0.0,0.3,765.28,120,30,1.98
4,1,35,158,765.28,0.0,0.29,764.99,120,30,2.07
4,1,50,297,764.99,0.0,0.38,764.61,120,30,1.97
4,1,30,227,764.61,0.0,0.2,764.41,120,30,2.02
4,1,39,285,764.41,0.0,0.3,764.1,120,30,2.0
4,1,38,347,764.1,0.0,0.28,763.82,120,30,2.06
4,1,33,179,763.82,0.0,0.31,763.52,120,30,1.98
4,1,26,321,763.52,0.0,0.22,763.3,120,30,1.98
4,1,36,98,763.3,0.0,0.29,763.01,120,30,1.95
4,1,47,162,763.01,0.0,0.35,762.66,120,30,2.03
4,1,36,341,762.66,0.0,0.28,762.38,120,30,1.97
4,1,27,280,762.38,0.0,0.24,762.13,120,30,2.04
4,1,40,299,762.13,0.0,0.35,761.78,120,30,2.02
4,1,37,99,761.78,0.0,0.29,761.49,120,30,2.06
4,1,31,153,761.49,0.0,0.26,761.23,120,30,2.1
4,1,40,320,761.23,0.0,0.33,760.89,120,30,2.02
4,1,37,234,760.89,0.0,0.27,760.62,120,30,2.09
4,1,45,205,760.62,0.0,0.35,760.27,120,30,2.24
4,1,49,120,760.27,0.0,0.39,759.87,120,30,2.31
4,1,49,98,759.87,0.0,0.42,759.45,120,30,2.2
4,1,29,101,759.45,0.0,0.18,759.27,120,30,2.25
4,1,39,335,759.27,0.0,0.31,758.96,120,30,2.18
4,1,32,107,758.96,0.0,0.26,758.7,120,30,2.13
4,1,31,159,758.7,0.0,0.22,758.49,120,30,2.25
4,1,47,126,758.49,0.0,0.47,758.01,120,30,2.1
4,1,32,107,758.01,0.0,0.24,757.77,120,30,2.0
4,1,35,301,757.77,0.0,0.32,757.46,120,30,2.16
4,1,39,215,757.46,0.0,0.34,757.12,120,30,2.21
4,1,46,101,757.12,0.0,0.36,756.76,120,30,2.23
4,1,43,293,756.76,0.0,0.28,756.48,120,30,2.45
4,1,48,168,756.48,0.0,0.44,756.04,120,30,2.37
4,1,44,267,756.04,0.0,0.39,755.65,120,30,2.5
4,1,40,348,755.65,0.0,0.37,755.28,120,30,2.49
4,1,39,211,755.28,0.0,0.31,754.97,120,30,2.36
4,1,30,349,754.97,0.0,0.21,754.76,120,30,2.27
4,1,36,146,754.76,0.0,0.27,754.49,120,30,2.22
4,1,27,319,754.49,0.0,0.23,754.25,120,30,2.18
4,1,47,280,754.25,0.0,0.4,753.85,120,30,2.09
4,1,36,336,753.85,0.0,0.3,753.55,120,30,2.15
4,1,45,182,753.55,0.0,0.43,753.12,120,30,2.22
4,1,47,320,753.12,0.0,0.38,752.74,120,30,2.46
4,1,48,175,752.74,0.0,0.45,752.29,120,30,2.5
4,1,36,173,752.29,0.0,0.31,751.98,120,30,2.58
4,1,39,97,751.98,0.0,0.31,751.67,120,30,2.57
4,1,46,295,751.67,0.0,0.39,751.29,120,30,2.53
4,1,29,180,751.29,0.0,0.26,751.03,120,30,2.3
4,1,25,321,751.03,0.0,0.2,750.83,120,30,2.33
4,1,50,235,750.83,0.0,0.41,750.42,120,30,2.18
4,1,38,116,750.42,0.0,0.3,750.12,120,30,2.18
2,1,47,165,363.25,0.0,0.72,362.53,100,25,3.96
2,1,31,285,362.53,0.0,0.47,362.07,100,25,3.81
2,1,38,312,362.07,0.0,0.56,361.51,100,25,3.75
2,1,45,223,361.51,0.0,0.65,360.87,100,25,4.0
2,1,46,154,360.87,0.0,0.73,360.14,100,25,4.06
2,1,44,338,360.14,0.0,0.55,359.58,100,25,4.4
2,1,47,167,359.58,0.0,0.72,358.86,100,25,4.15
2,1,28,184,358.86,0.0,0.47,358.4,100,25,4.17
2,1,33,318,358.4,0.0,0.49,357.9,100,25,4.01
2,1,30,248,357.9,0.0,0.4,357.5,100,25,4.14
2,1,50,152,357.5,0.0,0.78,356.71,100,25,3.9
2,1,31,220,356.71,0.0,0.49,356.22,100,25,3.74
2,1,27,170,356.22,0.0,0.39,355.84,100,25,3.62
2,1,39,241,355.84,0.0,0.6,355.23,100,25,3.64
2,1,33,265,355.23,0.0,0.49,354.75,100,25,3.72
2,1,42,242,354.75,0.0,0.57,354.17,100,25,3.74
2,1,33,212,354.17,0.0,0.42,353.75,100,25,3.41
2,1,31,313,353.75,0.0,0.45,353.3,100,25,3.44
2,1,36,181,353.3,0.0,0.52,352.78,100,25,3.69
2,1,42,184,352.78,0.0,0.64,352.14,100,25,3.66
2,1,40,111,352.14,0.0,0.57,351.57,100,25,3.74
2,1,37,107,351.57,0.0,0.57,351.0,100,25,3.74
2,1,39,296,351.0,0.0,0.57,350.44,100,25,3.7
2,1,25,90,350.44,0.0,0.38,350.05,100,25,4.05
2,1,45,310,350.05,0.0,0.8,349.25,100,25,4.07
2,1,37,207,349.25,0.0,0.54,348.72,100,25,3.87
2,1,31,198,348.72,0.0,0.44,348.28,100,25,3.9
2,1,42,320,348.28,0.0,0.6,347.68,100,25,3.84
2,1,32,114,347.68,0.0,0.51,347.17,100,25,3.69
2,1,29,272,347.17,0.0,0.42,346.75,100,25,3.7
2,1,29,97,346.75,0.0,0.39,346.36,100,25,3.47
2,1,38,213,346.36,0.0,0.57,345.79,100,25,3.33
2,1,25,193,345.79,0.0,0.4,345.38,100,25,3.53
2,1,42,248,345.38,0.0,0.64,344.74,100,25,3.52
2,1,36,277,344.74,0.0,0.59,344.15,100,25,3.4
2,1,26,287,344.15,0.0,0.39,343.76,100,25,3.47
2,1,32,253,343.76,0.0,0.49,343.27,100,25,3.61
2,1,36,302,343.27,0.0,0.53,342.75,100,25,3.48
2,1,27,236,342.75,0.0,0.44,342.31,100,25,3.64
2,1,33,124,342.31,0.0,0.56,341.74,100,25,3.7
2,1,45,281,341.74,0.0,0.7,341.04,100,25,3.75
2,1,46,290,341.04,0.0,0.64,340.4,100,25,3.99
2,1,44,246,340.4,0.0,0.63,339.77,100,25,4.08
2,1,37,140,339.77,0.0,0.58,339.2,100,25,4.15
2,1,47,292,339.2,0.0,0.6,338.6,100,25,4.08
2,1,28,164,338.6,0.0,0.37,338.24,100,25,4.21
2,1,48,216,338.24,0.0,0.69,337.55,100,25,4.21
2,1,42,318,337.55,0.0,0.7,336.84,100,25,4.16
2,1,39,193,336.84,0.0,0.59,336.25,100,25,4.21
2,1,45,157,336.25,0.0,0.68,335.57,100,25,4.29
2,1,43,148,335.57,0.0,0.66,334.91,100,25,4.29
2,1,44,270,334.91,0.0,0.6,334.31,100,25,4.36
2,1,27,270,334.31,0.0,0.44,333.87,100,25,4.3
2,1,45,191,333.87,0.0,0.63,333.24,100,25,4.27
2,1,40,102,333.24,0.0,0.67,332.57,100,25,4.36
2,1,50,258,332.57,0.0,0.68,331.89,100,25,4.09
2,1,28,162,331.89,0.0,0.41,331.48,100,25,3.94
2,1,38,353,331.48,0.0,0.51,330.97,100,25,4.15
2,1,50,141,330.97,0.0,0.81,330.16,100,25,4.41
2,1,48,161,330.16,0.0,0.7,329.46,100,25,4.29
2,1,33,360,329.46,0.0,0.51,328.95,100,25,4.23
2,1,43,281,328.95,0.0,0.61,328.34,100,25,4.0
2,1,31,163,328.34,0.0,0.45,327.89,100,25,4.28
2,1,39,345,327.89,0.0,0.69,327.2,100,25,4.27
2,1,38,231,327.2,0.0,0.5,326.7,100,25,4.04
2,1,41,153,326.7,0.0,0.58,326.12,100,25,4.05
2,1,45,273,326.12,0.0,0.71,325.41,100,25,4.1
2,1,30,295,325.41,0.0,0.56,324.85,100,25,3.86
2,1,25,226,324.85,0.0,0.37,324.47,100,25,4.26
2,1,50,341,324.47,0.0,0.85,323.63,100,25,4.34
2,1,46,342,323.63,0.0,0.77,322.85,100,25,4.63
2,1,49,165,322.85,0.0,0.79,322.06,100,25,4.5
2,1,27,189,322.06,0.0,0.45,321.6,100,25,4.34
2,1,34,235,321.6,0.0,0.55,321.06,100,25,4.48
2,1,46,262,321.06,135.8,0.7,456.15,100,25,4.65
2,1,37,195,456.15,0.0,0.54,455.61,100,25,4.46
2,1,40,105,455.61,0.0,0.66,454.95,100,25,4.12
2,1,26,248,454.95,0.0,0.43,454.52,100,25,3.84
2,1,33,184,454.52,0.0,0.51,454.01,100,25,4.08
2,1,44,300,454.01,0.0,0.69,453.32,100,25,4.18
2,1,44,182,453.32,0.0,0.65,452.67,100,25,4.05
2,1,35,155,452.67,0.0,0.57,452.1,100,25,4.15
2,1,43,208,452.1,0.0,0.64,451.46,100,25,4.07
2,1,38,260,451.46,0.0,0.58,450.87,100,25,4.33
2,1,43,165,450.87,0.0,0.69,450.18,100,25,4.29
2,1,33,334,450.18,0.0,0.47,449.71,100,25,4.06
2,1,30,137,449.71,0.0,0.46,449.25,100,25,4.11
2,1,43,286,449.25,0.0,0.7,448.55,100,25,4.22
2,1,47,223,448.55,0.0,0.68,447.87,100,25,4.34
2,1,48,205,447.87,0.0,0.76,447.11,100,25,4.19
2,1,31,158,447.11,141.5,0.43,588.18,100,25,4.0
2,1,31,159,588.18,0.0,0.5,587.68,100,25,4.26
2,1,46,257,587.68,0.0,0.73,586.96,100,25,4.62
2,1,50,121,586.96,0.0,0.82,586.14,100,25,4.47
2,1,41,206,586.14,0.0,0.55,585.59,100,25,4.62
2,1,48,278,585.59,0.0,0.83,584.75,100,25,4.41
2,1,30,281,584.75,0.0,0.55,584.2,100,25,4.63
2,1,43,219,584.2,0.0,0.65,583.55,100,25,4.82
2,1,40,163,583.55,0.0,0.69,582.87,100,25,4.67
2,1,36,197,582.87,0.0,0.58,582.28,100,25,4.23
2,1,25,309,582.28,0.0,0.38,581.9,100,25,4.41
2,1,41,340,581.9,0.0,0.73,581.17,100,25,4.09
2,1,37,134,581.17,0.0,0.51,580.66,100,25,4.29
2,1,42,287,580.66,0.0,0.75,579.91,100,25,4.17
2,1,44,302,579.91,0.0,0.53,579.39,100,25,3.94
2,1,31,341,579.39,0.0,0.46,578.93,100,25,3.99
2,1,35,316,578.93,76.07,0.63,654.38,100,25,4.34
2,1,40,171,654.38,0.0,0.73,653.65,100,25,4.14
2,1,36,158,653.65,0.0,0.53,653.12,100,25,4.07
2,1,28,173,653.12,0.0,0.44,652.68,100,25,3.9
2,1,36,113,652.68,0.0,0.58,652.1,100,25,3.85
2,1,28,269,652.1,0.0,0.48,651.62,100,25,3.85
2,1,28,171,651.62,0.0,0.46,651.16,100,25,3.69
2,1,31,344,651.16,0.0,0.47,650.69,100,25,3.55
2,1,37,250,650.69,0.0,0.59,650.1,100,25,3.56
2,1,36,222,650.1,0.0,0.54,649.56,100,25,3.57
2,1,29,174,649.56,0.0,0.45,649.11,100,25,3.57
2,1,42,267,649.11,0.0,0.58,648.53,100,25,3.73
2,1,40,96,648.53,0.0,0.64,647.88,100,25,3.82
2,1,35,189,647.88,0.0,0.55,647.33,100,25,3.78
2,1,26,95,647.33,0.0,0.43,646.9,100,25,3.62
2,1,31,142,646.9,0.0,0.43,646.47,100,25,3.45
2,1,25,291,646.47,0.0,0.37,646.1,100,25,3.78
2,1,41,294,646.1,0.0,0.78,645.31,100,25,3.82
2,1,39,312,645.31,0.0,0.62,644.69,100,25,3.69
2,1,33,265,644.69,0.0,0.51,644.18,100,25,3.82
2,1,41,134,644.18,0.0,0.68,643.5,100,25,3.83
2,1,25,248,643.5,0.0,0.44,643.07,100,25,4.11
2,1,41,182,643.07,0.0,0.71,642.35,100,25,4.42
2,1,44,292,642.35,0.0,0.68,641.67,100,25,4.04
2,1,30,146,641.67,0.0,0.4,641.27,100,25,4.25
2,1,50,145,641.27,0.0,0.83,640.44,100,25,4.23
2,1,33,277,640.44,0.0,0.49,639.95,100,25,4.17
2,1,41,117,639.95,0.0,0.62,639.34,100,25,4.23
2,1,31,243,639.34,0.0,0.5,638.84,100,25,4.11
2,1,41,231,638.84,0.0,0.59,638.25,100,25,3.89
2,1,35,353,638.25,0.0,0.46,637.79,100,25,3.9
2,1,27,200,637.79,0.0,0.41,637.38,100,25,3.45
2,1,26,103,637.38,0.0,0.38,637.0,100,25,3.42
2,1,34,99,637.0,0.0,0.46,636.54,100,25,3.55
2,1,46,281,636.54,0.0,0.75,635.79,100,25,3.69
2,1,43,145,635.79,0.0,0.64,635.14,100,25,3.46
2,1,25,324,635.14,0.0,0.36,634.78,100,25,3.48
2,1,38,150,634.78,0.0,0.48,634.29,100,25,3.61
2,1,35,257,634.29,0.0,0.54,633.76,100,25,3.73
2,1,36,346,633.76,0.0,0.5,633.25,100,25,3.67
2,1,27,333,633.25,0.0,0.4,632.86,100,25,3.71
2,1,50,250,632.86,0.0,0.79,632.06,100,25,3.76
2,1,46,217,632.06,0.0,0.69,631.38,100,25,4.13
2,1,45,249,631.38,0.0,0.73,630.65,100,25,4.33
2,1,47,305,630.65,0.0,0.68,629.96,100,25,4.18
2,1,29,116,629.96,0.0,0.39,629.57,100,25,4.36
2,1,47,277,629.57,0.0,0.68,628.9,100,25,4.4
2,1,31,314,628.9,0.0,0.44,628.46,100,25,4.06
2,1,34,273,628.46,133.92,0.45,761.93,100,25,3.88
2,1,30,228,761.93,0.0,0.51,761.42,100,25,3.86
2,1,50,279,761.42,0.0,0.71,760.71,100,25,3.83
2,1,49,91,760.71,0.0,0.65,760.06,100,25,3.78
2,1,28,222,760.06,0.0,0.34,759.71,100,25,3.71
2,1,41,199,759.71,0.0,0.61,759.11,100,25,3.79
2,1,35,148,759.11,0.0,0.52,758.59,100,25,3.88
2,1,39,357,758.59,0.0,0.54,758.05,100,25,3.96
2,1,44,271,758.05,0.0,0.59,757.46,100,25,3.61
2,1,27,178,757.46,0.0,0.36,757.1,100,25,3.69
2,1,48,169,757.1,0.0,0.73,756.37,100,25,3.8
2,1,30,276,756.37,0.0,0.45,755.92,100,25,3.95
2,1,49,177,755.92,0.0,0.76,755.16,100,25,3.9
2,1,30,149,755.16,0.0,0.47,754.69,100,25,3.96
2,1,37,138,754.69,0.0,0.6,754.1,100,25,3.95
2,1,41,154,754.1,0.0,0.58,753.51,100,25,4.01
2,1,29,288,753.51,0.0,0.42,753.09,100,25,3.95
2,1,41,322,753.09,0.0,0.67,752.42,100,25,4.06
2,1,43,91,752.42,0.0,0.56,751.86,100,25,3.87
2,1,48,283,751.86,0.0,0.57,751.29,100,25,4.04
2,1,44,230,751.29,0.0,0.64,750.65,100,25,4.12
2,1,49,349,750.65,0.0,0.68,749.97,100,25,4.03
2,1,36,230,749.97,0.0,0.49,749.48,100,25,4.23
2,1,37,224,749.48,0.0,0.62,748.86,100,25,4.12
2,1,43,131,748.86,0.0,0.56,748.3,100,25,3.95
2,1,29,241,748.3,0.0,0.39,747.9,100,25,3.9
2,1,36,347,747.9,0.0,0.52,747.38,100,25,3.63
2,1,27,182,747.38,0.0,0.37,747.01,100,25,3.29
2,1,30,113,747.01,0.0,0.34,746.67,100,25,3.46
2,1,47,310,746.67,0.0,0.66,746.01,100,25,3.59
2,1,50,106,746.01,0.0,0.75,745.25,100,25,3.49
2,1,32,144,745.25,0.0,0.46,744.8,100,25,3.66
2,1,41,227,744.8,0.0,0.56,744.23,100,25,3.77
2,1,45,308,744.23,0.0,0.63,743.61,100,25,3.88
2,1,42,298,743.61,0.0,0.48,743.13,100,25,4.07
2,1,36,257,743.13,0.0,0.53,742.6,100,25,3.95
2,1,45,196,742.6,0.0,0.54,742.06,100,25,3.74
2,1,36,180,742.06,0.0,0.54,741.51,100,25,3.74
2,1,32,275,741.51,0.0,0.46,741.05,100,25,3.84
2,1,43,346,741.05,0.0,0.66,740.39,100,25,3.66
2,1,31,323,740.39,0.0,0.45,739.94,100,25,3.72
2,1,39,238,739.94,0.0,0.54,739.4,100,25,3.67
2,1,38,165,739.4,0.0,0.48,738.92,100,25,3.57
2,1,30,155,738.92,0.0,0.44,738.48,100,25,3.42
2,1,28,356,738.48,0.0,0.39,738.09,100,25,3.61
2,1,50,198,738.09,0.0,0.65,737.44,100,25,3.53
2,1,46,112,737.44,0.0,0.58,736.85,100,25,3.78
2,1,44,305,736.85,0.0,0.7,736.15,100,25,3.69
2,1,32,228,736.15,0.0,0.45,735.7,100,25,3.6
2,1,26,174,735.7,0.0,0.39,735.31,100,25,3.68
2,1,41,117,735.31,0.0,0.52,734.79,100,25,3.78
2,1,38,257,734.79,0.0,0.49,734.3,100,25,3.74
2,1,43,330,734.3,0.0,0.61,733.69,100,25,3.77
2,1,49,235,733.69,0.0,0.61,733.08,100,25,3.42
2,1,26,262,733.08,0.0,0.35,732.72,100,25,3.39
2,1,27,344,732.72,0.0,0.42,732.31,100,25,3.51
2,1,37,282,732.31,0.0,0.51,731.79,100,25,3.54
2,1,46,130,731.79,0.0,0.55,731.24,100,25,3.63
2,1,46,347,731.24,0.0,0.58,730.66,100,25,3.61
2,1,44,353,730.66,0.0,0.59,730.07,100,25,3.36
2,1,25,334,730.07,0.0,0.36,729.71,100,25,3.68
2,1,50,330,729.71,0.0,0.67,729.04,100,25,3.6
2,1,26,230,729.04,0.0,0.34,728.7,100,25,3.73
2,1,45,309,728.7,0.0,0.64,728.07,100,25,3.57
2,1,28,338,728.07,0.0,0.39,727.68,100,25,3.44
2,1,36,325,727.68,0.0,0.45,727.24,100,25,3.28
2,1,38,273,727.24,0.0,0.43,726.8,100,25,3.29
2,1,30,162,726.8,0.0,0.37,726.43,100,25,3.2
2,1,43,335,726.43,0.0,0.58,725.85,100,25,3.44
2,1,43,191,725.85,0.0,0.58,725.27,100,25,3.27
2,1,39,102,725.27,0.0,0.47,724.8,100,25,3.42
2,1,41,193,724.8,0.0,0.54,724.26,100,25,3.47
2,1,39,127,724.26,0.0,0.5,723.76,100,25,3.55
2,1,38,282,723.76,0.0,0.51,723.25,100,25,3.93
2,1,50,184,723.25,0.0,0.75,722.5,100,25,3.71
2,1,27,160,722.5,0.0,0.36,722.14,100,25,3.69
2,1,46,95,722.14,0.0,0.56,721.58,100,25,3.73
2,1,43,175,721.58,0.0,0.51,721.07,100,25,3.65
2,1,40,182,721.07,0.0,0.46,720.61,100,25,3.88
2,1,47,187,720.61,0.0,0.73,719.87,100,25,3.93
2,1,46,216,719.87,0.0,0.56,719.31,100,25,3.83
2,1,45,248,719.31,0.0,0.65,718.66,100,25,3.76
2,1,26,121,718.66,0.0,0.29,718.36,100,25,3.7
2,1,36,276,718.36,52.1,0.5,769.97,100,25,3.64
2,1,34,138,769.97,0.0,0.45,769.52,100,25,3.64
2,1,33,345,769.52,0.0,0.46,769.06,100,25,3.51
2,1,46,115,769.06,0.0,0.6,768.46,100,25,3.46
2,1,38,225,768.46,0.0,0.51,767.94,100,25,3.22
2,1,31,352,767.94,0.0,0.41,767.53,100,25,3.42
2,1,37,307,767.53,0.0,0.49,767.04,100,25,3.21
2,1,25,192,767.04,0.0,0.29,766.75,100,25,3.15
2,1,30,173,766.75,0.0,0.39,766.36,100,25,3.11
2,1,34,194,766.36,0.0,0.42,765.94,100,25,2.81
2,1,25,331,765.94,0.0,0.3,765.64,100,25,2.94
2,1,48,267,765.64,0.0,0.64,765.0,100,25,3.2
2,1,48,301,765.0,0.0,0.67,764.34,100,25,3.11
2,1,32,262,764.34,0.0,0.4,763.94,100,25,3.17
2,1,29,103,763.94,0.0,0.35,763.59,100,25,3.37
2,1,49,310,763.59,0.0,0.59,762.99,100,25,3.4
2,1,37,223,762.99,0.0,0.45,762.54,100,25,3.54
2,1,34,292,762.54,0.0,0.44,762.1,100,25,3.45
2,1,42,335,762.1,51.83,0.55,813.38,100,25,3.29
2,1,44,130,813.38,0.0,0.51,812.86,100,25,3.46
2,1,38,116,812.86,0.0,0.57,812.29,100,25,3.69
2,1,43,196,812.29,0.0,0.58,811.71,100,25,3.44
2,1,27,200,811.71,0.0,0.34,811.37,100,25,3.33
2,1,26,144,811.37,0.0,0.34,811.03,100,25,3.56
2,1,50,236,811.03,0.0,0.67,810.36,100,25,3.61
2,1,50,161,810.36,0.0,0.6,809.75,100,25,3.48
2,1,27,309,809.75,0.0,0.38,809.37,100,25,3.48
2,1,41,317,809.37,0.0,0.57,808.81,100,25,3.35
2,1,38,225,808.81,0.0,0.45,808.36,100,25,3.5
2,1,39,288,808.36,0.0,0.49,807.87,100,25,3.6
2,1,34,334,807.87,0.0,0.44,807.43,100,25,3.36
2,1,39,166,807.43,0.0,0.43,807.0,100,25,3.27
2,1,40,167,807.0,0.0,0.51,806.49,100,25,3.37
2,1,43,153,806.49,0.0,0.48,806.0,100,25,3.24
2,1,35,325,806.0,0.0,0.44,805.56,100,25,3.54
2,1,50,177,805.56,0.0,0.75,804.81,100,25,3.56
2,1,43,243,804.81,0.0,0.51,804.3,100,25,3.47
2,1,29,215,804.3,0.0,0.35,803.95,100,25,3.45
2,1,36,154,803.95,0.0,0.41,803.54,100,25,3.52
2,1,45,153,803.54,0.0,0.58,802.95,100,25,3.65
2,1,50,324,802.95,0.0,0.61,802.35,100,25,3.66
2,1,35,202,802.35,0.0,0.45,801.9,100,25,3.22
2,1,26,235,801.9,0.0,0.31,801.59,100,25,3.3
2,1,50,146,801.59,0.0,0.59,801.0,100,25,3.22
2,1,25,113,801.0,0.0,0.27,800.73,100,25,3.3
2,1,37,183,800.73,0.0,0.49,800.24,100,25,3.34
2,1,44,138,800.24,0.0,0.62,799.61,100,25,3.3
2,1,39,226,799.61,0.0,0.57,799.05,100,25,3.26
2,1,33,262,799.05,0.0,0.41,798.64,100,25,3.48
2,1,42,174,798.64,0.0,0.53,798.11,100,25,3.52
2,1,47,257,798.11,0.0,0.63,797.48,100,25,3.67
2,1,36,295,797.48,0.0,0.42,797.06,100,25,3.69
2,1,39,232,797.06,0.0,0.51,796.55,100,25,3.71
2,1,44,156,796.55,0.0,0.64,795.91,100,25,3.49
2,1,28,328,795.91,0.0,0.35,795.55,100,25,3.61
2,1,43,347,795.55,0.0,0.53,795.02,100,25,3.45
2,1,30,172,795.02,0.0,0.37,794.65,100,25,3.32
2,1,35,187,794.65,0.0,0.5,794.15,100,25,3.27
2,1,27,230,794.15,0.0,0.37,793.78,100,25,3.39
2,1,48,205,793.78,0.0,0.63,793.15,100,25,3.1
2,1,29,167,793.15,0.0,0.35,792.8,100,25,3.2
2,1,36,149,792.8,0.0,0.45,792.35,100,25,3.23
2,1,49,157,792.35,0.0,0.56,791.79,100,25,3.51
2,1,48,105,791.79,0.0,0.65,791.14,100,25,3.58
2,1,45,252,791.14,0.0,0.57,790.56,100,25,3.81
2,1,46,244,790.56,0.0,0.6,789.96,100,25,3.94
2,1,50,126,789.96,0.0,0.76,789.2,100,25,4.2
2,1,46,200,789.2,0.0,0.61,788.59,100,25,4.12
2,1,29,142,788.59,0.0,0.37,788.22,100,25,4.19
2,1,47,338,788.22,0.0,0.63,787.59,100,25,3.95
2,1,30,252,787.59,0.0,0.41,787.17,100,25,3.97
2,1,45,291,787.17,0.0,0.59,786.58,100,25,3.88
2,1,40,340,786.58,0.0,0.51,786.07,100,25,3.65
2,1,48,331,786.07,0.0,0.53,785.55,100,25,3.55
2,1,36,290,785.55,0.0,0.51,785.04,100,25,3.56
2,1,32,172,785.04,0.0,0.38,784.66,100,25,3.37
2,1,34,291,784.66,0.0,0.44,784.22,100,25,3.32
2,1,26,298,784.22,0.0,0.36,783.86,100,25,3.32
2,1,44,297,783.86,0.0,0.59,783.26,100,25,3.42
2,1,41,259,783.26,0.0,0.61,782.66,100,25,3.55
2,1,47,357,782.66,0.0,0.66,782.0,100,25,3.44
2,1,31,194,782.0,0.0,0.4,781.59,100,25,3.49
2,1,34,107,781.59,0.0,0.43,781.16,100,25,3.7
2,1,50,283,781.16,0.0,0.65,780.51,100,25,3.95
2,1,47,278,780.51,0.0,0.61,779.9,100,25,3.72
2,1,26,287,779.9,0.0,0.36,779.54,100,25,3.78
2,1,48,125,779.54,0.0,0.67,778.87,100,25,3.83
2,1,48,306,778.87,0.0,0.71,778.16,100,25,3.84
2,1,33,213,778.16,0.0,0.41,777.74,100,25,4.1
2,1,47,184,777.74,0.0,0.69,777.06,100,25,3.82
2,1,27,320,777.06,0.0,0.37,776.69,100,25,3.68
2,1,36,266,776.69,0.0,0.47,776.22,100,25,3.87
2,1,39,102,776.22,0.0,0.55,775.67,100,25,3.6
2,1,29,348,775.67,0.0,0.4,775.27,100,25,3.36
2,1,35,203,775.27,0.0,0.47,774.8,100,25,3.54
2,1,43,195,774.8,0.0,0.59,774.21,100,25,3.19
2,1,30,239,774.21,0.0,0.34,773.87,100,25,3.48
2,1,40,190,773.87,0.0,0.66,773.21,100,25,3.48
2,1,36,252,773.21,0.0,0.47,772.74,100,25,3.36
2,1,35,136,772.74,0.0,0.43,772.3,100,25,3.66
2,1,44,137,772.3,0.0,0.7,771.61,100,25,3.71
2,1,36,158,771.61,0.0,0.52,771.08,100,25,3.47
2,1,26,176,771.08,0.0,0.35,770.73,100,25,3.55
2,1,33,187,770.73,0.0,0.42,770.31,100,25,3.42
2,1,40,99,770.31,0.0,0.53,769.78,100,25,3.44
2,1,42,270,769.78,0.0,0.49,769.29,100,25,3.4
2,1,28,117,769.29,0.0,0.39,768.9,100,25,3.25
2,1,46,278,768.9,0.0,0.55,768.35,100,25,3.12
2,1,28,158,768.35,0.0,0.39,767.96,100,25,3.51
2,1,49,119,767.96,0.0,0.74,767.21,100,25,3.73
2,1,44,352,767.21,0.0,0.64,766.57,100,25,3.69
2,1,30,119,766.57,0.0,0.49,766.09,100,25,3.71
2,1,36,219,766.09,0.0,0.51,765.58,100,25,3.9
2,1,41,179,765.58,0.0,0.58,765.0,100,25,3.94
2,1,45,295,765.0,0.0,0.59,764.41,100,25,4.14
2,1,39,180,764.41,0.0,0.59,763.81,100,25,3.91
2,1,34,291,763.81,0.0,0.51,763.31,100,25,3.67
2,1,29,310,763.31,0.0,0.4,762.91,100,25,3.57
2,1,27,118,762.91,0.0,0.39,762.52,100,25,3.49
2,1,35,134,762.52,0.0,0.43,762.09,100,25,3.55
2,1,47,95,762.09,0.0,0.64,761.45,100,25,3.31
2,1,27,202,761.45,0.0,0.35,761.11,100,25,3.1
2,1,29,252,761.11,0.0,0.38,760.73,100,25,3.25
2,1,48,296,760.73,0.0,0.66,760.07,100,25,3.52
2,1,49,322,760.07,0.0,0.67,759.4,100,25,3.72
2,1,38,305,759.4,0.0,0.59,758.81,100,25,3.67
2,1,28,252,758.81,0.0,0.38,758.43,100,25,3.66
2,1,43,137,758.43,0.0,0.63,757.8,100,25,3.81
2,1,37,326,757.8,0.0,0.5,757.3,100,25,4.05
2,1,45,244,757.3,0.0,0.62,756.68,100,25,3.99
2,1,39,131,756.68,0.0,0.6,756.09,100,25,3.75
2,1,31,139,756.09,0.0,0.43,755.65,100,25,3.85
2,1,49,294,755.65,0.0,0.69,754.97,100,25,4.13
2,1,48,188,754.97,0.0,0.66,754.31,100,25,4.21
2,1,47,289,754.31,0.0,0.71,753.6,100,25,4.16
2,1,28,208,753.6,0.0,0.45,753.16,100,25,3.91
2,1,25,186,753.16,0.0,0.37,752.78,100,25,3.84
2,1,36,278,752.78,0.0,0.53,752.26,100,25,3.92
2,1,32,92,752.26,0.0,0.51,751.75,100,25,3.61
2,1,26,106,751.75,0.0,0.38,751.37,100,25,3.36
2,1,25,269,751.37,0.0,0.41,750.96,100,25,3.01
2,1,27,110,750.96,0.0,0.36,750.6,100,25,3.0
2,1,28,123,750.6,0.0,0.44,750.16,100,25,3.28
2,1,42,168,750.16,0.0,0.65,749.51,100,25,3.18
2,1,28,196,749.51,0.0,0.43,749.09,100,25,3.25
2,1,40,118,749.09,0.0,0.58,748.51,100,25,3.55
2,1,45,318,748.51,0.0,0.68,747.83,100,25,3.77
2,1,44,164,747.83,0.0,0.63,747.2,100,25,4.12
2,1,47,329,747.2,0.0,0.71,746.49,100,25,4.29
2,1,39,351,746.49,0.0,0.61,745.88,100,25,4.39
2,1,47,220,745.88,0.0,0.75,745.14,100,25,4.45
2,1,33,103,745.14,0.0,0.49,744.64,100,25,4.27
2,1,25,249,744.64,0.0,0.4,744.24,100,25,4.18
2,1,38,166,744.24,0.0,0.59,743.65,100,25,3.98
2,1,31,272,743.65,0.0,0.43,743.21,100,25,3.97
2,1,48,154,743.21,0.0,0.7,742.51,100,25,3.9
2,1,36,124,742.51,0.0,0.54,741.97,100,25,3.64
2,1,36,145,741.97,0.0,0.49,741.48,100,25,3.87
2,1,41,269,741.48,0.0,0.72,740.77,100,25,4.19
2,1,49,338,740.77,0.0,0.72,740.05,100,25,4.13
2,1,39,249,740.05,0.0,0.53,739.52,100,25,4.28
2,1,40,172,739.52,0.0,0.58,738.94,100,25,4.15
2,1,39,327,738.94,0.0,0.57,738.37,100,25,4.04
2,1,29,103,738.37,0.0,0.43,737.94,100,25,4.0
2,1,30,252,737.94,0.0,0.45,737.48,100,25,3.72
2,1,28,148,737.48,0.0,0.44,737.04,100,25,3.6
2,1,43,105,737.04,0.0,0.6,736.44,100,25,3.57
2,1,32,103,736.44,0.0,0.5,735.94,100,25,3.67
2,1,42,171,735.94,0.0,0.68,735.27,100,25,3.51
2,1,25,212,735.27,0.0,0.41,734.85,100,25,3.49
2,1,30,178,734.85,0.0,0.41,734.44,100,25,3.42
2,1,26,113,734.44,0.0,0.38,734.06,100,25,3.65
2,1,47,267,734.06,0.0,0.67,733.39,100,25,3.51
2,1,29,182,733.39,0.0,0.46,732.93,100,25,3.44
2,1,25,90,732.93,0.0,0.43,732.51,100,25,3.3
2,1,36,347,732.51,0.0,0.54,731.97,100,25,3.43
2,1,35,296,731.97,0.0,0.54,731.43,100,25,3.72
2,1,42,98,731.43,0.0,0.7,730.73,100,25,3.86
2,1,37,277,730.73,0.0,0.52,730.21,100,25,3.79
2,1,36,206,730.21,0.0,0.6,729.61,100,25,3.83
2,1,31,291,729.61,0.0,0.5,729.11,100,25,4.08
2,1,39,151,729.11,0.0,0.68,728.43,100,25,4.27
2,1,43,268,728.43,0.0,0.73,727.7,100,25,4.31
2,1,36,258,727.7,0.0,0.58,727.13,100,25,4.41
2,1,49,306,727.13,0.0,0.8,726.33,100,25,4.35
2,1,33,98,726.33,0.0,0.46,725.87,100,25,4.16
2,1,26,274,725.87,0.0,0.41,725.45,100,25,4.2
2,1,34,190,725.45,0.0,0.54,724.92,100,25,4.12
2,1,35,158,724.92,0.0,0.6,724.32,100,25,3.87
2,1,32,150,724.32,0.0,0.48,723.84,100,25,3.77
2,1,33,353,723.84,0.0,0.48,723.36,100,25,3.61
2,1,46,332,723.36,0.0,0.64,722.71,100,25,3.86
2,1,45,318,722.71,0.0,0.71,722.01,100,25,4.0
2,1,34,341,722.01,0.0,0.55,721.45,100,25,3.86
2,1,28,342,721.45,0.0,0.4,721.06,100,25,3.8
2,1,34,290,721.06,0.0,0.54,720.51,100,25,3.74
2,1,27,258,720.51,0.0,0.42,720.09,100,25,4.0
2,1,48,207,720.09,0.0,0.74,719.36,100,25,3.91
2,1,37,245,719.36,0.0,0.55,718.81,100,25,3.99
2,1,42,138,718.81,0.0,0.79,718.02,100,25,4.11
2,1,39,242,718.02,0.0,0.67,717.35,100,25,4.17
2,1,29,234,717.35,0.0,0.46,716.9,100,25,4.03
2,1,26,218,716.9,0.0,0.4,716.49,100,25,4.05
2,1,28,161,716.49,0.0,0.44,716.05,100,25,4.08
2,1,47,194,716.05,0.0,0.77,715.28,100,25,4.21
2,1,44,246,715.28,0.0,0.68,714.6,100,25,4.16
2,1,48,252,714.6,0.0,0.74,713.86,100,25,4.15
2,1,41,159,713.86,0.0,0.66,713.2,100,25,4.14
2,1,36,150,713.2,0.0,0.45,712.75,100,25,4.23
2,1,33,156,712.75,0.0,0.49,712.26,100,25,4.17
2,1,25,269,712.26,0.0,0.38,711.87,100,25,3.9
2,1,30,267,711.87,0.0,0.5,711.37,100,25,3.92
2,1,48,197,711.37,0.0,0.7,710.67,100,25,3.84
2,1,37,299,710.67,0.0,0.66,710.01,100,25,3.58
2,1,28,215,710.01,0.0,0.4,709.61,100,25,3.69
2,1,32,199,709.61,0.0,0.56,709.05,100,25,3.87
2,1,44,276,709.05,0.0,0.67,708.38,100,25,4.17
2,1,39,309,708.38,0.0,0.68,707.7,100,25,4.19
2,1,38,310,707.7,0.0,0.52,707.17,100,25,4.13
2,1,41,102,707.17,0.0,0.64,706.53,100,25,3.92
2,1,28,153,706.53,0.0,0.45,706.08,100,25,3.93
2,1,28,153,706.08,0.0,0.41,705.67,100,25,4.11
2,1,47,277,705.67,0.0,0.74,704.93,100,25,4.11
2,1,40,165,704.93,0.0,0.67,704.26,100,25,4.01
2,1,37,113,704.26,0.0,0.58,703.68,100,25,4.11
2,1,41,146,703.68,0.0,0.62,703.06,100,25,4.09
2,1,42,142,703.06,0.0,0.62,702.44,100,25,4.05
2,1,30,329,702.44,0.0,0.41,702.03,100,25,4.31
2,1,42,161,702.03,0.0,0.67,701.36,100,25,3.97
2,1,28,292,701.36,0.0,0.4,700.97,100,25,3.91
2,1,44,356,700.97,0.0,0.61,700.36,100,25,3.86
2,1,35,289,700.36,0.0,0.53,699.83,100,25,3.94
2,1,48,142,699.83,0.0,0.7,699.13,100,25,3.92
2,1,38,141,699.13,0.0,0.6,698.52,100,25,4.09
2,1,36,228,698.52,0.0,0.58,697.94,100,25,3.91
2,1,32,163,697.94,0.0,0.49,697.45,100,25,4.26
2,1,47,356,697.45,0.0,0.75,696.7,100,25,4.37
2,1,43,102,696.7,0.0,0.72,695.98,100,25,4.33
2,1,30,109,695.98,0.0,0.49,695.49,100,25,4.44
2,1,42,306,695.49,0.0,0.81,694.68,100,25,4.45
2,1,36,96,694.68,0.0,0.61,694.07,100,25,4.33
2,1,37,214,694.07,0.0,0.46,693.61,100,25,4.23
2,1,27,304,693.61,0.0,0.39,693.22,100,25,4.03
2,1,37,120,693.22,0.0,0.55,692.67,100,25,3.68
2,1,27,326,692.67,0.0,0.37,692.3,100,25,3.74
2,1,32,197,692.3,0.0,0.55,691.76,100,25,3.55
2,1,37,194,691.76,0.0,0.62,691.14,100,25,3.69
2,1,45,109,691.14,0.0,0.75,690.39,100,25,3.64
2,1,28,123,690.39,0.0,0.41,689.98,100,25,3.8
2,1,35,97,689.98,0.0,0.55,689.43,100,25,3.64
2,1,25,255,689.43,0.0,0.39,689.04,100,25,3.73
2,1,27,159,689.04,0.0,0.46,688.57,100,25,3.65
2,1,30,140,688.57,0.0,0.47,688.11,100,25,3.87
2,1,49,252,688.11,0.0,0.84,687.27,100,25,3.91
2,1,44,167,687.27,0.0,0.79,686.48,100,25,3.97
2,1,32,325,686.48,0.0,0.47,686.01,100,25,4.21
2,1,47,116,686.01,0.0,0.79,685.23,100,25,4.35
2,1,36,96,685.23,0.0,0.53,684.7,100,25,4.49
2,1,39,204,684.7,0.0,0.6,684.1,100,25,4.53
2,1,31,92,684.1,0.0,0.51,683.59,100,25,4.16
2,1,32,137,683.59,0.0,0.47,683.12,100,25,4.15
2,1,49,190,683.12,0.0,0.78,682.34,100,25,4.46
2,1,49,328,682.34,0.0,0.78,681.57,100,25,4.2
2,1,28,196,681.57,0.0,0.53,681.04,100,25,4.42
2,1,48,147,681.04,0.0,0.75,680.29,100,25,4.31
2,1,30,264,680.29,0.0,0.49,679.79,100,25,4.33
2,1,36,243,679.79,0.0,0.53,679.26,100,25,4.51
2,1,46,145,679.26,0.0,0.65,678.61,100,25,4.47
2,1,41,127,678.61,0.0,0.74,677.87,100,25,4.14
2,1,34,357,677.87,0.0,0.45,677.42,100,25,4.2
2,1,40,317,677.42,0.0,0.59,676.83,100,25,4.01
2,1,38,309,676.83,0.0,0.56,676.27,100,25,3.96
2,1,28,349,676.27,0.0,0.44,675.83,100,25,4.05
2,1,37,191,675.83,0.0,0.62,675.21,100,25,3.84
2,1,28,201,675.21,0.0,0.44,674.77,100,25,3.61
2,1,34,244,674.77,0.0,0.51,674.25,100,25,3.57
2,1,26,187,674.25,0.0,0.41,673.84,100,25,3.64
2,1,49,109,673.84,0.0,0.66,673.18,100,25,3.64
2,1,37,207,673.18,0.0,0.56,672.62,100,25,3.69
2,1,33,152,672.62,0.0,0.49,672.13,100,25,3.66
2,1,37,227,672.13,0.0,0.59,671.54,100,25,3.75
2,1,36,317,671.54,0.0,0.53,671.0,100,25,3.85
2,1,39,312,671.0,0.0,0.61,670.39,100,25,4.16
2,1,50,216,670.39,0.0,0.72,669.68,100,25,3.96
2,1,30,321,669.68,0.0,0.46,669.21,100,25,3.89
2,1,33,345,669.21,128.96,0.49,797.68,100,25,3.98
2,1,35,211,797.68,0.0,0.58,797.1,100,25,3.76
2,1,27,178,797.1,0.0,0.37,796.73,100,25,3.93
2,1,45,96,796.73,0.0,0.7,796.03,100,25,3.97
2,1,46,247,796.03,0.0,0.65,795.37,100,25,3.99
2,1,47,212,795.37,0.0,0.74,794.64,100,25,4.05
2,1,40,350,794.64,0.0,0.52,794.12,100,25,4.16
2,1,49,95,794.12,0.0,0.6,793.52,100,25,4.15
2,1,43,293,793.52,0.0,0.57,792.95,100,25,4.17
2,1,26,202,792.95,0.0,0.39,792.56,100,25,4.04
2,1,43,255,792.56,0.0,0.57,791.99,100,25,3.98
2,1,37,334,791.99,0.0,0.59,791.4,100,25,3.76
2,1,43,171,791.4,0.0,0.52,790.87,100,25,3.69
2,1,32,133,790.87,0.0,0.45,790.42,100,25,3.58
2,1,38,151,790.42,0.0,0.49,789.94,100,25,3.38
2,1,25,354,789.94,0.0,0.37,789.57,100,25,3.43
2,1,27,166,789.57,0.0,0.44,789.13,100,25,3.6
2,1,49,96,789.13,0.0,0.74,788.39,100,25,3.47
2,1,34,322,788.39,0.0,0.46,787.93,100,25,3.73
2,1,48,184,787.93,0.0,0.78,787.15,100,25,3.93
2,1,47,348,787.15,0.0,0.65,786.5,100,25,3.8
2,1,27,319,786.5,0.0,0.36,786.14,100,25,3.93
2,1,37,194,786.14,0.0,0.5,785.64,100,25,4.11
2,1,46,157,785.64,0.0,0.62,785.01,100,25,4.0
2,1,42,184,785.01,0.0,0.63,784.38,100,25,3.85
2,1,28,172,784.38,0.0,0.31,784.07,100,25,3.65
2,1,42,164,784.07,0.0,0.58,783.5,100,25,3.77
2,1,50,95,783.5,0.0,0.77,782.73,100,25,3.9
2,1,36,192,782.73,0.0,0.49,782.24,100,25,3.92
2,1,37,153,782.24,0.0,0.52,781.72,100,25,3.99
2,1,47,104,781.72,0.0,0.69,781.03,100,25,4.05
2,1,44,316,781.03,0.0,0.69,780.34,100,25,4.37
2,1,46,351,780.34,0.0,0.63,779.71,100,25,4.32
2,1,39,276,779.71,0.0,0.53,779.18,100,25,4.1
2,1,36,204,779.18,0.0,0.55,778.63,100,25,4.32
2,1,45,153,778.63,0.0,0.71,777.92,100,25,4.53
2,1,49,230,777.92,0.0,0.73,777.19,100,25,4.43
2,1,50,182,777.19,0.0,0.59,776.6,100,25,4.21
2,1,37,274,776.6,0.0,0.47,776.13,100,25,4.04
2,1,33,225,776.13,0.0,0.46,775.67,100,25,3.92
2,1,29,91,775.67,0.0,0.41,775.26,100,25,3.96
2,1,39,94,775.26,0.0,0.59,774.68,100,25,3.89
2,1,48,315,774.68,0.0,0.64,774.04,100,25,3.68
2,1,44,230,774.04,0.0,0.52,773.51,100,25,3.52
2,1,36,168,773.51,0.0,0.43,773.08,100,25,3.64
2,1,40,321,773.08,0.0,0.59,772.49,100,25,3.79
2,1,42,249,772.49,0.0,0.61,771.89,100,25,3.8
2,1,33,322,771.89,0.0,0.42,771.47,100,25,3.65
2,1,31,107,771.47,0.0,0.44,771.03,100,25,3.54
2,1,39,146,771.03,0.0,0.53,770.5,100,25,3.53
2,1,38,291,770.5,0.0,0.51,769.99,100,25,3.43
2,1,25,222,769.99,0.0,0.33,769.66,100,25,3.38
2,1,46,226,769.66,0.0,0.54,769.12,100,25,3.17
2,1,27,281,769.12,0.0,0.4,768.72,100,25,3.27
2,1,34,131,768.72,0.0,0.52,768.2,100,25,3.27
2,1,28,218,768.2,0.0,0.44,767.77,100,25,3.24
2,1,36,167,767.77,0.0,0.5,767.26,100,25,3.4
2,1,48,301,767.26,0.0,0.67,766.59,100,25,3.48
2,1,32,199,766.59,0.0,0.41,766.18,100,25,3.46
2,1,40,352,766.18,0.0,0.52,765.66,100,25,3.86
2,1,50,91,765.66,0.0,0.8,764.86,100,25,3.82
2,1,35,110,764.86,0.0,0.48,764.39,100,25,3.73
2,1,26,186,764.39,0.0,0.35,764.04,100,25,3.96
2,1,48,135,764.04,0.0,0.73,763.31,100,25,3.84
2,1,42,153,763.31,0.0,0.55,762.76,100,25,3.95
2,1,40,108,762.76,0.0,0.52,762.24,100,25,3.8
2,1,29,150,762.24,0.0,0.37,761.87,100,25,3.32
2,1,26,90,761.87,0.0,0.32,761.55,100,25,3.44
2,1,44,110,761.55,0.0,0.6,760.95,100,25,3.58
2,1,41,248,760.95,0.0,0.49,760.46,100,25,3.29
2,1,33,116,760.46,0.0,0.44,760.01,100,25,3.21
2,1,35,125,760.01,0.0,0.47,759.54,100,25,3.33
2,1,50,305,759.54,0.0,0.64,758.91,100,25,3.61
2,1,42,210,758.91,0.0,0.65,758.26,100,25,4.03
2,1,50,101,758.26,0.0,0.74,757.52,100,25,3.78
2,1,27,300,757.52,140.44,0.35,897.61,100,25,3.66
2,1,29,154,897.61,0.0,0.37,897.23,100,25,3.62
2,1,31,171,897.23,0.0,0.4,896.83,100,25,3.59
2,1,38,225,896.83,0.0,0.44,896.39,100,25,3.51
2,1,38,119,896.39,0.0,0.56,895.83,100,25,3.25
2,1,30,274,895.83,0.0,0.39,895.44,100,25,3.18
2,1,46,314,895.44,0.0,0.67,894.77,100,25,3.28
2,1,35,132,894.77,0.0,0.45,894.33,100,25,3.45
2,1,44,257,894.33,0.0,0.54,893.78,100,25,3.48
2,1,33,173,893.78,0.0,0.43,893.35,100,25,3.45
2,1,30,159,893.35,0.0,0.41,892.95,100,25,3.37
2,1,36,168,892.95,0.0,0.48,892.47,100,25,3.44
2,1,34,221,892.47,0.0,0.46,892.01,100,25,3.22
2,1,34,261,892.01,0.0,0.45,891.56,100,25,3.25
2,1,40,168,891.56,0.0,0.48,891.07,100,25,3.13
2,1,29,148,891.07,0.0,0.42,890.65,100,25,3.38
2,1,44,241,890.65,0.0,0.68,889.97,100,25,3.47
2,1,40,303,889.97,0.0,0.5,889.46,100,25,3.44
2,1,36,342,889.46,0.0,0.45,889.01,100,25,3.37
2,1,34,134,889.01,0.0,0.39,888.62,100,25,3.53
2,1,48,348,888.62,0.0,0.61,888.01,100,25,3.41
2,1,30,311,888.01,0.0,0.36,887.65,100,25,3.35
2,1,28,192,887.65,0.0,0.36,887.29,100,25,3.04
2,1,30,289,887.29,0.0,0.37,886.92,100,25,2.95
2,1,35,277,886.92,0.0,0.41,886.51,100,25,2.86
2,1,31,162,886.51,0.0,0.36,886.15,100,25,2.9
2,1,32,209,886.15,0.0,0.43,885.72,100,25,2.65
2,1,26,336,885.72,0.0,0.36,885.36,100,25,2.97
2,1,50,252,885.36,0.0,0.68,884.68,100,25,3.02
2,1,32,249,884.68,0.0,0.41,884.27,100,25,3.0
2,1,28,136,884.27,0.0,0.35,883.92,100,25,3.09
2,1,36,248,883.92,0.0,0.5,883.42,100,25,3.06
2,1,28,318,883.42,0.0,0.33,883.09,100,25,3.23
2,1,46,190,883.09,0.0,0.6,882.49,100,25,3.35
2,1,38,125,882.49,0.0,0.48,882.01,100,25,3.11
2,1,39,216,882.01,0.0,0.44,881.57,100,25,3.18
2,1,40,210,881.57,0.0,0.48,881.09,100,25,3.33
2,1,46,261,881.09,0.0,0.5,880.59,100,25,3.25
2,1,33,219,880.59,0.0,0.42,880.17,100,25,3.45
2,1,41,148,880.17,0.0,0.53,879.64,100,25,3.39
2,1,44,348,879.64,0.0,0.54,879.1,100,25,3.3
2,1,30,346,879.1,0.0,0.39,878.72,100,25,3.31
2,1,41,340,878.72,0.0,0.45,878.26,100,25,3.34
2,1,41,277,878.26,0.0,0.51,877.75,100,25,3.32
2,1,38,216,877.75,0.0,0.48,877.27,100,25,3.36
2,1,36,349,877.27,0.0,0.46,876.8,100,25,3.41
2,1,38,215,876.8,0.0,0.58,876.23,100,25,3.54
2,1,47,266,876.23,0.0,0.67,875.56,100,25,3.51
2,1,30,229,875.56,0.0,0.36,875.2,100,25,3.49
2,1,35,102,875.2,0.0,0.43,874.77,100,25,3.38
2,1,33,357,874.77,0.0,0.4,874.36,100,25,3.46
2,1,42,144,874.36,0.0,0.56,873.8,100,25,3.34
2,1,30,210,873.8,0.0,0.34,873.46,100,25,3.22
2,1,40,155,873.46,0.0,0.46,873.0,100,25,2.92
2,1,28,334,873.0,0.0,0.37,872.63,100,25,3.08
2,1,39,338,872.63,0.0,0.52,872.11,100,25,3.03
2,1,27,230,872.11,0.0,0.38,871.73,100,25,3.12
2,1,38,265,871.73,0.0,0.49,871.24,100,25,2.91
2,1,29,288,871.24,0.0,0.35,870.89,100,25,3.15
2,1,44,232,870.89,0.0,0.58,870.31,100,25,3.22
2,1,41,125,870.31,0.0,0.53,869.78,100,25,3.2
2,1,31,344,869.78,0.0,0.35,869.42,100,25,3.1
2,1,32,184,869.42,0.0,0.42,869.0,100,25,3.11
2,1,30,184,869.0,0.0,0.39,868.61,100,25,2.98
2,1,30,278,868.61,0.0,0.36,868.26,100,25,3.25
2,1,40,280,868.26,0.0,0.62,867.64,100,25,3.29
2,1,45,204,867.64,0.0,0.62,867.02,100,25,3.4
2,1,49,175,867.02,0.0,0.64,866.38,100,25,3.58
2,1,40,238,866.38,0.0,0.53,865.84,100,25,3.57
2,1,35,221,865.84,0.0,0.41,865.43,100,25,3.57
2,1,26,183,865.43,0.0,0.39,865.04,100,25,3.87
2,1,50,209,865.04,0.0,0.66,864.39,100,25,3.79
2,1,46,283,864.39,0.0,0.54,863.85,100,25,3.67
2,1,37,269,863.85,0.0,0.5,863.34,100,25,3.44
2,1,34,312,863.34,0.0,0.41,862.94,100,25,3.42
2,1,36,235,862.94,0.0,0.51,862.42,100,25,3.46
2,1,34,360,862.42,0.0,0.45,861.97,100,25,3.38
2,1,28,249,861.97,0.0,0.31,861.66,100,25,3.22
2,1,37,100,861.66,0.0,0.5,861.16,100,25,3.12
2,1,35,158,861.16,0.0,0.44,860.72,100,25,3.28
2,1,50,297,860.72,0.0,0.66,860.06,100,25,3.25
2,1,30,227,860.06,0.0,0.38,859.68,100,25,3.24
2,1,39,285,859.68,0.0,0.5,859.18,100,25,3.34
2,1,38,347,859.18,0.0,0.55,858.63,100,25,3.39
2,1,33,179,858.63,0.0,0.36,858.27,100,25,3.24
2,1,26,321,858.27,0.0,0.35,857.91,100,25,3.28
2,1,36,98,857.91,0.0,0.48,857.44,100,25,3.21
2,1,47,162,857.44,0.0,0.59,856.84,100,25,3.38
2,1,36,341,856.84,0.0,0.55,856.29,100,25,3.24
2,1,27,280,856.29,0.0,0.36,855.93,100,25,3.16
2,1,40,299,855.93,0.0,0.47,855.46,100,25,3.35
2,1,37,99,855.46,0.0,0.55,854.91,100,25,3.42
2,1,31,153,854.91,0.0,0.42,854.49,100,25,3.51
2,1,40,320,854.49,0.0,0.57,853.91,100,25,3.42
2,1,37,234,853.91,0.0,0.5,853.41,100,25,3.54
2,1,45,205,853.41,0.0,0.67,852.74,100,25,3.9
2,1,49,120,852.74,0.0,0.72,852.02,100,25,4.06
2,1,49,98,852.02,0.0,0.63,851.39,100,25,3.96
2,1,29,101,851.39,0.0,0.45,850.95,100,25,4.05
2,1,39,335,850.95,0.0,0.51,850.44,100,25,3.95
2,1,32,107,850.44,0.0,0.47,849.97,100,25,3.88
2,1,31,159,849.97,0.0,0.43,849.54,100,25,3.83
2,1,47,126,849.54,0.0,0.62,848.92,100,25,3.56
2,1,32,107,848.92,0.0,0.45,848.47,100,25,3.35
2,1,35,301,848.47,0.0,0.42,848.05,100,25,3.4
2,1,39,215,848.05,0.0,0.5,847.55,100,25,3.48
2,1,46,101,847.55,0.0,0.59,846.95,100,25,3.6
2,1,43,293,846.95,0.0,0.59,846.36,100,25,3.95
2,1,48,168,846.36,0.0,0.78,845.58,100,25,3.89
2,1,44,267,845.58,0.0,0.56,845.03,100,25,3.9
2,1,40,348,845.03,0.0,0.46,844.57,100,25,4.05
2,1,39,211,844.57,0.0,0.57,844.0,100,25,3.99
2,1,30,349,844.0,0.0,0.44,843.56,100,25,3.87
2,1,36,146,843.56,0.0,0.47,843.09,100,25,3.63
2,1,27,319,843.09,0.0,0.35,842.74,100,25,3.57
2,1,47,280,842.74,0.0,0.72,842.02,100,25,3.63
2,1,36,336,842.02,0.0,0.62,841.4,100,25,3.77
2,1,45,182,841.4,0.0,0.6,840.8,100,25,3.82
2,1,47,320,840.8,0.0,0.62,840.18,100,25,4.05
2,1,48,175,840.18,0.0,0.67,839.51,100,25,4.16
2,1,36,173,839.51,0.0,0.58,838.93,100,25,4.38
2,1,39,97,838.93,0.0,0.57,838.36,100,25,4.38
2,1,46,295,838.36,0.0,0.72,837.64,100,25,4.22
2,1,29,180,837.64,0.0,0.46,837.18,100,25,3.95
2,1,25,321,837.18,0.0,0.33,836.85,100,25,3.98
2,1,50,235,836.85,0.0,0.65,836.2,100,25,3.85
2,1,38,116,836.2,0.0,0.54,835.66,100,25,3.78
6,1,47,165,5162.56,0.0,10.87,5151.69,2000,45,66.13
6,1,31,285,5151.69,0.0,7.47,5144.22,2000,45,62.24
6,1,38,312,5144.22,0.0,7.7,5136.52,2000,45,58.48
6,1,45,223,5136.52,0.0,9.71,5126.81,2000,45,62.94
6,1,46,154,5126.81,0.0,12.08,5114.73,2000,45,64.98
6,1,44,338,5114.73,0.0,10.56,5104.16,2000,45,68.71
6,1,47,167,5104.16,0.0,10.32,5093.85,2000,45,64.73
6,1,28,184,5093.85,0.0,6.89,5086.96,2000,45,63.84
6,1,33,318,5086.96,0.0,6.58,5080.38,2000,45,63.85
6,1,30,248,5080.38,0.0,7.71,5072.67,2000,45,65.22
6,1,50,152,5072.67,0.0,11.08,5061.59,2000,45,60.14
6,1,31,220,5061.59,0.0,7.0,5054.59,2000,45,55.96
6,1,27,170,5054.59,0.0,6.38,5048.21,2000,45,54.99
6,1,39,241,5048.21,0.0,9.35,5038.86,2000,45,55.96
6,1,33,265,5038.86,0.0,7.86,5031.01,2000,45,60.0
6,1,42,242,5031.01,0.0,10.62,5020.39,2000,45,57.94
6,1,33,212,5020.39,0.0,5.65,5014.74,2000,45,54.68
6,1,31,313,5014.74,0.0,7.82,5006.91,2000,45,56.6
6,1,36,181,5006.91,0.0,8.92,4997.99,2000,45,59.75
6,1,42,184,4997.99,0.0,9.53,4988.47,2000,45,61.27
6,1,40,111,4988.47,0.0,10.87,4977.59,2000,45,61.44
6,1,37,107,4977.59,0.0,8.03,4969.56,2000,45,61.44
6,1,39,296,4969.56,0.0,10.62,4958.94,2000,45,62.56
6,1,25,90,4958.94,0.0,6.77,4952.17,2000,45,65.39
6,1,45,310,4952.17,0.0,10.65,4941.52,2000,45,65.68
6,1,37,207,4941.52,0.0,9.21,4932.31,2000,45,62.92
6,1,31,198,4932.31,0.0,6.77,4925.55,2000,45,62.54
6,1,42,320,4925.55,0.0,10.49,4915.05,2000,45,61.42
6,1,32,114,4915.05,0.0,6.91,4908.15,2000,45,58.48
6,1,29,272,4908.15,0.0,7.68,4900.46,2000,45,59.4
6,1,29,97,4900.46,0.0,7.69,4892.77,2000,45,59.53
6,1,38,213,4892.77,0.0,10.78,4881.99,2000,45,56.54
6,1,25,193,4881.99,0.0,6.22,4875.77,2000,45,60.48
6,1,42,248,4875.77,0.0,10.71,4865.05,2000,45,59.49
6,1,36,277,4865.05,0.0,9.5,4855.55,2000,45,58.95
6,1,26,287,4855.55,0.0,6.37,4849.18,2000,45,59.09
6,1,32,253,4849.18,0.0,7.82,4841.36,2000,45,59.39
6,1,36,302,4841.36,0.0,7.99,4833.37,2000,45,54.72
6,1,27,236,4833.37,0.0,6.11,4827.26,2000,45,55.92
6,1,33,124,4827.26,0.0,7.42,4819.83,2000,45,55.61
6,1,45,281,4819.83,0.0,10.4,4809.43,2000,45,57.54
6,1,46,290,4809.43,0.0,11.43,4798.0,2000,45,61.01
6,1,44,246,4798.0,0.0,9.84,4788.15,2000,45,61.53
6,1,37,140,4788.15,0.0,8.34,4779.82,2000,45,64.16
6,1,47,292,4779.82,0.0,10.62,4769.19,2000,45,64.06
6,1,28,164,4769.19,0.0,6.01,4763.18,2000,45,68.33
6,1,48,216,4763.18,0.0,11.69,4751.49,2000,45,67.58
6,1,42,318,4751.49,0.0,9.65,4741.85,2000,45,67.24
6,1,39,193,4741.85,0.0,11.09,4730.76,2000,45,67.56
6,1,45,157,4730.76,0.0,10.16,4720.6,2000,45,70.13
6,1,43,148,4720.6,0.0,10.91,4709.69,2000,45,69.07
6,1,44,270,4709.69,0.0,9.56,4700.13,2000,45,70.41
6,1,27,270,4700.13,0.0,7.35,4692.78,2000,45,69.71
6,1,45,191,4692.78,0.0,10.99,4681.8,2000,45,68.93
6,1,40,102,4681.8,0.0,8.87,4672.93,2000,45,69.55
6,1,50,258,4672.93,0.0,11.71,4661.22,2000,45,66.36
6,1,28,162,4661.22,0.0,6.97,4654.24,2000,45,65.54
6,1,38,353,4654.24,0.0,10.09,4644.16,2000,45,67.96
6,1,50,141,4644.16,0.0,11.98,4632.17,2000,45,72.7
6,1,48,161,4632.17,0.0,12.09,4620.08,2000,45,69.54
6,1,33,360,4620.08,0.0,7.83,4612.24,2000,45,70.72
6,1,43,281,4612.24,0.0,10.05,4602.19,2000,45,65.99
6,1,31,163,4602.19,0.0,6.98,4595.21,2000,45,69.32
6,1,39,345,4595.21,0.0,10.3,4584.92,2000,45,69.07
6,1,38,231,4584.92,0.0,9.84,4575.08,2000,45,67.01
6,1,41,153,4575.08,0.0,9.92,4565.16,2000,45,67.84
6,1,45,273,4565.16,0.0,12.92,4552.23,2000,45,67.06
6,1,30,295,4552.23,0.0,7.05,4545.18,2000,45,63.01
6,1,25,226,4545.18,0.0,6.0,4539.19,2000,45,68.89
6,1,50,341,4539.19,0.0,12.86,4526.33,2000,45,70.8
6,1,46,342,4526.33,0.0,12.21,4514.12,2000,45,73.53
6,1,49,165,4514.12,0.0,12.57,4501.55,2000,45,70.0
6,1,27,189,4501.55,0.0,6.39,4495.16,2000,45,65.92
6,1,34,235,4495.16,0.0,8.84,4486.32,2000,45,70.31
6,1,46,262,4486.32,0.0,11.44,4474.88,2000,45,73.14
6,1,37,195,4474.88,0.0,8.83,4466.05,2000,45,71.63
6,1,40,105,4466.05,0.0,11.35,4454.7,2000,45,65.12
6,1,26,248,4454.7,0.0,5.7,4449.0,2000,45,60.47
6,1,33,184,4449.0,0.0,7.92,4441.08,2000,45,64.16
6,1,44,300,4441.08,0.0,10.08,4430.99,2000,45,65.88
6,1,44,182,4430.99,0.0,10.56,4420.44,2000,45,64.21
6,1,35,155,4420.44,0.0,9.77,4410.67,2000,45,65.45
6,1,43,208,4410.67,0.0,10.07,4400.6,2000,45,64.38
6,1,38,260,4400.6,0.0,10.28,4390.32,2000,45,69.63
6,1,43,165,4390.32,0.0,10.95,4379.37,2000,45,70.67
6,1,33,334,4379.37,0.0,8.96,4370.41,2000,45,67.61
6,1,30,137,4370.41,0.0,7.02,4363.39,2000,45,68.98
6,1,43,286,4363.39,0.0,11.93,4351.47,2000,45,71.8
6,1,47,223,4351.47,0.0,12.59,4338.88,2000,45,73.82
6,1,48,205,4338.88,0.0,12.09,4326.79,2000,45,71.53
6,1,31,158,4326.79,0.0,7.99,4318.8,2000,45,67.88
6,1,31,159,4318.8,0.0,7.3,4311.5,2000,45,71.64
6,1,46,257,4311.5,0.0,12.72,4298.78,2000,45,77.25
6,1,50,121,4298.78,0.0,12.63,4286.15,2000,45,75.62
6,1,41,206,4286.15,0.0,10.3,4275.86,2000,45,74.69
6,1,48,278,4275.86,0.0,11.66,4264.19,2000,45,70.45
6,1,30,281,4264.19,0.0,7.85,4256.34,2000,45,73.97
6,1,43,219,4256.34,0.0,11.51,4244.83,2000,45,75.71
6,1,40,163,4244.83,0.0,9.04,4235.79,2000,45,72.56
6,1,36,197,4235.79,0.0,9.57,4226.22,2000,45,66.53
6,1,25,309,4226.22,0.0,6.6,4219.62,2000,45,66.41
6,1,41,340,4219.62,0.0,10.18,4209.44,2000,45,65.36
6,1,37,134,4209.44,0.0,10.61,4198.84,2000,45,67.35
6,1,42,287,4198.84,0.0,9.84,4189.0,2000,45,66.18
6,1,44,302,4189.0,0.0,10.34,4178.66,2000,45,63.95
6,1,31,341,4178.66,0.0,6.81,4171.85,2000,45,62.82
6,1,35,316,4171.85,0.0,8.44,4163.41,2000,45,67.0
6,1,40,171,4163.41,0.0,10.78,4152.63,2000,45,65.56
6,1,36,158,4152.63,0.0,8.74,4143.89,2000,45,62.48
6,1,28,173,4143.89,0.0,7.53,4136.36,2000,45,60.05
6,1,36,113,4136.36,0.0,7.41,4128.95,2000,45,56.96
6,1,28,269,4128.95,0.0,7.25,4121.69,2000,45,57.17
6,1,28,171,4121.69,0.0,7.02,4114.67,2000,45,55.77
6,1,31,344,4114.67,0.0,7.04,4107.63,2000,45,54.77
6,1,37,250,4107.63,0.0,9.78,4097.86,2000,45,54.68
6,1,36,222,4097.86,0.0,8.65,4089.21,2000,45,54.36
6,1,29,174,4089.21,0.0,7.21,4081.99,2000,45,58.22
6,1,42,267,4081.99,0.0,11.27,4070.72,2000,45,62.01
6,1,40,96,4070.72,0.0,11.04,4059.69,2000,45,63.73
6,1,35,189,4059.69,0.0,8.74,4050.95,2000,45,63.35
6,1,26,95,4050.95,0.0,6.66,4044.29,2000,45,62.25
6,1,31,142,4044.29,0.0,8.68,4035.61,2000,45,59.67
6,1,25,291,4035.61,0.0,6.07,4029.54,2000,45,62.82
6,1,41,294,4029.54,0.0,10.36,4019.18,2000,45,61.96
6,1,39,312,4019.18,0.0,10.41,4008.77,2000,45,59.43
6,1,33,265,4008.77,0.0,8.51,4000.26,2000,45,59.9
6,1,41,134,4000.26,0.0,9.21,3991.05,2000,45,59.21
6,1,25,248,3991.05,0.0,5.97,3985.08,2000,45,59.02
6,1,41,182,3985.08,0.0,8.49,3976.59,2000,45,64.56
6,1,44,292,3976.59,0.0,11.61,3964.98,2000,45,61.81
6,1,30,146,3964.98,0.0,7.61,3957.37,2000,45,62.2
6,1,50,145,3957.37,0.0,10.8,3946.56,2000,45,61.77
6,1,33,277,3946.56,0.0,8.08,3938.48,2000,45,61.68
6,1,41,117,3938.48,0.0,9.12,3929.36,2000,45,62.51
6,1,31,243,3929.36,0.0,6.8,3922.56,2000,45,64.25
6,1,41,231,3922.56,0.0,10.23,3912.34,2000,45,60.5
6,1,35,353,3912.34,0.0,7.86,3904.47,2000,45,59.68
6,1,27,200,3904.47,0.0,6.79,3897.68,2000,45,55.02
6,1,26,103,3897.68,0.0,6.14,3891.54,2000,45,55.85
6,1,34,99,3891.54,0.0,8.91,3882.63,2000,45,58.18
6,1,46,281,3882.63,0.0,11.45,3871.17,2000,45,61.53
6,1,43,145,3871.17,0.0,10.15,3861.02,2000,45,57.39
6,1,25,324,3861.02,0.0,6.09,3854.93,2000,45,57.54
6,1,38,150,3854.93,0.0,8.01,3846.92,2000,45,60.21
6,1,35,257,3846.92,0.0,9.46,3837.46,2000,45,63.46
6,1,36,346,3837.46,0.0,9.39,3828.07,2000,45,61.04
6,1,27,333,3828.07,0.0,6.49,3821.58,2000,45,62.86
6,1,50,250,3821.58,0.0,13.27,3808.32,2000,45,63.96
6,1,46,217,3808.32,0.0,11.25,3797.06,2000,45,69.39
6,1,45,249,3797.06,0.0,11.52,3785.55,2000,45,71.66
6,1,47,305,3785.55,0.0,10.28,3775.26,2000,45,68.23
6,1,29,116,3775.26,0.0,6.03,3769.23,2000,45,70.17
6,1,47,277,3769.23,0.0,11.33,3757.9,2000,45,69.84
6,1,31,314,3757.9,0.0,6.16,3751.74,2000,45,64.37
6,1,34,273,3751.74,0.0,7.8,3743.95,2000,45,60.44
6,1,30,228,3743.95,0.0,7.32,3736.63,2000,45,59.58
6,1,50,279,3736.63,0.0,10.66,3725.97,2000,45,61.99
6,1,49,91,3725.97,0.0,12.69,3713.27,2000,45,62.28
6,1,28,222,3713.27,0.0,6.32,3706.95,2000,45,61.15
6,1,41,199,3706.95,0.0,10.2,3696.75,2000,45,62.29
6,1,35,148,3696.75,0.0,7.3,3689.45,2000,45,62.45
6,1,39,357,3689.45,0.0,7.96,3681.49,2000,45,66.11
6,1,44,271,3681.49,0.0,10.98,3670.51,2000,45,62.59
6,1,27,178,3670.51,0.0,7.14,3663.37,2000,45,60.07
6,1,48,169,3663.37,0.0,10.17,3653.2,2000,45,60.51
6,1,30,276,3653.2,0.0,6.76,3646.44,2000,45,61.04
6,1,49,177,3646.44,0.0,10.73,3635.71,2000,45,60.56
6,1,30,149,3635.71,0.0,6.82,3628.89,2000,45,61.73
6,1,37,138,3628.89,0.0,9.13,3619.76,2000,45,60.04
6,1,41,154,3619.76,0.0,9.29,3610.48,2000,45,59.84
6,1,29,288,3610.48,2797.63,6.94,6401.17,2000,45,59.83
6,1,41,322,6401.17,0.0,10.16,6391.01,2000,45,62.29
6,1,43,91,6391.01,0.0,9.22,6381.79,2000,45,62.98
6,1,48,283,6381.79,0.0,11.42,6370.37,2000,45,66.01
6,1,44,230,6370.37,0.0,9.85,6360.52,2000,45,68.14
6,1,49,349,6360.52,0.0,11.26,6349.27,2000,45,66.94
6,1,36,230,6349.27,0.0,8.09,6341.18,2000,45,69.37
6,1,37,224,6341.18,0.0,9.37,6331.81,2000,45,68.83
6,1,43,131,6331.81,0.0,9.62,6322.19,2000,45,65.57
6,1,29,241,6322.19,0.0,5.96,6316.22,2000,45,63.19
6,1,36,347,6316.22,0.0,9.04,6307.19,2000,45,59.26
6,1,27,182,6307.19,0.0,5.92,6301.27,2000,45,54.49
6,1,30,113,6301.27,0.0,6.49,6294.78,2000,45,58.25
6,1,47,310,6294.78,0.0,11.85,6282.93,2000,45,60.12
6,1,50,106,6282.93,0.0,11.24,6271.69,2000,45,58.02
6,1,32,144,6271.69,0.0,7.52,6264.17,2000,45,61.65
6,1,41,227,6264.17,0.0,9.59,6254.58,2000,45,62.51
6,1,45,308,6254.58,0.0,9.9,6244.68,2000,45,66.75
6,1,42,298,6244.68,0.0,10.16,6234.52,2000,45,67.2
6,1,36,257,6234.52,0.0,6.94,6227.58,2000,45,64.48
6,1,45,196,6227.58,0.0,9.13,6218.45,2000,45,62.01
6,1,36,180,6218.45,0.0,8.77,6209.68,2000,45,61.32
6,1,32,275,6209.68,0.0,6.83,6202.86,2000,45,61.7
6,1,43,346,6202.86,0.0,9.97,6192.89,2000,45,58.62
6,1,31,323,6192.89,0.0,6.82,6186.07,2000,45,57.18
6,1,39,238,6186.07,0.0,8.72,6177.35,2000,45,59.06
6,1,38,165,6177.35,0.0,8.82,6168.53,2000,45,57.37
6,1,30,155,6168.53,0.0,7.44,6161.08,2000,45,55.05
6,1,28,356,6161.08,0.0,6.45,6154.64,2000,45,58.98
6,1,50,198,6154.64,0.0,10.76,6143.88,2000,45,59.46
6,1,46,112,6143.88,0.0,10.45,6133.42,2000,45,61.39
6,1,44,305,6133.42,0.0,8.75,6124.68,2000,45,59.13
6,1,32,228,6124.68,0.0,6.46,6118.22,2000,45,55.97
6,1,26,174,6118.22,0.0,5.66,6112.56,2000,45,57.89
6,1,41,117,6112.56,0.0,9.36,6103.2,2000,45,60.41
6,1,38,257,6103.2,0.0,8.97,6094.23,2000,45,58.82
6,1,43,330,6094.23,0.0,9.17,6085.06,2000,45,59.0
6,1,49,235,6085.06,0.0,10.63,6074.43,2000,45,56.22
6,1,26,262,6074.43,0.0,5.97,6068.46,2000,45,55.49
6,1,27,344,6068.46,0.0,5.73,6062.72,2000,45,58.31
6,1,37,282,6062.72,0.0,8.48,6054.24,2000,45,59.46
6,1,46,130,6054.24,0.0,10.51,6043.73,2000,45,59.76
6,1,46,347,6043.73,0.0,9.27,6034.46,2000,45,59.58
6,1,44,353,6034.46,0.0,8.99,6025.47,2000,45,54.09
6,1,25,334,6025.47,0.0,5.14,6020.33,2000,45,59.04
6,1,50,330,6020.33,0.0,10.92,6009.4,2000,45,58.54
6,1,26,230,6009.4,0.0,5.23,6004.17,2000,45,59.43
6,1,45,309,6004.17,0.0,9.37,5994.8,2000,45,55.31
6,1,28,338,5994.8,0.0,6.39,5988.41,2000,45,53.94
6,1,36,325,5988.41,0.0,7.9,5980.52,2000,45,53.39
6,1,38,273,5980.52,0.0,8.44,5972.08,2000,45,54.44
6,1,30,162,5972.08,0.0,6.19,5965.89,2000,45,53.81
6,1,43,335,5965.89,0.0,10.29,5955.6,2000,45,58.03
6,1,43,191,5955.6,0.0,9.45,5946.15,2000,45,56.43
6,1,39,102,5946.15,0.0,7.77,5938.38,2000,45,58.87
6,1,41,193,5938.38,0.0,8.83,5929.55,2000,45,60.21
6,1,39,127,5929.55,0.0,9.24,5920.32,2000,45,59.97
6,1,38,282,5920.32,1950.59,8.2,7862.7,2000,45,65.23
6,1,50,184,7862.7,0.0,11.45,7851.25,2000,45,60.49
6,1,27,160,7851.25,0.0,5.55,7845.7,2000,45,60.9
6,1,46,95,7845.7,0.0,9.86,7835.84,2000,45,63.15
6,1,43,175,7835.84,0.0,10.02,7825.83,2000,45,63.52
6,1,40,182,7825.83,0.0,9.2,7816.63,2000,45,64.52
6,1,47,187,7816.63,0.0,10.24,7806.39,2000,45,65.66
6,1,46,216,7806.39,0.0,9.34,7797.05,2000,45,64.66
6,1,45,248,7797.05,0.0,10.45,7786.6,2000,45,64.29
6,1,26,121,7786.6,2436.48,5.18,10217.89,2000,45,61.72
6,1,36,276,10217.89,0.0,7.29,10210.6,2000,45,58.65
6,1,34,138,10210.6,0.0,6.95,10203.65,2000,45,55.74
6,1,33,345,10203.65,0.0,6.29,10197.36,2000,45,54.96
6,1,46,115,10197.36,0.0,9.46,10187.9,2000,45,54.3
6,1,38,225,10187.9,0.0,8.68,10179.22,2000,45,50.01
6,1,31,352,10179.22,0.0,6.16,10173.06,2000,45,52.84
6,1,37,307,10173.06,0.0,8.01,10165.05,2000,45,51.11
6,1,25,192,10165.05,0.0,5.56,10159.49,2000,45,50.31
6,1,30,173,10159.49,0.0,6.15,10153.34,2000,45,50.38
6,1,34,194,10153.34,0.0,6.36,10146.98,2000,45,46.5
6,1,25,331,10146.98,0.0,5.58,10141.39,2000,45,48.2
6,1,48,267,10141.39,0.0,10.38,10131.02,2000,45,52.23
6,1,48,301,10131.02,0.0,10.19,10120.83,2000,45,51.35
6,1,32,262,10120.83,0.0,7.13,10113.7,2000,45,50.59
6,1,29,103,10113.7,0.0,4.8,10108.9,2000,45,53.98
6,1,49,310,10108.9,0.0,9.54,10099.36,2000,45,55.4
6,1,37,223,10099.36,0.0,7.78,10091.57,2000,45,57.42
6,1,34,292,10091.57,0.0,7.6,10083.98,2000,45,56.0
6,1,42,335,10083.98,0.0,8.96,10075.02,2000,45,55.18
6,1,44,130,10075.02,0.0,9.37,10065.65,2000,45,55.24
6,1,38,116,10065.65,0.0,7.19,10058.46,2000,45,60.23
6,1,43,196,10058.46,0.0,9.79,10048.67,2000,45,56.59
6,1,27,200,10048.67,0.0,5.9,10042.77,2000,45,54.97
6,1,26,144,10042.77,0.0,6.16,10036.61,2000,45,56.91
6,1,50,236,10036.61,0.0,9.54,10027.07,2000,45,58.1
6,1,50,161,10027.07,0.0,10.15,10016.93,2000,45,54.29
6,1,27,309,10016.93,0.0,5.56,10011.36,2000,45,54.68
6,1,41,317,10011.36,0.0,7.58,10003.78,2000,45,52.82
6,1,38,225,10003.78,0.0,7.93,9995.85,2000,45,54.55
6,1,39,288,9995.85,0.0,7.63,9988.22,2000,45,56.27
6,1,34,334,9988.22,0.0,7.88,9980.35,2000,45,55.49
6,1,39,166,9980.35,0.0,8.76,9971.59,2000,45,54.46
6,1,40,167,9971.59,0.0,9.12,9962.47,2000,45,58.5
6,1,43,153,9962.47,0.0,9.6,9952.86,2000,45,57.87
6,1,35,325,9952.86,0.0,6.95,9945.91,2000,45,61.46
6,1,50,177,9945.91,0.0,11.52,9934.39,2000,45,62.68
6,1,43,243,9934.39,0.0,8.85,9925.53,2000,45,60.89
6,1,29,215,9925.53,0.0,6.09,9919.44,2000,45,59.05
6,1,36,154,9919.44,0.0,6.92,9912.53,2000,45,58.99
6,1,45,153,9912.53,0.0,9.06,9903.46,2000,45,60.0
6,1,50,324,9903.46,0.0,10.61,9892.85,2000,45,60.06
6,1,35,202,9892.85,0.0,7.01,9885.84,2000,45,53.81
6,1,26,235,9885.84,0.0,5.27,9880.58,2000,45,54.3
6,1,50,146,9880.58,0.0,9.34,9871.23,2000,45,52.66
6,1,25,113,9871.23,0.0,4.45,9866.79,2000,45,53.63
6,1,37,183,9866.79,0.0,7.89,9858.89,2000,45,53.16
6,1,44,138,9858.89,0.0,8.59,9850.3,2000,45,50.57
6,1,39,226,9850.3,0.0,8.02,9842.28,2000,45,50.34
6,1,33,262,9842.28,0.0,6.78,9835.51,2000,45,54.56
6,1,42,174,9835.51,0.0,9.49,9826.02,2000,45,54.89
6,1,47,257,9826.02,0.0,9.67,9816.34,2000,45,57.9
6,1,36,295,9816.34,0.0,7.46,9808.89,2000,45,57.29
6,1,39,232,9808.89,0.0,7.28,9801.61,2000,45,56.94
6,1,44,156,9801.61,0.0,8.24,9793.37,2000,45,54.36
6,1,28,328,9793.37,0.0,5.44,9787.94,2000,45,56.88
6,1,43,347,9787.94,0.0,9.3,9778.64,2000,45,53.73
6,1,30,172,9778.64,0.0,6.34,9772.29,2000,45,50.68
6,1,35,187,9772.29,0.0,6.62,9765.67,2000,45,48.89
6,1,27,230,9765.67,0.0,5.67,9760.01,2000,45,52.41
6,1,48,205,9760.01,0.0,10.8,9749.2,2000,45,50.23
6,1,29,167,9749.2,0.0,6.06,9743.14,2000,45,52.48
6,1,36,149,9743.14,0.0,7.69,9735.45,2000,45,54.85
6,1,49,157,9735.45,0.0,11.67,9723.78,2000,45,60.07
6,1,48,105,9723.78,0.0,11.56,9712.23,2000,45,62.94
6,1,45,252,9712.23,0.0,9.49,9702.73,2000,45,66.81
6,1,46,244,9702.73,0.0,9.54,9693.2,2000,45,66.17
6,1,50,126,9693.2,0.0,10.16,9683.03,2000,45,70.28
6,1,46,200,9683.03,0.0,10.17,9672.87,2000,45,69.0
6,1,29,142,9672.87,0.0,6.41,9666.46,2000,45,67.37
6,1,47,338,9666.46,0.0,10.04,9656.42,2000,45,62.5
6,1,30,252,9656.42,0.0,6.69,9649.73,2000,45,63.37
6,1,45,291,9649.73,0.0,10.36,9639.37,2000,45,61.34
6,1,40,340,9639.37,0.0,7.51,9631.86,2000,45,61.39
6,1,48,331,9631.86,0.0,10.21,9621.65,2000,45,59.18
6,1,36,290,9621.65,0.0,7.96,9613.69,2000,45,59.6
6,1,32,172,9613.69,0.0,6.83,9606.86,2000,45,56.28
6,1,34,291,9606.86,0.0,6.72,9600.14,2000,45,55.45
6,1,26,298,9600.14,0.0,5.86,9594.28,2000,45,54.1
6,1,44,297,9594.28,0.0,9.01,9585.27,2000,45,55.5
6,1,41,259,9585.27,0.0,8.91,9576.36,2000,45,56.47
6,1,47,357,9576.36,0.0,11.18,9565.18,2000,45,54.46
6,1,31,194,9565.18,0.0,5.95,9559.22,2000,45,55.21
6,1,34,107,9559.22,0.0,7.58,9551.64,2000,45,58.88
6,1,50,283,9551.64,0.0,10.39,9541.25,2000,45,62.31
6,1,47,278,9541.25,0.0,9.29,9531.96,2000,45,58.5
6,1,26,287,9531.96,0.0,5.2,9526.76,2000,45,59.84
6,1,48,125,9526.76,0.0,10.25,9516.51,2000,45,57.84
6,1,48,306,9516.51,0.0,9.18,9507.33,2000,45,58.67
6,1,33,213,9507.33,0.0,6.78,9500.55,2000,45,62.03
6,1,47,184,9500.55,0.0,10.94,9489.61,2000,45,57.41
6,1,27,320,9489.61,0.0,5.77,9483.84,2000,45,55.66
6,1,36,266,9483.84,0.0,7.54,9476.31,2000,45,59.76
6,1,39,102,9476.31,0.0,9.3,9467.01,2000,45,55.96
6,1,29,348,9467.01,0.0,6.45,9460.55,2000,45,53.71
6,1,35,203,9460.55,0.0,6.93,9453.62,2000,45,55.59
6,1,43,195,9453.62,0.0,8.66,9444.97,2000,45,51.04
6,1,30,239,9444.97,0.0,6.39,9438.57,2000,45,54.48
6,1,40,190,9438.57,0.0,9.21,9429.36,2000,45,54.58
6,1,36,252,9429.36,0.0,7.64,9421.72,2000,45,52.53
6,1,35,136,9421.72,0.0,7.25,9414.47,2000,45,56.68
6,1,44,137,9414.47,0.0,10.6,9403.87,2000,45,57.93
6,1,36,158,9403.87,0.0,8.18,9395.69,2000,45,54.83
6,1,26,176,9395.69,0.0,5.56,9390.13,2000,45,55.82
6,1,33,187,9390.13,0.0,7.38,9382.76,2000,45,55.79
6,1,40,99,9382.76,0.0,9.18,9373.57,2000,45,57.16
6,1,42,270,9373.57,0.0,9.01,9364.57,2000,45,55.65
6,1,28,117,9364.57,0.0,5.74,9358.82,2000,45,54.88
6,1,46,278,9358.82,0.0,9.83,9348.99,2000,45,51.47
6,1,28,158,9348.99,0.0,4.77,9344.22,2000,45,56.36
6,1,49,119,9344.22,0.0,10.45,9333.77,2000,45,60.08
6,1,44,352,9333.77,0.0,11.1,9322.67,2000,45,57.12
6,1,30,119,9322.67,0.0,6.22,9316.45,2000,45,56.43
6,1,36,219,9316.45,0.0,8.32,9308.14,2000,45,58.44
6,1,41,179,9308.14,0.0,7.75,9300.39,2000,45,58.86
6,1,45,295,9300.39,0.0,10.25,9290.13,2000,45,63.01
6,1,39,180,9290.13,0.0,8.92,9281.21,2000,45,60.96
6,1,34,291,9281.21,0.0,8.4,9272.81,2000,45,55.98
6,1,29,310,9272.81,0.0,6.12,9266.68,2000,45,55.67
6,1,27,118,9266.68,0.0,5.91,9260.78,2000,45,54.72
6,1,35,134,9260.78,0.0,7.37,9253.41,2000,45,58.09
6,1,47,95,9253.41,0.0,11.12,9242.29,2000,45,54.35
6,1,27,202,9242.29,0.0,6.51,9235.78,2000,45,52.26
6,1,29,252,9235.78,0.0,6.83,9228.95,2000,45,55.4
6,1,48,296,9228.95,0.0,11.54,9217.42,2000,45,60.36
6,1,49,322,9217.42,0.0,11.08,9206.34,2000,45,63.66
6,1,38,305,9206.34,0.0,9.21,9197.13,2000,45,61.53
6,1,28,252,9197.13,0.0,5.24,9191.88,2000,45,61.29
6,1,43,137,9191.88,0.0,10.88,9181.01,2000,45,64.32
6,1,37,326,9181.01,0.0,9.54,9171.47,2000,45,67.69
6,1,45,244,9171.47,0.0,10.2,9161.27,2000,45,64.9
6,1,39,131,9161.27,0.0,8.75,9152.52,2000,45,61.64
6,1,31,139,9152.52,0.0,7.82,9144.7,2000,45,62.97
6,1,49,294,9144.7,0.0,10.54,9134.16,2000,45,68.63
6,1,48,188,9134.16,0.0,10.9,9123.27,2000,45,68.81
6,1,47,289,9123.27,0.0,11.06,9112.21,2000,45,65.52
6,1,28,208,9112.21,0.0,6.25,9105.96,2000,45,61.6
6,1,25,186,9105.96,0.0,6.28,9099.69,2000,45,60.65
6,1,36,278,9099.69,0.0,7.8,9091.89,2000,45,61.07
6,1,32,92,9091.89,0.0,8.24,9083.65,2000,45,56.75
6,1,26,106,9083.65,0.0,6.22,9077.43,2000,45,52.26
6,1,25,269,9077.43,0.0,6.41,9071.02,2000,45,46.46
6,1,27,110,9071.02,0.0,5.26,9065.76,2000,45,46.79
6,1,28,123,9065.76,0.0,6.58,9059.18,2000,45,52.26
6,1,42,168,9059.18,0.0,11.75,9047.43,2000,45,50.59
6,1,28,196,9047.43,0.0,6.13,9041.31,2000,45,52.18
6,1,40,118,9041.31,0.0,9.83,9031.47,2000,45,55.84
6,1,45,318,9031.47,0.0,9.88,9021.6,2000,45,60.38
6,1,44,164,9021.6,0.0,10.95,9010.65,2000,45,66.92
6,1,47,329,9010.65,0.0,11.8,8998.85,2000,45,69.4
6,1,39,351,8998.85,0.0,9.06,8989.79,2000,45,68.37
6,1,47,220,8989.79,0.0,10.72,8979.07,2000,45,70.31
6,1,33,103,8979.07,0.0,8.07,8971.0,2000,45,67.0
6,1,25,249,8971.0,0.0,6.52,8964.48,2000,45,66.34
6,1,38,166,8964.48,0.0,9.22,8955.26,2000,45,63.23
6,1,31,272,8955.26,0.0,7.84,8947.42,2000,45,62.65
6,1,48,154,8947.42,0.0,11.22,8936.2,2000,45,62.73
6,1,36,124,8936.2,0.0,9.14,8927.06,2000,45,61.29
6,1,36,145,8927.06,0.0,9.28,8917.78,2000,45,63.5
6,1,41,269,8917.78,0.0,10.28,8907.5,2000,45,68.94
6,1,49,338,8907.5,0.0,11.96,8895.54,2000,45,68.62
6,1,39,249,8895.54,0.0,8.9,8886.64,2000,45,70.57
6,1,40,172,8886.64,0.0,9.79,8876.85,2000,45,69.48
6,1,39,327,8876.85,0.0,10.13,8866.72,2000,45,67.58
6,1,29,103,8866.72,0.0,7.24,8859.48,2000,45,65.48
6,1,30,252,8859.48,0.0,7.18,8852.3,2000,45,62.41
6,1,28,148,8852.3,0.0,7.21,8845.09,2000,45,60.51
6,1,43,105,8845.09,0.0,10.06,8835.04,2000,45,59.9
6,1,32,103,8835.04,0.0,8.29,8826.75,2000,45,60.85
6,1,42,171,8826.75,0.0,10.74,8816.0,2000,45,57.34
6,1,25,212,8816.0,0.0,6.62,8809.38,2000,45,57.58
6,1,30,178,8809.38,0.0,7.48,8801.9,2000,45,57.43
6,1,26,113,8801.9,0.0,7.03,8794.87,2000,45,62.13
6,1,47,267,8794.87,0.0,11.91,8782.96,2000,45,58.72
6,1,29,182,8782.96,0.0,6.65,8776.31,2000,45,56.06
6,1,25,90,8776.31,0.0,5.63,8770.69,2000,45,55.4
6,1,36,347,8770.69,0.0,10.08,8760.61,2000,45,56.02
6,1,35,296,8760.61,0.0,7.24,8753.37,2000,45,58.62
6,1,42,98,8753.37,0.0,10.08,8743.29,2000,45,61.86
6,1,37,277,8743.29,0.0,10.27,8733.03,2000,45,59.69
6,1,36,206,8733.03,0.0,9.74,8723.29,2000,45,61.87
6,1,31,291,8723.29,0.0,8.83,8714.46,2000,45,65.83
6,1,39,151,8714.46,0.0,9.59,8704.88,2000,45,66.57
6,1,43,268,8704.88,0.0,10.82,8694.06,2000,45,68.03
6,1,36,258,8694.06,0.0,8.7,8685.36,2000,45,69.45
6,1,49,306,8685.36,0.0,11.5,8673.85,2000,45,67.54
6,1,33,98,8673.85,0.0,8.36,8665.5,2000,45,64.29
6,1,26,274,8665.5,0.0,6.49,8659.01,2000,45,64.39
6,1,34,190,8659.01,0.0,8.93,8650.08,2000,45,63.45
6,1,35,158,8650.08,0.0,8.65,8641.43,2000,45,61.02
6,1,32,150,8641.43,0.0,8.39,8633.04,2000,45,61.31
6,1,33,353,8633.04,0.0,8.99,8624.05,2000,45,61.49
6,1,46,332,8624.05,0.0,11.68,8612.36,2000,45,64.97
6,1,45,318,8612.36,0.0,11.84,8600.52,2000,45,67.27
6,1,34,341,8600.52,0.0,8.79,8591.73,2000,45,65.32
6,1,28,342,8591.73,0.0,6.98,8584.75,2000,45,64.24
6,1,34,290,8584.75,0.0,7.57,8577.18,2000,45,62.01
6,1,27,258,8577.18,0.0,6.16,8571.02,2000,45,63.94
6,1,48,207,8571.02,0.0,10.92,8560.11,2000,45,62.66
6,1,37,245,8560.11,0.0,10.4,8549.7,2000,45,62.09
6,1,42,138,8549.7,0.0,11.27,8538.43,2000,45,63.64
6,1,39,242,8538.43,0.0,10.34,8528.09,2000,45,64.66
6,1,29,234,8528.09,0.0,8.0,8520.09,2000,45,63.33
6,1,26,218,8520.09,0.0,6.24,8513.85,2000,45,64.2
6,1,28,161,8513.85,0.0,7.03,8506.82,2000,45,64.74
6,1,47,194,8506.82,0.0,11.46,8495.35,2000,45,64.42
6,1,44,246,8495.35,0.0,10.08,8485.27,2000,45,65.73
6,1,48,252,8485.27,0.0,12.58,8472.69,2000,45,65.01
6,1,41,159,8472.69,0.0,9.62,8463.08,2000,45,67.15
6,1,36,150,8463.08,0.0,10.14,8452.94,2000,45,69.71
6,1,33,156,8452.94,0.0,8.8,8444.13,2000,45,68.58
6,1,25,269,8444.13,0.0,5.9,8438.23,2000,45,65.24
6,1,30,267,8438.23,0.0,8.12,8430.12,2000,45,67.76
6,1,48,197,8430.12,0.0,12.6,8417.51,2000,45,63.45
6,1,37,299,8417.51,0.0,8.27,8409.24,2000,45,60.69
6,1,28,215,8409.24,0.0,6.86,8402.38,2000,45,59.06
6,1,32,199,8402.38,0.0,8.51,8393.87,2000,45,62.37
6,1,44,276,8393.87,0.0,12.11,8381.75,2000,45,66.78
6,1,39,309,8381.75,0.0,10.31,8371.45,2000,45,68.02
6,1,38,310,8371.45,0.0,9.36,8362.09,2000,45,67.57
6,1,41,102,8362.09,0.0,12.15,8349.93,2000,45,66.87
6,1,28,153,8349.93,0.0,7.57,8342.37,2000,45,67.53
6,1,28,153,8342.37,0.0,7.52,8334.85,2000,45,70.76
6,1,47,277,8334.85,0.0,11.74,8323.11,2000,45,68.15
6,1,40,165,8323.11,0.0,9.5,8313.61,2000,45,67.4
6,1,37,113,8313.61,0.0,9.56,8304.05,2000,45,67.84
6,1,41,146,8304.05,0.0,9.8,8294.25,2000,45,66.36
6,1,42,142,8294.25,0.0,10.67,8283.58,2000,45,66.15
6,1,30,329,8283.58,0.0,7.36,8276.22,2000,45,68.56
6,1,42,161,8276.22,0.0,9.93,8266.29,2000,45,63.35
6,1,28,292,8266.29,0.0,6.53,8259.75,2000,45,65.47
6,1,44,356,8259.75,0.0,11.62,8248.13,2000,45,64.24
6,1,35,289,8248.13,0.0,8.33,8239.8,2000,45,66.96
6,1,48,142,8239.8,0.0,12.52,8227.28,2000,45,65.69
6,1,38,141,8227.28,0.0,9.4,8217.88,2000,45,66.52
6,1,36,228,8217.88,0.0,8.19,8209.69,2000,45,65.04
6,1,32,163,8209.69,0.0,8.45,8201.24,2000,45,71.4
6,1,47,356,8201.24,0.0,12.89,8188.35,2000,45,72.56
6,1,43,102,8188.35,0.0,12.78,8175.57,2000,45,71.8
6,1,30,109,8175.57,0.0,7.57,8168.0,2000,45,69.66
6,1,42,306,8168.0,0.0,10.38,8157.62,2000,45,69.58
6,1,36,96,8157.62,0.0,9.32,8148.29,2000,45,70.62
6,1,37,214,8148.29,0.0,9.23,8139.07,2000,45,69.44
6,1,27,304,8139.07,0.0,7.27,8131.8,2000,45,66.71
6,1,37,120,8131.8,0.0,10.16,8121.64,2000,45,60.06
6,1,27,326,8121.64,0.0,6.13,8115.51,2000,45,59.9
6,1,32,197,8115.51,0.0,7.41,8108.1,2000,45,59.95
6,1,37,194,8108.1,0.0,10.43,8097.66,2000,45,62.51
6,1,45,109,8097.66,0.0,11.88,8085.79,2000,45,60.55
6,1,28,123,8085.79,0.0,7.27,8078.52,2000,45,61.43
6,1,35,97,8078.52,0.0,8.15,8070.37,2000,45,58.03
6,1,25,255,8070.37,0.0,6.76,8063.61,2000,45,58.63
6,1,27,159,8063.61,0.0,6.73,8056.88,2000,45,58.37
6,1,30,140,8056.88,0.0,7.15,8049.72,2000,45,60.77
6,1,49,252,8049.72,0.0,12.83,8036.9,2000,45,59.78
6,1,44,167,8036.9,0.0,10.89,8026.01,2000,45,60.87
6,1,32,325,8026.01,0.0,8.36,8017.65,2000,45,66.13
6,1,47,116,8017.65,0.0,13.41,8004.24,2000,45,68.17
6,1,36,96,8004.24,0.0,8.8,7995.44,2000,45,71.15
6,1,39,204,7995.44,0.0,9.71,7985.73,2000,45,71.37
6,1,31,92,7985.73,0.0,7.37,7978.36,2000,45,65.48
6,1,32,137,7978.36,0.0,6.94,7971.42,2000,45,66.39
6,1,49,190,7971.42,0.0,11.8,7959.62,2000,45,71.11
6,1,49,328,7959.62,0.0,13.08,7946.53,2000,45,65.01
6,1,28,196,7946.53,0.0,7.31,7939.22,2000,45,68.43
6,1,48,147,7939.22,0.0,12.22,7927.0,2000,45,66.44
6,1,30,264,7927.0,0.0,7.72,7919.28,2000,45,68.43
6,1,36,243,7919.28,0.0,9.36,7909.92,2000,45,72.74
6,1,46,145,7909.92,0.0,11.25,7898.67,2000,45,71.19
6,1,41,127,7898.67,0.0,10.25,7888.42,2000,45,65.56
6,1,34,357,7888.42,0.0,7.45,7880.97,2000,45,67.89
6,1,40,317,7880.97,0.0,9.64,7871.33,2000,45,65.82
6,1,38,309,7871.33,0.0,10.15,7861.18,2000,45,64.48
6,1,28,349,7861.18,0.0,6.38,7854.8,2000,45,64.45
6,1,37,191,7854.8,0.0,9.33,7845.47,2000,45,59.14
6,1,28,201,7845.47,0.0,5.94,7839.53,2000,45,56.26
6,1,34,244,7839.53,0.0,7.37,7832.16,2000,45,54.97
6,1,26,187,7832.16,0.0,6.16,7826.0,2000,45,57.44
6,1,49,109,7826.0,0.0,12.11,7813.89,2000,45,57.06
6,1,37,207,7813.89,0.0,9.77,7804.12,2000,45,58.16
6,1,33,152,7804.12,0.0,7.48,7796.64,2000,45,58.05
6,1,37,227,7796.64,0.0,9.22,7787.41,2000,45,60.63
6,1,36,317,7787.41,0.0,8.52,7778.89,2000,45,63.13
6,1,39,312,7778.89,0.0,9.87,7769.02,2000,45,69.06
6,1,50,216,7769.02,0.0,12.09,7756.94,2000,45,63.44
6,1,30,321,7756.94,0.0,6.49,7750.45,2000,45,61.15
6,1,33,345,7750.45,0.0,7.48,7742.97,2000,45,61.43
6,1,35,211,7742.97,0.0,7.76,7735.21,2000,45,58.71
6,1,27,178,7735.21,0.0,6.5,7728.71,2000,45,60.31
6,1,45,96,7728.71,0.0,10.12,7718.59,2000,45,61.45
6,1,46,247,7718.59,0.0,11.01,7707.59,2000,45,60.72
6,1,47,212,7707.59,0.0,11.36,7696.22,2000,45,63.7
6,1,40,350,7696.22,0.0,9.47,7686.76,2000,45,67.21
6,1,49,95,7686.76,0.0,10.99,7675.77,2000,45,69.8
6,1,43,293,7675.77,0.0,10.35,7665.42,2000,45,68.88
6,1,26,202,7665.42,0.0,5.58,7659.84,2000,45,67.9
6,1,43,255,7659.84,0.0,9.14,7650.7,2000,45,65.74
6,1,37,334,7650.7,0.0,8.85,7641.85,2000,45,65.19
6,1,43,171,7641.85,0.0,10.81,7631.04,2000,45,62.57
6,1,32,133,7631.04,0.0,6.85,7624.2,2000,45,61.21
6,1,38,151,7624.2,0.0,9.63,7614.57,2000,45,56.44
6,1,25,354,7614.57,0.0,5.58,7608.99,2000,45,56.6
6,1,27,166,7608.99,1942.33,5.74,9545.58,2000,45,59.13
6,1,49,96,9545.58,0.0,11.67,9533.91,2000,45,56.99
6,1,34,322,9533.91,0.0,6.71,9527.19,2000,45,58.37
6,1,48,184,9527.19,0.0,12.19,9515.0,2000,45,61.3
6,1,47,348,9515.0,0.0,9.78,9505.22,2000,45,58.4
6,1,27,319,9505.22,0.0,6.73,9498.49,2000,45,60.05
6,1,37,194,9498.49,0.0,7.23,9491.27,2000,45,65.23
6,1,46,157,9491.27,0.0,10.92,9480.34,2000,45,61.44
6,1,42,184,9480.34,0.0,7.88,9472.47,2000,45,61.76
6,1,28,172,9472.47,0.0,7.03,9465.44,2000,45,59.41
6,1,42,164,9465.44,0.0,9.84,9455.6,2000,45,60.56
6,1,50,95,9455.6,0.0,10.93,9444.67,2000,45,60.8
6,1,36,192,9444.67,0.0,6.97,9437.69,2000,45,61.38
6,1,37,153,9437.69,0.0,7.81,9429.88,2000,45,61.63
6,1,47,104,9429.88,0.0,11.17,9418.71,2000,45,64.29
6,1,44,316,9418.71,0.0,10.54,9408.17,2000,45,67.24
6,1,46,351,9408.17,0.0,9.98,9398.2,2000,45,66.51
6,1,39,276,9398.2,0.0,9.11,9389.09,2000,45,63.59
6,1,36,204,9389.09,0.0,8.01,9381.08,2000,45,66.49
6,1,45,153,9381.08,0.0,9.87,9371.22,2000,45,69.94
6,1,49,230,9371.22,0.0,11.26,9359.96,2000,45,70.03
6,1,50,182,9359.96,0.0,11.26,9348.7,2000,45,67.06
6,1,37,274,9348.7,0.0,7.57,9341.13,2000,45,63.72
6,1,33,225,9341.13,0.0,6.64,9334.49,2000,45,60.57
6,1,29,91,9334.49,0.0,5.96,9328.53,2000,45,60.65
6,1,39,94,9328.53,0.0,8.09,9320.44,2000,45,61.45
6,1,48,315,9320.44,0.0,10.67,9309.77,2000,45,60.52
6,1,44,230,9309.77,0.0,10.33,9299.44,2000,45,58.58
6,1,36,168,9299.44,0.0,9.32,9290.12,2000,45,59.57
6,1,40,321,9290.12,0.0,8.56,9281.56,2000,45,62.57
6,1,42,249,9281.56,0.0,9.64,9271.92,2000,45,63.83
6,1,33,322,9271.92,0.0,7.22,9264.71,2000,45,62.89
6,1,31,107,9264.71,0.0,7.15,9257.56,2000,45,59.61
6,1,39,146,9257.56,0.0,7.39,9250.16,2000,45,56.89
6,1,38,291,9250.16,0.0,7.61,9242.56,2000,45,52.8
6,1,25,222,9242.56,0.0,5.23,9237.33,2000,45,55.3
6,1,46,226,9237.33,0.0,11.06,9226.27,2000,45,51.66
6,1,27,281,9226.27,0.0,6.0,9220.27,2000,45,51.83
6,1,34,131,9220.27,0.0,7.39,9212.87,2000,45,49.91
6,1,28,218,9212.87,0.0,5.23,9207.64,2000,45,51.83
6,1,36,167,9207.64,0.0,9.31,9198.34,2000,45,53.56
6,1,48,301,9198.34,0.0,9.34,9189.0,2000,45,56.05
6,1,32,199,9189.0,0.0,7.72,9181.28,2000,45,54.03
6,1,40,352,9181.28,0.0,9.04,9172.24,2000,45,58.86
6,1,50,91,9172.24,0.0,10.83,9161.41,2000,45,59.64
6,1,35,110,9161.41,0.0,8.17,9153.24,2000,45,60.34
6,1,26,186,9153.24,0.0,5.93,9147.31,2000,45,61.39
6,1,48,135,9147.31,0.0,10.36,9136.95,2000,45,61.68
6,1,42,153,9136.95,0.0,9.63,9127.31,2000,45,62.28
6,1,40,108,9127.31,0.0,8.32,9118.99,2000,45,59.36
6,1,29,150,9118.99,0.0,6.12,9112.87,2000,45,53.21
6,1,26,90,9112.87,0.0,4.68,9108.2,2000,45,54.28
6,1,44,110,9108.2,0.0,9.24,9098.96,2000,45,56.17
6,1,41,248,9098.96,0.0,7.82,9091.14,2000,45,51.41
6,1,33,116,9091.14,0.0,5.6,9085.54,2000,45,49.94
6,1,35,125,9085.54,0.0,8.16,9077.38,2000,45,52.65
6,1,50,305,9077.38,0.0,11.03,9066.35,2000,45,56.12
6,1,42,210,9066.35,0.0,9.59,9056.76,2000,45,61.71
6,1,50,101,9056.76,0.0,10.27,9046.49,2000,45,58.14
6,1,27,300,9046.49,0.0,5.67,9040.82,2000,45,56.82
6,1,29,154,9040.82,0.0,6.5,9034.32,2000,45,57.36
6,1,31,171,9034.32,0.0,6.14,9028.18,2000,45,57.23
6,1,38,225,9028.18,0.0,8.03,9020.14,2000,45,54.47
6,1,38,119,9020.14,0.0,8.27,9011.88,2000,45,51.47
6,1,30,274,9011.88,0.0,6.59,9005.29,2000,45,52.3
6,1,46,314,9005.29,0.0,11.1,8994.19,2000,45,53.68
6,1,35,132,8994.19,0.0,7.05,8987.13,2000,45,56.31
6,1,44,257,8987.13,0.0,9.13,8978.0,2000,45,56.6
6,1,33,173,8978.0,0.0,6.43,8971.57,2000,45,55.8
6,1,30,159,8971.57,0.0,7.23,8964.35,2000,45,55.38
6,1,36,168,8964.35,0.0,7.85,8956.5,2000,45,55.56
6,1,34,221,8956.5,0.0,6.77,8949.73,2000,45,50.79
6,1,34,261,8949.73,0.0,6.33,8943.4,2000,45,51.35
6,1,40,168,8943.4,0.0,7.61,8935.79,2000,45,48.09
6,1,29,148,8935.79,0.0,5.87,8929.92,2000,45,51.26
6,1,44,241,8929.92,0.0,9.6,8920.32,2000,45,52.38
6,1,40,303,8920.32,0.0,8.35,8911.98,2000,45,52.55
6,1,36,342,8911.98,0.0,8.02,8903.95,2000,45,53.43
6,1,34,134,8903.95,0.0,7.65,8896.3,2000,45,56.15
6,1,48,348,8896.3,0.0,9.05,8887.25,2000,45,53.87
6,1,30,311,8887.25,0.0,5.33,8881.92,2000,45,54.18
6,1,28,192,8881.92,0.0,6.18,8875.73,2000,45,51.03
6,1,30,289,8875.73,0.0,6.45,8869.29,2000,45,49.81
6,1,35,277,8869.29,0.0,7.13,8862.16,2000,45,47.96
6,1,31,162,8862.16,0.0,6.17,8855.99,2000,45,46.11
6,1,32,209,8855.99,0.0,5.8,8850.19,2000,45,42.29
6,1,26,336,8850.19,0.0,5.23,8844.96,2000,45,48.55
6,1,50,252,8844.96,0.0,11.59,8833.36,2000,45,49.34
6,1,32,249,8833.36,0.0,6.97,8826.39,2000,45,48.02
6,1,28,136,8826.39,0.0,5.13,8821.27,2000,45,48.66
6,1,36,248,8821.27,0.0,7.77,8813.5,2000,45,47.75
6,1,28,318,8813.5,0.0,5.26,8808.24,2000,45,51.53
6,1,46,190,8808.24,0.0,9.58,8798.66,2000,45,53.72
6,1,38,125,8798.66,0.0,7.42,8791.24,2000,45,49.81
6,1,39,216,8791.24,0.0,7.68,8783.56,2000,45,51.72
6,1,40,210,8783.56,0.0,8.88,8774.68,2000,45,55.88
6,1,46,261,8774.68,0.0,9.29,8765.39,2000,45,55.08
6,1,33,219,8765.39,0.0,6.97,8758.42,2000,45,58.26
6,1,41,148,8758.42,0.0,8.44,8749.97,2000,45,57.26
6,1,44,348,8749.97,0.0,8.58,8741.39,2000,45,56.67
6,1,30,346,8741.39,0.0,6.83,8734.56,2000,45,58.14
6,1,41,340,8734.56,0.0,9.15,8725.41,2000,45,57.71
6,1,41,277,8725.41,0.0,8.45,8716.96,2000,45,55.32
6,1,38,216,8716.96,0.0,6.9,8710.05,2000,45,55.98
6,1,36,349,8710.05,0.0,7.63,8702.42,2000,45,56.05
6,1,38,215,8702.42,0.0,8.51,8693.91,2000,45,57.47
6,1,47,266,8693.91,0.0,10.0,8683.92,2000,45,56.45
6,1,30,229,8683.92,0.0,5.81,8678.1,2000,45,54.23
6,1,35,102,8678.1,0.0,6.93,8671.17,2000,45,53.45
6,1,33,357,8671.17,0.0,7.67,8663.51,2000,45,55.13
6,1,42,144,8663.51,0.0,8.58,8654.93,2000,45,53.82
6,1,30,210,8654.93,0.0,6.32,8648.61,2000,45,53.6
6,1,40,155,8648.61,0.0,8.29,8640.32,2000,45,49.11
6,1,28,334,8640.32,0.0,5.51,8634.82,2000,45,51.86
6,1,39,338,8634.82,0.0,8.56,8626.26,2000,45,50.56
6,1,27,230,8626.26,0.0,5.63,8620.63,2000,45,51.7
6,1,38,265,8620.63,0.0,8.81,8611.82,2000,45,48.83
6,1,29,288,8611.82,0.0,5.71,8606.11,2000,45,51.51
6,1,44,232,8606.11,0.0,9.0,8597.11,2000,45,51.88
6,1,41,125,8597.11,0.0,8.66,8588.44,2000,45,52.26
6,1,31,344,8588.44,0.0,5.89,8582.55,2000,45,50.81
6,1,32,184,8582.55,0.0,7.11,8575.44,2000,45,51.78
6,1,30,184,8575.44,0.0,6.6,8568.83,2000,45,48.74
6,1,30,278,8568.83,0.0,5.77,8563.07,2000,45,51.68
6,1,40,280,8563.07,0.0,8.65,8554.41,2000,45,53.3
6,1,45,204,8554.41,0.0,10.62,8543.8,2000,45,54.35
6,1,49,175,8543.8,0.0,9.71,8534.09,2000,45,55.58
6,1,40,238,8534.09,0.0,7.12,8526.98,2000,45,55.32
6,1,35,221,8526.98,0.0,6.85,8520.13,2000,45,53.64
6,1,26,183,8520.13,0.0,4.92,8515.21,2000,45,58.89
6,1,50,209,8515.21,0.0,11.02,8504.19,2000,45,59.24
6,1,46,283,8504.19,0.0,9.0,8495.19,2000,45,56.17
6,1,37,269,8495.19,0.0,7.55,8487.65,2000,45,54.91
6,1,34,312,8487.65,0.0,8.45,8479.19,2000,45,56.15
6,1,36,235,8479.19,0.0,8.36,8470.83,2000,45,56.59
6,1,34,360,8470.83,0.0,7.29,8463.55,2000,45,57.32
6,1,28,249,8463.55,0.0,5.65,8457.89,2000,45,54.57
6,1,37,100,8457.89,0.0,8.27,8449.62,2000,45,53.32
6,1,35,158,8449.62,0.0,7.75,8441.87,2000,45,57.23
6,1,50,297,8441.87,0.0,11.46,8430.4,2000,45,54.95
6,1,30,227,8430.4,0.0,6.17,8424.23,2000,45,56.16
6,1,39,285,8424.23,0.0,9.57,8414.66,2000,45,55.55
6,1,38,347,8414.66,0.0,6.68,8407.98,2000,45,57.0
6,1,33,179,8407.98,0.0,7.1,8400.87,2000,45,54.55
6,1,26,321,8400.87,0.0,5.82,8395.05,2000,45,53.63
6,1,36,98,8395.05,0.0,6.83,8388.22,2000,45,52.15
6,1,47,162,8388.22,0.0,9.98,8378.24,2000,45,53.72
6,1,36,341,8378.24,0.0,7.74,8370.5,2000,45,50.54
6,1,27,280,8370.5,0.0,6.39,8364.12,2000,45,52.33
6,1,40,299,8364.12,0.0,8.47,8355.65,2000,45,53.06
6,1,37,99,8355.65,0.0,7.83,8347.82,2000,45,53.67
6,1,31,153,8347.82,0.0,6.43,8341.39,2000,45,54.4
6,1,40,320,8341.39,1569.05,7.56,9902.88,2000,45,52.34
6,1,37,234,9902.88,0.0,7.92,9894.95,2000,45,54.15
6,1,45,205,9894.95,0.0,9.55,9885.41,2000,45,58.9
6,1,49,120,9885.41,0.0,11.14,9874.26,2000,45,61.1
6,1,49,98,9874.26,0.0,10.67,9863.59,2000,45,58.78
6,1,29,101,9863.59,0.0,5.51,9858.08,2000,45,59.96
6,1,39,335,9858.08,0.0,7.61,9850.47,2000,45,59.46
6,1,32,107,9850.47,0.0,7.06,9843.41,2000,45,58.55
6,1,31,159,9843.41,0.0,7.01,9836.4,2000,45,59.92
6,1,47,126,9836.4,0.0,10.92,9825.48,2000,45,56.4
6,1,32,107,9825.48,0.0,7.62,9817.87,2000,45,52.64
6,1,35,301,9817.87,0.0,6.91,9810.96,2000,45,56.48
6,1,39,215,9810.96,0.0,9.35,9801.61,2000,45,60.51
6,1,46,101,9801.61,0.0,11.64,9789.97,2000,45,62.41
6,1,43,293,9789.97,0.0,8.96,9781.01,2000,45,65.78
6,1,48,168,9781.01,0.0,10.38,9770.64,2000,45,63.46
6,1,44,267,9770.64,0.0,8.6,9762.04,2000,45,65.21
6,1,40,348,9762.04,0.0,9.37,9752.67,2000,45,66.57
6,1,39,211,9752.67,0.0,8.27,9744.4,2000,45,63.4
6,1,30,349,9744.4,0.0,6.18,9738.22,2000,45,59.72
6,1,36,146,9738.22,0.0,7.96,9730.26,2000,45,56.62
6,1,27,319,9730.26,0.0,5.86,9724.4,2000,45,57.32
6,1,47,280,9724.4,0.0,11.08,9713.32,2000,45,56.59
6,1,36,336,9713.32,0.0,7.87,9705.45,2000,45,57.72
6,1,45,182,9705.45,0.0,10.5,9694.96,2000,45,60.21
6,1,47,320,9694.96,0.0,10.76,9684.2,2000,45,66.03
6,1,48,175,9684.2,0.0,12.0,9672.2,2000,45,67.79
6,1,36,173,9672.2,0.0,9.72,9662.47,2000,45,70.95
6,1,39,97,9662.47,0.0,9.02,9653.46,2000,45,70.31
6,1,46,295,9653.46,0.0,10.44,9643.02,2000,45,68.52
6,1,29,180,9643.02,0.0,6.08,9636.94,2000,45,63.63
6,1,25,321,9636.94,0.0,5.61,9631.32,2000,45,63.34
6,1,50,235,9631.32,0.0,10.47,9620.85,2000,45,60.31
6,1,38,116,9620.85,0.0,8.97,9611.88,2000,45,57.58
7,1,47,165,451.93,0.0,1.15,450.78,150,40,6.53
7,1,31,285,450.78,0.0,0.63,450.15,150,40,6.22
7,1,38,312,450.15,0.0,0.89,449.26,150,40,6.13
7,1,45,223,449.26,0.0,1.17,448.09,150,40,6.43
7,1,46,154,448.09,0.0,1.12,446.96,150,40,6.5
7,1,44,338,446.96,0.0,0.95,446.01,150,40,6.88
7,1,47,167,446.01,0.0,0.97,445.04,150,40,6.34
7,1,28,184,445.04,0.0,0.61,444.43,150,40,6.46
7,1,33,318,444.43,0.0,0.75,443.68,150,40,6.29
7,1,30,248,443.68,0.0,0.72,442.95,150,40,6.38
7,1,50,152,442.95,0.0,1.26,441.69,150,40,6.02
7,1,31,220,441.69,0.0,0.76,440.93,150,40,5.72
7,1,27,170,440.93,0.0,0.65,440.28,150,40,5.65
7,1,39,241,440.28,0.0,0.9,439.38,150,40,5.88
7,1,33,265,439.38,0.0,0.84,438.54,150,40,6.14
7,1,42,242,438.54,0.0,1.01,437.52,150,40,6.15
7,1,33,212,437.52,0.0,0.73,436.8,150,40,5.67
7,1,31,313,436.8,0.0,0.78,436.02,150,40,5.89
7,1,36,181,436.02,0.0,0.98,435.04,150,40,6.15
7,1,42,184,435.04,0.0,0.91,434.13,150,40,6.24
7,1,40,111,434.13,0.0,0.99,433.14,150,40,6.31
7,1,37,107,433.14,0.0,0.91,432.24,150,40,6.29
7,1,39,296,432.24,0.0,0.99,431.25,150,40,6.18
7,1,25,90,431.25,0.0,0.62,430.62,150,40,6.53
7,1,45,310,430.62,0.0,1.13,429.5,150,40,6.5
7,1,37,207,429.5,0.0,0.95,428.54,150,40,6.26
7,1,31,198,428.54,0.0,0.67,427.87,150,40,6.24
7,1,42,320,427.87,0.0,0.97,426.9,150,40,6.12
7,1,32,114,426.9,0.0,0.79,426.11,150,40,5.82
7,1,29,272,426.11,0.0,0.69,425.42,150,40,5.94
7,1,29,97,425.42,0.0,0.74,424.67,150,40,5.78
7,1,38,213,424.67,0.0,0.97,423.7,150,40,5.45
7,1,25,193,423.7,0.0,0.62,423.08,150,40,5.86
7,1,42,248,423.08,0.0,1.08,422.0,150,40,5.91
7,1,36,277,422.0,0.0,1.02,420.98,150,40,5.75
7,1,26,287,420.98,0.0,0.63,420.35,150,40,5.76
7,1,32,253,420.35,0.0,0.7,419.65,150,40,6.04
7,1,36,302,419.65,0.0,1.02,418.63,150,40,5.79
7,1,27,236,418.63,0.0,0.72,417.91,150,40,6.03
7,1,33,124,417.91,0.0,0.86,417.05,150,40,5.92
7,1,45,281,417.05,0.0,0.97,416.08,150,40,5.94
7,1,46,290,416.08,0.0,1.04,415.05,150,40,6.4
7,1,44,246,415.05,0.0,1.09,413.96,150,40,6.52
7,1,37,140,413.96,0.0,0.82,413.13,150,40,6.58
7,1,47,292,413.13,0.0,1.08,412.05,150,40,6.51
7,1,28,164,412.05,0.0,0.65,411.4,150,40,6.92
7,1,48,216,411.4,0.0,1.27,410.13,150,40,7.08
7,1,42,318,410.13,0.0,1.13,409.0,150,40,7.06
7,1,39,193,409.0,0.0,1.02,407.98,150,40,7.07
7,1,45,157,407.98,0.0,1.1,406.88,150,40,7.4
7,1,43,148,406.88,0.0,1.15,405.72,150,40,7.58
7,1,44,270,405.72,0.0,1.26,404.46,150,40,7.64
7,1,27,270,404.46,0.0,0.71,403.74,150,40,7.48
7,1,45,191,403.74,0.0,1.11,402.63,150,40,7.4
7,1,40,102,402.63,0.0,1.05,401.59,150,40,7.64
7,1,50,258,401.59,0.0,1.26,400.33,150,40,7.23
7,1,28,162,400.33,0.0,0.69,399.63,150,40,6.95
7,1,38,353,399.63,0.0,0.87,398.76,150,40,7.04
7,1,50,141,398.76,0.0,1.35,397.42,150,40,7.56
7,1,48,161,397.42,0.0,1.23,396.19,150,40,7.29
7,1,33,360,396.19,0.0,0.84,395.35,150,40,7.4
7,1,43,281,395.35,0.0,1.16,394.19,150,40,6.99
7,1,31,163,394.19,0.0,0.85,393.34,150,40,7.29
7,1,39,345,393.34,0.0,0.99,392.36,150,40,7.45
7,1,38,231,392.36,0.0,1.03,391.33,150,40,7.09
7,1,41,153,391.33,0.0,0.99,390.34,150,40,7.04
7,1,45,273,390.34,0.0,1.18,389.16,150,40,6.9
7,1,30,295,389.16,0.0,0.7,388.46,150,40,6.38
7,1,25,226,388.46,0.0,0.64,387.82,150,40,6.67
7,1,50,341,387.82,0.0,1.14,386.68,150,40,6.86
7,1,46,342,386.68,0.0,1.18,385.5,150,40,7.03
7,1,49,165,385.5,0.0,1.2,384.3,150,40,6.67
7,1,27,189,384.3,0.0,0.63,383.67,150,40,6.32
7,1,34,235,383.67,0.0,0.83,382.84,150,40,6.78
7,1,46,262,382.84,0.0,1.16,381.69,150,40,7.12
7,1,37,195,381.69,0.0,0.98,380.7,150,40,7.06
7,1,40,105,380.7,0.0,1.08,379.62,150,40,6.58
7,1,26,248,379.62,0.0,0.7,378.93,150,40,6.28
7,1,33,184,378.93,0.0,0.9,378.03,150,40,6.77
7,1,44,300,378.03,0.0,1.12,376.91,150,40,6.98
7,1,44,182,376.91,0.0,1.04,375.87,150,40,6.69
7,1,35,155,375.87,0.0,0.87,375.0,150,40,6.86
7,1,43,208,375.0,0.0,1.15,373.85,150,40,6.88
7,1,38,260,373.85,0.0,1.1,372.75,150,40,7.26
7,1,43,165,372.75,0.0,1.08,371.67,150,40,7.13
7,1,33,334,371.67,0.0,0.77,370.9,150,40,6.69
7,1,30,137,370.9,0.0,0.68,370.22,150,40,6.8
7,1,43,286,370.22,0.0,1.15,369.07,150,40,7.07
7,1,47,223,369.07,0.0,1.14,367.93,150,40,7.1
7,1,48,205,367.93,0.0,1.18,366.75,150,40,6.79
7,1,31,158,366.75,0.0,0.79,365.96,150,40,6.44
7,1,31,159,365.96,0.0,0.73,365.23,150,40,6.81
7,1,46,257,365.23,0.0,1.14,364.09,150,40,7.41
7,1,50,121,364.09,0.0,1.28,362.82,150,40,7.28
7,1,41,206,362.82,0.0,1.02,361.8,150,40,7.59
7,1,48,278,361.8,0.0,1.45,360.35,150,40,7.21
7,1,30,281,360.35,0.0,0.8,359.55,150,40,7.44
7,1,43,219,359.55,0.0,1.02,358.54,150,40,7.62
7,1,40,163,358.54,0.0,0.91,357.63,150,40,7.4
7,1,36,197,357.63,0.0,0.92,356.7,150,40,6.76
7,1,25,309,356.7,0.0,0.64,356.07,150,40,6.74
7,1,41,340,356.07,0.0,1.0,355.07,150,40,6.19
7,1,37,134,355.07,0.0,0.9,354.17,150,40,6.33
7,1,42,287,354.17,0.0,0.94,353.23,150,40,6.39
7,1,44,302,353.23,0.0,1.08,352.15,150,40,6.25
7,1,31,341,352.15,0.0,0.77,351.38,150,40,6.2
7,1,35,316,351.38,0.0,0.87,350.51,150,40,6.44
7,1,40,171,350.51,0.0,0.88,349.63,150,40,6.33
7,1,36,158,349.63,0.0,0.89,348.74,150,40,6.19
7,1,28,173,348.74,0.0,0.76,347.98,150,40,6.06
7,1,36,113,347.98,0.0,0.81,347.17,150,40,5.63
7,1,28,269,347.17,0.0,0.65,346.52,150,40,5.55
7,1,28,171,346.52,0.0,0.69,345.83,150,40,5.44
7,1,31,344,345.83,0.0,0.76,345.08,150,40,5.59
7,1,37,250,345.08,0.0,1.03,344.05,150,40,5.6
7,1,36,222,344.05,0.0,0.9,343.15,150,40,5.67
7,1,29,174,343.15,0.0,0.83,342.31,150,40,5.97
7,1,42,267,342.31,0.0,1.11,341.2,150,40,6.28
7,1,40,96,341.2,0.0,0.96,340.25,150,40,6.54
7,1,35,189,340.25,0.0,0.95,339.3,150,40,6.38
7,1,26,95,339.3,0.0,0.6,338.7,150,40,6.13
7,1,31,142,338.7,0.0,0.78,337.91,150,40,5.9
7,1,25,291,337.91,0.0,0.67,337.24,150,40,6.22
7,1,41,294,337.24,0.0,1.15,336.09,150,40,6.18
7,1,39,312,336.09,0.0,1.07,335.02,150,40,5.93
7,1,33,265,335.02,0.0,0.71,334.31,150,40,5.99
7,1,41,134,334.31,0.0,1.01,333.3,150,40,6.01
7,1,25,248,333.3,0.0,0.62,332.67,150,40,6.4
7,1,41,182,332.67,0.0,1.17,331.51,150,40,6.96
7,1,44,292,331.51,0.0,1.23,330.28,150,40,6.56
7,1,30,146,330.28,0.0,0.75,329.53,150,40,6.68
7,1,50,145,329.53,0.0,1.19,328.34,150,40,6.8
7,1,33,277,328.34,0.0,0.83,327.5,150,40,6.78
7,1,41,117,327.5,0.0,0.99,326.51,150,40,6.84
7,1,31,243,326.51,0.0,0.68,325.82,150,40,6.56
7,1,41,231,325.82,0.0,0.89,324.94,150,40,6.17
7,1,35,353,324.94,0.0,0.84,324.1,150,40,6.14
7,1,27,200,324.1,0.0,0.72,323.38,150,40,5.58
7,1,26,103,323.38,0.0,0.63,322.75,150,40,5.58
7,1,34,99,322.75,0.0,0.83,321.92,150,40,5.65
7,1,46,281,321.92,0.0,1.06,320.86,150,40,6.02
7,1,43,145,320.86,0.0,1.05,319.8,150,40,5.73
7,1,25,324,319.8,0.0,0.6,319.2,150,40,6.01
7,1,38,150,319.2,0.0,1.12,318.08,150,40,6.02
7,1,35,257,318.08,0.0,0.73,317.35,150,40,6.17
7,1,36,346,317.35,0.0,0.78,316.58,150,40,6.04
7,1,27,333,316.58,0.0,0.7,315.87,150,40,6.35
7,1,50,250,315.87,0.0,1.37,314.5,150,40,6.29
7,1,46,217,314.5,0.0,0.99,313.51,150,40,6.75
7,1,45,249,313.51,0.0,1.06,312.45,150,40,6.67
7,1,47,305,312.45,0.0,1.04,311.41,150,40,6.57
7,1,29,116,311.41,0.0,0.63,310.78,150,40,6.96
7,1,47,277,310.78,0.0,1.17,309.61,150,40,6.93
7,1,31,314,309.61,0.0,0.67,308.95,150,40,6.37
7,1,34,273,308.95,0.0,0.81,308.13,150,40,6.07
7,1,30,228,308.13,0.0,0.69,307.45,150,40,6.2
7,1,50,279,307.45,0.0,1.19,306.26,150,40,6.31
7,1,49,91,306.26,0.0,1.15,305.11,150,40,6.38
7,1,28,222,305.11,0.0,0.7,304.41,150,40,6.12
7,1,41,199,304.41,0.0,0.91,303.5,150,40,6.33
7,1,35,148,303.5,0.0,0.88,302.62,150,40,6.41
7,1,39,357,302.62,0.0,0.89,301.74,150,40,6.8
7,1,44,271,301.74,0.0,1.08,300.66,150,40,6.23
7,1,27,178,300.66,0.0,0.62,300.04,150,40,6.16
7,1,48,169,300.04,0.0,1.08,298.96,150,40,6.12
7,1,30,276,298.96,0.0,0.66,298.3,150,40,6.26
7,1,49,177,298.3,0.0,1.05,297.25,150,40,6.01
7,1,30,149,297.25,0.0,0.63,296.61,150,40,5.98
7,1,37,138,296.61,0.0,0.86,295.75,150,40,5.82
7,1,41,154,295.75,0.0,0.92,294.83,150,40,5.87
7,1,29,288,294.83,0.0,0.67,294.16,150,40,5.72
7,1,41,322,294.16,0.0,0.93,293.23,150,40,5.98
7,1,43,91,293.23,0.0,0.92,292.31,150,40,5.95
7,1,48,283,292.31,0.0,1.02,291.29,150,40,6.3
7,1,44,230,291.29,0.0,0.98,290.31,150,40,6.57
7,1,49,349,290.31,0.0,1.13,289.19,150,40,6.5
7,1,36,230,289.19,0.0,0.85,288.33,150,40,6.75
7,1,37,224,288.33,0.0,0.92,287.42,150,40,6.71
7,1,43,131,287.42,0.0,0.89,286.52,150,40,6.55
7,1,29,241,286.52,0.0,0.76,285.76,150,40,6.37
7,1,36,347,285.76,0.0,0.84,284.92,150,40,5.98
7,1,27,182,284.92,0.0,0.59,284.33,150,40,5.51
7,1,30,113,284.33,0.0,0.66,283.67,150,40,5.65
7,1,47,310,283.67,0.0,0.99,282.67,150,40,5.88
7,1,50,106,282.67,0.0,1.15,281.52,150,40,5.74
7,1,32,144,281.52,0.0,0.75,280.77,150,40,5.81
7,1,41,227,280.77,0.0,0.83,279.94,150,40,6.0
7,1,45,308,279.94,0.0,1.03,278.91,150,40,6.32
7,1,42,298,278.91,0.0,0.91,278.0,150,40,6.4
7,1,36,257,278.0,0.0,0.74,277.26,150,40,6.5
7,1,45,196,277.26,0.0,1.09,276.18,150,40,6.09
7,1,36,180,276.18,0.0,0.74,275.43,150,40,6.08
7,1,32,275,275.43,0.0,0.74,274.69,150,40,6.13
7,1,43,346,274.69,0.0,0.88,273.81,150,40,5.85
7,1,31,323,273.81,0.0,0.75,273.07,150,40,5.68
7,1,39,238,273.07,0.0,0.74,272.33,150,40,5.93
7,1,38,165,272.33,0.0,0.99,271.34,150,40,5.42
7,1,30,155,271.34,0.0,0.58,270.75,150,40,5.22
7,1,28,356,270.75,0.0,0.54,270.22,150,40,5.52
7,1,50,198,270.22,0.0,1.04,269.18,150,40,5.62
7,1,46,112,269.18,0.0,0.98,268.19,150,40,5.84
7,1,44,305,268.19,0.0,0.97,267.22,150,40,5.75
7,1,32,228,267.22,0.0,0.65,266.57,150,40,5.3
7,1,26,174,266.57,0.0,0.54,266.03,150,40,5.6
7,1,41,117,266.03,0.0,0.88,265.15,150,40,5.85
7,1,38,257,265.15,0.0,0.79,264.36,150,40,5.64
7,1,43,330,264.36,0.0,0.83,263.52,150,40,5.69
7,1,49,235,263.52,0.0,1.03,262.49,150,40,5.26
7,1,26,262,262.49,0.0,0.54,261.96,150,40,5.25
7,1,27,344,261.96,0.0,0.64,261.32,150,40,5.51
7,1,37,282,261.32,0.0,0.8,260.52,150,40,5.66
7,1,46,130,260.52,0.0,1.03,259.49,150,40,5.89
7,1,46,347,259.49,0.0,1.02,258.47,150,40,6.01
7,1,44,353,258.47,0.0,0.95,257.53,150,40,5.48
7,1,25,334,257.53,0.0,0.5,257.03,150,40,5.99
7,1,50,330,257.03,0.0,1.05,255.98,150,40,5.8
7,1,26,230,255.98,0.0,0.45,255.54,150,40,5.87
7,1,45,309,255.54,0.0,0.87,254.66,150,40,5.45
7,1,28,338,254.66,0.0,0.61,254.05,150,40,5.14
7,1,36,325,254.05,0.0,0.71,253.34,150,40,5.05
7,1,38,273,253.34,0.0,0.86,252.48,150,40,5.29
7,1,30,162,252.48,0.0,0.74,251.74,150,40,5.19
7,1,43,335,251.74,0.0,0.95,250.79,150,40,5.63
7,1,43,191,250.79,0.0,0.89,249.91,150,40,5.46
7,1,39,102,249.91,0.0,0.7,249.21,150,40,5.63
7,1,41,193,249.21,0.0,0.78,248.43,150,40,5.71
7,1,39,127,248.43,0.0,0.79,247.63,150,40,5.61
7,1,38,282,247.63,0.0,0.76,246.87,150,40,5.75
7,1,50,184,246.87,0.0,0.88,246.0,150,40,5.32
7,1,27,160,246.0,0.0,0.52,245.47,150,40,5.44
7,1,46,95,245.47,0.0,1.01,244.46,150,40,5.78
7,1,43,175,244.46,0.0,1.04,243.42,150,40,5.86
7,1,40,182,243.42,0.0,0.86,242.56,150,40,6.0
7,1,47,187,242.56,0.0,0.93,241.63,150,40,6.12
7,1,46,216,241.63,0.0,0.88,240.75,150,40,6.16
7,1,45,248,240.75,0.0,0.92,239.83,150,40,6.16
7,1,26,121,239.83,0.0,0.52,239.31,150,40,5.83
7,1,36,276,239.31,0.0,0.68,238.62,150,40,5.45
7,1,34,138,238.62,0.0,0.66,237.96,150,40,5.32
7,1,33,345,237.96,0.0,0.73,237.23,150,40,5.22
7,1,46,115,237.23,0.0,0.83,236.4,150,40,5.08
7,1,38,225,236.4,0.0,0.74,235.66,150,40,4.79
7,1,31,352,235.66,0.0,0.63,235.03,150,40,5.16
7,1,37,307,235.03,0.0,0.89,234.14,150,40,5.08
7,1,25,192,234.14,0.0,0.6,233.54,150,40,5.03
7,1,30,173,233.54,0.0,0.61,232.93,150,40,5.02
7,1,34,194,232.93,0.0,0.72,232.22,150,40,4.75
7,1,25,331,232.22,0.0,0.56,231.65,150,40,5.1
7,1,48,267,231.65,0.0,1.09,230.57,150,40,5.48
7,1,48,301,230.57,0.0,1.01,229.56,150,40,5.18
7,1,32,262,229.56,0.0,0.59,228.97,150,40,5.08
7,1,29,103,228.97,0.0,0.5,228.47,150,40,5.49
7,1,49,310,228.47,0.0,1.02,227.44,150,40,5.52
7,1,37,223,227.44,0.0,0.75,226.7,150,40,5.82
7,1,34,292,226.7,0.0,0.86,225.83,150,40,5.6
7,1,42,335,225.83,0.0,0.87,224.97,150,40,5.48
7,1,44,130,224.97,0.0,0.89,224.08,150,40,5.67
7,1,38,116,224.08,0.0,0.78,223.3,150,40,6.04
7,1,43,196,223.3,0.0,0.87,222.43,150,40,5.56
7,1,27,200,222.43,0.0,0.54,221.88,150,40,5.3
7,1,26,144,221.88,0.0,0.49,221.39,150,40,5.31
7,1,50,236,221.39,0.0,0.87,220.52,150,40,5.46
7,1,50,161,220.52,0.0,1.02,219.5,150,40,5.18
7,1,27,309,219.5,0.0,0.61,218.89,150,40,5.18
7,1,41,317,218.89,0.0,0.78,218.11,150,40,5.0
7,1,38,225,218.11,0.0,0.69,217.42,150,40,5.39
7,1,39,288,217.42,0.0,0.93,216.49,150,40,5.65
7,1,34,334,216.49,0.0,0.75,215.74,150,40,5.61
7,1,39,166,215.74,0.0,0.83,214.91,150,40,5.38
7,1,40,167,214.91,0.0,0.79,214.12,150,40,5.65
7,1,43,153,214.12,0.0,0.88,213.24,150,40,5.51
7,1,35,325,213.24,0.0,0.64,212.6,150,40,5.91
7,1,50,177,212.6,0.0,1.09,211.51,150,40,5.87
7,1,43,243,211.51,0.0,0.89,210.62,150,40,5.79
7,1,29,215,210.62,0.0,0.67,209.96,150,40,5.65
7,1,36,154,209.96,0.0,0.69,209.26,150,40,5.78
7,1,45,153,209.26,0.0,0.92,208.34,150,40,5.92
7,1,50,324,208.34,0.0,1.02,207.33,150,40,6.05
7,1,35,202,207.33,0.0,0.77,206.56,150,40,5.54
7,1,26,235,206.56,0.0,0.58,205.98,150,40,5.81
7,1,50,146,205.98,0.0,1.16,204.81,150,40,5.6
7,1,25,113,204.81,0.0,0.46,204.35,150,40,5.61
7,1,37,183,204.35,0.0,0.7,203.65,150,40,5.51
7,1,44,138,203.65,0.0,0.82,202.83,150,40,5.37
7,1,39,226,202.83,0.0,0.88,201.95,150,40,5.25
7,1,33,262,201.95,0.0,0.65,201.3,150,40,5.52
7,1,42,174,201.3,0.0,0.85,200.45,150,40,5.29
7,1,47,257,200.45,0.0,0.93,199.51,150,40,5.63
7,1,36,295,199.51,0.0,0.8,198.71,150,40,5.69
7,1,39,232,198.71,0.0,0.76,197.94,150,40,5.81
7,1,44,156,197.94,0.0,0.94,197.0,150,40,5.52
7,1,28,328,197.0,0.0,0.59,196.41,150,40,5.92
7,1,43,347,196.41,0.0,1.05,195.36,150,40,5.68
7,1,30,172,195.36,0.0,0.61,194.75,150,40,5.49
7,1,35,187,194.75,0.0,0.74,194.01,150,40,5.27
7,1,27,230,194.01,0.0,0.58,193.43,150,40,5.51
7,1,48,205,193.43,0.0,1.0,192.43,150,40,5.16
7,1,29,167,192.43,0.0,0.59,191.85,150,40,5.3
7,1,36,149,191.85,0.0,0.73,191.12,150,40,5.15
7,1,49,157,191.12,0.0,0.9,190.22,150,40,5.55
7,1,48,105,190.22,0.0,1.01,189.2,150,40,5.73
7,1,45,252,189.2,0.0,0.92,188.29,150,40,6.17
7,1,46,244,188.29,0.0,1.02,187.26,150,40,5.97
7,1,50,126,187.26,0.0,0.8,186.46,150,40,6.4
7,1,46,200,186.46,0.0,1.02,185.44,150,40,6.24
7,1,29,142,185.44,0.0,0.57,184.87,150,40,6.27
7,1,47,338,184.87,0.0,0.93,183.93,150,40,5.9
7,1,30,252,183.93,0.0,0.64,183.29,150,40,5.92
7,1,45,291,183.29,0.0,0.94,182.35,150,40,5.75
7,1,40,340,182.35,0.0,0.85,181.51,150,40,5.98
7,1,48,331,181.51,0.0,1.03,180.48,150,40,5.71
7,1,36,290,180.48,0.0,0.75,179.73,150,40,5.81
7,1,32,172,179.73,384.38,0.67,563.44,150,40,5.7
7,1,34,291,563.44,0.0,0.82,562.62,150,40,5.64
7,1,26,298,562.62,0.0,0.58,562.04,150,40,5.55
7,1,44,297,562.04,0.0,0.85,561.18,150,40,5.62
7,1,41,259,561.18,0.0,0.92,560.26,150,40,5.49
7,1,47,357,560.26,0.0,0.9,559.36,150,40,5.34
7,1,31,194,559.36,0.0,0.6,558.76,150,40,5.31
7,1,34,107,558.76,0.0,0.64,558.12,150,40,5.55
7,1,50,283,558.12,0.0,1.06,557.06,150,40,6.02
7,1,47,278,557.06,0.0,1.05,556.01,150,40,5.72
7,1,26,287,556.01,0.0,0.55,555.46,150,40,5.91
7,1,48,125,555.46,0.0,1.11,554.36,150,40,6.23
7,1,48,306,554.36,0.0,1.22,553.14,150,40,6.35
7,1,33,213,553.14,0.0,0.72,552.42,150,40,6.66
7,1,47,184,552.42,0.0,0.95,551.48,150,40,6.2
7,1,27,320,551.48,181.03,0.6,731.9,150,40,5.91
7,1,36,266,731.9,0.0,0.76,731.15,150,40,6.22
7,1,39,102,731.15,0.0,0.86,730.29,150,40,5.8
7,1,29,348,730.29,0.0,0.69,729.6,150,40,5.29
7,1,35,203,729.6,0.0,0.71,728.89,150,40,5.47
7,1,43,195,728.89,0.0,0.9,727.99,150,40,5.17
7,1,30,239,727.99,0.0,0.65,727.34,150,40,5.48
7,1,40,190,727.34,0.0,0.91,726.43,150,40,5.67
7,1,36,252,726.43,0.0,0.95,725.48,150,40,5.7
7,1,35,136,725.48,0.0,0.89,724.59,150,40,6.07
7,1,44,137,724.59,0.0,1.06,723.54,150,40,6.11
7,1,36,158,723.54,0.0,0.75,722.78,150,40,5.82
7,1,26,176,722.78,0.0,0.61,722.17,150,40,5.92
7,1,33,187,722.17,0.0,0.75,721.42,150,40,5.97
7,1,40,99,721.42,0.0,0.96,720.46,150,40,5.97
7,1,42,270,720.46,0.0,0.95,719.51,150,40,5.66
7,1,28,117,719.51,0.0,0.58,718.93,150,40,5.62
7,1,46,278,718.93,0.0,1.02,717.91,150,40,5.56
7,1,28,158,717.91,0.0,0.69,717.22,150,40,5.99
7,1,49,119,717.22,0.0,1.04,716.18,150,40,6.05
7,1,44,352,716.18,0.0,0.81,715.36,150,40,5.79
7,1,30,119,715.36,0.0,0.7,714.67,150,40,5.65
7,1,36,219,714.67,0.0,0.81,713.85,150,40,6.0
7,1,41,179,713.85,0.0,0.93,712.92,150,40,5.86
7,1,45,295,712.92,0.0,0.88,712.04,150,40,6.05
7,1,39,180,712.04,0.0,0.88,711.16,150,40,5.8
7,1,34,291,711.16,0.0,0.79,710.37,150,40,5.64
7,1,29,310,710.37,0.0,0.65,709.72,150,40,5.66
7,1,27,118,709.72,0.0,0.72,709.0,150,40,5.69
7,1,35,134,709.0,0.0,0.84,708.16,150,40,5.85
7,1,47,95,708.16,0.0,1.09,707.07,150,40,5.63
7,1,27,202,707.07,219.96,0.66,926.37,150,40,5.42
7,1,29,252,926.37,0.0,0.67,925.7,150,40,5.83
7,1,48,296,925.7,0.0,1.2,924.5,150,40,6.43
7,1,49,322,924.5,0.0,1.25,923.25,150,40,6.61
7,1,38,305,923.25,0.0,0.9,922.35,150,40,6.4
7,1,28,252,922.35,0.0,0.63,921.72,150,40,6.34
7,1,43,137,921.72,0.0,1.03,920.7,150,40,6.46
7,1,37,326,920.7,0.0,0.78,919.92,150,40,6.81
7,1,45,244,919.92,0.0,1.02,918.9,150,40,6.5
7,1,39,131,918.9,0.0,0.89,918.01,150,40,6.01
7,1,31,139,918.01,0.0,0.76,917.25,150,40,6.28
7,1,49,294,917.25,0.0,1.17,916.08,150,40,6.81
7,1,48,188,916.08,0.0,1.16,914.92,150,40,6.73
7,1,47,289,914.92,0.0,0.95,913.96,150,40,6.59
7,1,28,208,913.96,0.0,0.64,913.32,150,40,6.14
7,1,25,186,913.32,0.0,0.57,912.75,150,40,6.04
7,1,36,278,912.75,0.0,0.79,911.96,150,40,6.04
7,1,32,92,911.96,0.0,0.76,911.2,150,40,5.46
7,1,26,106,911.2,0.0,0.59,910.61,150,40,4.86
7,1,25,269,910.61,0.0,0.56,910.05,150,40,4.51
7,1,27,110,910.05,0.0,0.6,909.45,150,40,4.61
7,1,28,123,909.45,0.0,0.74,908.7,150,40,5.15
7,1,42,168,908.7,0.0,1.11,907.59,150,40,5.04
7,1,28,196,907.59,0.0,0.68,906.91,150,40,5.15
7,1,40,118,906.91,0.0,0.87,906.04,150,40,5.61
7,1,45,318,906.04,0.0,1.05,904.99,150,40,6.14
7,1,44,164,904.99,0.0,1.09,903.9,150,40,6.75
7,1,47,329,903.9,0.0,1.21,902.69,150,40,7.01
7,1,39,351,902.69,0.0,1.0,901.7,150,40,7.03
7,1,47,220,901.7,0.0,1.13,900.57,150,40,7.21
7,1,33,103,900.57,0.0,0.86,899.71,150,40,6.95
7,1,25,249,899.71,0.0,0.61,899.1,150,40,6.85
7,1,38,166,899.1,0.0,0.95,898.15,150,40,6.56
7,1,31,272,898.15,0.0,0.8,897.35,150,40,6.5
7,1,48,154,897.35,0.0,1.15,896.2,150,40,6.31
7,1,36,124,896.2,0.0,0.81,895.4,150,40,6.05
7,1,36,145,895.4,0.0,0.87,894.53,150,40,6.18
7,1,41,269,894.53,132.1,0.99,1025.64,150,40,6.68
7,1,49,338,1025.64,0.0,1.11,1024.53,150,40,6.54
7,1,39,249,1024.53,0.0,0.81,1023.72,150,40,6.81
7,1,40,172,1023.72,0.0,1.07,1022.65,150,40,6.59
7,1,39,327,1022.65,0.0,0.93,1021.72,150,40,6.51
7,1,29,103,1021.72,0.0,0.73,1020.99,150,40,6.43
7,1,30,252,1020.99,0.0,0.79,1020.2,150,40,6.15
7,1,28,148,1020.2,0.0,0.71,1019.49,150,40,6.06
7,1,43,105,1019.49,0.0,1.02,1018.47,150,40,6.05
7,1,32,103,1018.47,0.0,0.8,1017.67,150,40,6.02
7,1,42,171,1017.67,0.0,1.04,1016.63,150,40,5.68
7,1,25,212,1016.63,0.0,0.59,1016.04,150,40,5.73
7,1,30,178,1016.04,0.0,0.78,1015.26,150,40,5.59
7,1,26,113,1015.26,0.0,0.65,1014.62,150,40,5.99
7,1,47,267,1014.62,0.0,1.11,1013.51,150,40,5.76
7,1,29,182,1013.51,0.0,0.79,1012.72,150,40,5.58
7,1,25,90,1012.72,0.0,0.62,1012.1,150,40,5.39
7,1,36,347,1012.1,0.0,0.85,1011.25,150,40,5.76
7,1,35,296,1011.25,0.0,0.96,1010.29,150,40,5.92
7,1,42,98,1010.29,0.0,0.94,1009.35,150,40,6.28
7,1,37,277,1009.35,0.0,1.01,1008.35,150,40,6.02
7,1,36,206,1008.35,0.0,0.85,1007.5,150,40,6.03
7,1,31,291,1007.5,0.0,0.8,1006.69,150,40,6.53
7,1,39,151,1006.69,0.0,1.12,1005.57,150,40,6.62
7,1,43,268,1005.57,0.0,0.94,1004.63,150,40,6.55
7,1,36,258,1004.63,0.0,0.89,1003.75,150,40,6.74
7,1,49,306,1003.75,0.0,1.13,1002.62,150,40,6.46
7,1,33,98,1002.62,0.0,0.73,1001.89,150,40,6.24
7,1,26,274,1001.89,0.0,0.63,1001.26,150,40,6.23
7,1,34,190,1001.26,0.0,0.79,1000.47,150,40,5.99
7,1,35,158,1000.47,0.0,0.88,999.6,150,40,5.94
7,1,32,150,999.6,0.0,0.89,998.7,150,40,5.85
7,1,33,353,998.7,0.0,0.8,997.9,150,40,5.9
7,1,46,332,997.9,0.0,1.18,996.72,150,40,6.24
7,1,45,318,996.72,0.0,1.07,995.65,150,40,6.56
7,1,34,341,995.65,0.0,0.95,994.71,150,40,6.53
7,1,28,342,994.71,0.0,0.76,993.95,150,40,6.49
7,1,34,290,993.95,0.0,0.84,993.11,150,40,6.26
7,1,27,258,993.11,0.0,0.66,992.45,150,40,6.71
7,1,48,207,992.45,0.0,1.25,991.21,150,40,6.55
7,1,37,245,991.21,0.0,1.02,990.18,150,40,6.58
7,1,42,138,990.18,0.0,1.1,989.08,150,40,6.63
7,1,39,242,989.08,0.0,1.0,988.08,150,40,6.5
7,1,29,234,988.08,0.0,0.63,987.45,150,40,6.3
7,1,26,218,987.45,0.0,0.64,986.81,150,40,6.36
7,1,28,161,986.81,0.0,0.72,986.09,150,40,6.14
7,1,47,194,986.09,0.0,1.03,985.06,150,40,6.26
7,1,44,246,985.06,0.0,1.14,983.92,150,40,6.48
7,1,48,252,983.92,0.0,1.32,982.59,150,40,6.41
7,1,41,159,982.59,0.0,0.93,981.66,150,40,6.74
7,1,36,150,981.66,0.0,0.96,980.7,150,40,6.83
7,1,33,156,980.7,0.0,0.73,979.97,150,40,6.69
7,1,25,269,979.97,0.0,0.58,979.39,150,40,6.46
7,1,30,267,979.39,0.0,0.8,978.59,150,40,6.6
7,1,48,197,978.59,0.0,1.28,977.31,150,40,6.09
7,1,37,299,977.31,0.0,0.81,976.5,150,40,5.89
7,1,28,215,976.5,0.0,0.73,975.77,150,40,5.68
7,1,32,199,975.77,0.0,0.75,975.02,150,40,6.17
7,1,44,276,975.02,0.0,1.22,973.8,150,40,6.58
7,1,39,309,973.8,0.0,0.99,972.81,150,40,6.88
7,1,38,310,972.81,0.0,1.1,971.71,150,40,6.64
7,1,41,102,971.71,0.0,1.04,970.67,150,40,6.47
7,1,28,153,970.67,0.0,0.64,970.03,150,40,6.47
7,1,28,153,970.03,0.0,0.73,969.3,150,40,6.97
7,1,47,277,969.3,0.0,1.25,968.05,150,40,6.83
7,1,40,165,968.05,0.0,1.08,966.97,150,40,6.85
7,1,37,113,966.97,0.0,1.01,965.96,150,40,6.75
7,1,41,146,965.96,0.0,1.0,964.96,150,40,6.7
7,1,42,142,964.96,0.0,0.99,963.98,150,40,6.79
7,1,30,329,963.98,0.0,0.73,963.24,150,40,7.12
7,1,42,161,963.24,0.0,1.06,962.19,150,40,6.65
7,1,28,292,962.19,0.0,0.78,961.41,150,40,6.67
7,1,44,356,961.41,0.0,1.1,960.31,150,40,6.56
7,1,35,289,960.31,0.0,0.9,959.4,150,40,6.59
7,1,48,142,959.4,0.0,1.03,958.37,150,40,6.54
7,1,38,141,958.37,0.0,0.94,957.43,150,40,6.67
7,1,36,228,957.43,0.0,0.86,956.58,150,40,6.34
7,1,32,163,956.58,0.0,0.73,955.85,150,40,6.7
7,1,47,356,955.85,0.0,1.14,954.71,150,40,6.84
7,1,43,102,954.71,0.0,1.24,953.47,150,40,6.65
7,1,30,109,953.47,0.0,0.71,952.77,150,40,6.51
7,1,42,306,952.77,0.0,0.89,951.88,150,40,6.42
7,1,36,96,951.88,0.0,0.85,951.03,150,40,6.41
7,1,37,214,951.03,0.0,0.85,950.18,150,40,6.38
7,1,27,304,950.18,0.0,0.7,949.48,150,40,6.23
7,1,37,120,949.48,0.0,0.99,948.49,150,40,5.73
7,1,27,326,948.49,0.0,0.74,947.75,150,40,5.79
7,1,32,197,947.75,0.0,0.77,946.98,150,40,5.86
7,1,37,194,946.98,0.0,0.96,946.01,150,40,6.24
7,1,45,109,946.01,0.0,1.23,944.79,150,40,6.09
7,1,28,123,944.79,0.0,0.7,944.09,150,40,6.25
7,1,35,97,944.09,0.0,0.86,943.23,150,40,5.86
7,1,25,255,943.23,0.0,0.6,942.63,150,40,5.78
7,1,27,159,942.63,0.0,0.66,941.97,150,40,5.74
7,1,30,140,941.97,0.0,0.73,941.25,150,40,6.01
7,1,49,252,941.25,0.0,1.23,940.02,150,40,5.78
7,1,44,167,940.02,0.0,1.0,939.01,150,40,5.98
7,1,32,325,939.01,0.0,0.9,938.12,150,40,6.14
7,1,47,116,938.12,0.0,1.02,937.09,150,40,6.39
7,1,36,96,937.09,0.0,0.85,936.24,150,40,6.65
7,1,39,204,936.24,0.0,0.92,935.32,150,40,6.77
7,1,31,92,935.32,0.0,0.85,934.47,150,40,6.3
7,1,32,137,934.47,0.0,0.76,933.71,150,40,6.52
7,1,49,190,933.71,0.0,1.22,932.49,150,40,6.94
7,1,49,328,932.49,0.0,1.32,931.17,150,40,6.69
7,1,28,196,931.17,0.0,0.77,930.4,150,40,6.96
7,1,48,147,930.4,0.0,1.12,929.28,150,40,6.83
7,1,30,264,929.28,0.0,0.79,928.49,150,40,6.94
7,1,36,243,928.49,0.0,0.96,927.53,150,40,7.18
7,1,46,145,927.53,0.0,1.0,926.52,150,40,6.85
7,1,41,127,926.52,0.0,0.89,925.63,150,40,6.36
7,1,34,357,925.63,188.35,0.83,1113.15,150,40,6.69
7,1,40,317,1113.15,0.0,1.1,1112.05,150,40,6.4
7,1,38,309,1112.05,0.0,0.83,1111.22,150,40,6.25
7,1,28,349,1111.22,0.0,0.64,1110.58,150,40,6.23
7,1,37,191,1110.58,0.0,0.94,1109.64,150,40,5.91
7,1,28,201,1109.64,221.76,0.68,1330.73,150,40,5.89
7,1,34,244,1330.73,0.0,0.87,1329.86,150,40,5.66
7,1,26,187,1329.86,0.0,0.6,1329.26,150,40,5.79
7,1,49,109,1329.26,0.0,1.23,1328.03,150,40,5.82
7,1,37,207,1328.03,0.0,0.86,1327.17,150,40,5.88
7,1,33,152,1327.17,0.0,0.7,1326.47,150,40,5.82
7,1,37,227,1326.47,0.0,0.88,1325.59,150,40,5.93
7,1,36,317,1325.59,0.0,0.79,1324.8,150,40,5.94
7,1,39,312,1324.8,0.0,0.88,1323.92,150,40,6.49
7,1,50,216,1323.92,0.0,1.15,1322.76,150,40,6.02
7,1,30,321,1322.76,0.0,0.76,1322.01,150,40,5.86
7,1,33,345,1322.01,0.0,0.7,1321.3,150,40,5.96
7,1,35,211,1321.3,0.0,0.8,1320.5,150,40,5.67
7,1,27,178,1320.5,0.0,0.59,1319.92,150,40,5.95
7,1,45,96,1319.92,0.0,1.07,1318.85,150,40,6.22
7,1,46,247,1318.85,0.0,1.15,1317.7,150,40,6.19
7,1,47,212,1317.7,0.0,1.12,1316.58,150,40,6.32
7,1,40,350,1316.58,0.0,0.89,1315.69,150,40,6.72
7,1,49,95,1315.69,0.0,1.1,1314.59,150,40,7.0
7,1,43,293,1314.59,0.0,1.08,1313.51,150,40,6.97
7,1,26,202,1313.51,0.0,0.56,1312.95,150,40,6.76
7,1,43,255,1312.95,0.0,0.86,1312.08,150,40,6.58
7,1,37,334,1312.08,0.0,0.97,1311.11,150,40,6.33
7,1,43,171,1311.11,0.0,0.87,1310.24,150,40,6.15
7,1,32,133,1310.24,0.0,0.71,1309.53,150,40,5.84
7,1,38,151,1309.53,0.0,0.79,1308.74,150,40,5.33
7,1,25,354,1308.74,0.0,0.57,1308.16,150,40,5.43
7,1,27,166,1308.16,0.0,0.66,1307.5,150,40,5.74
7,1,49,96,1307.5,0.0,1.17,1306.34,150,40,5.5
7,1,34,322,1306.34,0.0,0.73,1305.61,150,40,5.52
7,1,48,184,1305.61,0.0,0.89,1304.71,150,40,5.9
7,1,47,348,1304.71,0.0,1.09,1303.62,150,40,5.76
7,1,27,319,1303.62,0.0,0.65,1302.97,150,40,6.09
7,1,37,194,1302.97,0.0,0.9,1302.06,150,40,6.63
7,1,46,157,1302.06,0.0,1.2,1300.87,150,40,6.45
7,1,42,184,1300.87,0.0,0.99,1299.88,150,40,6.33
7,1,28,172,1299.88,0.0,0.61,1299.27,150,40,6.42
7,1,42,164,1299.27,0.0,0.98,1298.3,150,40,6.64
7,1,50,95,1298.3,0.0,1.31,1296.99,150,40,6.82
7,1,36,192,1296.99,0.0,0.83,1296.16,150,40,6.76
7,1,37,153,1296.16,0.0,0.84,1295.31,150,40,6.64
7,1,47,104,1295.31,0.0,1.08,1294.23,150,40,6.51
7,1,44,316,1294.23,0.0,0.86,1293.37,150,40,6.92
7,1,46,351,1293.37,0.0,1.02,1292.35,150,40,6.89
7,1,39,276,1292.35,0.0,0.95,1291.4,150,40,6.37
7,1,36,204,1291.4,0.0,0.79,1290.6,150,40,6.58
7,1,45,153,1290.6,0.0,1.04,1289.56,150,40,7.03
7,1,49,230,1289.56,0.0,1.29,1288.27,150,40,7.07
7,1,50,182,1288.27,0.0,1.12,1287.15,150,40,6.94
7,1,37,274,1287.15,0.0,0.73,1286.42,150,40,6.62
7,1,33,225,1286.42,0.0,0.7,1285.72,150,40,6.32
7,1,29,91,1285.72,0.0,0.65,1285.07,150,40,6.46
7,1,39,94,1285.07,0.0,0.93,1284.14,150,40,6.5
7,1,48,315,1284.14,0.0,1.08,1283.06,150,40,6.21
7,1,44,230,1283.06,0.0,1.0,1282.06,150,40,5.97
7,1,36,168,1282.06,0.0,0.88,1281.18,150,40,6.11
7,1,40,321,1281.18,0.0,0.87,1280.3,150,40,6.23
7,1,42,249,1280.3,0.0,0.82,1279.48,150,40,6.24
7,1,33,322,1279.48,0.0,0.66,1278.82,150,40,5.92
7,1,31,107,1278.82,0.0,0.61,1278.21,150,40,5.63
7,1,39,146,1278.21,0.0,0.79,1277.41,150,40,5.4
7,1,38,291,1277.41,0.0,0.77,1276.64,150,40,5.13
7,1,25,222,1276.64,0.0,0.61,1276.03,150,40,5.29
7,1,46,226,1276.03,0.0,1.03,1275.0,150,40,5.09
7,1,27,281,1275.0,0.0,0.62,1274.38,150,40,5.17
7,1,34,131,1274.38,0.0,0.74,1273.64,150,40,5.24
7,1,28,218,1273.64,0.0,0.68,1272.96,150,40,5.22
7,1,36,167,1272.96,0.0,0.77,1272.19,150,40,5.28
7,1,48,301,1272.19,0.0,0.83,1271.35,150,40,5.4
7,1,32,199,1271.35,0.0,0.73,1270.62,150,40,5.23
7,1,40,352,1270.62,0.0,0.86,1269.75,150,40,5.59
7,1,50,91,1269.75,0.0,0.98,1268.77,150,40,5.68
7,1,35,110,1268.77,0.0,0.83,1267.94,150,40,5.49
7,1,26,186,1267.94,0.0,0.49,1267.45,150,40,5.72
7,1,48,135,1267.45,0.0,1.0,1266.45,150,40,5.88
7,1,42,153,1266.45,0.0,0.99,1265.46,150,40,6.01
7,1,40,108,1265.46,0.0,0.86,1264.6,150,40,5.74
7,1,29,150,1264.6,164.52,0.59,1428.53,150,40,5.29
7,1,26,90,1428.53,0.0,0.53,1428.0,150,40,5.48
7,1,44,110,1428.0,0.0,1.02,1426.98,150,40,5.98
7,1,41,248,1426.98,0.0,0.99,1425.99,150,40,5.7
7,1,33,116,1425.99,0.0,0.72,1425.27,150,40,5.42
7,1,35,125,1425.27,0.0,0.71,1424.57,150,40,5.6
7,1,50,305,1424.57,0.0,1.04,1423.53,150,40,5.85
7,1,42,210,1423.53,0.0,0.84,1422.69,150,40,6.27
7,1,50,101,1422.69,0.0,0.95,1421.74,150,40,5.74
7,1,27,300,1421.74,0.0,0.49,1421.25,150,40,5.24
7,1,29,154,1421.25,0.0,0.49,1420.76,150,40,5.18
7,1,31,171,1420.76,0.0,0.66,1420.11,150,40,5.22
7,1,38,225,1420.11,0.0,0.75,1419.36,150,40,4.98
7,1,38,119,1419.36,0.0,0.8,1418.56,150,40,4.77
7,1,30,274,1418.56,0.0,0.63,1417.93,150,40,4.74
7,1,46,314,1417.93,0.0,0.92,1417.01,150,40,4.97
7,1,35,132,1417.01,0.0,0.72,1416.29,150,40,5.37
7,1,44,257,1416.29,0.0,0.89,1415.4,150,40,5.41
7,1,33,173,1415.4,0.0,0.7,1414.7,150,40,5.33
7,1,30,159,1414.7,0.0,0.67,1414.03,150,40,5.36
7,1,36,168,1414.03,0.0,0.83,1413.2,150,40,5.44
7,1,34,221,1413.2,0.0,0.71,1412.49,150,40,5.22
7,1,34,261,1412.49,0.0,0.7,1411.79,150,40,5.27
7,1,40,168,1411.79,0.0,0.77,1411.02,150,40,5.05
7,1,29,148,1411.02,0.0,0.67,1410.35,150,40,5.4
7,1,44,241,1410.35,0.0,1.05,1409.3,150,40,5.61
7,1,40,303,1409.3,0.0,0.88,1408.42,150,40,5.52
7,1,36,342,1408.42,0.0,0.74,1407.68,150,40,5.54
7,1,34,134,1407.68,0.0,0.73,1406.96,150,40,5.78
7,1,48,348,1406.96,0.0,0.94,1406.02,150,40,5.59
7,1,30,311,1406.02,0.0,0.58,1405.44,150,40,5.53
7,1,28,192,1405.44,0.0,0.61,1404.83,150,40,5.11
7,1,30,289,1404.83,0.0,0.63,1404.19,150,40,5.01
7,1,35,277,1404.19,0.0,0.78,1403.41,150,40,4.92
7,1,31,162,1403.41,0.0,0.65,1402.76,150,40,4.86
7,1,32,209,1402.76,0.0,0.67,1402.09,150,40,4.42
7,1,26,336,1402.09,0.0,0.5,1401.59,150,40,4.82
7,1,50,252,1401.59,0.0,0.98,1400.61,150,40,4.92
7,1,32,249,1400.61,0.0,0.71,1399.9,150,40,4.84
7,1,28,136,1399.9,0.0,0.55,1399.36,150,40,4.72
7,1,36,248,1399.36,0.0,0.66,1398.7,150,40,4.67
7,1,28,318,1398.7,0.0,0.6,1398.1,150,40,4.86
7,1,46,190,1398.1,0.0,0.86,1397.24,150,40,5.16
7,1,38,125,1397.24,0.0,0.8,1396.44,150,40,5.07
7,1,39,216,1396.44,0.0,0.89,1395.54,150,40,5.11
7,1,40,210,1395.54,0.0,0.75,1394.79,150,40,5.52
7,1,46,261,1394.79,0.0,0.96,1393.83,150,40,5.51
7,1,33,219,1393.83,0.0,0.65,1393.18,150,40,5.7
7,1,41,148,1393.18,0.0,0.79,1392.39,150,40,5.86
7,1,44,348,1392.39,0.0,1.02,1391.37,150,40,5.68
7,1,30,346,1391.37,0.0,0.62,1390.75,150,40,5.73
7,1,41,340,1390.75,0.0,0.94,1389.81,150,40,5.9
7,1,41,277,1389.81,0.0,0.92,1388.89,150,40,5.7
7,1,38,216,1388.89,0.0,0.76,1388.12,150,40,5.81
7,1,36,349,1388.12,0.0,0.76,1387.37,150,40,5.77
7,1,38,215,1387.37,0.0,0.75,1386.62,150,40,5.93
7,1,47,266,1386.62,0.0,1.18,1385.45,150,40,6.04
7,1,30,229,1385.45,0.0,0.73,1384.71,150,40,5.86
7,1,35,102,1384.71,0.0,0.76,1383.95,150,40,5.56
7,1,33,357,1383.95,0.0,0.62,1383.33,150,40,5.66
7,1,42,144,1383.33,0.0,0.86,1382.47,150,40,5.5
7,1,30,210,1382.47,0.0,0.6,1381.87,150,40,5.53
7,1,40,155,1381.87,0.0,0.78,1381.09,150,40,4.96
7,1,28,334,1381.09,0.0,0.61,1380.48,150,40,4.87
7,1,39,338,1380.48,0.0,0.64,1379.84,150,40,4.67
7,1,27,230,1379.84,0.0,0.56,1379.27,150,40,4.94
7,1,38,265,1379.27,0.0,0.89,1378.39,150,40,4.66
7,1,29,288,1378.39,0.0,0.58,1377.81,150,40,4.95
7,1,44,232,1377.81,0.0,0.89,1376.91,150,40,4.95
7,1,41,125,1376.91,0.0,0.78,1376.13,150,40,4.85
7,1,31,344,1376.13,0.0,0.51,1375.63,150,40,4.95
7,1,32,184,1375.63,0.0,0.74,1374.88,150,40,5.04
7,1,30,184,1374.88,0.0,0.65,1374.24,150,40,4.8
7,1,30,278,1374.24,0.0,0.65,1373.59,150,40,5.06
7,1,40,280,1373.59,0.0,0.84,1372.75,150,40,5.09
7,1,45,204,1372.75,0.0,0.92,1371.82,150,40,5.33
7,1,49,175,1371.82,0.0,1.02,1370.8,150,40,5.64
7,1,40,238,1370.8,0.0,0.82,1369.99,150,40,5.71
7,1,35,221,1369.99,0.0,0.81,1369.18,150,40,5.6
7,1,26,183,1369.18,0.0,0.54,1368.64,150,40,5.99
7,1,50,209,1368.64,0.0,1.04,1367.6,150,40,6.26
7,1,46,283,1367.6,0.0,1.11,1366.49,150,40,6.11
7,1,37,269,1366.49,0.0,0.77,1365.72,150,40,5.84
7,1,34,312,1365.72,0.0,0.75,1364.97,150,40,5.83
7,1,36,235,1364.97,0.0,0.81,1364.16,150,40,5.76
7,1,34,360,1364.16,0.0,0.74,1363.42,150,40,5.8
7,1,28,249,1363.42,0.0,0.58,1362.85,150,40,5.54
7,1,37,100,1362.85,0.0,0.78,1362.07,150,40,5.29
7,1,35,158,1362.07,0.0,0.86,1361.21,150,40,5.75
7,1,50,297,1361.21,0.0,1.23,1359.97,150,40,5.64
7,1,30,227,1359.97,0.0,0.64,1359.33,150,40,5.67
7,1,39,285,1359.33,0.0,0.84,1358.5,150,40,5.75
7,1,38,347,1358.5,0.0,0.82,1357.68,150,40,5.88
7,1,33,179,1357.68,0.0,0.71,1356.97,150,40,5.7
7,1,26,321,1356.97,0.0,0.6,1356.37,150,40,5.68
7,1,36,98,1356.37,0.0,0.84,1355.53,150,40,5.48
7,1,47,162,1355.53,0.0,1.03,1354.5,150,40,5.56
7,1,36,341,1354.5,0.0,0.72,1353.77,150,40,5.32
7,1,27,280,1353.77,0.0,0.6,1353.18,150,40,5.4
7,1,40,299,1353.18,0.0,0.9,1352.28,150,40,5.53
7,1,37,99,1352.28,0.0,0.84,1351.44,150,40,5.61
7,1,31,153,1351.44,0.0,0.68,1350.76,150,40,5.58
7,1,40,320,1350.76,0.0,0.81,1349.95,150,40,5.39
7,1,37,234,1349.95,0.0,0.84,1349.11,150,40,5.5
7,1,45,205,1349.11,0.0,0.83,1348.28,150,40,5.9
7,1,49,120,1348.28,0.0,1.0,1347.28,150,40,6.02
7,1,49,98,1347.28,0.0,1.02,1346.26,150,40,5.81
7,1,29,101,1346.26,0.0,0.63,1345.63,150,40,5.98
7,1,39,335,1345.63,0.0,0.85,1344.78,150,40,5.89
7,1,32,107,1344.78,0.0,0.72,1344.06,150,40,5.71
7,1,31,159,1344.06,0.0,0.66,1343.39,150,40,6.02
7,1,47,126,1343.39,0.0,1.14,1342.26,150,40,5.7
7,1,32,107,1342.26,0.0,0.68,1341.57,150,40,5.39
7,1,35,301,1341.57,0.0,0.71,1340.86,150,40,5.54
7,1,39,215,1340.86,0.0,0.78,1340.08,150,40,5.79
7,1,46,101,1340.08,0.0,1.1,1338.98,150,40,5.9
7,1,43,293,1338.98,0.0,0.83,1338.15,150,40,6.25
7,1,48,168,1338.15,0.0,1.01,1337.15,150,40,6.02
7,1,44,267,1337.15,0.0,0.91,1336.24,150,40,6.23
7,1,40,348,1336.24,0.0,0.89,1335.35,150,40,6.54
7,1,39,211,1335.35,0.0,1.02,1334.33,150,40,6.51
7,1,30,349,1334.33,0.0,0.75,1333.58,150,40,6.26
7,1,36,146,1333.58,0.0,0.85,1332.73,150,40,6.0
7,1,27,319,1332.73,0.0,0.57,1332.15,150,40,6.01
7,1,47,280,1332.15,0.0,1.02,1331.13,150,40,5.81
7,1,36,336,1331.13,0.0,0.71,1330.42,150,40,5.93
7,1,45,182,1330.42,0.0,1.01,1329.41,150,40,6.1
7,1,47,320,1329.41,0.0,1.19,1328.22,150,40,6.29
7,1,48,175,1328.22,0.0,0.94,1327.28,150,40,6.2
7,1,36,173,1327.28,0.0,0.76,1326.52,150,40,6.54
7,1,39,97,1326.52,0.0,0.91,1325.61,150,40,6.66
7,1,46,295,1325.61,0.0,1.14,1324.47,150,40,6.52
7,1,29,180,1324.47,0.0,0.57,1323.9,150,40,6.06
7,1,25,321,1323.9,0.0,0.55,1323.35,150,40,6.01
7,1,50,235,1323.35,0.0,1.14,1322.21,150,40,5.9
7,1,38,116,1322.21,0.0,0.83,1321.37,150,40,5.89
5,1,47,165,94.16,0.0,0.11,94.05,40,20,0.63
5,1,31,285,94.05,0.0,0.08,93.96,40,20,0.6
5,1,38,312,93.96,0.0,0.08,93.89,40,20,0.58
5,1,45,223,93.89,0.0,0.1,93.79,40,20,0.63
5,1,46,154,93.79,0.0,0.12,93.66,40,20,0.64
5,1,44,338,93.66,0.0,0.1,93.56,40,20,0.69
5,1,47,167,93.56,0.0,0.1,93.46,40,20,0.66
5,1,28,184,93.46,0.0,0.08,93.38,40,20,0.65
5,1,33,318,93.38,0.0,0.07,93.3,40,20,0.64
5,1,30,248,93.3,0.0,0.07,93.24,40,20,0.66
5,1,50,152,93.24,0.0,0.12,93.11,40,20,0.61
5,1,31,220,93.11,0.0,0.07,93.05,40,20,0.58
5,1,27,170,93.05,0.0,0.07,92.98,40,20,0.58
5,1,39,241,92.98,0.0,0.1,92.88,40,20,0.59
5,1,33,265,92.88,0.0,0.09,92.79,40,20,0.61
5,1,42,242,92.79,0.0,0.09,92.71,40,20,0.62
5,1,33,212,92.71,0.0,0.08,92.63,40,20,0.57
5,1,31,313,92.63,0.0,0.07,92.56,40,20,0.59
5,1,36,181,92.56,0.0,0.09,92.46,40,20,0.61
5,1,42,184,92.46,0.0,0.09,92.37,40,20,0.6
5,1,40,111,92.37,0.0,0.09,92.28,40,20,0.61
5,1,37,107,92.28,0.0,0.1,92.18,40,20,0.61
5,1,39,296,92.18,0.0,0.09,92.1,40,20,0.59
5,1,25,90,92.1,0.0,0.06,92.03,40,20,0.63
5,1,45,310,92.03,0.0,0.11,91.92,40,20,0.63
5,1,37,207,91.92,0.0,0.09,91.83,40,20,0.62
5,1,31,198,91.83,0.0,0.08,91.76,40,20,0.62
5,1,42,320,91.76,0.0,0.09,91.67,40,20,0.6
5,1,32,114,91.67,0.0,0.08,91.59,40,20,0.58
5,1,29,272,91.59,0.0,0.07,91.52,40,20,0.59
5,1,29,97,91.52,0.0,0.07,91.44,40,20,0.58
5,1,38,213,91.44,0.0,0.1,91.34,40,20,0.54
5,1,25,193,91.34,0.0,0.05,91.29,40,20,0.57
5,1,42,248,91.29,0.0,0.11,91.19,40,20,0.57
5,1,36,277,91.19,0.0,0.09,91.1,40,20,0.56
5,1,26,287,91.1,0.0,0.07,91.03,40,20,0.56
5,1,32,253,91.03,0.0,0.07,90.96,40,20,0.58
5,1,36,302,90.96,0.0,0.09,90.87,40,20,0.55
5,1,27,236,90.87,0.0,0.07,90.8,40,20,0.57
5,1,33,124,90.8,0.0,0.07,90.73,40,20,0.57
5,1,45,281,90.73,0.0,0.11,90.62,40,20,0.58
5,1,46,290,90.62,0.0,0.1,90.52,40,20,0.63
5,1,44,246,90.52,0.0,0.12,90.41,40,20,0.66
5,1,37,140,90.41,0.0,0.1,90.31,40,20,0.7
5,1,47,292,90.31,0.0,0.13,90.18,40,20,0.7
5,1,28,164,90.18,0.0,0.07,90.11,40,20,0.74
5,1,48,216,90.11,0.0,0.11,89.99,40,20,0.74
5,1,42,318,89.99,0.0,0.11,89.88,40,20,0.74
5,1,39,193,89.88,0.0,0.1,89.78,40,20,0.73
5,1,45,157,89.78,45.24,0.11,134.91,40,20,0.73
5,1,43,148,134.91,0.0,0.1,134.81,40,20,0.71
5,1,44,270,134.81,0.0,0.11,134.7,40,20,0.7
5,1,27,270,134.7,0.0,0.06,134.64,40,20,0.7
5,1,45,191,134.64,0.0,0.11,134.52,40,20,0.69
5,1,40,102,134.52,0.0,0.1,134.43,40,20,0.7
5,1,50,258,134.43,0.0,0.11,134.31,40,20,0.66
5,1,28,162,134.31,0.0,0.07,134.24,40,20,0.66
5,1,38,353,134.24,0.0,0.1,134.14,40,20,0.66
5,1,50,141,134.14,0.0,0.11,134.03,40,20,0.7
5,1,48,161,134.03,0.0,0.1,133.93,40,20,0.66
5,1,33,360,133.93,0.0,0.07,133.86,40,20,0.66
5,1,43,281,133.86,0.0,0.1,133.76,40,20,0.63
5,1,31,163,133.76,0.0,0.08,133.68,40,20,0.65
5,1,39,345,133.68,0.0,0.09,133.58,40,20,0.65
5,1,38,231,133.58,0.0,0.1,133.49,40,20,0.62
5,1,41,153,133.49,0.0,0.08,133.41,40,20,0.63
5,1,45,273,133.41,0.0,0.11,133.3,40,20,0.65
5,1,30,295,133.3,0.0,0.09,133.21,40,20,0.61
5,1,25,226,133.21,0.0,0.06,133.15,40,20,0.65
5,1,50,341,133.15,0.0,0.12,133.03,40,20,0.68
5,1,46,342,133.03,0.0,0.12,132.91,40,20,0.71
5,1,49,165,132.91,0.0,0.13,132.79,40,20,0.71
5,1,27,189,132.79,0.0,0.08,132.71,40,20,0.69
5,1,34,235,132.71,0.0,0.09,132.62,40,20,0.71
5,1,46,262,132.62,0.0,0.11,132.51,40,20,0.74
5,1,37,195,132.51,0.0,0.09,132.42,40,20,0.73
5,1,40,105,132.42,0.0,0.11,132.31,40,20,0.68
5,1,26,248,132.31,0.0,0.07,132.25,40,20,0.63
5,1,33,184,132.25,0.0,0.08,132.16,40,20,0.67
5,1,44,300,132.16,0.0,0.12,132.04,40,20,0.69
5,1,44,182,132.04,0.0,0.11,131.93,40,20,0.67
5,1,35,155,131.93,0.0,0.09,131.84,40,20,0.68
5,1,43,208,131.84,0.0,0.1,131.75,40,20,0.66
5,1,38,260,131.75,0.0,0.09,131.65,40,20,0.69
5,1,43,165,131.65,0.0,0.1,131.56,40,20,0.71
5,1,33,334,131.56,39.85,0.1,171.31,40,20,0.66
5,1,30,137,171.31,0.0,0.07,171.23,40,20,0.65
5,1,43,286,171.23,0.0,0.1,171.14,40,20,0.68
5,1,47,223,171.14,0.0,0.12,171.02,40,20,0.69
5,1,48,205,171.02,0.0,0.11,170.9,40,20,0.68
5,1,31,158,170.9,0.0,0.08,170.82,40,20,0.65
5,1,31,159,170.82,0.0,0.07,170.75,40,20,0.65
5,1,46,257,170.75,0.0,0.1,170.64,40,20,0.72
5,1,50,121,170.64,0.0,0.14,170.5,40,20,0.73
5,1,41,206,170.5,0.0,0.11,170.39,40,20,0.73
5,1,48,278,170.39,0.0,0.12,170.27,40,20,0.69
5,1,30,281,170.27,0.0,0.07,170.2,40,20,0.71
5,1,43,219,170.2,0.0,0.1,170.09,40,20,0.74
5,1,40,163,170.09,0.0,0.1,170.0,40,20,0.73
5,1,36,197,170.0,0.0,0.09,169.9,40,20,0.65
5,1,25,309,169.9,0.0,0.06,169.85,40,20,0.62
5,1,41,340,169.85,0.0,0.08,169.76,40,20,0.6
5,1,37,134,169.76,0.0,0.1,169.67,40,20,0.64
5,1,42,287,169.67,0.0,0.11,169.55,40,20,0.65
5,1,44,302,169.55,0.0,0.11,169.44,40,20,0.62
5,1,31,341,169.44,0.0,0.07,169.37,40,20,0.62
5,1,35,316,169.37,0.0,0.09,169.28,40,20,0.66
5,1,40,171,169.28,0.0,0.1,169.18,40,20,0.67
5,1,36,158,169.18,0.0,0.09,169.09,40,20,0.64
5,1,28,173,169.09,0.0,0.07,169.01,40,20,0.63
5,1,36,113,169.01,0.0,0.1,168.91,40,20,0.59
5,1,28,269,168.91,0.0,0.07,168.84,40,20,0.59
5,1,28,171,168.84,0.0,0.07,168.78,40,20,0.58
5,1,31,344,168.78,0.0,0.08,168.7,40,20,0.57
5,1,37,250,168.7,0.0,0.09,168.61,40,20,0.57
5,1,36,222,168.61,0.0,0.09,168.52,40,20,0.58
5,1,29,174,168.52,0.0,0.08,168.44,40,20,0.59
5,1,42,267,168.44,0.0,0.11,168.33,40,20,0.61
5,1,40,96,168.33,0.0,0.09,168.24,40,20,0.64
5,1,35,189,168.24,0.0,0.1,168.15,40,20,0.63
5,1,26,95,168.15,0.0,0.07,168.08,40,20,0.62
5,1,31,142,168.08,0.0,0.08,168.0,40,20,0.6
5,1,25,291,168.0,0.0,0.07,167.93,40,20,0.6
5,1,41,294,167.93,0.0,0.08,167.85,40,20,0.6
5,1,39,312,167.85,0.0,0.11,167.74,40,20,0.59
5,1,33,265,167.74,0.0,0.08,167.66,40,20,0.59
5,1,41,134,167.66,0.0,0.1,167.56,40,20,0.58
5,1,25,248,167.56,0.0,0.06,167.49,40,20,0.59
5,1,41,182,167.49,0.0,0.09,167.4,40,20,0.63
5,1,44,292,167.4,0.0,0.11,167.29,40,20,0.61
5,1,30,146,167.29,0.0,0.06,167.23,40,20,0.61
5,1,50,145,167.23,0.0,0.11,167.11,40,20,0.61
5,1,33,277,167.11,0.0,0.08,167.04,40,20,0.62
5,1,41,117,167.04,0.0,0.11,166.92,40,20,0.63
5,1,31,243,166.92,0.0,0.07,166.85,40,20,0.64
5,1,41,231,166.85,0.0,0.1,166.75,40,20,0.61
5,1,35,353,166.75,0.0,0.08,166.67,40,20,0.61
5,1,27,200,166.67,0.0,0.06,166.61,40,20,0.55
5,1,26,103,166.61,0.0,0.05,166.56,40,20,0.56
5,1,34,99,166.56,0.0,0.09,166.46,40,20,0.56
5,1,46,281,166.46,0.0,0.11,166.35,40,20,0.59
5,1,43,145,166.35,0.0,0.1,166.25,40,20,0.54
5,1,25,324,166.25,0.0,0.05,166.2,40,20,0.57
5,1,38,150,166.2,0.0,0.11,166.09,40,20,0.6
5,1,35,257,166.09,0.0,0.09,166.0,40,20,0.62
5,1,36,346,166.0,0.0,0.07,165.93,40,20,0.6
5,1,27,333,165.93,0.0,0.07,165.86,40,20,0.61
5,1,50,250,165.86,0.0,0.12,165.74,40,20,0.62
5,1,46,217,165.74,0.0,0.11,165.64,40,20,0.69
5,1,45,249,165.64,0.0,0.12,165.51,40,20,0.69
5,1,47,305,165.51,0.0,0.11,165.4,40,20,0.67
5,1,29,116,165.4,0.0,0.07,165.33,40,20,0.72
5,1,47,277,165.33,0.0,0.12,165.21,40,20,0.73
5,1,31,314,165.21,0.0,0.08,165.13,40,20,0.7
5,1,34,273,165.13,0.0,0.09,165.04,40,20,0.66
5,1,30,228,165.04,0.0,0.07,164.97,40,20,0.66
5,1,50,279,164.97,0.0,0.12,164.85,40,20,0.66
5,1,49,91,164.85,0.0,0.11,164.74,40,20,0.65
5,1,28,222,164.74,0.0,0.06,164.69,40,20,0.62
5,1,41,199,164.69,25.08,0.09,189.67,40,20,0.63
5,1,35,148,189.67,0.0,0.09,189.59,40,20,0.62
5,1,39,357,189.59,0.0,0.08,189.51,40,20,0.66
5,1,44,271,189.51,0.0,0.11,189.4,40,20,0.6
5,1,27,178,189.4,0.0,0.06,189.34,40,20,0.59
5,1,48,169,189.34,0.0,0.1,189.24,40,20,0.6
5,1,30,276,189.24,0.0,0.07,189.17,40,20,0.6
5,1,49,177,189.17,0.0,0.09,189.08,40,20,0.58
5,1,30,149,189.08,0.0,0.07,189.01,40,20,0.59
5,1,37,138,189.01,0.0,0.09,188.92,40,20,0.56
5,1,41,154,188.92,0.0,0.08,188.83,40,20,0.57
5,1,29,288,188.83,0.0,0.07,188.77,40,20,0.57
5,1,41,322,188.77,0.0,0.1,188.67,40,20,0.59
5,1,43,91,188.67,0.0,0.09,188.57,40,20,0.62
5,1,48,283,188.57,0.0,0.12,188.45,40,20,0.65
5,1,44,230,188.45,0.0,0.1,188.35,40,20,0.67
5,1,49,349,188.35,0.0,0.11,188.24,40,20,0.66
5,1,36,230,188.24,0.0,0.07,188.17,40,20,0.68
5,1,37,224,188.17,0.0,0.09,188.08,40,20,0.68
5,1,43,131,188.08,0.0,0.1,187.98,40,20,0.66
5,1,29,241,187.98,0.0,0.07,187.91,40,20,0.62
5,1,36,347,187.91,0.0,0.08,187.82,40,20,0.59
5,1,27,182,187.82,0.0,0.07,187.75,40,20,0.53
5,1,30,113,187.75,0.0,0.05,187.7,40,20,0.56
5,1,47,310,187.7,0.0,0.1,187.61,40,20,0.58
5,1,50,106,187.61,0.0,0.11,187.5,40,20,0.55
5,1,32,144,187.5,0.0,0.07,187.43,40,20,0.58
5,1,41,227,187.43,0.0,0.1,187.34,40,20,0.6
5,1,45,308,187.34,0.0,0.1,187.23,40,20,0.63
5,1,42,298,187.23,0.0,0.1,187.14,40,20,0.66
5,1,36,257,187.14,0.0,0.08,187.06,40,20,0.64
5,1,45,196,187.06,0.0,0.08,186.98,40,20,0.6
5,1,36,180,186.98,0.0,0.07,186.9,40,20,0.61
5,1,32,275,186.9,0.0,0.08,186.83,40,20,0.59
5,1,43,346,186.83,0.0,0.08,186.74,40,20,0.56
5,1,31,323,186.74,0.0,0.07,186.68,40,20,0.54
5,1,39,238,186.68,0.0,0.08,186.59,40,20,0.54
5,1,38,165,186.59,0.0,0.08,186.51,40,20,0.53
5,1,30,155,186.51,0.0,0.07,186.44,40,20,0.52
5,1,28,356,186.44,0.0,0.06,186.38,40,20,0.55
5,1,50,198,186.38,0.0,0.11,186.27,40,20,0.57
5,1,46,112,186.27,0.0,0.1,186.17,40,20,0.59
5,1,44,305,186.17,0.0,0.09,186.08,40,20,0.58
5,1,32,228,186.08,0.0,0.07,186.01,40,20,0.56
5,1,26,174,186.01,0.0,0.06,185.95,40,20,0.57
5,1,41,117,185.95,0.0,0.08,185.87,40,20,0.59
5,1,38,257,185.87,0.0,0.08,185.79,40,20,0.58
5,1,43,330,185.79,0.0,0.1,185.69,40,20,0.58
5,1,49,235,185.69,0.0,0.1,185.6,40,20,0.55
5,1,26,262,185.6,0.0,0.06,185.54,40,20,0.54
5,1,27,344,185.54,0.0,0.06,185.48,40,20,0.56
5,1,37,282,185.48,0.0,0.08,185.4,40,20,0.58
5,1,46,130,185.4,0.0,0.1,185.3,40,20,0.59
5,1,46,347,185.3,0.0,0.09,185.21,40,20,0.58
5,1,44,353,185.21,0.0,0.09,185.12,40,20,0.54
5,1,25,334,185.12,0.0,0.06,185.06,40,20,0.59
5,1,50,330,185.06,0.0,0.11,184.95,40,20,0.59
5,1,26,230,184.95,0.0,0.06,184.89,40,20,0.59
5,1,45,309,184.89,0.0,0.08,184.81,40,20,0.55
5,1,28,338,184.81,0.0,0.06,184.74,40,20,0.53
5,1,36,325,184.74,0.0,0.07,184.68,40,20,0.51
5,1,38,273,184.68,0.0,0.07,184.61,40,20,0.51
5,1,30,162,184.61,0.0,0.06,184.55,40,20,0.49
5,1,43,335,184.55,0.0,0.09,184.46,40,20,0.52
5,1,43,191,184.46,0.0,0.09,184.37,40,20,0.53
5,1,39,102,184.37,0.0,0.09,184.28,40,20,0.56
5,1,41,193,184.28,0.0,0.09,184.19,40,20,0.58
5,1,39,127,184.19,0.0,0.09,184.1,40,20,0.59
5,1,38,282,184.1,0.0,0.08,184.02,40,20,0.64
5,1,50,184,184.02,0.0,0.11,183.9,40,20,0.61
5,1,27,160,183.9,0.0,0.06,183.84,40,20,0.61
5,1,46,95,183.84,0.0,0.09,183.75,40,20,0.6
5,1,43,175,183.75,0.0,0.08,183.66,40,20,0.6
5,1,40,182,183.66,0.0,0.09,183.58,40,20,0.61
5,1,47,187,183.58,0.0,0.1,183.47,40,20,0.63
5,1,46,216,183.47,0.0,0.1,183.38,40,20,0.61
5,1,45,248,183.38,0.0,0.09,183.28,40,20,0.6
5,1,26,121,183.28,0.0,0.05,183.23,40,20,0.58
5,1,36,276,183.23,0.0,0.07,183.17,40,20,0.57
5,1,34,138,183.17,41.29,0.07,224.38,40,20,0.55
5,1,33,345,224.38,0.0,0.07,224.31,40,20,0.55
5,1,46,115,224.31,0.0,0.1,224.22,40,20,0.53
5,1,38,225,224.22,0.0,0.08,224.14,40,20,0.5
5,1,31,352,224.14,0.0,0.06,224.07,40,20,0.54
5,1,37,307,224.07,0.0,0.09,223.98,40,20,0.52
5,1,25,192,223.98,0.0,0.05,223.93,40,20,0.51
5,1,30,173,223.93,0.0,0.06,223.87,40,20,0.52
5,1,34,194,223.87,0.0,0.08,223.79,40,20,0.47
5,1,25,331,223.79,0.0,0.05,223.75,40,20,0.49
5,1,48,267,223.75,0.0,0.1,223.64,40,20,0.54
5,1,48,301,223.64,0.0,0.11,223.54,40,20,0.52
5,1,32,262,223.54,0.0,0.07,223.47,40,20,0.52
5,1,29,103,223.47,0.0,0.05,223.42,40,20,0.56
5,1,49,310,223.42,0.0,0.1,223.31,40,20,0.56
5,1,37,223,223.31,0.0,0.08,223.24,40,20,0.58
5,1,34,292,223.24,0.0,0.07,223.17,40,20,0.57
5,1,42,335,223.17,0.0,0.09,223.08,40,20,0.55
5,1,44,130,223.08,0.0,0.09,222.99,40,20,0.55
5,1,38,116,222.99,0.0,0.07,222.91,40,20,0.57
5,1,43,196,222.91,0.0,0.07,222.84,40,20,0.52
5,1,27,200,222.84,0.0,0.05,222.79,40,20,0.5
5,1,26,144,222.79,0.0,0.06,222.73,40,20,0.53
5,1,50,236,222.73,0.0,0.1,222.63,40,20,0.55
5,1,50,161,222.63,0.0,0.11,222.52,40,20,0.51
5,1,27,309,222.52,0.0,0.05,222.47,40,20,0.54
5,1,41,317,222.47,0.0,0.1,222.37,40,20,0.56
5,1,38,225,222.37,0.0,0.09,222.28,40,20,0.59
5,1,39,288,222.28,0.0,0.08,222.2,40,20,0.6
5,1,34,334,222.2,0.0,0.07,222.13,40,20,0.58
5,1,39,166,222.13,50.35,0.08,272.39,40,20,0.56
5,1,40,167,272.39,0.0,0.09,272.3,40,20,0.59
5,1,43,153,272.3,0.0,0.08,272.22,40,20,0.56
5,1,35,325,272.22,0.0,0.07,272.15,40,20,0.57
5,1,50,177,272.15,0.0,0.1,272.05,40,20,0.58
5,1,43,243,272.05,0.0,0.09,271.96,40,20,0.56
5,1,29,215,271.96,0.0,0.05,271.91,40,20,0.56
5,1,36,154,271.91,0.0,0.08,271.83,40,20,0.56
5,1,45,153,271.83,0.0,0.09,271.74,40,20,0.57
5,1,50,324,271.74,0.0,0.09,271.65,40,20,0.58
5,1,35,202,271.65,0.0,0.08,271.57,40,20,0.53
5,1,26,235,271.57,0.0,0.05,271.52,40,20,0.54
5,1,50,146,271.52,0.0,0.1,271.42,40,20,0.54
5,1,25,113,271.42,0.0,0.05,271.36,40,20,0.54
5,1,37,183,271.36,0.0,0.08,271.28,40,20,0.54
5,1,44,138,271.28,0.0,0.09,271.19,40,20,0.54
5,1,39,226,271.19,0.0,0.09,271.1,40,20,0.52
5,1,33,262,271.1,0.0,0.06,271.04,40,20,0.57
5,1,42,174,271.04,0.0,0.1,270.95,40,20,0.56
5,1,47,257,270.95,0.0,0.09,270.85,40,20,0.58
5,1,36,295,270.85,0.0,0.07,270.78,40,20,0.58
5,1,39,232,270.78,0.0,0.08,270.7,40,20,0.58
5,1,44,156,270.7,0.0,0.09,270.61,40,20,0.54
5,1,28,328,270.61,0.0,0.05,270.56,40,20,0.56
5,1,43,347,270.56,0.0,0.08,270.47,40,20,0.53
5,1,30,172,270.47,0.0,0.07,270.4,40,20,0.52
5,1,35,187,270.4,0.0,0.08,270.32,40,20,0.51
5,1,27,230,270.32,0.0,0.06,270.26,40,20,0.53
5,1,48,205,270.26,0.0,0.1,270.16,40,20,0.5
5,1,29,167,270.16,0.0,0.06,270.1,40,20,0.53
5,1,36,149,270.1,0.0,0.08,270.02,40,20,0.55
5,1,49,157,270.02,0.0,0.1,269.92,40,20,0.58
5,1,48,105,269.92,0.0,0.1,269.82,40,20,0.59
5,1,45,252,269.82,0.0,0.09,269.72,40,20,0.62
5,1,46,244,269.72,0.0,0.09,269.63,40,20,0.61
5,1,50,126,269.63,0.0,0.09,269.54,40,20,0.64
5,1,46,200,269.54,0.0,0.09,269.44,40,20,0.63
5,1,29,142,269.44,0.0,0.07,269.38,40,20,0.63
5,1,47,338,269.38,0.0,0.1,269.28,40,20,0.59
5,1,30,252,269.28,0.0,0.06,269.22,40,20,0.6
5,1,45,291,269.22,0.0,0.1,269.12,40,20,0.58
5,1,40,340,269.12,0.0,0.07,269.05,40,20,0.59
5,1,48,331,269.05,0.0,0.1,268.95,40,20,0.59
5,1,36,290,268.95,0.0,0.09,268.86,40,20,0.58
5,1,32,172,268.86,0.0,0.06,268.8,40,20,0.55
5,1,34,291,268.8,0.0,0.07,268.73,40,20,0.54
5,1,26,298,268.73,0.0,0.05,268.68,40,20,0.55
5,1,44,297,268.68,0.0,0.11,268.58,40,20,0.57
5,1,41,259,268.58,0.0,0.09,268.49,40,20,0.57
5,1,47,357,268.49,0.0,0.1,268.39,40,20,0.55
5,1,31,194,268.39,0.0,0.07,268.33,40,20,0.56
5,1,34,107,268.33,0.0,0.07,268.25,40,20,0.58
5,1,50,283,268.25,0.0,0.09,268.16,40,20,0.62
5,1,47,278,268.16,0.0,0.09,268.07,40,20,0.57
5,1,26,287,268.07,0.0,0.06,268.02,40,20,0.59
5,1,48,125,268.02,0.0,0.11,267.91,40,20,0.59
5,1,48,306,267.91,0.0,0.1,267.81,40,20,0.59
5,1,33,213,267.81,0.0,0.07,267.73,40,20,0.63
5,1,47,184,267.73,0.0,0.11,267.62,40,20,0.59
5,1,27,320,267.62,0.0,0.05,267.57,40,20,0.59
5,1,36,266,267.57,0.0,0.09,267.49,40,20,0.61
5,1,39,102,267.49,0.0,0.08,267.4,40,20,0.57
5,1,29,348,267.4,0.0,0.07,267.33,40,20,0.54
5,1,35,203,267.33,0.0,0.07,267.26,40,20,0.57
5,1,43,195,267.26,0.0,0.1,267.17,40,20,0.52
5,1,30,239,267.17,0.0,0.06,267.1,40,20,0.57
5,1,40,190,267.1,0.0,0.1,267.0,40,20,0.55
5,1,36,252,267.0,0.0,0.07,266.93,40,20,0.54
5,1,35,136,266.93,0.0,0.07,266.86,40,20,0.57
5,1,44,137,266.86,0.0,0.1,266.76,40,20,0.58
5,1,36,158,266.76,0.0,0.08,266.68,40,20,0.54
5,1,26,176,266.68,0.0,0.06,266.62,40,20,0.56
5,1,33,187,266.62,0.0,0.08,266.54,40,20,0.55
5,1,40,99,266.54,0.0,0.09,266.44,40,20,0.59
5,1,42,270,266.44,0.0,0.11,266.33,40,20,0.58
5,1,28,117,266.33,0.0,0.06,266.27,40,20,0.58
5,1,46,278,266.27,0.0,0.1,266.17,40,20,0.56
5,1,28,158,266.17,0.0,0.06,266.11,40,20,0.6
5,1,49,119,266.11,0.0,0.1,266.01,40,20,0.62
5,1,44,352,266.01,0.0,0.1,265.91,40,20,0.6
5,1,30,119,265.91,0.0,0.07,265.84,40,20,0.56
5,1,36,219,265.84,0.0,0.07,265.77,40,20,0.59
5,1,41,179,265.77,0.0,0.09,265.68,40,20,0.57
5,1,45,295,265.68,0.0,0.08,265.6,40,20,0.6
5,1,39,180,265.6,0.0,0.09,265.51,40,20,0.58
5,1,34,291,265.51,0.0,0.08,265.43,40,20,0.55
5,1,29,310,265.43,0.0,0.07,265.36,40,20,0.55
5,1,27,118,265.36,0.0,0.07,265.29,40,20,0.56
5,1,35,134,265.29,0.0,0.08,265.21,40,20,0.57
5,1,47,95,265.21,0.0,0.1,265.1,40,20,0.55
5,1,27,202,265.1,0.0,0.06,265.04,40,20,0.53
5,1,29,252,265.04,0.0,0.07,264.97,40,20,0.57
5,1,48,296,264.97,0.0,0.12,264.86,40,20,0.6
5,1,49,322,264.86,0.0,0.1,264.76,40,20,0.62
5,1,38,305,264.76,0.0,0.09,264.67,40,20,0.6
5,1,28,252,264.67,0.0,0.06,264.61,40,20,0.6
5,1,43,137,264.61,0.0,0.1,264.51,40,20,0.62
5,1,37,326,264.51,0.0,0.08,264.43,40,20,0.65
5,1,45,244,264.43,0.0,0.1,264.33,40,20,0.62
5,1,39,131,264.33,0.0,0.09,264.24,40,20,0.59
5,1,31,139,264.24,0.0,0.07,264.17,40,20,0.62
5,1,49,294,264.17,0.0,0.12,264.05,40,20,0.67
5,1,48,188,264.05,0.0,0.11,263.95,40,20,0.69
5,1,47,289,263.95,0.0,0.12,263.82,40,20,0.67
5,1,28,208,263.82,0.0,0.06,263.76,40,20,0.63
5,1,25,186,263.76,0.0,0.06,263.7,40,20,0.64
5,1,36,278,263.7,0.0,0.1,263.61,40,20,0.65
5,1,32,92,263.61,0.0,0.08,263.53,40,20,0.59
5,1,26,106,263.53,0.0,0.06,263.47,40,20,0.53
5,1,25,269,263.47,0.0,0.05,263.41,40,20,0.48
5,1,27,110,263.41,0.0,0.07,263.35,40,20,0.48
5,1,28,123,263.35,0.0,0.06,263.29,40,20,0.52
5,1,42,168,263.29,0.0,0.1,263.19,40,20,0.48
5,1,28,196,263.19,0.0,0.06,263.12,40,20,0.49
5,1,40,118,263.12,0.0,0.09,263.04,40,20,0.54
5,1,45,318,263.04,0.0,0.11,262.92,40,20,0.59
5,1,44,164,262.92,0.0,0.1,262.83,40,20,0.63
5,1,47,329,262.83,0.0,0.11,262.72,40,20,0.67
5,1,39,351,262.72,0.0,0.1,262.62,40,20,0.67
5,1,47,220,262.62,0.0,0.1,262.52,40,20,0.69
5,1,33,103,262.52,0.0,0.08,262.44,40,20,0.66
5,1,25,249,262.44,0.0,0.06,262.38,40,20,0.63
5,1,38,166,262.38,0.0,0.08,262.3,40,20,0.6
5,1,31,272,262.3,0.0,0.07,262.23,40,20,0.62
5,1,48,154,262.23,0.0,0.13,262.1,40,20,0.61
5,1,36,124,262.1,0.0,0.09,262.01,40,20,0.6
5,1,36,145,262.01,0.0,0.09,261.92,40,20,0.63
5,1,41,269,261.92,0.0,0.11,261.81,40,20,0.69
5,1,49,338,261.81,0.0,0.12,261.69,40,20,0.72
5,1,39,249,261.69,0.0,0.11,261.57,40,20,0.75
5,1,40,172,261.57,0.0,0.1,261.47,40,20,0.73
5,1,39,327,261.47,0.0,0.11,261.37,40,20,0.71
5,1,29,103,261.37,0.0,0.07,261.3,40,20,0.7
5,1,30,252,261.3,0.0,0.08,261.22,40,20,0.66
5,1,28,148,261.22,0.0,0.07,261.15,40,20,0.66
5,1,43,105,261.15,0.0,0.12,261.03,40,20,0.64
5,1,32,103,261.03,0.0,0.09,260.95,40,20,0.64
5,1,42,171,260.95,0.0,0.1,260.85,40,20,0.59
5,1,25,212,260.85,0.0,0.06,260.79,40,20,0.58
5,1,30,178,260.79,0.0,0.06,260.73,40,20,0.57
5,1,26,113,260.73,0.0,0.07,260.66,40,20,0.61
5,1,47,267,260.66,0.0,0.11,260.55,40,20,0.57
5,1,29,182,260.55,0.0,0.08,260.47,40,20,0.54
5,1,25,90,260.47,0.0,0.06,260.41,40,20,0.51
5,1,36,347,260.41,0.0,0.07,260.34,40,20,0.54
5,1,35,296,260.34,0.0,0.09,260.25,40,20,0.59
5,1,42,98,260.25,0.0,0.11,260.14,40,20,0.61
5,1,37,277,260.14,0.0,0.09,260.05,40,20,0.59
5,1,36,206,260.05,0.0,0.09,259.96,40,20,0.59
5,1,31,291,259.96,0.0,0.08,259.88,40,20,0.62
5,1,39,151,259.88,0.0,0.09,259.78,40,20,0.66
5,1,43,268,259.78,0.0,0.11,259.67,40,20,0.66
5,1,36,258,259.67,0.0,0.09,259.58,40,20,0.68
5,1,49,306,259.58,0.0,0.13,259.45,40,20,0.66
5,1,33,98,259.45,0.0,0.07,259.38,40,20,0.64
5,1,26,274,259.38,0.0,0.07,259.31,40,20,0.64
5,1,34,190,259.31,0.0,0.08,259.23,40,20,0.63
5,1,35,158,259.23,0.0,0.08,259.14,40,20,0.6
5,1,32,150,259.14,0.0,0.08,259.06,40,20,0.6
5,1,33,353,259.06,0.0,0.09,258.98,40,20,0.6
5,1,46,332,258.98,0.0,0.13,258.85,40,20,0.64
5,1,45,318,258.85,0.0,0.11,258.73,40,20,0.65
5,1,34,341,258.73,0.0,0.08,258.65,40,20,0.63
5,1,28,342,258.65,0.0,0.06,258.59,40,20,0.63
5,1,34,290,258.59,0.0,0.08,258.51,40,20,0.62
5,1,27,258,258.51,0.0,0.07,258.44,40,20,0.67
5,1,48,207,258.44,0.0,0.14,258.3,40,20,0.64
5,1,37,245,258.3,0.0,0.1,258.19,40,20,0.63
5,1,42,138,258.19,0.0,0.1,258.09,40,20,0.64
5,1,39,242,258.09,0.0,0.09,258.0,40,20,0.66
5,1,29,234,258.0,0.0,0.08,257.92,40,20,0.64
5,1,26,218,257.92,0.0,0.06,257.86,40,20,0.65
5,1,28,161,257.86,0.0,0.08,257.78,40,20,0.61
5,1,47,194,257.78,0.0,0.1,257.67,40,20,0.64
5,1,44,246,257.67,0.0,0.13,257.55,40,20,0.67
5,1,48,252,257.55,39.08,0.13,296.5,40,20,0.7
5,1,41,159,296.5,0.0,0.12,296.38,40,20,0.71
5,1,36,150,296.38,0.0,0.09,296.29,40,20,0.74
5,1,33,156,296.29,0.0,0.09,296.2,40,20,0.73
5,1,25,269,296.2,0.0,0.07,296.14,40,20,0.7
5,1,30,267,296.14,0.0,0.07,296.06,40,20,0.7
5,1,48,197,296.06,0.0,0.13,295.93,40,20,0.67
5,1,37,299,295.93,0.0,0.1,295.84,40,20,0.62
5,1,28,215,295.84,0.0,0.07,295.77,40,20,0.61
5,1,32,199,295.77,0.0,0.08,295.69,40,20,0.64
5,1,44,276,295.69,0.0,0.12,295.57,40,20,0.68
5,1,39,309,295.57,0.0,0.11,295.46,40,20,0.71
5,1,38,310,295.46,0.0,0.1,295.36,40,20,0.68
5,1,41,102,295.36,0.0,0.1,295.26,40,20,0.66
5,1,28,153,295.26,0.0,0.08,295.18,40,20,0.67
5,1,28,153,295.18,0.0,0.08,295.1,40,20,0.71
5,1,47,277,295.1,0.0,0.12,294.98,40,20,0.69
5,1,40,165,294.98,0.0,0.1,294.89,40,20,0.68
5,1,37,113,294.89,0.0,0.1,294.78,40,20,0.69
5,1,41,146,294.78,0.0,0.11,294.68,40,20,0.69
5,1,42,142,294.68,0.0,0.1,294.58,40,20,0.69
5,1,30,329,294.58,0.0,0.08,294.5,40,20,0.72
5,1,42,161,294.5,0.0,0.11,294.39,40,20,0.66
5,1,28,292,294.39,0.0,0.06,294.32,40,20,0.68
5,1,44,356,294.32,0.0,0.12,294.2,40,20,0.67
5,1,35,289,294.2,0.0,0.09,294.11,40,20,0.67
5,1,48,142,294.11,0.0,0.11,294.0,40,20,0.67
5,1,38,141,294.0,0.0,0.1,293.91,40,20,0.68
5,1,36,228,293.91,0.0,0.09,293.82,40,20,0.66
5,1,32,163,293.82,0.0,0.09,293.73,40,20,0.72
5,1,47,356,293.73,0.0,0.12,293.61,40,20,0.71
5,1,43,102,293.61,0.0,0.11,293.5,40,20,0.69
5,1,30,109,293.5,0.0,0.07,293.43,40,20,0.68
5,1,42,306,293.43,0.0,0.1,293.33,40,20,0.67
5,1,36,96,293.33,0.0,0.09,293.24,40,20,0.67
5,1,37,214,293.24,0.0,0.09,293.15,40,20,0.65
5,1,27,304,293.15,0.0,0.07,293.08,40,20,0.62
5,1,37,120,293.08,0.0,0.09,292.99,40,20,0.58
5,1,27,326,292.99,0.0,0.07,292.92,40,20,0.6
5,1,32,197,292.92,0.0,0.09,292.84,40,20,0.59
5,1,37,194,292.84,0.0,0.09,292.75,40,20,0.61
5,1,45,109,292.75,0.0,0.11,292.63,40,20,0.59
5,1,28,123,292.63,0.0,0.07,292.57,40,20,0.61
5,1,35,97,292.57,0.0,0.09,292.48,40,20,0.58
5,1,25,255,292.48,0.0,0.06,292.42,40,20,0.58
5,1,27,159,292.42,0.0,0.07,292.35,40,20,0.56
5,1,30,140,292.35,0.0,0.07,292.27,40,20,0.58
5,1,49,252,292.27,0.0,0.11,292.16,40,20,0.58
5,1,44,167,292.16,0.0,0.11,292.05,40,20,0.6
5,1,32,325,292.05,0.0,0.09,291.96,40,20,0.63
5,1,47,116,291.96,0.0,0.12,291.84,40,20,0.65
5,1,36,96,291.84,0.0,0.08,291.75,40,20,0.67
5,1,39,204,291.75,0.0,0.09,291.66,40,20,0.67
5,1,31,92,291.66,0.0,0.07,291.59,40,20,0.62
5,1,32,137,291.59,0.0,0.06,291.53,40,20,0.63
5,1,49,190,291.53,0.0,0.12,291.4,40,20,0.66
5,1,49,328,291.4,0.0,0.12,291.29,40,20,0.6
5,1,28,196,291.29,0.0,0.06,291.22,40,20,0.63
5,1,48,147,291.22,0.0,0.11,291.11,40,20,0.61
5,1,30,264,291.11,0.0,0.07,291.04,40,20,0.62
5,1,36,243,291.04,0.0,0.08,290.95,40,20,0.68
5,1,46,145,290.95,0.0,0.12,290.83,40,20,0.65
5,1,41,127,290.83,0.0,0.09,290.74,40,20,0.61
5,1,34,357,290.74,0.0,0.08,290.67,40,20,0.65
5,1,40,317,290.67,0.0,0.1,290.56,40,20,0.62
5,1,38,309,290.56,0.0,0.08,290.48,40,20,0.61
5,1,28,349,290.48,0.0,0.06,290.42,40,20,0.62
5,1,37,191,290.42,0.0,0.09,290.33,40,20,0.56
5,1,28,201,290.33,0.0,0.06,290.26,40,20,0.56
5,1,34,244,290.26,0.0,0.09,290.18,40,20,0.54
5,1,26,187,290.18,0.0,0.06,290.11,40,20,0.56
5,1,49,109,290.11,0.0,0.12,289.99,40,20,0.56
5,1,37,207,289.99,0.0,0.08,289.91,40,20,0.58
5,1,33,152,289.91,0.0,0.08,289.83,40,20,0.58
5,1,37,227,289.83,0.0,0.09,289.74,40,20,0.61
5,1,36,317,289.74,0.0,0.09,289.65,40,20,0.62
5,1,39,312,289.65,0.0,0.1,289.56,40,20,0.68
5,1,50,216,289.56,0.0,0.12,289.44,40,20,0.64
5,1,30,321,289.44,0.0,0.08,289.36,40,20,0.63
5,1,33,345,289.36,0.0,0.07,289.28,40,20,0.63
5,1,35,211,289.28,0.0,0.08,289.21,40,20,0.6
5,1,27,178,289.21,0.0,0.06,289.14,40,20,0.61
5,1,45,96,289.14,0.0,0.1,289.04,40,20,0.61
5,1,46,247,289.04,0.0,0.1,288.94,40,20,0.59
5,1,47,212,288.94,0.0,0.1,288.83,40,20,0.59
5,1,40,350,288.83,0.0,0.08,288.76,40,20,0.62
5,1,49,95,288.76,0.0,0.1,288.66,40,20,0.64
5,1,43,293,288.66,0.0,0.1,288.56,40,20,0.64
5,1,26,202,288.56,0.0,0.06,288.49,40,20,0.63
5,1,43,255,288.49,0.0,0.09,288.4,40,20,0.62
5,1,37,334,288.4,0.0,0.09,288.31,40,20,0.63
5,1,43,171,288.31,0.0,0.11,288.2,40,20,0.62
5,1,32,133,288.2,0.0,0.07,288.13,40,20,0.61
5,1,38,151,288.13,0.0,0.09,288.04,40,20,0.57
5,1,25,354,288.04,0.0,0.06,287.98,40,20,0.58
5,1,27,166,287.98,0.0,0.07,287.91,40,20,0.62
5,1,49,96,287.91,0.0,0.13,287.79,40,20,0.61
5,1,34,322,287.79,0.0,0.08,287.71,40,20,0.61
5,1,48,184,287.71,0.0,0.11,287.6,40,20,0.64
5,1,47,348,287.6,0.0,0.1,287.5,40,20,0.61
5,1,27,319,287.5,0.0,0.06,287.45,40,20,0.63
5,1,37,194,287.45,0.0,0.08,287.37,40,20,0.66
5,1,46,157,287.37,0.0,0.1,287.27,40,20,0.61
5,1,42,184,287.27,0.0,0.08,287.19,40,20,0.59
5,1,28,172,287.19,0.0,0.06,287.13,40,20,0.57
5,1,42,164,287.13,0.0,0.09,287.04,40,20,0.58
5,1,50,95,287.04,0.0,0.11,286.93,40,20,0.6
5,1,36,192,286.93,0.0,0.08,286.85,40,20,0.61
5,1,37,153,286.85,0.0,0.09,286.77,40,20,0.64
5,1,47,104,286.77,0.0,0.13,286.64,40,20,0.65
5,1,44,316,286.64,0.0,0.09,286.55,40,20,0.7
5,1,46,351,286.55,0.0,0.11,286.44,40,20,0.69
5,1,39,276,286.44,0.0,0.08,286.36,40,20,0.66
5,1,36,204,286.36,0.0,0.08,286.28,40,20,0.67
5,1,45,153,286.28,0.0,0.09,286.19,40,20,0.67
5,1,49,230,286.19,0.0,0.09,286.1,40,20,0.65
5,1,50,182,286.1,0.0,0.11,285.99,40,20,0.63
5,1,37,274,285.99,0.0,0.07,285.91,40,20,0.59
5,1,33,225,285.91,0.0,0.07,285.84,40,20,0.57
5,1,29,91,285.84,0.0,0.06,285.78,40,20,0.57
5,1,39,94,285.78,0.0,0.08,285.69,40,20,0.58
5,1,48,315,285.69,0.0,0.1,285.6,40,20,0.58
5,1,44,230,285.6,0.0,0.09,285.51,40,20,0.55
5,1,36,168,285.51,0.0,0.08,285.43,40,20,0.56
5,1,40,321,285.43,0.0,0.08,285.36,40,20,0.59
5,1,42,249,285.36,0.0,0.1,285.25,40,20,0.59
5,1,33,322,285.25,52.3,0.06,337.49,40,20,0.58
5,1,31,107,337.49,0.0,0.07,337.43,40,20,0.56
5,1,39,146,337.43,0.0,0.08,337.35,40,20,0.55
5,1,38,291,337.35,0.0,0.08,337.27,40,20,0.52
5,1,25,222,337.27,0.0,0.05,337.22,40,20,0.54
5,1,46,226,337.22,0.0,0.1,337.11,40,20,0.5
5,1,27,281,337.11,0.0,0.06,337.05,40,20,0.52
5,1,34,131,337.05,0.0,0.08,336.97,40,20,0.51
5,1,28,218,336.97,0.0,0.06,336.92,40,20,0.5
5,1,36,167,336.92,0.0,0.07,336.85,40,20,0.52
5,1,48,301,336.85,0.0,0.1,336.75,40,20,0.54
5,1,32,199,336.75,0.0,0.07,336.68,40,20,0.52
5,1,40,352,336.68,0.0,0.08,336.6,40,20,0.56
5,1,50,91,336.6,0.0,0.1,336.5,40,20,0.56
5,1,35,110,336.5,0.0,0.08,336.42,40,20,0.55
5,1,26,186,336.42,0.0,0.05,336.36,40,20,0.59
5,1,48,135,336.36,0.0,0.11,336.25,40,20,0.58
5,1,42,153,336.25,0.0,0.09,336.16,40,20,0.59
5,1,40,108,336.16,0.0,0.08,336.08,40,20,0.58
5,1,29,150,336.08,0.0,0.07,336.01,40,20,0.54
5,1,26,90,336.01,0.0,0.06,335.96,40,20,0.54
5,1,44,110,335.96,0.0,0.08,335.87,40,20,0.57
5,1,41,248,335.87,0.0,0.08,335.79,40,20,0.53
5,1,33,116,335.79,0.0,0.07,335.72,40,20,0.51
5,1,35,125,335.72,0.0,0.07,335.65,40,20,0.54
5,1,50,305,335.65,0.0,0.11,335.54,40,20,0.57
5,1,42,210,335.54,0.0,0.1,335.44,40,20,0.61
5,1,50,101,335.44,0.0,0.1,335.34,40,20,0.58
5,1,27,300,335.34,0.0,0.05,335.28,40,20,0.57
5,1,29,154,335.28,0.0,0.07,335.21,40,20,0.58
5,1,31,171,335.21,0.0,0.08,335.14,40,20,0.58
5,1,38,225,335.14,0.0,0.07,335.07,40,20,0.55
5,1,38,119,335.07,0.0,0.08,334.99,40,20,0.51
5,1,30,274,334.99,0.0,0.06,334.93,40,20,0.5
5,1,46,314,334.93,0.0,0.09,334.84,40,20,0.53
5,1,35,132,334.84,0.0,0.08,334.76,40,20,0.55
5,1,44,257,334.76,0.0,0.09,334.67,40,20,0.53
5,1,33,173,334.67,0.0,0.06,334.61,40,20,0.52
5,1,30,159,334.61,0.0,0.06,334.55,40,20,0.52
5,1,36,168,334.55,0.0,0.08,334.47,40,20,0.54
5,1,34,221,334.47,0.0,0.08,334.39,40,20,0.52
5,1,34,261,334.39,0.0,0.07,334.31,40,20,0.52
5,1,40,168,334.31,0.0,0.08,334.23,40,20,0.48
5,1,29,148,334.23,0.0,0.05,334.17,40,20,0.51
5,1,44,241,334.17,0.0,0.09,334.08,40,20,0.53
5,1,40,303,334.08,0.0,0.08,334.0,40,20,0.52
5,1,36,342,334.0,0.0,0.07,333.93,40,20,0.51
5,1,34,134,333.93,0.0,0.07,333.86,40,20,0.53
5,1,48,348,333.86,0.0,0.09,333.77,40,20,0.51
5,1,30,311,333.77,0.0,0.06,333.71,40,20,0.51
5,1,28,192,333.71,0.0,0.05,333.65,40,20,0.49
5,1,30,289,333.65,0.0,0.07,333.59,40,20,0.5
5,1,35,277,333.59,0.0,0.09,333.5,40,20,0.49
5,1,31,162,333.5,0.0,0.06,333.43,40,20,0.49
5,1,32,209,333.43,0.0,0.07,333.36,40,20,0.45
5,1,26,336,333.36,0.0,0.05,333.32,40,20,0.49
5,1,50,252,333.32,0.0,0.1,333.22,40,20,0.49
5,1,32,249,333.22,0.0,0.05,333.16,40,20,0.47
5,1,28,136,333.16,0.0,0.05,333.11,40,20,0.47
5,1,36,248,333.11,0.0,0.09,333.03,40,20,0.46
5,1,28,318,333.03,0.0,0.05,332.97,40,20,0.5
5,1,46,190,332.97,0.0,0.11,332.87,40,20,0.54
5,1,38,125,332.87,0.0,0.09,332.78,40,20,0.51
5,1,39,216,332.78,0.0,0.07,332.71,40,20,0.54
5,1,40,210,332.71,0.0,0.08,332.63,40,20,0.58
5,1,46,261,332.63,0.0,0.09,332.54,40,20,0.56
5,1,33,219,332.54,0.0,0.07,332.47,40,20,0.59
5,1,41,148,332.47,0.0,0.08,332.39,40,20,0.57
5,1,44,348,332.39,0.0,0.09,332.3,40,20,0.54
5,1,30,346,332.3,0.0,0.06,332.24,40,20,0.55
5,1,41,340,332.24,0.0,0.08,332.16,40,20,0.55
5,1,41,277,332.16,0.0,0.08,332.08,40,20,0.53
5,1,38,216,332.08,0.0,0.07,332.01,40,20,0.54
5,1,36,349,332.01,0.0,0.08,331.93,40,20,0.54
5,1,38,215,331.93,0.0,0.08,331.85,40,20,0.56
5,1,47,266,331.85,0.0,0.11,331.74,40,20,0.56
5,1,30,229,331.74,0.0,0.06,331.69,40,20,0.55
5,1,35,102,331.69,0.0,0.07,331.62,40,20,0.54
5,1,33,357,331.62,0.0,0.07,331.55,40,20,0.56
5,1,42,144,331.55,0.0,0.09,331.46,40,20,0.54
5,1,30,210,331.46,0.0,0.06,331.4,40,20,0.53
5,1,40,155,331.4,0.0,0.07,331.33,40,20,0.48
5,1,28,334,331.33,0.0,0.06,331.27,40,20,0.5
5,1,39,338,331.27,0.0,0.08,331.19,40,20,0.48
5,1,27,230,331.19,0.0,0.05,331.14,40,20,0.49
5,1,38,265,331.14,0.0,0.08,331.06,40,20,0.46
5,1,29,288,331.06,0.0,0.06,330.99,40,20,0.49
5,1,44,232,330.99,0.0,0.09,330.9,40,20,0.51
5,1,41,125,330.9,0.0,0.09,330.81,40,20,0.52
5,1,31,344,330.81,0.0,0.07,330.74,40,20,0.51
5,1,32,184,330.74,0.0,0.07,330.68,40,20,0.52
5,1,30,184,330.68,0.0,0.06,330.62,40,20,0.5
5,1,30,278,330.62,0.0,0.06,330.55,40,20,0.52
5,1,40,280,330.55,0.0,0.08,330.47,40,20,0.53
5,1,45,204,330.47,0.0,0.1,330.37,40,20,0.54
5,1,49,175,330.37,0.0,0.1,330.27,40,20,0.55
5,1,40,238,330.27,0.0,0.08,330.18,40,20,0.55
5,1,35,221,330.18,0.0,0.07,330.12,40,20,0.54
5,1,26,183,330.12,0.0,0.05,330.06,40,20,0.59
5,1,50,209,330.06,0.0,0.11,329.95,40,20,0.62
5,1,46,283,329.95,0.0,0.11,329.84,40,20,0.6
5,1,37,269,329.84,0.0,0.08,329.76,40,20,0.58
5,1,34,312,329.76,0.0,0.08,329.69,40,20,0.57
5,1,36,235,329.69,0.0,0.07,329.62,40,20,0.57
5,1,34,360,329.62,0.0,0.07,329.55,40,20,0.59
5,1,28,249,329.55,0.0,0.07,329.48,40,20,0.56
5,1,37,100,329.48,0.0,0.08,329.4,40,20,0.52
5,1,35,158,329.4,0.0,0.07,329.33,40,20,0.54
5,1,50,297,329.33,0.0,0.1,329.23,40,20,0.52
5,1,30,227,329.23,0.0,0.06,329.17,40,20,0.55
5,1,39,285,329.17,0.0,0.1,329.07,40,20,0.57
5,1,38,347,329.07,0.0,0.09,328.99,40,20,0.58
5,1,33,179,328.99,0.0,0.08,328.91,40,20,0.55
5,1,26,321,328.91,0.0,0.05,328.86,40,20,0.56
5,1,36,98,328.86,0.0,0.08,328.78,40,20,0.57
5,1,47,162,328.78,0.0,0.11,328.67,40,20,0.59
5,1,36,341,328.67,0.0,0.08,328.58,40,20,0.54
5,1,27,280,328.58,0.0,0.05,328.53,40,20,0.54
5,1,40,299,328.53,0.0,0.09,328.44,40,20,0.54
5,1,37,99,328.44,0.0,0.08,328.37,40,20,0.56
5,1,31,153,328.37,0.0,0.07,328.3,40,20,0.57
5,1,40,320,328.3,0.0,0.09,328.21,40,20,0.54
5,1,37,234,328.21,0.0,0.08,328.13,40,20,0.55
5,1,45,205,328.13,0.0,0.09,328.04,40,20,0.6
5,1,49,120,328.04,0.0,0.1,327.94,40,20,0.6
5,1,49,98,327.94,0.0,0.09,327.85,40,20,0.58
5,1,29,101,327.85,0.0,0.06,327.79,40,20,0.6
5,1,39,335,327.79,0.0,0.09,327.71,40,20,0.59
5,1,32,107,327.71,0.0,0.08,327.63,40,20,0.57
5,1,31,159,327.63,0.0,0.06,327.57,40,20,0.58
5,1,47,126,327.57,0.0,0.1,327.47,40,20,0.55
5,1,32,107,327.47,0.0,0.07,327.4,40,20,0.53
5,1,35,301,327.4,0.0,0.07,327.33,40,20,0.56
5,1,39,215,327.33,0.0,0.09,327.24,40,20,0.58
5,1,46,101,327.24,0.0,0.11,327.13,40,20,0.6
5,1,43,293,327.13,0.0,0.1,327.03,40,20,0.64
5,1,48,168,327.03,0.0,0.1,326.93,40,20,0.64
5,1,44,267,326.93,0.0,0.1,326.83,40,20,0.65
5,1,40,348,326.83,0.0,0.08,326.75,40,20,0.67
5,1,39,211,326.75,0.0,0.09,326.66,40,20,0.64
5,1,30,349,326.66,0.0,0.06,326.6,40,20,0.6
5,1,36,146,326.6,0.0,0.07,326.53,40,20,0.56
5,1,27,319,326.53,0.0,0.06,326.47,40,20,0.57
5,1,47,280,326.47,0.0,0.11,326.36,40,20,0.56
5,1,36,336,326.36,0.0,0.09,326.27,40,20,0.58
5,1,45,182,326.27,0.0,0.1,326.17,40,20,0.59
5,1,47,320,326.17,0.0,0.1,326.07,40,20,0.63
5,1,48,175,326.07,0.0,0.1,325.97,40,20,0.63
5,1,36,173,325.97,0.0,0.07,325.89,40,20,0.64
5,1,39,97,325.89,0.0,0.07,325.82,40,20,0.62
5,1,46,295,325.82,0.0,0.09,325.73,40,20,0.59
5,1,29,180,325.73,0.0,0.06,325.67,40,20,0.55
5,1,25,321,325.67,0.0,0.06,325.61,40,20,0.57
5,1,50,235,325.61,0.0,0.12,325.49,40,20,0.56
5,1,38,116,325.49,0.0,0.09,325.4,40,20,0.56
3,1,47,165,192.97,0.0,0.21,192.76,80,25,1.21
3,1,31,285,192.76,0.0,0.13,192.62,80,25,1.15
3,1,38,312,192.62,0.0,0.17,192.46,80,25,1.13
3,1,45,223,192.46,0.0,0.2,192.26,80,25,1.18
3,1,46,154,192.26,0.0,0.19,192.06,80,25,1.2
3,1,44,338,192.06,0.0,0.19,191.87,80,25,1.3
3,1,47,167,191.87,0.0,0.21,191.66,80,25,1.21
3,1,28,184,191.66,0.0,0.12,191.54,80,25,1.25
3,1,33,318,191.54,0.0,0.17,191.37,80,25,1.24
3,1,30,248,191.37,0.0,0.16,191.21,80,25,1.26
3,1,50,152,191.21,0.0,0.22,190.99,80,25,1.22
3,1,31,220,190.99,0.0,0.15,190.83,80,25,1.15
3,1,27,170,190.83,0.0,0.12,190.72,80,25,1.09
3,1,39,241,190.72,0.0,0.15,190.56,80,25,1.11
3,1,33,265,190.56,0.0,0.14,190.43,80,25,1.12
3,1,42,242,190.43,0.0,0.18,190.24,80,25,1.09
3,1,33,212,190.24,0.0,0.13,190.11,80,25,1.01
3,1,31,313,190.11,0.0,0.14,189.97,80,25,1.04
3,1,36,181,189.97,0.0,0.18,189.79,80,25,1.11
3,1,42,184,189.79,0.0,0.19,189.59,80,25,1.13
3,1,40,111,189.59,0.0,0.17,189.42,80,25,1.15
3,1,37,107,189.42,0.0,0.16,189.26,80,25,1.14
3,1,39,296,189.26,0.0,0.17,189.09,80,25,1.12
3,1,25,90,189.09,0.0,0.11,188.99,80,25,1.19
3,1,45,310,188.99,0.0,0.21,188.77,80,25,1.16
3,1,37,207,188.77,0.0,0.15,188.62,80,25,1.11
3,1,31,198,188.62,0.0,0.14,188.48,80,25,1.11
3,1,42,320,188.48,0.0,0.17,188.31,80,25,1.1
3,1,32,114,188.31,0.0,0.15,188.16,80,25,1.07
3,1,29,272,188.16,0.0,0.14,188.02,80,25,1.08
3,1,29,97,188.02,0.0,0.12,187.9,80,25,1.07
3,1,38,213,187.9,0.0,0.2,187.7,80,25,1.04
3,1,25,193,187.7,0.0,0.12,187.58,80,25,1.11
3,1,42,248,187.58,0.0,0.21,187.37,80,25,1.1
3,1,36,277,187.37,0.0,0.16,187.22,80,25,1.07
3,1,26,287,187.22,0.0,0.12,187.1,80,25,1.09
3,1,32,253,187.1,0.0,0.16,186.94,80,25,1.13
3,1,36,302,186.94,0.0,0.16,186.78,80,25,1.05
3,1,27,236,186.78,0.0,0.12,186.66,80,25,1.08
3,1,33,124,186.66,0.0,0.15,186.51,80,25,1.06
3,1,45,281,186.51,0.0,0.19,186.32,80,25,1.11
3,1,46,290,186.32,0.0,0.21,186.11,80,25,1.2
3,1,44,246,186.11,0.0,0.21,185.9,80,25,1.23
3,1,37,140,185.9,0.0,0.19,185.71,80,25,1.26
3,1,47,292,185.71,0.0,0.19,185.52,80,25,1.27
3,1,28,164,185.52,0.0,0.13,185.39,80,25,1.36
3,1,48,216,185.39,0.0,0.24,185.15,80,25,1.36
3,1,42,318,185.15,0.0,0.19,184.96,80,25,1.31
3,1,39,193,184.96,0.0,0.16,184.8,80,25,1.32
3,1,45,157,184.8,0.0,0.22,184.58,80,25,1.34
3,1,43,148,184.58,0.0,0.21,184.37,80,25,1.35
3,1,44,270,184.37,0.0,0.2,184.17,80,25,1.32
3,1,27,270,184.17,0.0,0.1,184.07,80,25,1.29
3,1,45,191,184.07,0.0,0.21,183.86,80,25,1.28
3,1,40,102,183.86,0.0,0.18,183.68,80,25,1.34
3,1,50,258,183.68,0.0,0.22,183.46,80,25,1.25
3,1,28,162,183.46,0.0,0.13,183.33,80,25,1.22
3,1,38,353,183.33,0.0,0.18,183.15,80,25,1.28
3,1,50,141,183.15,0.0,0.26,182.9,80,25,1.44
3,1,48,161,182.9,0.0,0.26,182.64,80,25,1.39
3,1,33,360,182.64,0.0,0.16,182.49,80,25,1.41
3,1,43,281,182.49,0.0,0.2,182.29,80,25,1.35
3,1,31,163,182.29,0.0,0.16,182.13,80,25,1.43
3,1,39,345,182.13,0.0,0.21,181.92,80,25,1.4
3,1,38,231,181.92,0.0,0.15,181.77,80,25,1.33
3,1,41,153,181.77,0.0,0.19,181.58,80,25,1.26
3,1,45,273,181.58,0.0,0.19,181.39,80,25,1.27
3,1,30,295,181.39,0.0,0.17,181.22,80,25,1.19
3,1,25,226,181.22,0.0,0.12,181.1,80,25,1.26
3,1,50,341,181.1,0.0,0.23,180.88,80,25,1.27
3,1,46,342,180.88,0.0,0.22,180.66,80,25,1.34
3,1,49,165,180.66,0.0,0.22,180.44,80,25,1.28
3,1,27,189,180.44,0.0,0.13,180.32,80,25,1.25
3,1,34,235,180.32,0.0,0.16,180.16,80,25,1.27
3,1,46,262,180.16,0.0,0.19,179.97,80,25,1.34
3,1,37,195,179.97,0.0,0.19,179.78,80,25,1.29
3,1,40,105,179.78,0.0,0.18,179.6,80,25,1.17
3,1,26,248,179.6,0.0,0.1,179.5,80,25,1.1
3,1,33,184,179.5,0.0,0.15,179.35,80,25,1.19
3,1,44,300,179.35,0.0,0.22,179.13,80,25,1.27
3,1,44,182,179.13,0.0,0.24,178.88,80,25,1.23
3,1,35,155,178.88,0.0,0.15,178.73,80,25,1.26
3,1,43,208,178.73,0.0,0.22,178.51,80,25,1.25
3,1,38,260,178.51,0.0,0.17,178.34,80,25,1.36
3,1,43,165,178.34,0.0,0.21,178.13,80,25,1.37
3,1,33,334,178.13,0.0,0.16,177.98,80,25,1.29
3,1,30,137,177.98,0.0,0.14,177.84,80,25,1.24
3,1,43,286,177.84,0.0,0.19,177.65,80,25,1.31
3,1,47,223,177.65,0.0,0.22,177.43,80,25,1.32
3,1,48,205,177.43,0.0,0.23,177.2,80,25,1.29
3,1,31,158,177.2,0.0,0.14,177.05,80,25,1.22
3,1,31,159,177.05,72.28,0.14,249.19,80,25,1.28
3,1,46,257,249.19,0.0,0.22,248.97,80,25,1.38
3,1,50,121,248.97,0.0,0.24,248.73,80,25,1.38
3,1,41,206,248.73,0.0,0.19,248.55,80,25,1.35
3,1,48,278,248.55,0.0,0.19,248.35,80,25,1.28
3,1,30,281,248.35,0.0,0.16,248.2,80,25,1.34
3,1,43,219,248.2,0.0,0.2,247.99,80,25,1.38
3,1,40,163,247.99,0.0,0.18,247.81,80,25,1.33
3,1,36,197,247.81,0.0,0.17,247.64,80,25,1.2
3,1,25,309,247.64,0.0,0.11,247.53,80,25,1.22
3,1,41,340,247.53,0.0,0.21,247.32,80,25,1.2
3,1,37,134,247.32,0.0,0.17,247.15,80,25,1.23
3,1,42,287,247.15,0.0,0.19,246.96,80,25,1.25
3,1,44,302,246.96,0.0,0.22,246.75,80,25,1.2
3,1,31,341,246.75,0.0,0.13,246.62,80,25,1.17
3,1,35,316,246.62,0.0,0.14,246.48,80,25,1.25
3,1,40,171,246.48,0.0,0.19,246.29,80,25,1.19
3,1,36,158,246.29,0.0,0.15,246.14,80,25,1.14
3,1,28,173,246.14,0.0,0.12,246.02,80,25,1.11
3,1,36,113,246.02,0.0,0.16,245.86,80,25,1.03
3,1,28,269,245.86,0.0,0.14,245.72,80,25,1.03
3,1,28,171,245.72,104.44,0.13,350.03,80,25,1.05
3,1,31,344,350.03,0.0,0.16,349.87,80,25,1.04
3,1,37,250,349.87,0.0,0.18,349.69,80,25,1.06
3,1,36,222,349.69,0.0,0.17,349.52,80,25,1.07
3,1,29,174,349.52,0.0,0.13,349.39,80,25,1.12
3,1,42,267,349.39,0.0,0.21,349.18,80,25,1.16
3,1,40,96,349.18,0.0,0.18,349.0,80,25,1.19
3,1,35,189,349.0,0.0,0.16,348.84,80,25,1.13
3,1,26,95,348.84,0.0,0.1,348.74,80,25,1.1
3,1,31,142,348.74,0.0,0.15,348.59,80,25,1.05
3,1,25,291,348.59,0.0,0.12,348.47,80,25,1.12
3,1,41,294,348.47,0.0,0.2,348.27,80,25,1.07
3,1,39,312,348.27,0.0,0.16,348.11,80,25,1.05
3,1,33,265,348.11,0.0,0.16,347.95,80,25,1.09
3,1,41,134,347.95,0.0,0.2,347.76,80,25,1.11
3,1,25,248,347.76,0.0,0.12,347.64,80,25,1.13
3,1,41,182,347.64,0.0,0.17,347.46,80,25,1.22
3,1,44,292,347.46,0.0,0.21,347.26,80,25,1.15
3,1,30,146,347.26,0.0,0.13,347.13,80,25,1.21
3,1,50,145,347.13,0.0,0.22,346.9,80,25,1.2
3,1,33,277,346.9,0.0,0.15,346.76,80,25,1.16
3,1,41,117,346.76,0.0,0.16,346.59,80,25,1.17
3,1,31,243,346.59,0.0,0.13,346.46,80,25,1.18
3,1,41,231,346.46,0.0,0.18,346.28,80,25,1.12
3,1,35,353,346.28,0.0,0.15,346.13,80,25,1.1
3,1,27,200,346.13,0.0,0.11,346.02,80,25,0.98
3,1,26,103,346.02,0.0,0.1,345.92,80,25,0.98
3,1,34,99,345.92,0.0,0.15,345.77,80,25,1.01
3,1,46,281,345.77,0.0,0.19,345.58,80,25,1.05
3,1,43,145,345.58,0.0,0.17,345.41,80,25,1.0
3,1,25,324,345.41,0.0,0.13,345.28,80,25,1.03
3,1,38,150,345.28,0.0,0.18,345.11,80,25,1.09
3,1,35,257,345.11,0.0,0.17,344.94,80,25,1.16
3,1,36,346,344.94,0.0,0.17,344.77,80,25,1.14
3,1,27,333,344.77,0.0,0.13,344.64,80,25,1.16
3,1,50,250,344.64,0.0,0.21,344.43,80,25,1.23
3,1,46,217,344.43,0.0,0.24,344.2,80,25,1.3
3,1,45,249,344.2,0.0,0.2,344.0,80,25,1.35
3,1,47,305,344.0,0.0,0.23,343.77,80,25,1.31
3,1,29,116,343.77,0.0,0.13,343.64,80,25,1.31
3,1,47,277,343.64,0.0,0.17,343.47,80,25,1.32
3,1,31,314,343.47,0.0,0.14,343.33,80,25,1.24
3,1,34,273,343.33,0.0,0.13,343.19,80,25,1.12
3,1,30,228,343.19,0.0,0.12,343.07,80,25,1.14
3,1,50,279,343.07,0.0,0.22,342.85,80,25,1.14
3,1,49,91,342.85,0.0,0.23,342.62,80,25,1.13
3,1,28,222,342.62,0.0,0.12,342.5,80,25,1.12
3,1,41,199,342.5,0.0,0.16,342.34,80,25,1.13
3,1,35,148,342.34,0.0,0.15,342.19,80,25,1.15
3,1,39,357,342.19,0.0,0.15,342.03,80,25,1.23
3,1,44,271,342.03,0.0,0.2,341.83,80,25,1.13
3,1,27,178,341.83,0.0,0.12,341.71,80,25,1.13
3,1,48,169,341.71,0.0,0.23,341.48,80,25,1.16
3,1,30,276,341.48,0.0,0.15,341.33,80,25,1.2
3,1,49,177,341.33,0.0,0.2,341.13,80,25,1.19
3,1,30,149,341.13,0.0,0.14,340.99,80,25,1.21
3,1,37,138,340.99,0.0,0.17,340.82,80,25,1.17
3,1,41,154,340.82,0.0,0.16,340.66,80,25,1.18
3,1,29,288,340.66,0.0,0.13,340.53,80,25,1.13
3,1,41,322,340.53,0.0,0.18,340.35,80,25,1.16
3,1,43,91,340.35,0.0,0.18,340.17,80,25,1.17
3,1,48,283,340.17,0.0,0.21,339.97,80,25,1.22
3,1,44,230,339.97,0.0,0.19,339.78,80,25,1.26
3,1,49,349,339.78,0.0,0.21,339.57,80,25,1.26
3,1,36,230,339.57,0.0,0.16,339.41,80,25,1.28
3,1,37,224,339.41,0.0,0.15,339.26,80,25,1.27
3,1,43,131,339.26,0.0,0.17,339.09,80,25,1.2
3,1,29,241,339.09,0.0,0.11,338.98,80,25,1.15
3,1,36,347,338.98,0.0,0.16,338.82,80,25,1.06
3,1,27,182,338.82,0.0,0.1,338.72,80,25,0.98
3,1,30,113,338.72,0.0,0.13,338.59,80,25,1.02
3,1,47,310,338.59,0.0,0.2,338.39,80,25,1.08
3,1,50,106,338.39,0.0,0.21,338.17,80,25,1.07
3,1,32,144,338.17,0.0,0.16,338.02,80,25,1.13
3,1,41,227,338.02,0.0,0.17,337.84,80,25,1.19
3,1,45,308,337.84,0.0,0.22,337.63,80,25,1.28
3,1,42,298,337.63,0.0,0.19,337.44,80,25,1.29
3,1,36,257,337.44,0.0,0.14,337.31,80,25,1.27
3,1,45,196,337.31,0.0,0.18,337.13,80,25,1.23
3,1,36,180,337.13,0.0,0.17,336.96,80,25,1.19
3,1,32,275,336.96,0.0,0.12,336.83,80,25,1.21
3,1,43,346,336.83,0.0,0.19,336.64,80,25,1.11
3,1,31,323,336.64,0.0,0.12,336.52,80,25,1.1
3,1,39,238,336.52,0.0,0.18,336.34,80,25,1.14
3,1,38,165,336.34,0.0,0.18,336.16,80,25,1.07
3,1,30,155,336.16,0.0,0.11,336.05,80,25,1.02
3,1,28,356,336.05,0.0,0.12,335.93,80,25,1.11
3,1,50,198,335.93,0.0,0.21,335.72,80,25,1.11
3,1,46,112,335.72,0.0,0.19,335.53,80,25,1.18
3,1,44,305,335.53,0.0,0.19,335.34,80,25,1.14
3,1,32,228,335.34,0.0,0.14,335.2,80,25,1.07
3,1,26,174,335.2,0.0,0.11,335.09,80,25,1.11
3,1,41,117,335.09,0.0,0.15,334.94,80,25,1.15
3,1,38,257,334.94,0.0,0.16,334.78,80,25,1.12
3,1,43,330,334.78,0.0,0.18,334.6,80,25,1.11
3,1,49,235,334.6,0.0,0.18,334.41,80,25,1.02
3,1,26,262,334.41,0.0,0.1,334.31,80,25,1.0
3,1,27,344,334.31,0.0,0.12,334.19,80,25,1.05
3,1,37,282,334.19,0.0,0.16,334.03,80,25,1.07
3,1,46,130,334.03,0.0,0.17,333.86,80,25,1.12
3,1,46,347,333.86,0.0,0.21,333.66,80,25,1.1
3,1,44,353,333.66,0.0,0.16,333.5,80,25,1.03
3,1,25,334,333.5,0.0,0.11,333.39,80,25,1.12
3,1,50,330,333.39,0.0,0.19,333.2,80,25,1.1
3,1,26,230,333.2,0.0,0.1,333.1,80,25,1.12
3,1,45,309,333.1,0.0,0.18,332.92,80,25,1.05
3,1,28,338,332.92,0.0,0.1,332.82,80,25,1.0
3,1,36,325,332.82,0.0,0.16,332.66,80,25,1.02
3,1,38,273,332.66,0.0,0.18,332.48,80,25,1.02
3,1,30,162,332.48,0.0,0.11,332.38,80,25,1.01
3,1,43,335,332.38,0.0,0.18,332.2,80,25,1.07
3,1,43,191,332.2,0.0,0.16,332.04,80,25,1.03
3,1,39,102,332.04,0.0,0.14,331.9,80,25,1.1
3,1,41,193,331.9,0.0,0.17,331.73,80,25,1.11
3,1,39,127,331.73,0.0,0.17,331.56,80,25,1.1
3,1,38,282,331.56,0.0,0.17,331.39,80,25,1.18
3,1,50,184,331.39,0.0,0.19,331.2,80,25,1.1
3,1,27,160,331.2,0.0,0.1,331.1,80,25,1.13
3,1,46,95,331.1,0.0,0.19,330.9,80,25,1.15
3,1,43,175,330.9,0.0,0.16,330.74,80,25,1.13
3,1,40,182,330.74,0.0,0.15,330.6,80,25,1.17
3,1,47,187,330.6,0.0,0.21,330.39,80,25,1.21
3,1,46,216,330.39,0.0,0.21,330.18,80,25,1.19
3,1,45,248,330.18,0.0,0.17,330.01,80,25,1.18
3,1,26,121,330.01,0.0,0.09,329.92,80,25,1.13
3,1,36,276,329.92,0.0,0.14,329.78,80,25,1.1
3,1,34,138,329.78,0.0,0.13,329.65,80,25,1.09
3,1,33,345,329.65,0.0,0.14,329.51,80,25,1.06
3,1,46,115,329.51,0.0,0.18,329.33,80,25,1.0
3,1,38,225,329.33,0.0,0.15,329.18,80,25,0.96
3,1,31,352,329.18,0.0,0.13,329.05,80,25,1.02
3,1,37,307,329.05,0.0,0.15,328.9,80,25,0.98
3,1,25,192,328.9,0.0,0.1,328.8,80,25,0.97
3,1,30,173,328.8,0.0,0.12,328.68,80,25,0.96
3,1,34,194,328.68,0.0,0.13,328.55,80,25,0.88
3,1,25,331,328.55,0.0,0.1,328.45,80,25,0.94
3,1,48,267,328.45,0.0,0.21,328.24,80,25,0.97
3,1,48,301,328.24,0.0,0.16,328.08,80,25,0.94
3,1,32,262,328.08,0.0,0.12,327.96,80,25,0.95
3,1,29,103,327.96,0.0,0.11,327.85,80,25,1.01
3,1,49,310,327.85,0.0,0.18,327.66,80,25,1.04
3,1,37,223,327.66,0.0,0.16,327.5,80,25,1.08
3,1,34,292,327.5,0.0,0.14,327.36,80,25,1.02
3,1,42,335,327.36,0.0,0.15,327.21,80,25,1.06
3,1,44,130,327.21,0.0,0.2,327.02,80,25,1.07
3,1,38,116,327.02,0.0,0.13,326.88,80,25,1.12
3,1,43,196,326.88,0.0,0.16,326.72,80,25,1.04
3,1,27,200,326.72,0.0,0.1,326.61,80,25,0.98
3,1,26,144,326.61,0.0,0.1,326.52,80,25,1.06
3,1,50,236,326.52,0.0,0.22,326.3,80,25,1.1
3,1,50,161,326.3,0.0,0.19,326.11,80,25,1.01
3,1,27,309,326.11,0.0,0.11,326.01,80,25,1.05
3,1,41,317,326.01,0.0,0.17,325.83,80,25,1.04
3,1,38,225,325.83,65.91,0.15,391.59,80,25,1.1
3,1,39,288,391.59,0.0,0.16,391.44,80,25,1.13
3,1,34,334,391.44,0.0,0.13,391.3,80,25,1.06
3,1,39,166,391.3,0.0,0.15,391.15,80,25,1.0
3,1,40,167,391.15,0.0,0.13,391.02,80,25,1.04
3,1,43,153,391.02,0.0,0.15,390.86,80,25,0.98
3,1,35,325,390.86,0.0,0.11,390.75,80,25,1.01
3,1,50,177,390.75,0.0,0.18,390.57,80,25,1.0
3,1,43,243,390.57,77.33,0.15,467.75,80,25,0.98
3,1,29,215,467.75,0.0,0.11,467.65,80,25,0.96
3,1,36,154,467.65,0.0,0.13,467.52,80,25,1.02
3,1,45,153,467.52,0.0,0.19,467.32,80,25,1.07
3,1,50,324,467.32,0.0,0.2,467.13,80,25,1.1
3,1,35,202,467.13,0.0,0.14,466.99,80,25,1.01
3,1,26,235,466.99,0.0,0.09,466.9,80,25,1.05
3,1,50,146,466.9,0.0,0.19,466.7,80,25,1.04
3,1,25,113,466.7,0.0,0.1,466.6,80,25,1.07
3,1,37,183,466.6,0.0,0.16,466.44,80,25,1.07
3,1,44,138,466.44,0.0,0.19,466.25,80,25,1.02
3,1,39,226,466.25,0.0,0.15,466.1,80,25,0.99
3,1,33,262,466.1,0.0,0.11,465.99,80,25,1.08
3,1,42,174,465.99,0.0,0.18,465.8,80,25,1.09
3,1,47,257,465.8,0.0,0.2,465.61,80,25,1.14
3,1,36,295,465.61,0.0,0.15,465.45,80,25,1.13
3,1,39,232,465.45,0.0,0.15,465.3,80,25,1.11
3,1,44,156,465.3,0.0,0.17,465.13,80,25,1.06
3,1,28,328,465.13,0.0,0.1,465.03,80,25,1.13
3,1,43,347,465.03,0.0,0.18,464.85,80,25,1.07
3,1,30,172,464.85,0.0,0.12,464.73,80,25,0.99
3,1,35,187,464.73,0.0,0.12,464.61,80,25,0.95
3,1,27,230,464.61,0.0,0.11,464.51,80,25,0.96
3,1,48,205,464.51,0.0,0.16,464.34,80,25,0.9
3,1,29,167,464.34,0.0,0.11,464.23,80,25,0.94
3,1,36,149,464.23,0.0,0.14,464.09,80,25,0.98
3,1,49,157,464.09,0.0,0.22,463.88,80,25,1.02
3,1,48,105,463.88,0.0,0.16,463.71,80,25,1.06
3,1,45,252,463.71,0.0,0.16,463.56,80,25,1.12
3,1,46,244,463.56,0.0,0.17,463.39,80,25,1.16
3,1,50,126,463.39,0.0,0.2,463.19,80,25,1.21
3,1,46,200,463.19,0.0,0.16,463.03,80,25,1.18
3,1,29,142,463.03,0.0,0.11,462.92,80,25,1.15
3,1,47,338,462.92,0.0,0.19,462.73,80,25,1.1
3,1,30,252,462.73,0.0,0.11,462.63,80,25,1.14
3,1,45,291,462.63,0.0,0.2,462.43,80,25,1.1
3,1,40,340,462.43,0.0,0.13,462.3,80,25,1.11
3,1,48,331,462.3,0.0,0.21,462.09,80,25,1.09
3,1,36,290,462.09,0.0,0.14,461.94,80,25,1.1
3,1,32,172,461.94,0.0,0.12,461.82,80,25,1.06
3,1,34,291,461.82,0.0,0.15,461.67,80,25,1.05
3,1,26,298,461.67,0.0,0.1,461.57,80,25,1.04
3,1,44,297,461.57,0.0,0.19,461.38,80,25,1.09
3,1,41,259,461.38,0.0,0.18,461.19,80,25,1.07
3,1,47,357,461.19,0.0,0.19,461.0,80,25,1.05
3,1,31,194,461.0,0.0,0.12,460.87,80,25,1.06
3,1,34,107,460.87,0.0,0.13,460.75,80,25,1.09
3,1,50,283,460.75,0.0,0.18,460.57,80,25,1.18
3,1,47,278,460.57,0.0,0.19,460.38,80,25,1.09
3,1,26,287,460.38,0.0,0.1,460.28,80,25,1.12
3,1,48,125,460.28,0.0,0.21,460.07,80,25,1.12
3,1,48,306,460.07,0.0,0.19,459.88,80,25,1.14
3,1,33,213,459.88,0.0,0.14,459.74,80,25,1.17
3,1,47,184,459.74,0.0,0.16,459.58,80,25,1.09
3,1,27,320,459.58,0.0,0.1,459.48,80,25,1.03
3,1,36,266,459.48,0.0,0.13,459.36,80,25,1.09
3,1,39,102,459.36,0.0,0.16,459.2,80,25,1.01
3,1,29,348,459.2,0.0,0.13,459.07,80,25,0.95
3,1,35,203,459.07,0.0,0.13,458.94,80,25,1.01
3,1,43,195,458.94,0.0,0.2,458.74,80,25,0.98
3,1,30,239,458.74,0.0,0.13,458.62,80,25,1.04
3,1,40,190,458.62,0.0,0.16,458.45,80,25,1.06
3,1,36,252,458.45,0.0,0.15,458.3,80,25,1.04
3,1,35,136,458.3,0.0,0.14,458.16,80,25,1.1
3,1,44,137,458.16,0.0,0.19,457.97,80,25,1.12
3,1,36,158,457.97,0.0,0.15,457.82,80,25,1.03
3,1,26,176,457.82,0.0,0.11,457.71,80,25,1.04
3,1,33,187,457.71,0.0,0.14,457.57,80,25,1.06
3,1,40,99,457.57,0.0,0.18,457.39,80,25,1.08
3,1,42,270,457.39,0.0,0.17,457.22,80,25,1.07
3,1,28,117,457.22,0.0,0.13,457.09,80,25,1.08
3,1,46,278,457.09,0.0,0.2,456.89,80,25,1.05
3,1,28,158,456.89,0.0,0.12,456.77,80,25,1.15
3,1,49,119,456.77,0.0,0.21,456.57,80,25,1.19
3,1,44,352,456.57,0.0,0.18,456.39,80,25,1.13
3,1,30,119,456.39,0.0,0.12,456.27,80,25,1.11
3,1,36,219,456.27,0.0,0.15,456.12,80,25,1.16
3,1,41,179,456.12,0.0,0.18,455.94,80,25,1.16
3,1,45,295,455.94,0.0,0.2,455.74,80,25,1.2
3,1,39,180,455.74,0.0,0.16,455.58,80,25,1.15
3,1,34,291,455.58,0.0,0.16,455.42,80,25,1.11
3,1,29,310,455.42,0.0,0.14,455.28,80,25,1.11
3,1,27,118,455.28,0.0,0.12,455.16,80,25,1.1
3,1,35,134,455.16,0.0,0.14,455.02,80,25,1.12
3,1,47,95,455.02,0.0,0.2,454.83,80,25,1.04
3,1,27,202,454.83,77.73,0.12,532.44,80,25,1.01
3,1,29,252,532.44,0.0,0.13,532.31,80,25,1.06
3,1,48,296,532.31,0.0,0.21,532.09,80,25,1.13
3,1,49,322,532.09,0.0,0.21,531.88,80,25,1.17
3,1,38,305,531.88,0.0,0.16,531.71,80,25,1.17
3,1,28,252,531.71,0.0,0.14,531.58,80,25,1.16
3,1,43,137,531.58,0.0,0.19,531.39,80,25,1.18
3,1,37,326,531.39,0.0,0.14,531.25,80,25,1.24
3,1,45,244,531.25,0.0,0.19,531.06,80,25,1.21
3,1,39,131,531.06,0.0,0.18,530.88,80,25,1.13
3,1,31,139,530.88,0.0,0.13,530.75,80,25,1.19
3,1,49,294,530.75,0.0,0.22,530.53,80,25,1.26
3,1,48,188,530.53,0.0,0.21,530.32,80,25,1.3
3,1,47,289,530.32,0.0,0.23,530.09,80,25,1.26
3,1,28,208,530.09,0.0,0.1,529.99,80,25,1.18
3,1,25,186,529.99,0.0,0.11,529.88,80,25,1.13
3,1,36,278,529.88,71.65,0.13,601.4,80,25,1.15
3,1,32,92,601.4,0.0,0.15,601.25,80,25,1.04
3,1,26,106,601.25,0.0,0.11,601.14,80,25,0.95
3,1,25,269,601.14,0.0,0.12,601.02,80,25,0.84
3,1,27,110,601.02,0.0,0.12,600.91,80,25,0.85
3,1,28,123,600.91,0.0,0.11,600.8,80,25,0.92
3,1,42,168,600.8,0.0,0.18,600.62,80,25,0.92
3,1,28,196,600.62,0.0,0.13,600.49,80,25,0.96
3,1,40,118,600.49,0.0,0.19,600.3,80,25,1.05
3,1,45,318,600.3,0.0,0.2,600.1,80,25,1.15
3,1,44,164,600.1,0.0,0.22,599.88,80,25,1.23
3,1,47,329,599.88,0.0,0.2,599.68,80,25,1.29
3,1,39,351,599.68,0.0,0.17,599.51,80,25,1.34
3,1,47,220,599.51,0.0,0.23,599.27,80,25,1.36
3,1,33,103,599.27,0.0,0.15,599.12,80,25,1.29
3,1,25,249,599.12,0.0,0.12,599.0,80,25,1.27
3,1,38,166,599.0,0.0,0.18,598.83,80,25,1.18
3,1,31,272,598.83,0.0,0.13,598.7,80,25,1.18
3,1,48,154,598.7,0.0,0.2,598.5,80,25,1.19
3,1,36,124,598.5,0.0,0.18,598.32,80,25,1.12
3,1,36,145,598.32,0.0,0.16,598.15,80,25,1.15
3,1,41,269,598.15,0.0,0.18,597.97,80,25,1.29
3,1,49,338,597.97,0.0,0.26,597.71,80,25,1.27
3,1,39,249,597.71,0.0,0.16,597.55,80,25,1.31
3,1,40,172,597.55,0.0,0.17,597.38,80,25,1.28
3,1,39,327,597.38,0.0,0.17,597.21,80,25,1.24
3,1,29,103,597.21,0.0,0.14,597.07,80,25,1.2
3,1,30,252,597.07,0.0,0.12,596.95,80,25,1.14
3,1,28,148,596.95,52.67,0.12,649.5,80,25,1.07
3,1,43,105,649.5,0.0,0.19,649.31,80,25,1.05
3,1,32,103,649.31,0.0,0.14,649.17,80,25,1.05
3,1,42,171,649.17,0.0,0.17,649.0,80,25,0.99
3,1,25,212,649.0,0.0,0.11,648.89,80,25,1.0
3,1,30,178,648.89,0.0,0.15,648.74,80,25,1.01
3,1,26,113,648.74,0.0,0.13,648.61,80,25,1.08
3,1,47,267,648.61,0.0,0.19,648.42,80,25,1.01
3,1,29,182,648.42,0.0,0.12,648.3,80,25,1.0
3,1,25,90,648.3,0.0,0.13,648.18,80,25,1.0
3,1,36,347,648.18,0.0,0.17,648.01,80,25,1.05
3,1,35,296,648.01,0.0,0.16,647.85,80,25,1.09
3,1,42,98,647.85,0.0,0.19,647.66,80,25,1.11
3,1,37,277,647.66,0.0,0.15,647.51,80,25,1.1
3,1,36,206,647.51,0.0,0.18,647.33,80,25,1.1
3,1,31,291,647.33,0.0,0.12,647.21,80,25,1.15
3,1,39,151,647.21,0.0,0.18,647.03,80,25,1.17
3,1,43,268,647.03,0.0,0.19,646.84,80,25,1.18
3,1,36,258,646.84,0.0,0.17,646.68,80,25,1.23
3,1,49,306,646.68,0.0,0.24,646.44,80,25,1.23
3,1,33,98,646.44,0.0,0.15,646.28,80,25,1.17
3,1,26,274,646.28,0.0,0.12,646.16,80,25,1.22
3,1,34,190,646.16,0.0,0.17,645.99,80,25,1.2
3,1,35,158,645.99,0.0,0.16,645.83,80,25,1.17
3,1,32,150,645.83,0.0,0.16,645.68,80,25,1.18
3,1,33,353,645.68,0.0,0.18,645.5,80,25,1.16
3,1,46,332,645.5,0.0,0.22,645.27,80,25,1.23
3,1,45,318,645.27,0.0,0.22,645.06,80,25,1.27
3,1,34,341,645.06,0.0,0.16,644.9,80,25,1.24
3,1,28,342,644.9,0.0,0.14,644.76,80,25,1.24
3,1,34,290,644.76,0.0,0.16,644.6,80,25,1.21
3,1,27,258,644.6,0.0,0.13,644.48,80,25,1.26
3,1,48,207,644.48,0.0,0.23,644.25,80,25,1.21
3,1,37,245,644.25,0.0,0.17,644.08,80,25,1.18
3,1,42,138,644.08,0.0,0.19,643.89,80,25,1.16
3,1,39,242,643.89,0.0,0.14,643.75,80,25,1.15
3,1,29,234,643.75,0.0,0.13,643.61,80,25,1.11
3,1,26,218,643.61,0.0,0.12,643.49,80,25,1.13
3,1,28,161,643.49,0.0,0.15,643.34,80,25,1.12
3,1,47,194,643.34,0.0,0.22,643.12,80,25,1.17
3,1,44,246,643.12,0.0,0.22,642.9,80,25,1.18
3,1,48,252,642.9,0.0,0.2,642.7,80,25,1.23
3,1,41,159,642.7,0.0,0.19,642.52,80,25,1.27
3,1,36,150,642.52,0.0,0.17,642.34,80,25,1.33
3,1,33,156,642.34,0.0,0.18,642.17,80,25,1.31
3,1,25,269,642.17,0.0,0.13,642.04,80,25,1.23
3,1,30,267,642.04,0.0,0.14,641.9,80,25,1.27
3,1,48,197,641.9,0.0,0.26,641.64,80,25,1.27
3,1,37,299,641.64,0.0,0.2,641.44,80,25,1.21
3,1,28,215,641.44,0.0,0.13,641.31,80,25,1.23
3,1,32,199,641.31,0.0,0.19,641.13,80,25,1.23
3,1,44,276,641.13,0.0,0.18,640.94,80,25,1.28
3,1,39,309,640.94,0.0,0.18,640.77,80,25,1.31
3,1,38,310,640.77,0.0,0.17,640.59,80,25,1.24
3,1,41,102,640.59,0.0,0.19,640.4,80,25,1.17
3,1,28,153,640.4,0.0,0.13,640.27,80,25,1.16
3,1,28,153,640.27,0.0,0.12,640.15,80,25,1.23
3,1,47,277,640.15,0.0,0.26,639.89,80,25,1.24
3,1,40,165,639.89,0.0,0.19,639.7,80,25,1.23
3,1,37,113,639.7,0.0,0.17,639.52,80,25,1.27
3,1,41,146,639.52,0.0,0.21,639.32,80,25,1.29
3,1,42,142,639.32,0.0,0.21,639.11,80,25,1.3
3,1,30,329,639.11,0.0,0.14,638.96,80,25,1.39
3,1,42,161,638.96,0.0,0.21,638.75,80,25,1.27
3,1,28,292,638.75,0.0,0.14,638.61,80,25,1.28
3,1,44,356,638.61,0.0,0.2,638.41,80,25,1.27
3,1,35,289,638.41,0.0,0.16,638.25,80,25,1.28
3,1,48,142,638.25,0.0,0.22,638.04,80,25,1.25
3,1,38,141,638.04,0.0,0.18,637.86,80,25,1.28
3,1,36,228,637.86,0.0,0.17,637.69,80,25,1.19
3,1,32,163,637.69,0.0,0.12,637.57,80,25,1.27
3,1,47,356,637.57,0.0,0.22,637.35,80,25,1.29
3,1,43,102,637.35,0.0,0.22,637.13,80,25,1.27
3,1,30,109,637.13,0.0,0.14,636.99,80,25,1.26
3,1,42,306,636.99,0.0,0.21,636.79,80,25,1.25
3,1,36,96,636.79,0.0,0.17,636.62,80,25,1.25
3,1,37,214,636.62,0.0,0.17,636.44,80,25,1.25
3,1,27,304,636.44,0.0,0.12,636.32,80,25,1.21
3,1,37,120,636.32,0.0,0.18,636.14,80,25,1.11
3,1,27,326,636.14,0.0,0.12,636.03,80,25,1.11
3,1,32,197,636.03,0.0,0.14,635.89,80,25,1.08
3,1,37,194,635.89,0.0,0.18,635.71,80,25,1.1
3,1,45,109,635.71,0.0,0.19,635.52,80,25,1.07
3,1,28,123,635.52,0.0,0.14,635.38,80,25,1.11
3,1,35,97,635.38,0.0,0.16,635.22,80,25,1.04
3,1,25,255,635.22,0.0,0.11,635.11,80,25,1.04
3,1,27,159,635.11,0.0,0.12,634.98,80,25,1.04
3,1,30,140,634.98,0.0,0.14,634.84,80,25,1.11
3,1,49,252,634.84,0.0,0.25,634.59,80,25,1.12
3,1,44,167,634.59,0.0,0.2,634.39,80,25,1.14
3,1,32,325,634.39,0.0,0.16,634.23,80,25,1.18
3,1,47,116,634.23,0.0,0.2,634.04,80,25,1.25
3,1,36,96,634.04,0.0,0.18,633.86,80,25,1.32
3,1,39,204,633.86,0.0,0.19,633.67,80,25,1.33
3,1,31,92,633.67,0.0,0.15,633.52,80,25,1.23
3,1,32,137,633.52,0.0,0.15,633.37,80,25,1.26
3,1,49,190,633.37,0.0,0.23,633.14,80,25,1.33
3,1,49,328,633.14,0.0,0.23,632.91,80,25,1.28
3,1,28,196,632.91,0.0,0.15,632.76,80,25,1.34
3,1,48,147,632.76,0.0,0.24,632.52,80,25,1.27
3,1,30,264,632.52,0.0,0.12,632.4,80,25,1.28
3,1,36,243,632.4,0.0,0.16,632.24,80,25,1.35
3,1,46,145,632.24,0.0,0.22,632.01,80,25,1.31
3,1,41,127,632.01,0.0,0.19,631.83,80,25,1.23
3,1,34,357,631.83,0.0,0.15,631.68,80,25,1.26
3,1,40,317,631.68,0.0,0.18,631.49,80,25,1.2
3,1,38,309,631.49,0.0,0.18,631.31,80,25,1.18
3,1,28,349,631.31,0.0,0.1,631.2,80,25,1.18
3,1,37,191,631.2,0.0,0.16,631.04,80,25,1.07
3,1,28,201,631.04,0.0,0.11,630.93,80,25,1.02
3,1,34,244,630.93,0.0,0.14,630.78,80,25,0.99
3,1,26,187,630.78,0.0,0.12,630.66,80,25,1.05
3,1,49,109,630.66,0.0,0.24,630.43,80,25,1.02
3,1,37,207,630.43,0.0,0.15,630.27,80,25,1.07
3,1,33,152,630.27,0.0,0.15,630.12,80,25,1.1
3,1,37,227,630.12,0.0,0.19,629.94,80,25,1.16
3,1,36,317,629.94,0.0,0.17,629.77,80,25,1.19
3,1,39,312,629.77,0.0,0.17,629.6,80,25,1.27
3,1,50,216,629.6,0.0,0.2,629.4,80,25,1.15
3,1,30,321,629.4,0.0,0.12,629.28,80,25,1.14
3,1,33,345,629.28,0.0,0.14,629.14,80,25,1.16
3,1,35,211,629.14,0.0,0.17,628.96,80,25,1.09
3,1,27,178,628.96,0.0,0.12,628.84,80,25,1.12
3,1,45,96,628.84,0.0,0.2,628.64,80,25,1.15
3,1,46,247,628.64,0.0,0.2,628.44,80,25,1.16
3,1,47,212,628.44,0.0,0.21,628.23,80,25,1.21
3,1,40,350,628.23,0.0,0.17,628.06,80,25,1.28
3,1,49,95,628.06,0.0,0.21,627.85,80,25,1.31
3,1,43,293,627.85,0.0,0.2,627.65,80,25,1.29
3,1,26,202,627.65,0.0,0.1,627.55,80,25,1.29
3,1,43,255,627.55,0.0,0.2,627.34,80,25,1.26
3,1,37,334,627.34,0.0,0.17,627.18,80,25,1.24
3,1,43,171,627.18,0.0,0.19,626.98,80,25,1.21
3,1,32,133,626.98,0.0,0.14,626.85,80,25,1.16
3,1,38,151,626.85,0.0,0.16,626.68,80,25,1.05
3,1,25,354,626.68,0.0,0.09,626.59,80,25,1.08
3,1,27,166,626.59,0.0,0.13,626.47,80,25,1.1
3,1,49,96,626.47,0.0,0.22,626.24,80,25,1.05
3,1,34,322,626.24,0.0,0.12,626.12,80,25,1.06
3,1,48,184,626.12,0.0,0.2,625.92,80,25,1.11
3,1,47,348,625.92,0.0,0.19,625.73,80,25,1.05
3,1,27,319,625.73,0.0,0.1,625.63,80,25,1.13
3,1,37,194,625.63,0.0,0.17,625.46,80,25,1.19
3,1,46,157,625.46,0.0,0.19,625.27,80,25,1.15
3,1,42,184,625.27,0.0,0.18,625.09,80,25,1.14
3,1,28,172,625.09,0.0,0.11,624.98,80,25,1.13
3,1,42,164,624.98,0.0,0.19,624.79,80,25,1.16
3,1,50,95,624.79,0.0,0.22,624.57,80,25,1.21
3,1,36,192,624.57,0.0,0.15,624.42,80,25,1.2
3,1,37,153,624.42,0.0,0.16,624.26,80,25,1.21
3,1,47,104,624.26,0.0,0.2,624.06,80,25,1.23
3,1,44,316,624.06,0.0,0.2,623.85,80,25,1.3
3,1,46,351,623.85,0.0,0.18,623.68,80,25,1.26
3,1,39,276,623.68,0.0,0.15,623.52,80,25,1.19
3,1,36,204,623.52,0.0,0.15,623.38,80,25,1.25
3,1,45,153,623.38,0.0,0.21,623.17,80,25,1.33
3,1,49,230,623.17,0.0,0.24,622.93,80,25,1.35
3,1,50,182,622.93,0.0,0.22,622.71,80,25,1.32
3,1,37,274,622.71,0.0,0.17,622.54,80,25,1.27
3,1,33,225,622.54,0.0,0.13,622.42,80,25,1.26
3,1,29,91,622.42,0.0,0.14,622.28,80,25,1.29
3,1,39,94,622.28,0.0,0.18,622.1,80,25,1.27
3,1,48,315,622.1,0.0,0.19,621.91,80,25,1.21
3,1,44,230,621.91,0.0,0.18,621.72,80,25,1.13
3,1,36,168,621.72,0.0,0.14,621.59,80,25,1.12
3,1,40,321,621.59,0.0,0.16,621.42,80,25,1.16
3,1,42,249,621.42,0.0,0.17,621.26,80,25,1.17
3,1,33,322,621.26,0.0,0.15,621.1,80,25,1.12
3,1,31,107,621.1,0.0,0.13,620.98,80,25,1.08
3,1,39,146,620.98,0.0,0.15,620.82,80,25,1.06
3,1,38,291,620.82,0.0,0.16,620.67,80,25,1.02
3,1,25,222,620.67,0.0,0.1,620.57,80,25,1.02
3,1,46,226,620.57,0.0,0.16,620.4,80,25,0.97
3,1,27,281,620.4,0.0,0.12,620.29,80,25,0.98
3,1,34,131,620.29,0.0,0.16,620.13,80,25,0.96
3,1,28,218,620.13,0.0,0.11,620.02,80,25,0.96
3,1,36,167,620.02,0.0,0.15,619.87,80,25,0.98
3,1,48,301,619.87,0.0,0.18,619.69,80,25,1.02
3,1,32,199,619.69,0.0,0.14,619.55,80,25,1.02
3,1,40,352,619.55,0.0,0.16,619.39,80,25,1.1
3,1,50,91,619.39,0.0,0.2,619.18,80,25,1.06
3,1,35,110,619.18,0.0,0.12,619.06,80,25,1.04
3,1,26,186,619.06,0.0,0.09,618.97,80,25,1.09
3,1,48,135,618.97,0.0,0.2,618.76,80,25,1.08
3,1,42,153,618.76,0.0,0.17,618.59,80,25,1.1
3,1,40,108,618.59,0.0,0.16,618.43,80,25,1.07
3,1,29,150,618.43,0.0,0.13,618.3,80,25,0.97
3,1,26,90,618.3,0.0,0.1,618.21,80,25,1.04
3,1,44,110,618.21,0.0,0.19,618.02,80,25,1.11
3,1,41,248,618.02,0.0,0.16,617.85,80,25,1.04
3,1,33,116,617.85,0.0,0.13,617.73,80,25,1.03
3,1,35,125,617.73,0.0,0.16,617.57,80,25,1.09
3,1,50,305,617.57,0.0,0.22,617.34,80,25,1.15
3,1,42,210,617.34,0.0,0.19,617.16,80,25,1.29
3,1,50,101,617.16,0.0,0.24,616.92,80,25,1.21
3,1,27,300,616.92,0.0,0.11,616.81,80,25,1.16
3,1,29,154,616.81,0.0,0.11,616.7,80,25,1.14
3,1,31,171,616.7,0.0,0.11,616.59,80,25,1.11
3,1,38,225,616.59,0.0,0.13,616.45,80,25,1.02
3,1,38,119,616.45,0.0,0.13,616.32,80,25,0.96
3,1,30,274,616.32,0.0,0.13,616.19,80,25,0.91
3,1,46,314,616.19,0.0,0.19,616.01,80,25,0.94
3,1,35,132,616.01,0.0,0.14,615.86,80,25,1.02
3,1,44,257,615.86,0.0,0.19,615.67,80,25,1.03
3,1,33,173,615.67,0.0,0.12,615.55,80,25,1.02
3,1,30,159,615.55,0.0,0.12,615.42,80,25,1.02
3,1,36,168,615.42,0.0,0.13,615.29,80,25,1.03
3,1,34,221,615.29,0.0,0.14,615.15,80,25,0.98
3,1,34,261,615.15,0.0,0.14,615.01,80,25,0.97
3,1,40,168,615.01,0.0,0.13,614.88,80,25,0.89
3,1,29,148,614.88,0.0,0.11,614.77,80,25,0.95
3,1,44,241,614.77,0.0,0.18,614.59,80,25,0.98
3,1,40,303,614.59,0.0,0.15,614.44,80,25,0.97
3,1,36,342,614.44,0.0,0.12,614.32,80,25,0.95
3,1,34,134,614.32,0.0,0.12,614.2,80,25,1.0
3,1,48,348,614.2,0.0,0.19,614.0,80,25,1.01
3,1,30,311,614.0,0.0,0.14,613.87,80,25,1.02
3,1,28,192,613.87,0.0,0.12,613.75,80,25,0.95
3,1,30,289,613.75,0.0,0.11,613.64,80,25,0.94
3,1,35,277,613.64,0.0,0.14,613.5,80,25,0.95
3,1,31,162,613.5,0.0,0.13,613.37,80,25,0.97
3,1,32,209,613.37,0.0,0.14,613.23,80,25,0.88
3,1,26,336,613.23,0.0,0.1,613.13,80,25,0.93
3,1,50,252,613.13,0.0,0.19,612.93,80,25,0.95
3,1,32,249,612.93,0.0,0.14,612.79,80,25,0.95
3,1,28,136,612.79,0.0,0.11,612.68,80,25,0.96
3,1,36,248,612.68,0.0,0.15,612.53,80,25,0.95
3,1,28,318,612.53,0.0,0.12,612.41,80,25,1.01
3,1,46,190,612.41,0.0,0.2,612.21,80,25,1.07
3,1,38,125,612.21,0.0,0.16,612.06,80,25,0.99
3,1,39,216,612.06,0.0,0.11,611.95,80,25,1.01
3,1,40,210,611.95,0.0,0.16,611.79,80,25,1.06
3,1,46,261,611.79,0.0,0.16,611.63,80,25,1.03
3,1,33,219,611.63,0.0,0.12,611.51,80,25,1.07
3,1,41,148,611.51,0.0,0.16,611.36,80,25,1.04
3,1,44,348,611.36,0.0,0.17,611.19,80,25,1.0
3,1,30,346,611.19,0.0,0.12,611.06,80,25,1.06
3,1,41,340,611.06,0.0,0.17,610.9,80,25,1.04
3,1,41,277,610.9,0.0,0.14,610.76,80,25,1.04
3,1,38,216,610.76,0.0,0.16,610.61,80,25,1.07
3,1,36,349,610.61,0.0,0.15,610.46,80,25,1.07
3,1,38,215,610.46,0.0,0.16,610.3,80,25,1.08
3,1,47,266,610.3,0.0,0.18,610.12,80,25,1.08
3,1,30,229,610.12,0.0,0.12,610.0,80,25,1.04
3,1,35,102,610.0,0.0,0.13,609.87,80,25,1.03
3,1,33,357,609.87,0.0,0.13,609.74,80,25,1.02
3,1,42,144,609.74,0.0,0.15,609.59,80,25,1.0
3,1,30,210,609.59,0.0,0.13,609.46,80,25,0.99
3,1,40,155,609.46,0.0,0.15,609.31,80,25,0.91
3,1,28,334,609.31,0.0,0.1,609.21,80,25,0.94
3,1,39,338,609.21,0.0,0.15,609.06,80,25,0.91
3,1,27,230,609.06,0.0,0.1,608.96,80,25,0.95
3,1,38,265,608.96,0.0,0.17,608.78,80,25,0.93
3,1,29,288,608.78,0.0,0.13,608.65,80,25,0.96
3,1,44,232,608.65,0.0,0.16,608.49,80,25,0.97
3,1,41,125,608.49,0.0,0.16,608.33,80,25,1.0
3,1,31,344,608.33,102.48,0.13,710.68,80,25,0.97
3,1,32,184,710.68,0.0,0.12,710.56,80,25,0.99
3,1,30,184,710.56,0.0,0.12,710.44,80,25,0.94
3,1,30,278,710.44,0.0,0.12,710.32,80,25,0.96
3,1,40,280,710.32,0.0,0.15,710.17,80,25,0.99
3,1,45,204,710.17,0.0,0.19,709.98,80,25,1.0
3,1,49,175,709.98,0.0,0.17,709.81,80,25,1.03
3,1,40,238,709.81,0.0,0.16,709.65,80,25,1.05
3,1,35,221,709.65,0.0,0.14,709.51,80,25,1.03
3,1,26,183,709.51,0.0,0.1,709.41,80,25,1.12
3,1,50,209,709.41,0.0,0.21,709.21,80,25,1.15
3,1,46,283,709.21,0.0,0.18,709.02,80,25,1.1
3,1,37,269,709.02,0.0,0.14,708.89,80,25,1.06
3,1,34,312,708.89,0.0,0.13,708.76,80,25,1.04
3,1,36,235,708.76,0.0,0.14,708.61,80,25,1.02
3,1,34,360,708.61,0.0,0.12,708.49,80,25,1.04
3,1,28,249,708.49,0.0,0.12,708.38,80,25,0.99
3,1,37,100,708.38,0.0,0.16,708.22,80,25,0.94
3,1,35,158,708.22,0.0,0.13,708.09,80,25,0.99
3,1,50,297,708.09,0.0,0.19,707.9,80,25,1.0
3,1,30,227,707.9,0.0,0.14,707.76,80,25,1.01
3,1,39,285,707.76,0.0,0.15,707.6,80,25,1.07
3,1,38,347,707.6,0.0,0.18,707.43,80,25,1.09
3,1,33,179,707.43,0.0,0.14,707.29,80,25,1.03
3,1,26,321,707.29,0.0,0.1,707.19,80,25,1.04
3,1,36,98,707.19,0.0,0.14,707.04,80,25,1.03
3,1,47,162,707.04,0.0,0.18,706.86,80,25,1.03
3,1,36,341,706.86,0.0,0.14,706.72,80,25,0.98
3,1,27,280,706.72,0.0,0.1,706.62,80,25,0.96
3,1,40,299,706.62,0.0,0.16,706.46,80,25,0.94
3,1,37,99,706.46,0.0,0.12,706.35,80,25,0.97
3,1,31,153,706.35,0.0,0.13,706.21,80,25,0.98
3,1,40,320,706.21,0.0,0.15,706.06,80,25,0.96
3,1,37,234,706.06,0.0,0.16,705.9,80,25,1.01
3,1,45,205,705.9,0.0,0.19,705.71,80,25,1.09
3,1,49,120,705.71,0.0,0.18,705.53,80,25,1.14
3,1,49,98,705.53,0.0,0.21,705.32,80,25,1.13
3,1,29,101,705.32,0.0,0.11,705.21,80,25,1.16
3,1,39,335,705.21,0.0,0.16,705.05,80,25,1.13
3,1,32,107,705.05,0.0,0.12,704.92,80,25,1.1
3,1,31,159,704.92,0.0,0.13,704.8,80,25,1.09
3,1,47,126,704.8,0.0,0.18,704.62,80,25,1.05
3,1,32,107,704.62,0.0,0.14,704.48,80,25,1.01
3,1,35,301,704.48,0.0,0.17,704.31,80,25,1.07
3,1,39,215,704.31,0.0,0.17,704.14,80,25,1.11
3,1,46,101,704.14,0.0,0.2,703.95,80,25,1.18
3,1,43,293,703.95,0.0,0.19,703.75,80,25,1.25
3,1,48,168,703.75,0.0,0.2,703.55,80,25,1.27
3,1,44,267,703.55,0.0,0.2,703.35,80,25,1.32
3,1,40,348,703.35,0.0,0.19,703.16,80,25,1.32
3,1,39,211,703.16,0.0,0.17,703.0,80,25,1.27
3,1,30,349,703.0,0.0,0.12,702.87,80,25,1.24
3,1,36,146,702.87,0.0,0.17,702.7,80,25,1.17
3,1,27,319,702.7,0.0,0.12,702.59,80,25,1.19
3,1,47,280,702.59,0.0,0.22,702.37,80,25,1.15
3,1,36,336,702.37,0.0,0.16,702.21,80,25,1.14
3,1,45,182,702.21,0.0,0.18,702.03,80,25,1.18
3,1,47,320,702.03,0.0,0.21,701.83,80,25,1.26
3,1,48,175,701.83,0.0,0.2,701.62,80,25,1.24
3,1,36,173,701.62,0.0,0.15,701.47,80,25,1.31
3,1,39,97,701.47,0.0,0.19,701.28,80,25,1.31
3,1,46,295,701.28,0.0,0.22,701.06,80,25,1.28
3,1,29,180,701.06,0.0,0.13,700.93,80,25,1.21
3,1,25,321,700.93,0.0,0.11,700.82,80,25,1.18
3,1,50,235,700.82,0.0,0.18,700.64,80,25,1.13
3,1,38,116,700.64,0.0,0.15,700.49,80,25,1.14
0,1,47,165,605.95,0.0,1.23,604.72,300,30,7.68
0,1,31,285,604.72,0.0,0.82,603.9,300,30,7.58
0,1,38,312,603.9,0.0,1.26,602.64,300,30,7.16
0,1,45,223,602.64,0.0,1.11,601.53,300,30,7.77
0,1,46,154,601.53,0.0,1.38,600.15,300,30,7.92
0,1,44,338,600.15,0.0,1.44,598.72,300,30,8.79
0,1,47,167,598.72,0.0,1.55,597.16,300,30,8.39
0,1,28,184,597.16,0.0,0.83,596.33,300,30,8.5
0,1,33,318,596.33,0.0,0.93,595.4,300,30,8.07
0,1,30,248,595.4,0.0,0.83,594.58,300,30,8.55
0,1,50,152,594.58,0.0,1.59,592.98,300,30,7.98
0,1,31,220,592.98,0.0,0.81,592.17,300,30,7.33
0,1,27,170,592.17,0.0,0.79,591.38,300,30,6.94
0,1,39,241,591.38,0.0,1.16,590.22,300,30,7.07
0,1,33,265,590.22,0.0,0.96,589.26,300,30,7.43
0,1,42,242,589.26,0.0,1.29,587.97,300,30,7.62
0,1,33,212,587.97,0.0,1.02,586.95,300,30,6.93
0,1,31,313,586.95,0.0,0.9,586.04,300,30,7.23
0,1,36,181,586.04,0.0,1.11,584.93,300,30,7.78
0,1,42,184,584.93,0.0,1.34,583.59,300,30,8.01
0,1,40,111,583.59,0.0,1.39,582.2,300,30,8.28
0,1,37,107,582.2,0.0,1.23,580.97,300,30,8.31
0,1,39,296,580.97,0.0,1.32,579.66,300,30,8.08
0,1,25,90,579.66,0.0,0.79,578.87,300,30,8.41
0,1,45,310,578.87,0.0,1.23,577.64,300,30,8.64
0,1,37,207,577.64,0.0,1.34,576.3,300,30,8.15
0,1,31,198,576.3,0.0,0.85,575.45,300,30,8.06
0,1,42,320,575.45,0.0,1.3,574.16,300,30,7.79
0,1,32,114,574.16,0.0,0.96,573.2,300,30,7.31
0,1,29,272,573.2,0.0,0.84,572.36,300,30,7.37
0,1,29,97,572.36,0.0,0.85,571.51,300,30,7.19
0,1,38,213,571.51,0.0,1.05,570.46,300,30,6.62
0,1,25,193,570.46,0.0,0.77,569.69,300,30,6.94
0,1,42,248,569.69,0.0,1.17,568.51,300,30,6.8
0,1,36,277,568.51,0.0,1.16,567.35,300,30,6.62
0,1,26,287,567.35,0.0,0.78,566.58,300,30,6.68
0,1,32,253,566.58,0.0,0.9,565.67,300,30,6.99
0,1,36,302,565.67,0.0,1.16,564.51,300,30,6.73
0,1,27,236,564.51,0.0,0.79,563.72,300,30,7.02
0,1,33,124,563.72,0.0,1.06,562.66,300,30,7.02
0,1,45,281,562.66,0.0,1.17,561.48,300,30,7.38
0,1,46,290,561.48,0.0,1.52,559.97,300,30,7.7
0,1,44,246,559.97,265.76,1.1,824.63,300,30,7.94
0,1,37,140,824.63,0.0,1.14,823.49,300,30,8.2
0,1,47,292,823.49,0.0,1.42,822.07,300,30,8.22
0,1,28,164,822.07,0.0,0.81,821.26,300,30,8.57
0,1,48,216,821.26,0.0,1.41,819.86,300,30,8.73
0,1,42,318,819.86,0.0,1.33,818.53,300,30,8.34
0,1,39,193,818.53,0.0,1.13,817.4,300,30,8.81
0,1,45,157,817.4,0.0,1.57,815.83,300,30,9.15
0,1,43,148,815.83,0.0,1.48,814.35,300,30,9.24
0,1,44,270,814.35,0.0,1.51,812.84,300,30,9.23
0,1,27,270,812.84,0.0,0.8,812.04,300,30,9.3
0,1,45,191,812.04,0.0,1.48,810.57,300,30,9.23
0,1,40,102,810.57,0.0,1.26,809.31,300,30,9.76
0,1,50,258,809.31,0.0,1.66,807.64,300,30,9.03
0,1,28,162,807.64,0.0,0.84,806.8,300,30,8.72
0,1,38,353,806.8,0.0,1.17,805.63,300,30,8.78
0,1,50,141,805.63,0.0,1.57,804.06,300,30,9.47
0,1,48,161,804.06,0.0,1.49,802.57,300,30,8.95
0,1,33,360,802.57,0.0,0.96,801.61,300,30,8.95
0,1,43,281,801.61,0.0,1.26,800.35,300,30,8.34
0,1,31,163,800.35,0.0,1.05,799.3,300,30,8.82
0,1,39,345,799.3,0.0,1.32,797.98,300,30,8.85
0,1,38,231,797.98,0.0,1.2,796.78,300,30,8.53
0,1,41,153,796.78,0.0,1.25,795.53,300,30,8.32
0,1,45,273,795.53,0.0,1.28,794.25,300,30,8.28
0,1,30,295,794.25,0.0,0.92,793.33,300,30,7.78
0,1,25,226,793.33,0.0,0.76,792.57,300,30,8.22
0,1,50,341,792.57,0.0,1.49,791.08,300,30,8.12
0,1,46,342,791.08,0.0,1.22,789.85,300,30,8.27
0,1,49,165,789.85,0.0,1.35,788.5,300,30,7.89
0,1,27,189,788.5,0.0,0.87,787.63,300,30,7.7
0,1,34,235,787.63,0.0,1.09,786.54,300,30,8.1
0,1,46,262,786.54,0.0,1.32,785.22,300,30,8.44
0,1,37,195,785.22,0.0,1.1,784.12,300,30,8.3
0,1,40,105,784.12,0.0,1.35,782.77,300,30,7.87
0,1,26,248,782.77,0.0,0.79,781.98,300,30,7.67
0,1,33,184,781.98,0.0,1.15,780.82,300,30,8.1
0,1,44,300,780.82,0.0,1.3,779.53,300,30,8.38
0,1,44,182,779.53,0.0,1.37,778.16,300,30,8.26
0,1,35,155,778.16,0.0,1.2,776.96,300,30,8.47
0,1,43,208,776.96,0.0,1.31,775.65,300,30,8.42
0,1,38,260,775.65,0.0,1.3,774.35,300,30,8.92
0,1,43,165,774.35,0.0,1.29,773.06,300,30,8.92
0,1,33,334,773.06,0.0,1.15,771.91,300,30,8.61
0,1,30,137,771.91,0.0,0.99,770.93,300,30,8.67
0,1,43,286,770.93,0.0,1.43,769.49,300,30,8.81
0,1,47,223,769.49,0.0,1.34,768.15,300,30,8.98
0,1,48,205,768.15,0.0,1.48,766.67,300,30,8.64
0,1,31,158,766.67,0.0,0.96,765.71,300,30,8.34
0,1,31,159,765.71,0.0,0.99,764.72,300,30,8.6
0,1,46,257,764.72,0.0,1.41,763.31,300,30,9.24
0,1,50,121,763.31,0.0,1.63,761.68,300,30,9.29
0,1,41,206,761.68,0.0,1.48,760.2,300,30,9.41
0,1,48,278,760.2,0.0,1.46,758.74,300,30,8.9
0,1,30,281,758.74,0.0,0.97,757.77,300,30,9.33
0,1,43,219,757.77,0.0,1.39,756.38,300,30,9.75
0,1,40,163,756.38,0.0,1.41,754.97,300,30,9.46
0,1,36,197,754.97,0.0,1.12,753.85,300,30,8.45
0,1,25,309,753.85,0.0,0.62,753.23,300,30,8.27
0,1,41,340,753.23,0.0,1.3,751.93,300,30,7.94
0,1,37,134,751.93,0.0,1.13,750.8,300,30,8.36
0,1,42,287,750.8,0.0,1.39,749.42,300,30,8.35
0,1,44,302,749.42,0.0,1.38,748.04,300,30,7.9
0,1,31,341,748.04,297.63,0.96,1044.7,300,30,7.97
0,1,35,316,1044.7,0.0,1.19,1043.51,300,30,8.57
0,1,40,171,1043.51,0.0,1.22,1042.29,300,30,8.38
0,1,36,158,1042.29,0.0,1.11,1041.18,300,30,8.1
0,1,28,173,1041.18,0.0,0.85,1040.33,300,30,7.87
0,1,36,113,1040.33,0.0,1.16,1039.17,300,30,7.33
0,1,28,269,1039.17,0.0,0.84,1038.34,300,30,7.18
0,1,28,171,1038.34,0.0,0.81,1037.53,300,30,7.0
0,1,31,344,1037.53,0.0,1.01,1036.52,300,30,6.87
0,1,37,250,1036.52,0.0,1.09,1035.43,300,30,6.92
0,1,36,222,1035.43,273.8,1.16,1308.08,300,30,6.98
0,1,29,174,1308.08,0.0,0.91,1307.17,300,30,6.97
0,1,42,267,1307.17,0.0,1.15,1306.02,300,30,7.42
0,1,40,96,1306.02,0.0,1.29,1304.74,300,30,7.64
0,1,35,189,1304.74,0.0,1.03,1303.71,300,30,7.6
0,1,26,95,1303.71,0.0,0.97,1302.73,300,30,7.43
0,1,31,142,1302.73,0.0,0.92,1301.82,300,30,7.15
0,1,25,291,1301.82,0.0,0.88,1300.94,300,30,7.69
0,1,41,294,1300.94,0.0,1.45,1299.49,300,30,7.67
0,1,39,312,1299.49,0.0,1.13,1298.36,300,30,7.46
0,1,33,265,1298.36,0.0,1.08,1297.28,300,30,7.61
0,1,41,134,1297.28,0.0,1.18,1296.1,300,30,7.43
0,1,25,248,1296.1,0.0,0.79,1295.31,300,30,7.83
0,1,41,182,1295.31,0.0,1.32,1293.99,300,30,8.02
0,1,44,292,1293.99,0.0,1.07,1292.92,300,30,7.46
0,1,30,146,1292.92,0.0,0.89,1292.03,300,30,7.67
0,1,50,145,1292.03,0.0,1.34,1290.69,300,30,7.55
0,1,33,277,1290.69,0.0,0.96,1289.73,300,30,7.62
0,1,41,117,1289.73,0.0,1.25,1288.49,300,30,7.81
0,1,31,243,1288.49,0.0,0.98,1287.51,300,30,7.73
0,1,41,231,1287.51,0.0,1.24,1286.27,300,30,7.72
0,1,35,353,1286.27,0.0,1.06,1285.21,300,30,7.61
0,1,27,200,1285.21,0.0,0.78,1284.44,300,30,6.92
0,1,26,103,1284.44,0.0,0.65,1283.78,300,30,6.97
0,1,34,99,1283.78,0.0,1.01,1282.77,300,30,7.14
0,1,46,281,1282.77,0.0,1.42,1281.35,300,30,7.55
0,1,43,145,1281.35,0.0,1.39,1279.96,300,30,7.09
0,1,25,324,1279.96,0.0,0.78,1279.18,300,30,7.26
0,1,38,150,1279.18,0.0,1.23,1277.95,300,30,7.52
0,1,35,257,1277.95,0.0,1.04,1276.91,300,30,7.94
0,1,36,346,1276.91,0.0,1.07,1275.83,300,30,7.69
0,1,27,333,1275.83,0.0,0.76,1275.07,300,30,7.8
0,1,50,250,1275.07,0.0,1.53,1273.55,300,30,7.85
0,1,46,217,1273.55,0.0,1.44,1272.11,300,30,8.26
0,1,45,249,1272.11,0.0,1.19,1270.92,300,30,8.38
0,1,47,305,1270.92,0.0,1.35,1269.57,300,30,8.15
0,1,29,116,1269.57,0.0,0.81,1268.77,300,30,8.64
0,1,47,277,1268.77,0.0,1.56,1267.21,300,30,8.64
0,1,31,314,1267.21,0.0,0.76,1266.44,300,30,8.0
0,1,34,273,1266.44,0.0,0.89,1265.56,300,30,7.4
0,1,30,228,1265.56,223.44,0.84,1488.15,300,30,7.64
0,1,50,279,1488.15,0.0,1.43,1486.72,300,30,7.73
0,1,49,91,1486.72,0.0,1.44,1485.29,300,30,7.93
0,1,28,222,1485.29,0.0,1.01,1484.28,300,30,7.42
0,1,41,199,1484.28,0.0,1.05,1483.23,300,30,7.63
0,1,35,148,1483.23,0.0,0.97,1482.25,300,30,7.91
0,1,39,357,1482.25,0.0,1.17,1481.08,300,30,8.35
0,1,44,271,1481.08,0.0,1.28,1479.8,300,30,7.75
0,1,27,178,1479.8,0.0,0.83,1478.97,300,30,7.83
0,1,48,169,1478.97,0.0,1.52,1477.46,300,30,7.72
0,1,30,276,1477.46,0.0,0.9,1476.56,300,30,8.08
0,1,49,177,1476.56,0.0,1.41,1475.15,300,30,7.96
0,1,30,149,1475.15,0.0,0.85,1474.3,300,30,7.71
0,1,37,138,1474.3,0.0,0.92,1473.37,300,30,7.52
0,1,41,154,1473.37,0.0,1.09,1472.28,300,30,7.41
0,1,29,288,1472.28,0.0,0.72,1471.55,300,30,7.02
0,1,41,322,1471.55,0.0,1.13,1470.42,300,30,7.28
0,1,43,91,1470.42,0.0,1.16,1469.26,300,30,6.84
0,1,48,283,1469.26,0.0,0.97,1468.29,300,30,7.21
0,1,44,230,1468.29,0.0,1.22,1467.07,300,30,7.66
0,1,49,349,1467.07,0.0,1.37,1465.7,300,30,7.55
0,1,36,230,1465.7,0.0,0.98,1464.73,300,30,7.77
0,1,37,224,1464.73,0.0,0.94,1463.79,300,30,7.87
0,1,43,131,1463.79,0.0,1.23,1462.56,300,30,7.59
0,1,29,241,1462.56,0.0,0.88,1461.69,300,30,7.53
0,1,36,347,1461.69,0.0,0.91,1460.78,300,30,7.09
0,1,27,182,1460.78,0.0,0.78,1460.0,300,30,6.46
0,1,30,113,1460.0,0.0,0.74,1459.26,300,30,7.02
0,1,47,310,1459.26,0.0,1.54,1457.72,300,30,7.32
0,1,50,106,1457.72,0.0,1.24,1456.48,300,30,7.03
0,1,32,144,1456.48,0.0,0.94,1455.55,300,30,7.28
0,1,41,227,1455.55,0.0,1.13,1454.42,300,30,7.51
0,1,45,308,1454.42,0.0,1.14,1453.28,300,30,7.79
0,1,42,298,1453.28,0.0,1.06,1452.22,300,30,7.9
0,1,36,257,1452.22,0.0,0.85,1451.37,300,30,7.51
0,1,45,196,1451.37,0.0,1.15,1450.22,300,30,7.12
0,1,36,180,1450.22,0.0,0.85,1449.37,300,30,7.05
0,1,32,275,1449.37,0.0,0.87,1448.5,300,30,7.13
0,1,43,346,1448.5,0.0,1.21,1447.29,300,30,6.83
0,1,31,323,1447.29,0.0,0.84,1446.44,300,30,6.86
0,1,39,238,1446.44,0.0,1.09,1445.36,300,30,7.13
0,1,38,165,1445.36,0.0,1.12,1444.24,300,30,6.85
0,1,30,155,1444.24,0.0,0.87,1443.37,300,30,6.69
0,1,28,356,1443.37,0.0,0.69,1442.68,300,30,7.24
0,1,50,198,1442.68,0.0,1.42,1441.25,300,30,7.09
0,1,46,112,1441.25,0.0,1.06,1440.19,300,30,7.42
0,1,44,305,1440.19,0.0,1.17,1439.03,300,30,7.3
0,1,32,228,1439.03,0.0,0.97,1438.06,300,30,6.93
0,1,26,174,1438.06,0.0,0.75,1437.31,300,30,7.13
0,1,41,117,1437.31,0.0,1.07,1436.24,300,30,7.31
0,1,38,257,1436.24,0.0,0.87,1435.37,300,30,7.11
0,1,43,330,1435.37,0.0,1.22,1434.15,300,30,7.21
0,1,49,235,1434.15,0.0,1.16,1432.98,300,30,6.87
0,1,26,262,1432.98,0.0,0.83,1432.15,300,30,6.58
0,1,27,344,1432.15,0.0,0.68,1431.47,300,30,6.81
0,1,37,282,1431.47,0.0,0.98,1430.49,300,30,6.74
0,1,46,130,1430.49,0.0,1.0,1429.49,300,30,7.12
0,1,46,347,1429.49,0.0,1.25,1428.24,300,30,7.1
0,1,44,353,1428.24,0.0,1.2,1427.03,300,30,6.64
0,1,25,334,1427.03,0.0,0.7,1426.33,300,30,7.07
0,1,50,330,1426.33,0.0,1.26,1425.07,300,30,7.16
0,1,26,230,1425.07,0.0,0.77,1424.3,300,30,7.38
0,1,45,309,1424.3,222.84,1.2,1645.95,300,30,7.11
0,1,28,338,1645.95,0.0,0.73,1645.22,300,30,6.85
0,1,36,325,1645.22,0.0,0.99,1644.23,300,30,6.78
0,1,38,273,1644.23,0.0,1.13,1643.1,300,30,6.81
0,1,30,162,1643.1,0.0,0.73,1642.38,300,30,6.55
0,1,43,335,1642.38,0.0,1.0,1641.38,300,30,6.88
0,1,43,191,1641.38,0.0,1.1,1640.28,300,30,6.72
0,1,39,102,1640.28,0.0,1.04,1639.24,300,30,7.2
0,1,41,193,1639.24,0.0,1.21,1638.03,300,30,7.26
0,1,39,127,1638.03,0.0,1.05,1636.97,300,30,7.0
0,1,38,282,1636.97,0.0,0.87,1636.11,300,30,7.48
0,1,50,184,1636.11,0.0,1.21,1634.9,300,30,7.21
0,1,27,160,1634.9,0.0,0.73,1634.17,300,30,7.26
0,1,46,95,1634.17,298.64,1.15,1931.66,300,30,7.37
0,1,43,175,1931.66,0.0,1.15,1930.51,300,30,7.23
0,1,40,182,1930.51,0.0,1.07,1929.44,300,30,7.55
0,1,47,187,1929.44,0.0,1.37,1928.08,300,30,7.81
0,1,46,216,1928.08,0.0,1.13,1926.95,300,30,7.7
0,1,45,248,1926.95,0.0,1.1,1925.85,300,30,7.65
0,1,26,121,1925.85,0.0,0.68,1925.17,300,30,7.49
0,1,36,276,1925.17,0.0,0.99,1924.18,300,30,7.21
0,1,34,138,1924.18,0.0,0.87,1923.31,300,30,7.03
0,1,33,345,1923.31,0.0,0.89,1922.43,300,30,6.8
0,1,46,115,1922.43,0.0,1.14,1921.29,300,30,6.8
0,1,38,225,1921.29,0.0,1.13,1920.16,300,30,6.46
0,1,31,352,1920.16,0.0,0.76,1919.4,300,30,6.74
0,1,37,307,1919.4,0.0,0.96,1918.44,300,30,6.34
0,1,25,192,1918.44,0.0,0.59,1917.85,300,30,6.2
0,1,30,173,1917.85,0.0,0.73,1917.12,300,30,6.3
0,1,34,194,1917.12,0.0,0.99,1916.13,300,30,5.74
0,1,25,331,1916.13,0.0,0.58,1915.56,300,30,5.99
0,1,48,267,1915.56,0.0,1.38,1914.17,300,30,6.41
0,1,48,301,1914.17,0.0,1.18,1912.99,300,30,6.25
0,1,32,262,1912.99,0.0,0.8,1912.19,300,30,6.45
0,1,29,103,1912.19,0.0,0.79,1911.4,300,30,7.09
0,1,49,310,1911.4,0.0,1.37,1910.03,300,30,7.12
0,1,37,223,1910.03,0.0,1.02,1909.02,300,30,7.5
0,1,34,292,1909.02,0.0,0.96,1908.06,300,30,7.26
0,1,42,335,1908.06,0.0,1.14,1906.92,300,30,7.25
0,1,44,130,1906.92,0.0,1.17,1905.75,300,30,7.41
0,1,38,116,1905.75,0.0,0.96,1904.79,300,30,7.73
0,1,43,196,1904.79,0.0,1.11,1903.68,300,30,7.13
0,1,27,200,1903.68,0.0,0.77,1902.91,300,30,6.73
0,1,26,144,1902.91,0.0,0.62,1902.3,300,30,7.15
0,1,50,236,1902.3,0.0,1.38,1900.92,300,30,7.16
0,1,50,161,1900.92,0.0,1.15,1899.77,300,30,6.66
0,1,27,309,1899.77,0.0,0.67,1899.1,300,30,6.73
0,1,41,317,1899.1,0.0,1.03,1898.08,300,30,6.58
0,1,38,225,1898.08,0.0,0.96,1897.12,300,30,6.79
0,1,39,288,1897.12,0.0,0.98,1896.14,300,30,6.99
0,1,34,334,1896.14,0.0,0.82,1895.32,300,30,6.57
0,1,39,166,1895.32,0.0,0.96,1894.37,300,30,6.37
0,1,40,167,1894.37,0.0,0.95,1893.41,300,30,6.73
0,1,43,153,1893.41,0.0,1.03,1892.38,300,30,6.6
0,1,35,325,1892.38,0.0,0.9,1891.48,300,30,7.06
0,1,50,177,1891.48,0.0,1.42,1890.06,300,30,7.36
0,1,43,243,1890.06,0.0,1.28,1888.79,300,30,7.24
0,1,29,215,1888.79,0.0,0.7,1888.09,300,30,7.31
0,1,36,154,1888.09,0.0,1.03,1887.06,300,30,7.52
0,1,45,153,1887.06,0.0,1.16,1885.89,300,30,7.81
0,1,50,324,1885.89,0.0,1.32,1884.57,300,30,7.86
0,1,35,202,1884.57,0.0,0.95,1883.62,300,30,7.08
0,1,26,235,1883.62,0.0,0.64,1882.98,300,30,7.24
0,1,50,146,1882.98,0.0,1.44,1881.54,300,30,7.14
0,1,25,113,1881.54,0.0,0.6,1880.94,300,30,7.08
0,1,37,183,1880.94,0.0,0.97,1879.97,300,30,6.77
0,1,44,138,1879.97,0.0,0.85,1879.12,300,30,6.46
0,1,39,226,1879.12,0.0,1.01,1878.11,300,30,6.47
0,1,33,262,1878.11,0.0,0.96,1877.15,300,30,6.88
0,1,42,174,1877.15,0.0,1.05,1876.09,300,30,6.58
0,1,47,257,1876.09,0.0,1.14,1874.95,300,30,6.9
0,1,36,295,1874.95,0.0,0.92,1874.04,300,30,7.02
0,1,39,232,1874.04,0.0,1.09,1872.95,300,30,7.41
0,1,44,156,1872.95,0.0,1.24,1871.71,300,30,7.05
0,1,28,328,1871.71,0.0,0.65,1871.06,300,30,7.02
0,1,43,347,1871.06,0.0,0.93,1870.13,300,30,6.75
0,1,30,172,1870.13,0.0,0.78,1869.35,300,30,6.49
0,1,35,187,1869.35,0.0,0.88,1868.47,300,30,6.37
0,1,27,230,1868.47,0.0,0.8,1867.67,300,30,6.61
0,1,48,205,1867.67,0.0,1.33,1866.34,300,30,6.19
0,1,29,167,1866.34,0.0,0.82,1865.52,300,30,6.53
0,1,36,149,1865.52,0.0,0.99,1864.53,300,30,6.81
0,1,49,157,1864.53,0.0,1.21,1863.31,300,30,7.2
0,1,48,105,1863.31,0.0,1.17,1862.14,300,30,7.66
0,1,45,252,1862.14,0.0,1.34,1860.8,300,30,8.1
0,1,46,244,1860.8,0.0,1.24,1859.56,300,30,8.17
0,1,50,126,1859.56,0.0,1.4,1858.16,300,30,8.49
0,1,46,200,1858.16,0.0,1.14,1857.02,300,30,8.26
0,1,29,142,1857.02,0.0,0.76,1856.25,300,30,8.34
0,1,47,338,1856.25,0.0,1.29,1854.96,300,30,8.01
0,1,30,252,1854.96,0.0,0.84,1854.12,300,30,7.69
0,1,45,291,1854.12,0.0,1.02,1853.1,300,30,7.51
0,1,40,340,1853.1,0.0,1.06,1852.04,300,30,7.51
0,1,48,331,1852.04,0.0,1.4,1850.64,300,30,7.22
0,1,36,290,1850.64,0.0,0.85,1849.79,300,30,7.38
0,1,32,172,1849.79,0.0,0.92,1848.87,300,30,6.86
0,1,34,291,1848.87,0.0,0.77,1848.1,300,30,6.68
0,1,26,298,1848.1,0.0,0.66,1847.44,300,30,6.85
0,1,44,297,1847.44,0.0,1.19,1846.25,300,30,6.82
0,1,41,259,1846.25,0.0,1.03,1845.22,300,30,6.75
0,1,47,357,1845.22,0.0,1.33,1843.89,300,30,6.72
0,1,31,194,1843.89,0.0,0.82,1843.07,300,30,6.65
0,1,34,107,1843.07,0.0,0.85,1842.22,300,30,7.25
0,1,50,283,1842.22,0.0,1.37,1840.85,300,30,7.62
0,1,47,278,1840.85,0.0,1.03,1839.82,300,30,7.17
0,1,26,287,1839.82,0.0,0.74,1839.09,300,30,7.41
0,1,48,125,1839.09,0.0,1.27,1837.81,300,30,7.61
0,1,48,306,1837.81,0.0,1.53,1836.28,300,30,7.68
0,1,33,213,1836.28,0.0,0.89,1835.39,300,30,8.21
0,1,47,184,1835.39,0.0,1.38,1834.01,300,30,7.5
0,1,27,320,1834.01,0.0,0.66,1833.34,300,30,7.44
0,1,36,266,1833.34,0.0,0.97,1832.37,300,30,7.83
0,1,39,102,1832.37,0.0,1.13,1831.24,300,30,7.24
0,1,29,348,1831.24,0.0,0.68,1830.56,300,30,6.61
0,1,35,203,1830.56,0.0,0.9,1829.66,300,30,6.94
0,1,43,195,1829.66,0.0,1.22,1828.44,300,30,6.52
0,1,30,239,1828.44,0.0,0.96,1827.48,300,30,7.0
0,1,40,190,1827.48,0.0,1.14,1826.34,300,30,7.07
0,1,36,252,1826.34,0.0,1.04,1825.3,300,30,6.86
0,1,35,136,1825.3,0.0,0.92,1824.38,300,30,7.3
0,1,44,137,1824.38,0.0,1.12,1823.26,300,30,7.38
0,1,36,158,1823.26,0.0,0.98,1822.28,300,30,6.79
0,1,26,176,1822.28,0.0,0.63,1821.65,300,30,6.64
0,1,33,187,1821.65,0.0,0.81,1820.84,300,30,6.57
0,1,40,99,1820.84,0.0,1.07,1819.77,300,30,6.75
0,1,42,270,1819.77,0.0,1.22,1818.55,300,30,6.6
0,1,28,117,1818.55,0.0,0.77,1817.78,300,30,6.84
0,1,46,278,1817.78,0.0,1.36,1816.42,300,30,6.62
0,1,28,158,1816.42,0.0,0.76,1815.66,300,30,7.53
0,1,49,119,1815.66,0.0,1.54,1814.12,300,30,7.99
0,1,44,352,1814.12,0.0,1.27,1812.85,300,30,7.82
0,1,30,119,1812.85,0.0,0.9,1811.95,300,30,7.66
0,1,36,219,1811.95,0.0,1.06,1810.88,300,30,7.81
0,1,41,179,1810.88,0.0,0.92,1809.96,300,30,7.64
0,1,45,295,1809.96,0.0,1.19,1808.78,300,30,7.98
0,1,39,180,1808.78,0.0,1.1,1807.67,300,30,7.29
0,1,34,291,1807.67,0.0,0.85,1806.82,300,30,6.8
0,1,29,310,1806.82,0.0,0.78,1806.04,300,30,6.67
0,1,27,118,1806.04,0.0,0.77,1805.28,300,30,6.58
0,1,35,134,1805.28,0.0,0.97,1804.3,300,30,6.97
0,1,47,95,1804.3,0.0,1.31,1802.99,300,30,6.49
0,1,27,202,1802.99,0.0,0.71,1802.28,300,30,6.11
0,1,29,252,1802.28,0.0,0.72,1801.56,300,30,6.64
0,1,48,296,1801.56,0.0,1.38,1800.18,300,30,7.11
0,1,49,322,1800.18,0.0,1.25,1798.93,300,30,7.48
0,1,38,305,1798.93,0.0,1.14,1797.79,300,30,7.38
0,1,28,252,1797.79,0.0,0.87,1796.92,300,30,7.3
0,1,43,137,1796.92,0.0,1.23,1795.69,300,30,7.6
0,1,37,326,1795.69,0.0,1.01,1794.68,300,30,8.36
0,1,45,244,1794.68,0.0,1.48,1793.19,300,30,8.02
0,1,39,131,1793.19,0.0,1.04,1792.15,300,30,7.66
0,1,31,139,1792.15,0.0,0.89,1791.26,300,30,8.18
0,1,49,294,1791.26,0.0,1.66,1789.6,300,30,8.6
0,1,48,188,1789.6,0.0,1.29,1788.32,300,30,8.7
0,1,47,289,1788.32,0.0,1.33,1786.99,300,30,8.53
0,1,28,208,1786.99,0.0,0.84,1786.15,300,30,7.68
0,1,25,186,1786.15,0.0,0.63,1785.52,300,30,7.66
0,1,36,278,1785.52,0.0,1.02,1784.5,300,30,7.76
0,1,32,92,1784.5,0.0,0.99,1783.51,300,30,6.93
0,1,26,106,1783.51,0.0,0.83,1782.69,300,30,6.47
0,1,25,269,1782.69,0.0,0.83,1781.86,300,30,5.99
0,1,27,110,1781.86,0.0,0.85,1781.01,300,30,5.98
0,1,28,123,1781.01,0.0,0.83,1780.18,300,30,6.49
0,1,42,168,1780.18,0.0,1.14,1779.03,300,30,6.3
0,1,28,196,1779.03,0.0,0.83,1778.2,300,30,6.57
0,1,40,118,1778.2,0.0,1.26,1776.94,300,30,6.99
0,1,45,318,1776.94,441.07,1.25,2216.77,300,30,7.49
0,1,44,164,2216.77,0.0,1.33,2215.44,300,30,7.98
0,1,47,329,2215.44,0.0,1.34,2214.1,300,30,8.45
0,1,39,351,2214.1,0.0,1.3,2212.79,300,30,8.69
0,1,47,220,2212.79,0.0,1.38,2211.42,300,30,8.73
0,1,33,103,2211.42,0.0,0.87,2210.55,300,30,8.21
0,1,25,249,2210.55,0.0,0.74,2209.8,300,30,8.39
0,1,38,166,2209.8,0.0,1.43,2208.37,300,30,8.08
0,1,31,272,2208.37,0.0,1.02,2207.35,300,30,7.94
0,1,48,154,2207.35,0.0,1.2,2206.15,300,30,7.71
0,1,36,124,2206.15,0.0,1.07,2205.08,300,30,7.27
0,1,36,145,2205.08,0.0,0.94,2204.14,300,30,7.67
0,1,41,269,2204.14,0.0,1.27,2202.87,300,30,8.57
0,1,49,338,2202.87,0.0,1.64,2201.22,300,30,8.44
0,1,39,249,2201.22,0.0,1.3,2199.92,300,30,8.76
0,1,40,172,2199.92,0.0,1.34,2198.58,300,30,8.73
0,1,39,327,2198.58,0.0,1.17,2197.41,300,30,8.57
0,1,29,103,2197.41,0.0,0.91,2196.5,300,30,8.53
0,1,30,252,2196.5,0.0,0.9,2195.61,300,30,7.99
0,1,28,148,2195.61,0.0,0.73,2194.88,300,30,7.73
0,1,43,105,2194.88,0.0,1.38,2193.5,300,30,7.49
0,1,32,103,2193.5,0.0,1.06,2192.44,300,30,7.54
0,1,42,171,2192.44,0.0,1.39,2191.05,300,30,7.12
0,1,25,212,2191.05,0.0,0.75,2190.3,300,30,7.06
0,1,30,178,2190.3,0.0,0.85,2189.46,300,30,6.9
0,1,26,113,2189.46,0.0,0.74,2188.72,300,30,7.51
0,1,47,267,2188.72,0.0,1.34,2187.38,300,30,6.97
0,1,29,182,2187.38,0.0,0.84,2186.54,300,30,6.73
0,1,25,90,2186.54,0.0,0.82,2185.72,300,30,6.46
0,1,36,347,2185.72,0.0,1.12,2184.59,300,30,6.85
0,1,35,296,2184.59,0.0,1.14,2183.45,300,30,7.27
0,1,42,98,2183.45,0.0,1.27,2182.18,300,30,7.67
0,1,37,277,2182.18,0.0,1.14,2181.04,300,30,7.48
0,1,36,206,2181.04,0.0,1.15,2179.89,300,30,7.62
0,1,31,291,2179.89,0.0,0.98,2178.92,300,30,8.03
0,1,39,151,2178.92,0.0,1.23,2177.69,300,30,8.14
0,1,43,268,2177.69,0.0,1.23,2176.46,300,30,8.08
0,1,36,258,2176.46,0.0,1.08,2175.37,300,30,8.21
0,1,49,306,2175.37,0.0,1.4,2173.97,300,30,8.11
0,1,33,98,2173.97,0.0,1.04,2172.93,300,30,7.81
0,1,26,274,2172.93,0.0,0.85,2172.08,300,30,7.9
0,1,34,190,2172.08,0.0,1.07,2171.01,300,30,7.65
0,1,35,158,2171.01,0.0,0.98,2170.03,300,30,7.45
0,1,32,150,2170.03,0.0,1.03,2169.0,300,30,7.39
0,1,33,353,2169.0,0.0,1.02,2167.98,300,30,7.63
0,1,46,332,2167.98,0.0,1.64,2166.34,300,30,8.23
0,1,45,318,2166.34,0.0,1.64,2164.7,300,30,8.41
0,1,34,341,2164.7,0.0,1.03,2163.68,300,30,8.32
0,1,28,342,2163.68,0.0,0.98,2162.7,300,30,8.4
0,1,34,290,2162.7,0.0,1.06,2161.64,300,30,8.19
0,1,27,258,2161.64,0.0,0.82,2160.82,300,30,8.85
0,1,48,207,2160.82,0.0,1.68,2159.14,300,30,8.26
0,1,37,245,2159.14,0.0,1.05,2158.1,300,30,7.95
0,1,42,138,2158.1,0.0,1.33,2156.76,300,30,8.08
0,1,39,242,2156.76,0.0,1.16,2155.6,300,30,8.04
0,1,29,234,2155.6,0.0,0.94,2154.66,300,30,7.77
0,1,26,218,2154.66,0.0,0.79,2153.87,300,30,7.9
0,1,28,161,2153.87,0.0,0.95,2152.92,300,30,7.7
0,1,47,194,2152.92,0.0,1.48,2151.44,300,30,7.96
0,1,44,246,2151.44,0.0,1.31,2150.13,300,30,8.0
0,1,48,252,2150.13,0.0,1.37,2148.76,300,30,8.1
0,1,41,159,2148.76,0.0,1.26,2147.5,300,30,8.21
0,1,36,150,2147.5,0.0,1.05,2146.45,300,30,8.52
0,1,33,156,2146.45,0.0,1.1,2145.35,300,30,8.35
0,1,25,269,2145.35,0.0,0.78,2144.57,300,30,7.8
0,1,30,267,2144.57,0.0,0.93,2143.64,300,30,8.01
0,1,48,197,2143.64,0.0,1.52,2142.12,300,30,7.84
0,1,37,299,2142.12,0.0,1.2,2140.92,300,30,7.42
0,1,28,215,2140.92,0.0,0.84,2140.08,300,30,7.5
0,1,32,199,2140.08,0.0,1.13,2138.95,300,30,7.81
0,1,44,276,2138.95,0.0,1.41,2137.53,300,30,8.23
0,1,39,309,2137.53,0.0,1.2,2136.33,300,30,8.54
0,1,38,310,2136.33,0.0,1.24,2135.1,300,30,8.31
0,1,41,102,2135.1,0.0,1.29,2133.81,300,30,8.04
0,1,28,153,2133.81,0.0,0.93,2132.88,300,30,8.1
0,1,28,153,2132.88,0.0,0.9,2131.98,300,30,8.41
0,1,47,277,2131.98,0.0,1.44,2130.54,300,30,8.16
0,1,40,165,2130.54,0.0,1.16,2129.38,300,30,8.1
0,1,37,113,2129.38,0.0,1.14,2128.24,300,30,8.27
0,1,41,146,2128.24,0.0,1.41,2126.84,300,30,8.27
0,1,42,142,2126.84,0.0,1.29,2125.54,300,30,8.31
0,1,30,329,2125.54,0.0,0.97,2124.58,300,30,8.91
0,1,42,161,2124.58,0.0,1.5,2123.08,300,30,8.47
0,1,28,292,2123.08,0.0,1.0,2122.08,300,30,8.81
0,1,44,356,2122.08,0.0,1.5,2120.58,300,30,8.58
0,1,35,289,2120.58,0.0,0.91,2119.67,300,30,8.73
0,1,48,142,2119.67,0.0,1.56,2118.11,300,30,8.54
0,1,38,141,2118.11,0.0,1.1,2117.02,300,30,8.59
0,1,36,228,2117.02,0.0,1.02,2115.99,300,30,8.13
0,1,32,163,2115.99,0.0,1.04,2114.96,300,30,8.5
0,1,47,356,2114.96,0.0,1.37,2113.59,300,30,8.37
0,1,43,102,2113.59,0.0,1.37,2112.22,300,30,8.43
0,1,30,109,2112.22,0.0,0.97,2111.25,300,30,8.23
0,1,42,306,2111.25,0.0,1.36,2109.89,300,30,8.23
0,1,36,96,2109.89,0.0,1.1,2108.8,300,30,8.41
0,1,37,214,2108.8,0.0,1.2,2107.59,300,30,8.22
0,1,27,304,2107.59,0.0,0.85,2106.74,300,30,8.05
0,1,37,120,2106.74,0.0,1.2,2105.54,300,30,7.68
0,1,27,326,2105.54,0.0,1.0,2104.54,300,30,7.68
0,1,32,197,2104.54,0.0,0.97,2103.57,300,30,7.45
0,1,37,194,2103.57,0.0,1.13,2102.44,300,30,7.62
0,1,45,109,2102.44,0.0,1.27,2101.17,300,30,7.35
0,1,28,123,2101.17,0.0,0.93,2100.23,300,30,7.66
0,1,35,97,2100.23,0.0,1.16,2099.08,300,30,7.13
0,1,25,255,2099.08,0.0,0.67,2098.41,300,30,6.9
0,1,27,159,2098.41,0.0,0.77,2097.64,300,30,6.89
0,1,30,140,2097.64,0.0,0.96,2096.68,300,30,7.26
0,1,49,252,2096.68,0.0,1.5,2095.19,300,30,7.13
0,1,44,167,2095.19,0.0,1.14,2094.04,300,30,7.16
0,1,32,325,2094.04,0.0,0.96,2093.09,300,30,7.42
0,1,47,116,2093.09,0.0,1.42,2091.66,300,30,7.96
0,1,36,96,2091.66,0.0,1.21,2090.45,300,30,8.39
0,1,39,204,2090.45,0.0,1.2,2089.25,300,30,8.37
0,1,31,92,2089.25,0.0,0.94,2088.31,300,30,7.88
0,1,32,137,2088.31,0.0,1.01,2087.3,300,30,8.26
0,1,49,190,2087.3,0.0,1.52,2085.78,300,30,8.72
0,1,49,328,2085.78,0.0,1.42,2084.36,300,30,8.11
0,1,28,196,2084.36,0.0,0.81,2083.55,300,30,8.42
0,1,48,147,2083.55,0.0,1.52,2082.03,300,30,8.0
0,1,30,264,2082.03,0.0,0.78,2081.24,300,30,8.16
0,1,36,243,2081.24,0.0,1.1,2080.14,300,30,8.87
0,1,46,145,2080.14,0.0,1.72,2078.42,300,30,8.51
0,1,41,127,2078.42,0.0,1.16,2077.26,300,30,8.21
0,1,34,357,2077.26,0.0,1.12,2076.15,300,30,8.5
0,1,40,317,2076.15,0.0,1.1,2075.05,300,30,8.13
0,1,38,309,2075.05,0.0,1.15,2073.89,300,30,8.18
0,1,28,349,2073.89,0.0,0.83,2073.06,300,30,8.09
0,1,37,191,2073.06,0.0,1.01,2072.04,300,30,7.12
0,1,28,201,2072.04,0.0,0.75,2071.3,300,30,6.95
0,1,34,244,2071.3,0.0,0.99,2070.31,300,30,6.54
0,1,26,187,2070.31,0.0,0.71,2069.6,300,30,6.81
0,1,49,109,2069.6,0.0,1.37,2068.24,300,30,6.61
0,1,37,207,2068.24,0.0,0.95,2067.29,300,30,6.71
0,1,33,152,2067.29,0.0,0.93,2066.35,300,30,6.61
0,1,37,227,2066.35,0.0,0.91,2065.45,300,30,6.91
0,1,36,317,2065.45,0.0,1.05,2064.4,300,30,6.92
0,1,39,312,2064.4,0.0,1.0,2063.4,300,30,7.66
0,1,50,216,2063.4,0.0,1.45,2061.95,300,30,7.06
0,1,30,321,2061.95,0.0,0.77,2061.18,300,30,7.17
0,1,33,345,2061.18,0.0,1.06,2060.12,300,30,7.32
0,1,35,211,2060.12,0.0,1.08,2059.04,300,30,7.26
0,1,27,178,2059.04,0.0,0.85,2058.19,300,30,7.63
0,1,45,96,2058.19,0.0,1.42,2056.77,300,30,7.98
0,1,46,247,2056.77,0.0,1.35,2055.42,300,30,7.94
0,1,47,212,2055.42,0.0,1.41,2054.01,300,30,8.31
0,1,40,350,2054.01,0.0,1.14,2052.86,300,30,8.99
0,1,49,95,2052.86,0.0,1.74,2051.12,300,30,9.12
0,1,43,293,2051.12,0.0,1.21,2049.91,300,30,8.95
0,1,26,202,2049.91,0.0,0.68,2049.23,300,30,8.85
0,1,43,255,2049.23,0.0,1.32,2047.9,300,30,8.49
0,1,37,334,2047.9,0.0,0.99,2046.91,300,30,8.29
0,1,43,171,2046.91,0.0,1.21,2045.7,300,30,8.05
0,1,32,133,2045.7,0.0,0.9,2044.8,300,30,7.49
0,1,38,151,2044.8,0.0,1.18,2043.62,300,30,7.07
0,1,25,354,2043.62,0.0,0.79,2042.83,300,30,7.22
0,1,27,166,2042.83,0.0,0.83,2042.01,300,30,7.28
0,1,49,96,2042.01,0.0,1.38,2040.62,300,30,7.36
0,1,34,322,2040.62,0.0,1.07,2039.55,300,30,7.53
0,1,48,184,2039.55,0.0,1.38,2038.17,300,30,8.16
0,1,47,348,2038.17,0.0,1.53,2036.64,300,30,7.73
0,1,27,319,2036.64,0.0,0.75,2035.88,300,30,7.98
0,1,37,194,2035.88,0.0,1.04,2034.84,300,30,8.44
0,1,46,157,2034.84,0.0,1.29,2033.55,300,30,8.33
0,1,42,184,2033.55,0.0,1.27,2032.28,300,30,8.04
0,1,28,172,2032.28,0.0,0.78,2031.5,300,30,7.84
0,1,42,164,2031.5,0.0,1.18,2030.32,300,30,8.02
0,1,50,95,2030.32,0.0,1.71,2028.61,300,30,8.3
0,1,36,192,2028.61,0.0,1.03,2027.57,300,30,8.29
0,1,37,153,2027.57,0.0,1.03,2026.54,300,30,8.26
0,1,47,104,2026.54,0.0,1.26,2025.28,300,30,8.08
0,1,44,316,2025.28,0.0,1.09,2024.19,300,30,8.62
0,1,46,351,2024.19,0.0,1.32,2022.87,300,30,8.59
0,1,39,276,2022.87,0.0,1.15,2021.72,300,30,7.92
0,1,36,204,2021.72,0.0,1.04,2020.68,300,30,8.23
0,1,45,153,2020.68,0.0,1.34,2019.34,300,30,8.63
0,1,49,230,2019.34,0.0,1.43,2017.91,300,30,8.9
0,1,50,182,2017.91,0.0,1.53,2016.38,300,30,8.87
0,1,37,274,2016.38,0.0,1.06,2015.32,300,30,8.54
0,1,33,225,2015.32,0.0,0.99,2014.33,300,30,8.13
0,1,29,91,2014.33,0.0,0.74,2013.59,300,30,8.3
0,1,39,94,2013.59,0.0,1.21,2012.38,300,30,8.18
0,1,48,315,2012.38,0.0,1.22,2011.17,300,30,8.09
0,1,44,230,2011.17,0.0,1.34,2009.83,300,30,7.55
0,1,36,168,2009.83,0.0,0.99,2008.84,300,30,7.73
0,1,40,321,2008.84,0.0,1.24,2007.6,300,30,7.89
0,1,42,249,2007.6,0.0,1.15,2006.45,300,30,7.94
0,1,33,322,2006.45,0.0,0.79,2005.66,300,30,7.51
0,1,31,107,2005.66,0.0,0.78,2004.88,300,30,7.29
0,1,39,146,2004.88,0.0,1.0,2003.88,300,30,6.88
0,1,38,291,2003.88,0.0,0.93,2002.95,300,30,6.5
0,1,25,222,2002.95,0.0,0.61,2002.33,300,30,6.59
0,1,46,226,2002.33,0.0,1.33,2001.01,300,30,6.14
0,1,27,281,2001.01,0.0,0.7,2000.31,300,30,6.19
0,1,34,131,2000.31,0.0,0.84,1999.47,300,30,6.15
0,1,28,218,1999.47,0.0,0.74,1998.73,300,30,6.14
0,1,36,167,1998.73,0.0,0.99,1997.74,300,30,6.37
0,1,48,301,1997.74,0.0,1.16,1996.58,300,30,6.68
0,1,32,199,1996.58,0.0,0.92,1995.65,300,30,6.33
0,1,40,352,1995.65,0.0,0.98,1994.68,300,30,6.92
0,1,50,91,1994.68,0.0,1.29,1993.39,300,30,7.04
0,1,35,110,1993.39,0.0,0.96,1992.43,300,30,6.98
0,1,26,186,1992.43,0.0,0.68,1991.74,300,30,7.3
0,1,48,135,1991.74,0.0,1.31,1990.44,300,30,7.48
0,1,42,153,1990.44,0.0,1.34,1989.1,300,30,7.77
0,1,40,108,1989.1,0.0,1.21,1987.89,300,30,7.59
0,1,29,150,1987.89,0.0,0.8,1987.1,300,30,7.0
0,1,26,90,1987.1,0.0,0.7,1986.39,300,30,7.26
0,1,44,110,1986.39,0.0,1.22,1985.17,300,30,7.56
0,1,41,248,1985.17,0.0,0.98,1984.2,300,30,7.0
0,1,33,116,1984.2,0.0,0.75,1983.45,300,30,6.38
0,1,35,125,1983.45,0.0,0.72,1982.73,300,30,6.5
0,1,50,305,1982.73,0.0,1.33,1981.4,300,30,6.69
0,1,42,210,1981.4,0.0,0.99,1980.41,300,30,7.42
0,1,50,101,1980.41,0.0,1.43,1978.98,300,30,7.02
0,1,27,300,1978.98,0.0,0.82,1978.16,300,30,6.6
0,1,29,154,1978.16,0.0,0.56,1977.6,300,30,6.64
0,1,31,171,1977.6,0.0,0.79,1976.8,300,30,7.04
0,1,38,225,1976.8,0.0,1.12,1975.68,300,30,6.64
0,1,38,119,1975.68,0.0,0.93,1974.75,300,30,6.35
0,1,30,274,1974.75,0.0,0.7,1974.05,300,30,6.1
0,1,46,314,1974.05,0.0,1.18,1972.87,300,30,6.23
0,1,35,132,1972.87,0.0,0.95,1971.93,300,30,6.89
0,1,44,257,1971.93,0.0,1.22,1970.7,300,30,7.07
0,1,33,173,1970.7,0.0,0.97,1969.73,300,30,6.68
0,1,30,159,1969.73,0.0,0.73,1969.0,300,30,6.82
0,1,36,168,1969.0,0.0,1.07,1967.93,300,30,7.0
0,1,34,221,1967.93,0.0,0.88,1967.05,300,30,6.76
0,1,34,261,1967.05,0.0,0.94,1966.11,300,30,6.85
0,1,40,168,1966.11,0.0,1.04,1965.07,300,30,6.5
0,1,29,148,1965.07,0.0,0.87,1964.21,300,30,6.67
0,1,44,241,1964.21,0.0,1.14,1963.06,300,30,7.07
0,1,40,303,1963.06,0.0,1.13,1961.93,300,30,6.89
0,1,36,342,1961.93,0.0,0.89,1961.04,300,30,6.93
0,1,34,134,1961.04,0.0,0.92,1960.12,300,30,7.17
0,1,48,348,1960.12,0.0,1.18,1958.94,300,30,6.97
0,1,30,311,1958.94,0.0,0.84,1958.1,300,30,6.88
0,1,28,192,1958.1,0.0,0.78,1957.32,300,30,6.53
0,1,30,289,1957.32,0.0,0.79,1956.53,300,30,6.19
0,1,35,277,1956.53,0.0,0.79,1955.73,300,30,6.08
0,1,31,162,1955.73,0.0,0.78,1954.95,300,30,5.94
0,1,32,209,1954.95,0.0,0.78,1954.17,300,30,5.43
0,1,26,336,1954.17,0.0,0.67,1953.5,300,30,5.72
0,1,50,252,1953.5,0.0,1.13,1952.37,300,30,5.67
0,1,32,249,1952.37,0.0,0.73,1951.64,300,30,5.78
0,1,28,136,1951.64,0.0,0.9,1950.75,300,30,6.02
0,1,36,248,1950.75,0.0,1.03,1949.72,300,30,5.94
0,1,28,318,1949.72,0.0,0.7,1949.01,300,30,6.38
0,1,46,190,1949.01,0.0,1.22,1947.79,300,30,6.8
0,1,38,125,1947.79,0.0,1.09,1946.7,300,30,6.59
0,1,39,216,1946.7,0.0,0.92,1945.78,300,30,6.77
0,1,40,210,1945.78,0.0,0.91,1944.87,300,30,6.81
0,1,46,261,1944.87,0.0,0.94,1943.93,300,30,6.68
0,1,33,219,1943.93,0.0,0.9,1943.03,300,30,7.04
0,1,41,148,1943.03,0.0,1.06,1941.96,300,30,6.83
0,1,44,348,1941.96,0.0,1.01,1940.95,300,30,6.47
0,1,30,346,1940.95,0.0,0.73,1940.23,300,30,6.66
0,1,41,340,1940.23,0.0,1.11,1939.12,300,30,6.86
0,1,41,277,1939.12,0.0,1.11,1938.01,300,30,6.88
0,1,38,216,1938.01,0.0,0.96,1937.06,300,30,6.93
0,1,36,349,1937.06,0.0,0.95,1936.11,300,30,6.69
0,1,38,215,1936.11,0.0,0.82,1935.29,300,30,6.79
0,1,47,266,1935.29,0.0,1.11,1934.18,300,30,6.72
0,1,30,229,1934.18,0.0,0.66,1933.52,300,30,6.52
0,1,35,102,1933.52,0.0,0.91,1932.61,300,30,6.2
0,1,33,357,1932.61,0.0,0.79,1931.82,300,30,6.31
0,1,42,144,1931.82,0.0,1.07,1930.74,300,30,6.14
0,1,30,210,1930.74,0.0,0.78,1929.97,300,30,6.29
0,1,40,155,1929.97,0.0,0.97,1929.0,300,30,5.83
0,1,28,334,1929.0,0.0,0.65,1928.35,300,30,6.23
0,1,39,338,1928.35,0.0,1.06,1927.29,300,30,5.94
0,1,27,230,1927.29,0.0,0.62,1926.67,300,30,6.18
0,1,38,265,1926.67,0.0,1.03,1925.64,300,30,5.83
0,1,29,288,1925.64,0.0,0.72,1924.93,300,30,6.34
0,1,44,232,1924.93,0.0,1.29,1923.64,300,30,6.36
0,1,41,125,1923.64,0.0,0.99,1922.65,300,30,6.59
0,1,31,344,1922.65,0.0,0.88,1921.77,300,30,6.34
0,1,32,184,1921.77,0.0,0.81,1920.96,300,30,6.69
0,1,30,184,1920.96,0.0,0.97,1919.99,300,30,6.4
0,1,30,278,1919.99,0.0,0.74,1919.25,300,30,6.6
0,1,40,280,1919.25,0.0,0.92,1918.33,300,30,6.46
0,1,45,204,1918.33,0.0,1.15,1917.18,300,30,6.64
0,1,49,175,1917.18,0.0,1.17,1916.01,300,30,6.87
0,1,40,238,1916.01,190.18,1.11,2105.09,300,30,6.92
0,1,35,221,2105.09,0.0,0.86,2104.23,300,30,6.69
0,1,26,183,2104.23,0.0,0.74,2103.49,300,30,7.06
0,1,50,209,2103.49,0.0,1.11,2102.38,300,30,7.45
0,1,46,283,2102.38,0.0,1.31,2101.07,300,30,7.25
0,1,37,269,2101.07,0.0,0.95,2100.11,300,30,6.85
0,1,34,312,2100.11,0.0,0.77,2099.35,300,30,6.62
0,1,36,235,2099.35,0.0,0.88,2098.47,300,30,6.66
0,1,34,360,2098.47,0.0,0.9,2097.56,300,30,6.67
0,1,28,249,2097.56,0.0,0.75,2096.81,300,30,6.54
0,1,37,100,2096.81,0.0,0.98,2095.83,300,30,6.12
0,1,35,158,2095.83,0.0,0.89,2094.94,300,30,6.4
0,1,50,297,2094.94,0.0,1.23,2093.7,300,30,6.4
0,1,30,227,2093.7,186.07,0.77,2279.01,300,30,6.55
0,1,39,285,2279.01,0.0,1.03,2277.97,300,30,6.65
0,1,38,347,2277.97,0.0,1.0,2276.98,300,30,6.78
0,1,33,179,2276.98,0.0,0.88,2276.1,300,30,6.53
0,1,26,321,2276.1,0.0,0.73,2275.37,300,30,6.63
0,1,36,98,2275.37,0.0,0.99,2274.37,300,30,6.52
0,1,47,162,2274.37,0.0,1.12,2273.25,300,30,6.83
0,1,36,341,2273.25,0.0,1.08,2272.17,300,30,6.53
0,1,27,280,2272.17,0.0,0.73,2271.44,300,30,6.5
0,1,40,299,2271.44,0.0,0.97,2270.47,300,30,6.66
0,1,37,99,2270.47,0.0,1.04,2269.43,300,30,6.93
0,1,31,153,2269.43,0.0,1.0,2268.43,300,30,7.07
0,1,40,320,2268.43,0.0,1.13,2267.3,300,30,7.07
0,1,37,234,2267.3,0.0,1.12,2266.18,300,30,7.25
0,1,45,205,2266.18,0.0,1.26,2264.92,300,30,8.0
0,1,49,120,2264.92,0.0,1.48,2263.44,300,30,8.31
0,1,49,98,2263.44,0.0,1.28,2262.16,300,30,7.99
0,1,29,101,2262.16,0.0,0.72,2261.44,300,30,8.05
0,1,39,335,2261.44,0.0,1.06,2260.38,300,30,7.81
0,1,32,107,2260.38,0.0,0.89,2259.49,300,30,7.53
0,1,31,159,2259.49,0.0,0.84,2258.65,300,30,7.51
0,1,47,126,2258.65,0.0,1.24,2257.41,300,30,6.97
0,1,32,107,2257.41,0.0,0.94,2256.47,300,30,6.59
0,1,35,301,2256.47,0.0,0.9,2255.58,300,30,6.97
0,1,39,215,2255.58,0.0,1.1,2254.48,300,30,7.24
0,1,46,101,2254.48,0.0,1.33,2253.14,300,30,7.64
0,1,43,293,2253.14,0.0,1.29,2251.85,300,30,8.12
0,1,48,168,2251.85,0.0,1.32,2250.54,300,30,8.18
0,1,44,267,2250.54,0.0,1.3,2249.23,300,30,8.3
0,1,40,348,2249.23,0.0,1.06,2248.17,300,30,8.24
0,1,39,211,2248.17,0.0,0.84,2247.33,300,30,7.95
0,1,30,349,2247.33,0.0,0.81,2246.52,300,30,7.59
0,1,36,146,2246.52,0.0,0.97,2245.55,300,30,6.98
0,1,27,319,2245.55,0.0,0.68,2244.87,300,30,6.88
0,1,47,280,2244.87,0.0,1.22,2243.65,300,30,6.63
0,1,36,336,2243.65,0.0,1.05,2242.6,300,30,7.0
0,1,45,182,2242.6,0.0,1.43,2241.17,300,30,7.48
0,1,47,320,2241.17,0.0,1.32,2239.85,300,30,7.97
0,1,48,175,2239.85,0.0,1.3,2238.56,300,30,8.05
0,1,36,173,2238.56,0.0,1.05,2237.5,300,30,8.46
0,1,39,97,2237.5,0.0,1.09,2236.41,300,30,8.73
0,1,46,295,2236.41,0.0,1.49,2234.92,300,30,8.57
0,1,29,180,2234.92,233.15,0.89,2467.19,300,30,7.85
0,1,25,321,2467.19,0.0,0.71,2466.48,300,30,7.83
0,1,50,235,2466.48,0.0,1.3,2465.17,300,30,7.6
0,1,38,116,2465.17,0.0,1.07,2464.1,300,30,7.4
9,1,47,165,51.46,0.0,0.04,51.42,20,60,0.22
9,1,31,285,51.42,0.0,0.02,51.4,20,60,0.2
9,1,38,312,51.4,0.0,0.03,51.36,20,60,0.2
9,1,45,223,51.36,0.0,0.04,51.32,20,60,0.22
9,1,46,154,51.32,0.0,0.04,51.28,20,60,0.23
9,1,44,338,51.28,0.0,0.04,51.24,20,60,0.25
9,1,47,167,51.24,0.0,0.04,51.21,20,60,0.23
9,1,28,184,51.21,0.0,0.02,51.18,20,60,0.24
9,1,33,318,51.18,0.0,0.03,51.15,20,60,0.23
9,1,30,248,51.15,0.0,0.02,51.13,20,60,0.23
9,1,50,152,51.13,0.0,0.04,51.08,20,60,0.22
9,1,31,220,51.08,0.0,0.03,51.06,20,60,0.2
9,1,27,170,51.06,0.0,0.02,51.04,20,60,0.19
9,1,39,241,51.04,0.0,0.03,51.0,20,60,0.2
9,1,33,265,51.0,0.0,0.03,50.97,20,60,0.21
9,1,42,242,50.97,0.0,0.04,50.94,20,60,0.22
9,1,33,212,50.94,0.0,0.03,50.91,20,60,0.21
9,1,31,313,50.91,0.0,0.03,50.88,20,60,0.21
9,1,36,181,50.88,0.0,0.03,50.85,20,60,0.23
9,1,42,184,50.85,0.0,0.04,50.81,20,60,0.24
9,1,40,111,50.81,0.0,0.04,50.78,20,60,0.24
9,1,37,107,50.78,0.0,0.03,50.75,20,60,0.24
9,1,39,296,50.75,0.0,0.04,50.71,20,60,0.23
9,1,25,90,50.71,0.0,0.02,50.69,20,60,0.24
9,1,45,310,50.69,0.0,0.04,50.65,20,60,0.24
9,1,37,207,50.65,0.0,0.03,50.62,20,60,0.23
9,1,31,198,50.62,0.0,0.03,50.59,20,60,0.22
9,1,42,320,50.59,0.0,0.03,50.56,20,60,0.22
9,1,32,114,50.56,0.0,0.03,50.53,20,60,0.2
9,1,29,272,50.53,0.0,0.02,50.5,20,60,0.2
9,1,29,97,50.5,0.0,0.02,50.48,20,60,0.2
9,1,38,213,50.48,0.0,0.04,50.44,20,60,0.19
9,1,25,193,50.44,0.0,0.02,50.42,20,60,0.19
9,1,42,248,50.42,0.0,0.03,50.38,20,60,0.19
9,1,36,277,50.38,0.0,0.03,50.35,20,60,0.18
9,1,26,287,50.35,0.0,0.02,50.32,20,60,0.19
9,1,32,253,50.32,0.0,0.03,50.3,20,60,0.2
9,1,36,302,50.3,0.0,0.03,50.26,20,60,0.19
9,1,27,236,50.26,0.0,0.03,50.24,20,60,0.19
9,1,33,124,50.24,0.0,0.02,50.21,20,60,0.2
9,1,45,281,50.21,0.0,0.04,50.17,20,60,0.21
9,1,46,290,50.17,0.0,0.04,50.12,20,60,0.23
9,1,44,246,50.12,0.0,0.04,50.08,20,60,0.24
9,1,37,140,50.08,0.0,0.04,50.05,20,60,0.25
9,1,47,292,50.05,0.0,0.04,50.01,20,60,0.25
9,1,28,164,50.01,0.0,0.03,49.98,20,60,0.28
9,1,48,216,49.98,0.0,0.05,49.93,20,60,0.28
9,1,42,318,49.93,0.0,0.04,49.89,20,60,0.28
9,1,39,193,49.89,0.0,0.04,49.85,20,60,0.28
9,1,45,157,49.85,0.0,0.04,49.81,20,60,0.27
9,1,43,148,49.81,0.0,0.03,49.78,20,60,0.27
9,1,44,270,49.78,0.0,0.04,49.73,20,60,0.26
9,1,27,270,49.73,0.0,0.02,49.71,20,60,0.25
9,1,45,191,49.71,0.0,0.04,49.67,20,60,0.25
9,1,40,102,49.67,0.0,0.04,49.63,20,60,0.26
9,1,50,258,49.63,0.0,0.05,49.59,20,60,0.24
9,1,28,162,49.59,0.0,0.02,49.57,20,60,0.25
9,1,38,353,49.57,0.0,0.04,49.53,20,60,0.26
9,1,50,141,49.53,0.0,0.05,49.48,20,60,0.28
9,1,48,161,49.48,0.0,0.04,49.43,20,60,0.27
9,1,33,360,49.43,0.0,0.03,49.4,20,60,0.26
9,1,43,281,49.4,0.0,0.03,49.37,20,60,0.24
9,1,31,163,49.37,0.0,0.03,49.34,20,60,0.26
9,1,39,345,49.34,0.0,0.04,49.3,20,60,0.25
9,1,38,231,49.3,0.0,0.03,49.27,20,60,0.23
9,1,41,153,49.27,0.0,0.03,49.23,20,60,0.23
9,1,45,273,49.23,0.0,0.04,49.19,20,60,0.23
9,1,30,295,49.19,0.0,0.03,49.17,20,60,0.23
9,1,25,226,49.17,0.0,0.03,49.14,20,60,0.24
9,1,50,341,49.14,0.0,0.04,49.1,20,60,0.24
9,1,46,342,49.1,0.0,0.04,49.06,20,60,0.26
9,1,49,165,49.06,0.0,0.05,49.01,20,60,0.25
9,1,27,189,49.01,0.0,0.02,48.99,20,60,0.24
9,1,34,235,48.99,0.0,0.03,48.96,20,60,0.25
9,1,46,262,48.96,0.0,0.04,48.92,20,60,0.25
9,1,37,195,48.92,0.0,0.03,48.88,20,60,0.25
9,1,40,105,48.88,0.0,0.04,48.85,20,60,0.24
9,1,26,248,48.85,0.0,0.03,48.82,20,60,0.22
9,1,33,184,48.82,0.0,0.03,48.79,20,60,0.24
9,1,44,300,48.79,0.0,0.04,48.74,20,60,0.25
9,1,44,182,48.74,0.0,0.04,48.7,20,60,0.25
9,1,35,155,48.7,0.0,0.04,48.67,20,60,0.26
9,1,43,208,48.67,0.0,0.04,48.62,20,60,0.26
9,1,38,260,48.62,0.0,0.04,48.59,20,60,0.27
9,1,43,165,48.59,0.0,0.04,48.55,20,60,0.27
9,1,33,334,48.55,0.0,0.03,48.52,20,60,0.26
9,1,30,137,48.52,0.0,0.03,48.49,20,60,0.26
9,1,43,286,48.49,0.0,0.04,48.45,20,60,0.27
9,1,47,223,48.45,0.0,0.05,48.4,20,60,0.27
9,1,48,205,48.4,0.0,0.04,48.36,20,60,0.26
9,1,31,158,48.36,0.0,0.03,48.33,20,60,0.25
9,1,31,159,48.33,0.0,0.03,48.3,20,60,0.26
9,1,46,257,48.3,0.0,0.04,48.25,20,60,0.29
9,1,50,121,48.25,0.0,0.06,48.2,20,60,0.29
9,1,41,206,48.2,0.0,0.04,48.16,20,60,0.28
9,1,48,278,48.16,0.0,0.04,48.12,20,60,0.27
9,1,30,281,48.12,0.0,0.03,48.09,20,60,0.28
9,1,43,219,48.09,0.0,0.04,48.05,20,60,0.29
9,1,40,163,48.05,0.0,0.04,48.01,20,60,0.28
9,1,36,197,48.01,0.0,0.03,47.98,20,60,0.24
9,1,25,309,47.98,0.0,0.02,47.96,20,60,0.24
9,1,41,340,47.96,0.0,0.04,47.92,20,60,0.23
9,1,37,134,47.92,0.0,0.03,47.89,20,60,0.24
9,1,42,287,47.89,0.0,0.04,47.85,20,60,0.24
9,1,44,302,47.85,0.0,0.04,47.8,20,60,0.23
9,1,31,341,47.8,0.0,0.03,47.78,20,60,0.23
9,1,35,316,47.78,0.0,0.03,47.74,20,60,0.25
9,1,40,171,47.74,0.0,0.04,47.71,20,60,0.24
9,1,36,158,47.71,0.0,0.03,47.68,20,60,0.23
9,1,28,173,47.68,0.0,0.02,47.65,20,60,0.22
9,1,36,113,47.65,0.0,0.03,47.62,20,60,0.2
9,1,28,269,47.62,0.0,0.02,47.6,20,60,0.2
9,1,28,171,47.6,0.0,0.03,47.57,20,60,0.2
9,1,31,344,47.57,0.0,0.03,47.54,20,60,0.19
9,1,37,250,47.54,0.0,0.03,47.51,20,60,0.19
9,1,36,222,47.51,0.0,0.03,47.47,20,60,0.19
9,1,29,174,47.47,0.0,0.02,47.45,20,60,0.2
9,1,42,267,47.45,0.0,0.04,47.41,20,60,0.21
9,1,40,96,47.41,0.0,0.03,47.38,20,60,0.21
9,1,35,189,47.38,0.0,0.03,47.34,20,60,0.2
9,1,26,95,47.34,0.0,0.02,47.32,20,60,0.2
9,1,31,142,47.32,0.0,0.03,47.29,20,60,0.19
9,1,25,291,47.29,0.0,0.02,47.27,20,60,0.21
9,1,41,294,47.27,0.0,0.04,47.23,20,60,0.21
9,1,39,312,47.23,0.0,0.04,47.19,20,60,0.21
9,1,33,265,47.19,0.0,0.03,47.16,20,60,0.21
9,1,41,134,47.16,0.0,0.03,47.13,20,60,0.21
9,1,25,248,47.13,0.0,0.02,47.1,20,60,0.22
9,1,41,182,47.1,0.0,0.04,47.07,20,60,0.23
9,1,44,292,47.07,0.0,0.03,47.03,20,60,0.22
9,1,30,146,47.03,0.0,0.03,47.01,20,60,0.22
9,1,50,145,47.01,0.0,0.04,46.96,20,60,0.22
9,1,33,277,46.96,0.0,0.03,46.93,20,60,0.23
9,1,41,117,46.93,0.0,0.04,46.89,20,60,0.24
9,1,31,243,46.89,0.0,0.03,46.87,20,60,0.23
9,1,41,231,46.87,0.0,0.03,46.83,20,60,0.23
9,1,35,353,46.83,0.0,0.03,46.8,20,60,0.22
9,1,27,200,46.8,0.0,0.02,46.77,20,60,0.2
9,1,26,103,46.77,0.0,0.02,46.75,20,60,0.2
9,1,34,99,46.75,0.0,0.03,46.72,20,60,0.21
9,1,46,281,46.72,0.0,0.05,46.68,20,60,0.22
9,1,43,145,46.68,0.0,0.04,46.64,20,60,0.21
9,1,25,324,46.64,0.0,0.02,46.62,20,60,0.21
9,1,38,150,46.62,0.0,0.03,46.58,20,60,0.22
9,1,35,257,46.58,0.0,0.03,46.55,20,60,0.23
9,1,36,346,46.55,0.0,0.03,46.52,20,60,0.23
9,1,27,333,46.52,0.0,0.03,46.49,20,60,0.22
9,1,50,250,46.49,0.0,0.04,46.45,20,60,0.23
9,1,46,217,46.45,12.4,0.05,58.81,20,60,0.25
9,1,45,249,58.81,0.0,0.04,58.76,20,60,0.27
9,1,47,305,58.76,0.0,0.05,58.71,20,60,0.27
9,1,29,116,58.71,0.0,0.03,58.69,20,60,0.28
9,1,47,277,58.69,0.0,0.04,58.65,20,60,0.28
9,1,31,314,58.65,0.0,0.03,58.62,20,60,0.27
9,1,34,273,58.62,0.0,0.03,58.59,20,60,0.24
9,1,30,228,58.59,0.0,0.02,58.57,20,60,0.25
9,1,50,279,58.57,0.0,0.05,58.52,20,60,0.24
9,1,49,91,58.52,0.0,0.04,58.48,20,60,0.23
9,1,28,222,58.48,0.0,0.02,58.46,20,60,0.22
9,1,41,199,58.46,0.0,0.03,58.43,20,60,0.22
9,1,35,148,58.43,0.0,0.03,58.4,20,60,0.22
9,1,39,357,58.4,0.0,0.03,58.37,20,60,0.24
9,1,44,271,58.37,0.0,0.04,58.32,20,60,0.21
9,1,27,178,58.32,0.0,0.02,58.3,20,60,0.2
9,1,48,169,58.3,0.0,0.03,58.27,20,60,0.21
9,1,30,276,58.27,0.0,0.03,58.24,20,60,0.23
9,1,49,177,58.24,0.0,0.05,58.2,20,60,0.23
9,1,30,149,58.2,0.0,0.03,58.17,20,60,0.23
9,1,37,138,58.17,0.0,0.03,58.14,20,60,0.22
9,1,41,154,58.14,0.0,0.03,58.11,20,60,0.22
9,1,29,288,58.11,0.0,0.02,58.09,20,60,0.23
9,1,41,322,58.09,0.0,0.04,58.05,20,60,0.24
9,1,43,91,58.05,0.0,0.04,58.02,20,60,0.23
9,1,48,283,58.02,0.0,0.04,57.98,20,60,0.24
9,1,44,230,57.98,0.0,0.04,57.93,20,60,0.26
9,1,49,349,57.93,0.0,0.05,57.88,20,60,0.26
9,1,36,230,57.88,21.3,0.03,79.15,20,60,0.27
9,1,37,224,79.15,0.0,0.03,79.11,20,60,0.27
9,1,43,131,79.11,0.0,0.04,79.07,20,60,0.26
9,1,29,241,79.07,0.0,0.03,79.04,20,60,0.25
9,1,36,347,79.04,0.0,0.03,79.01,20,60,0.24
9,1,27,182,79.01,0.0,0.03,78.99,20,60,0.22
9,1,30,113,78.99,0.0,0.03,78.96,20,60,0.23
9,1,47,310,78.96,0.0,0.04,78.92,20,60,0.24
9,1,50,106,78.92,0.0,0.04,78.88,20,60,0.22
9,1,32,144,78.88,0.0,0.02,78.85,20,60,0.23
9,1,41,227,78.85,0.0,0.04,78.81,20,60,0.24
9,1,45,308,78.81,0.0,0.04,78.78,20,60,0.25
9,1,42,298,78.78,0.0,0.04,78.74,20,60,0.25
9,1,36,257,78.74,0.0,0.03,78.71,20,60,0.25
9,1,45,196,78.71,0.0,0.04,78.67,20,60,0.24
9,1,36,180,78.67,0.0,0.03,78.64,20,60,0.25
9,1,32,275,78.64,0.0,0.03,78.62,20,60,0.25
9,1,43,346,78.62,0.0,0.04,78.58,20,60,0.24
9,1,31,323,78.58,0.0,0.03,78.55,20,60,0.23
9,1,39,238,78.55,0.0,0.03,78.52,20,60,0.23
9,1,38,165,78.52,0.0,0.03,78.49,20,60,0.22
9,1,30,155,78.49,0.0,0.03,78.46,20,60,0.21
9,1,28,356,78.46,0.0,0.02,78.44,20,60,0.23
9,1,50,198,78.44,0.0,0.05,78.39,20,60,0.23
9,1,46,112,78.39,0.0,0.04,78.35,20,60,0.24
9,1,44,305,78.35,0.0,0.04,78.31,20,60,0.24
9,1,32,228,78.31,0.0,0.03,78.28,20,60,0.23
9,1,26,174,78.28,0.0,0.02,78.26,20,60,0.23
9,1,41,117,78.26,0.0,0.03,78.23,20,60,0.24
9,1,38,257,78.23,0.0,0.03,78.19,20,60,0.23
9,1,43,330,78.19,0.0,0.04,78.16,20,60,0.23
9,1,49,235,78.16,0.0,0.04,78.12,20,60,0.21
9,1,26,262,78.12,0.0,0.02,78.1,20,60,0.2
9,1,27,344,78.1,0.0,0.02,78.07,20,60,0.21
9,1,37,282,78.07,0.0,0.03,78.05,20,60,0.22
9,1,46,130,78.05,0.0,0.04,78.01,20,60,0.23
9,1,46,347,78.01,0.0,0.04,77.97,20,60,0.22
9,1,44,353,77.97,0.0,0.03,77.94,20,60,0.2
9,1,25,334,77.94,0.0,0.02,77.92,20,60,0.22
9,1,50,330,77.92,0.0,0.04,77.88,20,60,0.22
9,1,26,230,77.88,0.0,0.02,77.86,20,60,0.22
9,1,45,309,77.86,0.0,0.03,77.83,20,60,0.2
9,1,28,338,77.83,0.0,0.02,77.81,20,60,0.18
9,1,36,325,77.81,0.0,0.02,77.78,20,60,0.18
9,1,38,273,77.78,0.0,0.03,77.75,20,60,0.19
9,1,30,162,77.75,0.0,0.03,77.72,20,60,0.18
9,1,43,335,77.72,0.0,0.03,77.69,20,60,0.19
9,1,43,191,77.69,0.0,0.03,77.66,20,60,0.19
9,1,39,102,77.66,0.0,0.03,77.63,20,60,0.21
9,1,41,193,77.63,0.0,0.04,77.59,20,60,0.22
9,1,39,127,77.59,0.0,0.03,77.57,20,60,0.22
9,1,38,282,77.57,0.0,0.03,77.54,20,60,0.23
9,1,50,184,77.54,0.0,0.04,77.5,20,60,0.22
9,1,27,160,77.5,0.0,0.02,77.48,20,60,0.23
9,1,46,95,77.48,0.0,0.04,77.44,20,60,0.23
9,1,43,175,77.44,0.0,0.03,77.42,20,60,0.22
9,1,40,182,77.42,0.0,0.03,77.39,20,60,0.23
9,1,47,187,77.39,0.0,0.04,77.35,20,60,0.24
9,1,46,216,77.35,0.0,0.04,77.31,20,60,0.24
9,1,45,248,77.31,0.0,0.04,77.28,20,60,0.24
9,1,26,121,77.28,0.0,0.02,77.26,20,60,0.23
9,1,36,276,77.26,0.0,0.03,77.23,20,60,0.23
9,1,34,138,77.23,0.0,0.03,77.21,20,60,0.23
9,1,33,345,77.21,0.0,0.03,77.18,20,60,0.23
9,1,46,115,77.18,0.0,0.04,77.14,20,60,0.22
9,1,38,225,77.14,0.0,0.03,77.11,20,60,0.2
9,1,31,352,77.11,0.0,0.02,77.08,20,60,0.21
9,1,37,307,77.08,0.0,0.03,77.05,20,60,0.2
9,1,25,192,77.05,0.0,0.02,77.03,20,60,0.19
9,1,30,173,77.03,0.0,0.02,77.01,20,60,0.19
9,1,34,194,77.01,0.0,0.03,76.98,20,60,0.17
9,1,25,331,76.98,0.0,0.02,76.96,20,60,0.18
9,1,48,267,76.96,0.0,0.04,76.92,20,60,0.2
9,1,48,301,76.92,0.0,0.04,76.88,20,60,0.2
9,1,32,262,76.88,0.0,0.03,76.86,20,60,0.2
9,1,29,103,76.86,0.0,0.02,76.84,20,60,0.22
9,1,49,310,76.84,0.0,0.04,76.8,20,60,0.22
9,1,37,223,76.8,0.0,0.03,76.77,20,60,0.23
9,1,34,292,76.77,0.0,0.03,76.74,20,60,0.22
9,1,42,335,76.74,0.0,0.03,76.71,20,60,0.21
9,1,44,130,76.71,0.0,0.03,76.68,20,60,0.21
9,1,38,116,76.68,0.0,0.03,76.65,20,60,0.23
9,1,43,196,76.65,0.0,0.04,76.61,20,60,0.21
9,1,27,200,76.61,0.0,0.02,76.59,20,60,0.2
9,1,26,144,76.59,0.0,0.02,76.57,20,60,0.2
9,1,50,236,76.57,0.0,0.03,76.53,20,60,0.21
9,1,50,161,76.53,0.0,0.04,76.49,20,60,0.2
9,1,27,309,76.49,0.0,0.02,76.47,20,60,0.2
9,1,41,317,76.47,0.0,0.03,76.44,20,60,0.19
9,1,38,225,76.44,0.0,0.03,76.41,20,60,0.2
9,1,39,288,76.41,0.0,0.03,76.38,20,60,0.21
9,1,34,334,76.38,0.0,0.03,76.35,20,60,0.21
9,1,39,166,76.35,0.0,0.03,76.32,20,60,0.2
9,1,40,167,76.32,0.0,0.03,76.29,20,60,0.21
9,1,43,153,76.29,0.0,0.03,76.26,20,60,0.2
9,1,35,325,76.26,0.0,0.02,76.23,20,60,0.21
9,1,50,177,76.23,21.2,0.04,97.39,20,60,0.22
9,1,43,243,97.39,0.0,0.04,97.35,20,60,0.21
9,1,29,215,97.35,0.0,0.02,97.33,20,60,0.21
9,1,36,154,97.33,0.0,0.03,97.3,20,60,0.22
9,1,45,153,97.3,0.0,0.04,97.26,20,60,0.23
9,1,50,324,97.26,0.0,0.04,97.22,20,60,0.23
9,1,35,202,97.22,0.0,0.02,97.2,20,60,0.21
9,1,26,235,97.2,0.0,0.02,97.18,20,60,0.21
9,1,50,146,97.18,0.0,0.04,97.14,20,60,0.21
9,1,25,113,97.14,0.0,0.02,97.12,20,60,0.21
9,1,37,183,97.12,0.0,0.03,97.1,20,60,0.2
9,1,44,138,97.1,0.0,0.03,97.06,20,60,0.19
9,1,39,226,97.06,0.0,0.03,97.03,20,60,0.19
9,1,33,262,97.03,0.0,0.02,97.01,20,60,0.2
9,1,42,174,97.01,0.0,0.03,96.98,20,60,0.2
9,1,47,257,96.98,0.0,0.04,96.95,20,60,0.21
9,1,36,295,96.95,0.0,0.03,96.92,20,60,0.21
9,1,39,232,96.92,0.0,0.03,96.89,20,60,0.21
9,1,44,156,96.89,0.0,0.03,96.86,20,60,0.2
9,1,28,328,96.86,0.0,0.02,96.84,20,60,0.21
9,1,43,347,96.84,0.0,0.03,96.81,20,60,0.2
9,1,30,172,96.81,0.0,0.02,96.78,20,60,0.19
9,1,35,187,96.78,0.0,0.03,96.76,20,60,0.18
9,1,27,230,96.76,0.0,0.02,96.73,20,60,0.19
9,1,48,205,96.73,0.0,0.04,96.7,20,60,0.18
9,1,29,167,96.7,0.0,0.02,96.68,20,60,0.19
9,1,36,149,96.68,0.0,0.03,96.65,20,60,0.2
9,1,49,157,96.65,0.0,0.04,96.61,20,60,0.22
9,1,48,105,96.61,0.0,0.04,96.57,20,60,0.23
9,1,45,252,96.57,0.0,0.04,96.54,20,60,0.24
9,1,46,244,96.54,0.0,0.03,96.5,20,60,0.24
9,1,50,126,96.5,0.0,0.04,96.46,20,60,0.26
9,1,46,200,96.46,0.0,0.04,96.42,20,60,0.25
9,1,29,142,96.42,0.0,0.02,96.4,20,60,0.25
9,1,47,338,96.4,0.0,0.04,96.36,20,60,0.24
9,1,30,252,96.36,0.0,0.03,96.34,20,60,0.23
9,1,45,291,96.34,0.0,0.03,96.3,20,60,0.23
9,1,40,340,96.3,0.0,0.03,96.27,20,60,0.23
9,1,48,331,96.27,0.0,0.04,96.23,20,60,0.22
9,1,36,290,96.23,0.0,0.03,96.2,20,60,0.23
9,1,32,172,96.2,0.0,0.03,96.18,20,60,0.22
9,1,34,291,96.18,0.0,0.03,96.15,20,60,0.21
9,1,26,298,96.15,0.0,0.02,96.13,20,60,0.22
9,1,44,297,96.13,0.0,0.04,96.08,20,60,0.22
9,1,41,259,96.08,0.0,0.03,96.05,20,60,0.22
9,1,47,357,96.05,0.0,0.04,96.01,20,60,0.22
9,1,31,194,96.01,0.0,0.03,95.99,20,60,0.21
9,1,34,107,95.99,0.0,0.02,95.96,20,60,0.22
9,1,50,283,95.96,0.0,0.04,95.92,20,60,0.24
9,1,47,278,95.92,0.0,0.04,95.89,20,60,0.22
9,1,26,287,95.89,0.0,0.02,95.87,20,60,0.22
9,1,48,125,95.87,0.0,0.03,95.83,20,60,0.22
9,1,48,306,95.83,0.0,0.04,95.8,20,60,0.22
9,1,33,213,95.8,0.0,0.03,95.77,20,60,0.24
9,1,47,184,95.77,0.0,0.04,95.73,20,60,0.22
9,1,27,320,95.73,0.0,0.02,95.7,20,60,0.22
9,1,36,266,95.7,0.0,0.04,95.67,20,60,0.23
9,1,39,102,95.67,0.0,0.03,95.63,20,60,0.22
9,1,29,348,95.63,0.0,0.02,95.61,20,60,0.21
9,1,35,203,95.61,0.0,0.03,95.58,20,60,0.22
9,1,43,195,95.58,0.0,0.04,95.54,20,60,0.21
9,1,30,239,95.54,0.0,0.03,95.51,20,60,0.22
9,1,40,190,95.51,0.0,0.03,95.48,20,60,0.21
9,1,36,252,95.48,0.0,0.03,95.45,20,60,0.21
9,1,35,136,95.45,0.0,0.03,95.42,20,60,0.23
9,1,44,137,95.42,0.0,0.04,95.39,20,60,0.23
9,1,36,158,95.39,0.0,0.03,95.36,20,60,0.21
9,1,26,176,95.36,0.0,0.02,95.34,20,60,0.21
9,1,33,187,95.34,0.0,0.03,95.31,20,60,0.21
9,1,40,99,95.31,0.0,0.03,95.28,20,60,0.22
9,1,42,270,95.28,0.0,0.04,95.24,20,60,0.21
9,1,28,117,95.24,0.0,0.02,95.22,20,60,0.21
9,1,46,278,95.22,0.0,0.04,95.18,20,60,0.2
9,1,28,158,95.18,0.0,0.02,95.16,20,60,0.22
9,1,49,119,95.16,0.0,0.04,95.12,20,60,0.23
9,1,44,352,95.12,0.0,0.04,95.08,20,60,0.22
9,1,30,119,95.08,0.0,0.02,95.06,20,60,0.22
9,1,36,219,95.06,0.0,0.04,95.02,20,60,0.23
9,1,41,179,95.02,0.0,0.03,94.99,20,60,0.23
9,1,45,295,94.99,0.0,0.04,94.95,20,60,0.25
9,1,39,180,94.95,0.0,0.04,94.91,20,60,0.24
9,1,34,291,94.91,0.0,0.03,94.88,20,60,0.22
9,1,29,310,94.88,0.0,0.02,94.86,20,60,0.22
9,1,27,118,94.86,0.0,0.02,94.84,20,60,0.21
9,1,35,134,94.84,0.0,0.03,94.81,20,60,0.22
9,1,47,95,94.81,0.0,0.04,94.76,20,60,0.2
9,1,27,202,94.76,0.0,0.02,94.74,20,60,0.19
9,1,29,252,94.74,0.0,0.03,94.72,20,60,0.2
9,1,48,296,94.72,0.0,0.04,94.67,20,60,0.22
9,1,49,322,94.67,0.0,0.04,94.63,20,60,0.23
9,1,38,305,94.63,0.0,0.03,94.6,20,60,0.22
9,1,28,252,94.6,0.0,0.02,94.58,20,60,0.22
9,1,43,137,94.58,0.0,0.04,94.54,20,60,0.24
9,1,37,326,94.54,0.0,0.04,94.5,20,60,0.25
9,1,45,244,94.5,0.0,0.04,94.46,20,60,0.24
9,1,39,131,94.46,0.0,0.03,94.43,20,60,0.22
9,1,31,139,94.43,0.0,0.02,94.4,20,60,0.24
9,1,49,294,94.4,0.0,0.05,94.35,20,60,0.26
9,1,48,188,94.35,0.0,0.04,94.31,20,60,0.26
9,1,47,289,94.31,0.0,0.04,94.27,20,60,0.24
9,1,28,208,94.27,0.0,0.02,94.25,20,60,0.22
9,1,25,186,94.25,0.0,0.02,94.22,20,60,0.22
9,1,36,278,94.22,0.0,0.03,94.19,20,60,0.23
9,1,32,92,94.19,0.0,0.03,94.16,20,60,0.2
9,1,26,106,94.16,0.0,0.02,94.14,20,60,0.18
9,1,25,269,94.14,0.0,0.02,94.11,20,60,0.16
9,1,27,110,94.11,0.0,0.02,94.09,20,60,0.17
9,1,28,123,94.09,0.0,0.03,94.06,20,60,0.19
9,1,42,168,94.06,0.0,0.04,94.03,20,60,0.18
9,1,28,196,94.03,0.0,0.02,94.0,20,60,0.19
9,1,40,118,94.0,0.0,0.04,93.96,20,60,0.2
9,1,45,318,93.96,0.0,0.03,93.93,20,60,0.22
9,1,44,164,93.93,0.0,0.04,93.89,20,60,0.25
9,1,47,329,93.89,0.0,0.05,93.84,20,60,0.25
9,1,39,351,93.84,0.0,0.03,93.8,20,60,0.25
9,1,47,220,93.8,0.0,0.04,93.76,20,60,0.26
9,1,33,103,93.76,0.0,0.03,93.73,20,60,0.24
9,1,25,249,93.73,0.0,0.02,93.71,20,60,0.24
9,1,38,166,93.71,0.0,0.03,93.67,20,60,0.22
9,1,31,272,93.67,0.0,0.02,93.65,20,60,0.22
9,1,48,154,93.65,0.0,0.05,93.6,20,60,0.22
9,1,36,124,93.6,0.0,0.03,93.56,20,60,0.21
9,1,36,145,93.56,0.0,0.03,93.53,20,60,0.22
9,1,41,269,93.53,0.0,0.04,93.49,20,60,0.24
9,1,49,338,93.49,0.0,0.04,93.45,20,60,0.24
9,1,39,249,93.45,19.84,0.03,113.26,20,60,0.26
9,1,40,172,113.26,0.0,0.04,113.22,20,60,0.25
9,1,39,327,113.22,0.0,0.04,113.19,20,60,0.25
9,1,29,103,113.19,0.0,0.03,113.16,20,60,0.25
9,1,30,252,113.16,0.0,0.03,113.13,20,60,0.24
9,1,28,148,113.13,0.0,0.03,113.11,20,60,0.23
9,1,43,105,113.11,0.0,0.03,113.07,20,60,0.23
9,1,32,103,113.07,0.0,0.03,113.04,20,60,0.23
9,1,42,171,113.04,0.0,0.04,113.01,20,60,0.21
9,1,25,212,113.01,0.0,0.02,112.98,20,60,0.2
9,1,30,178,112.98,0.0,0.02,112.96,20,60,0.2
9,1,26,113,112.96,0.0,0.03,112.94,20,60,0.21
9,1,47,267,112.94,0.0,0.04,112.9,20,60,0.2
9,1,29,182,112.9,0.0,0.02,112.87,20,60,0.19
9,1,25,90,112.87,0.0,0.02,112.85,20,60,0.18
9,1,36,347,112.85,0.0,0.03,112.82,20,60,0.19
9,1,35,296,112.82,0.0,0.03,112.79,20,60,0.21
9,1,42,98,112.79,0.0,0.04,112.75,20,60,0.22
9,1,37,277,112.75,0.0,0.04,112.71,20,60,0.21
9,1,36,206,112.71,0.0,0.03,112.68,20,60,0.22
9,1,31,291,112.68,0.0,0.03,112.65,20,60,0.24
9,1,39,151,112.65,0.0,0.04,112.61,20,60,0.25
9,1,43,268,112.61,0.0,0.04,112.57,20,60,0.26
9,1,36,258,112.57,12.68,0.04,125.21,20,60,0.27
9,1,49,306,125.21,0.0,0.05,125.16,20,60,0.26
9,1,33,98,125.16,0.0,0.03,125.13,20,60,0.25
9,1,26,274,125.13,0.0,0.02,125.11,20,60,0.25
9,1,34,190,125.11,0.0,0.03,125.07,20,60,0.24
9,1,35,158,125.07,0.0,0.03,125.04,20,60,0.23
9,1,32,150,125.04,0.0,0.03,125.01,20,60,0.22
9,1,33,353,125.01,0.0,0.03,124.99,20,60,0.21
9,1,46,332,124.99,0.0,0.04,124.95,20,60,0.22
9,1,45,318,124.95,0.0,0.04,124.91,20,60,0.23
9,1,34,341,124.91,0.0,0.03,124.88,20,60,0.22
9,1,28,342,124.88,0.0,0.02,124.86,20,60,0.22
9,1,34,290,124.86,0.0,0.03,124.82,20,60,0.22
9,1,27,258,124.82,0.0,0.03,124.8,20,60,0.23
9,1,48,207,124.8,0.0,0.04,124.75,20,60,0.23
9,1,37,245,124.75,0.0,0.04,124.72,20,60,0.23
9,1,42,138,124.72,0.0,0.04,124.68,20,60,0.24
9,1,39,242,124.68,0.0,0.04,124.64,20,60,0.25
9,1,29,234,124.64,0.0,0.03,124.62,20,60,0.25
9,1,26,218,124.62,0.0,0.03,124.59,20,60,0.24
9,1,28,161,124.59,0.0,0.02,124.57,20,60,0.24
9,1,47,194,124.57,0.0,0.04,124.52,20,60,0.24
9,1,44,246,124.52,0.0,0.04,124.48,20,60,0.25
9,1,48,252,124.48,0.0,0.05,124.43,20,60,0.24
9,1,41,159,124.43,0.0,0.03,124.4,20,60,0.24
9,1,36,150,124.4,0.0,0.03,124.37,20,60,0.24
9,1,33,156,124.37,0.0,0.03,124.34,20,60,0.24
9,1,25,269,124.34,0.0,0.02,124.32,20,60,0.23
9,1,30,267,124.32,0.0,0.03,124.29,20,60,0.24
9,1,48,197,124.29,0.0,0.05,124.24,20,60,0.22
9,1,37,299,124.24,0.0,0.03,124.21,20,60,0.22
9,1,28,215,124.21,0.0,0.03,124.19,20,60,0.22
9,1,32,199,124.19,0.0,0.03,124.16,20,60,0.23
9,1,44,276,124.16,0.0,0.04,124.11,20,60,0.25
9,1,39,309,124.11,0.0,0.04,124.07,20,60,0.26
9,1,38,310,124.07,0.0,0.04,124.04,20,60,0.25
9,1,41,102,124.04,0.0,0.04,124.0,20,60,0.25
9,1,28,153,124.0,0.0,0.03,123.97,20,60,0.25
9,1,28,153,123.97,0.0,0.03,123.95,20,60,0.26
9,1,47,277,123.95,0.0,0.04,123.9,20,60,0.27
9,1,40,165,123.9,0.0,0.05,123.86,20,60,0.26
9,1,37,113,123.86,0.0,0.03,123.83,20,60,0.26
9,1,41,146,123.83,0.0,0.04,123.79,20,60,0.25
9,1,42,142,123.79,0.0,0.03,123.75,20,60,0.25
9,1,30,329,123.75,0.0,0.03,123.73,20,60,0.26
9,1,42,161,123.73,0.0,0.04,123.68,20,60,0.25
9,1,28,292,123.68,0.0,0.03,123.65,20,60,0.23
9,1,44,356,123.65,0.0,0.03,123.62,20,60,0.23
9,1,35,289,123.62,0.0,0.03,123.59,20,60,0.24
9,1,48,142,123.59,0.0,0.05,123.54,20,60,0.25
9,1,38,141,123.54,0.0,0.04,123.5,20,60,0.25
9,1,36,228,123.5,0.0,0.03,123.47,20,60,0.24
9,1,32,163,123.47,0.0,0.03,123.44,20,60,0.25
9,1,47,356,123.44,0.0,0.04,123.4,20,60,0.26
9,1,43,102,123.4,0.0,0.04,123.35,20,60,0.26
9,1,30,109,123.35,0.0,0.03,123.32,20,60,0.25
9,1,42,306,123.32,0.0,0.04,123.28,20,60,0.24
9,1,36,96,123.28,0.0,0.03,123.25,20,60,0.25
9,1,37,214,123.25,0.0,0.04,123.21,20,60,0.24
9,1,27,304,123.21,0.0,0.02,123.19,20,60,0.23
9,1,37,120,123.19,0.0,0.03,123.16,20,60,0.22
9,1,27,326,123.16,0.0,0.03,123.13,20,60,0.22
9,1,32,197,123.13,0.0,0.03,123.1,20,60,0.21
9,1,37,194,123.1,0.0,0.03,123.06,20,60,0.22
9,1,45,109,123.06,0.0,0.04,123.03,20,60,0.21
9,1,28,123,123.03,0.0,0.03,123.0,20,60,0.22
9,1,35,97,123.0,0.0,0.03,122.97,20,60,0.22
9,1,25,255,122.97,0.0,0.03,122.95,20,60,0.21
9,1,27,159,122.95,0.0,0.02,122.92,20,60,0.2
9,1,30,140,122.92,0.0,0.02,122.9,20,60,0.22
9,1,49,252,122.9,0.0,0.05,122.85,20,60,0.23
9,1,44,167,122.85,0.0,0.05,122.8,20,60,0.23
9,1,32,325,122.8,0.0,0.03,122.77,20,60,0.24
9,1,47,116,122.77,0.0,0.04,122.73,20,60,0.24
9,1,36,96,122.73,0.0,0.03,122.7,20,60,0.26
9,1,39,204,122.7,0.0,0.04,122.66,20,60,0.27
9,1,31,92,122.66,0.0,0.03,122.63,20,60,0.25
9,1,32,137,122.63,0.0,0.03,122.6,20,60,0.25
9,1,49,190,122.6,0.0,0.05,122.55,20,60,0.27
9,1,49,328,122.55,0.0,0.05,122.5,20,60,0.26
9,1,28,196,122.5,0.0,0.03,122.48,20,60,0.27
9,1,48,147,122.48,0.0,0.04,122.44,20,60,0.26
9,1,30,264,122.44,0.0,0.03,122.41,20,60,0.26
9,1,36,243,122.41,0.0,0.03,122.38,20,60,0.27
9,1,46,145,122.38,0.0,0.04,122.35,20,60,0.26
9,1,41,127,122.35,0.0,0.04,122.31,20,60,0.24
9,1,34,357,122.31,0.0,0.03,122.28,20,60,0.25
9,1,40,317,122.28,0.0,0.04,122.24,20,60,0.24
9,1,38,309,122.24,0.0,0.03,122.21,20,60,0.24
9,1,28,349,122.21,0.0,0.03,122.18,20,60,0.24
9,1,37,191,122.18,0.0,0.03,122.15,20,60,0.23
9,1,28,201,122.15,0.0,0.03,122.12,20,60,0.22
9,1,34,244,122.12,0.0,0.03,122.09,20,60,0.21
9,1,26,187,122.09,0.0,0.02,122.07,20,60,0.22
9,1,49,109,122.07,0.0,0.05,122.02,20,60,0.22
9,1,37,207,122.02,0.0,0.03,121.99,20,60,0.22
9,1,33,152,121.99,0.0,0.03,121.96,20,60,0.22
9,1,37,227,121.96,0.0,0.03,121.93,20,60,0.22
9,1,36,317,121.93,0.0,0.03,121.89,20,60,0.22
9,1,39,312,121.89,0.0,0.03,121.86,20,60,0.24
9,1,50,216,121.86,0.0,0.04,121.83,20,60,0.21
9,1,30,321,121.83,0.0,0.02,121.8,20,60,0.21
9,1,33,345,121.8,0.0,0.03,121.77,20,60,0.21
9,1,35,211,121.77,0.0,0.03,121.75,20,60,0.2
9,1,27,178,121.75,0.0,0.02,121.72,20,60,0.21
9,1,45,96,121.72,0.0,0.04,121.68,20,60,0.22
9,1,46,247,121.68,0.0,0.04,121.65,20,60,0.22
9,1,47,212,121.65,0.0,0.04,121.6,20,60,0.23
9,1,40,350,121.6,0.0,0.03,121.57,20,60,0.25
9,1,49,95,121.57,0.0,0.05,121.52,20,60,0.26
9,1,43,293,121.52,0.0,0.04,121.48,20,60,0.26
9,1,26,202,121.48,0.0,0.02,121.46,20,60,0.26
9,1,43,255,121.46,0.0,0.04,121.42,20,60,0.25
9,1,37,334,121.42,0.0,0.03,121.39,20,60,0.25
9,1,43,171,121.39,0.0,0.04,121.35,20,60,0.25
9,1,32,133,121.35,0.0,0.03,121.32,20,60,0.24
9,1,38,151,121.32,0.0,0.04,121.29,20,60,0.22
9,1,25,354,121.29,0.0,0.02,121.26,20,60,0.22
9,1,27,166,121.26,0.0,0.02,121.24,20,60,0.22
9,1,49,96,121.24,0.0,0.04,121.2,20,60,0.22
9,1,34,322,121.2,0.0,0.03,121.17,20,60,0.23
9,1,48,184,121.17,0.0,0.05,121.12,20,60,0.24
9,1,47,348,121.12,0.0,0.04,121.08,20,60,0.22
9,1,27,319,121.08,0.0,0.02,121.06,20,60,0.23
9,1,37,194,121.06,0.0,0.03,121.02,20,60,0.25
9,1,46,157,121.02,0.0,0.04,120.98,20,60,0.25
9,1,42,184,120.98,0.0,0.04,120.94,20,60,0.24
9,1,28,172,120.94,0.0,0.02,120.92,20,60,0.23
9,1,42,164,120.92,0.0,0.04,120.88,20,60,0.23
9,1,50,95,120.88,0.0,0.04,120.84,20,60,0.24
9,1,36,192,120.84,0.0,0.03,120.81,20,60,0.24
9,1,37,153,120.81,0.0,0.03,120.78,20,60,0.24
9,1,47,104,120.78,0.0,0.04,120.74,20,60,0.24
9,1,44,316,120.74,0.0,0.04,120.7,20,60,0.26
9,1,46,351,120.7,0.0,0.04,120.66,20,60,0.25
9,1,39,276,120.66,0.0,0.03,120.63,20,60,0.24
9,1,36,204,120.63,0.0,0.03,120.6,20,60,0.25
9,1,45,153,120.6,0.0,0.04,120.56,20,60,0.26
9,1,49,230,120.56,0.0,0.04,120.51,20,60,0.26
9,1,50,182,120.51,0.0,0.04,120.47,20,60,0.25
9,1,37,274,120.47,0.0,0.03,120.44,20,60,0.24
9,1,33,225,120.44,0.0,0.03,120.41,20,60,0.24
9,1,29,91,120.41,0.0,0.03,120.39,20,60,0.24
9,1,39,94,120.39,0.0,0.03,120.36,20,60,0.24
9,1,48,315,120.36,0.0,0.04,120.32,20,60,0.24
9,1,44,230,120.32,0.0,0.04,120.28,20,60,0.23
9,1,36,168,120.28,0.0,0.03,120.25,20,60,0.24
9,1,40,321,120.25,0.0,0.04,120.22,20,60,0.24
9,1,42,249,120.22,0.0,0.03,120.18,20,60,0.24
9,1,33,322,120.18,0.0,0.03,120.16,20,60,0.23
9,1,31,107,120.16,0.0,0.02,120.13,20,60,0.22
9,1,39,146,120.13,0.0,0.03,120.1,20,60,0.21
9,1,38,291,120.1,0.0,0.03,120.06,20,60,0.2
9,1,25,222,120.06,0.0,0.02,120.05,20,60,0.19
9,1,46,226,120.05,0.0,0.03,120.01,20,60,0.18
9,1,27,281,120.01,0.0,0.02,119.99,20,60,0.18
9,1,34,131,119.99,0.0,0.03,119.97,20,60,0.18
9,1,28,218,119.97,0.0,0.02,119.95,20,60,0.18
9,1,36,167,119.95,0.0,0.03,119.92,20,60,0.19
9,1,48,301,119.92,0.0,0.04,119.87,20,60,0.19
9,1,32,199,119.87,0.0,0.02,119.85,20,60,0.19
9,1,40,352,119.85,0.0,0.03,119.82,20,60,0.21
9,1,50,91,119.82,0.0,0.04,119.78,20,60,0.21
9,1,35,110,119.78,0.0,0.03,119.75,20,60,0.21
9,1,26,186,119.75,0.0,0.02,119.73,20,60,0.22
9,1,48,135,119.73,0.0,0.04,119.69,20,60,0.21
9,1,42,153,119.69,0.0,0.03,119.66,20,60,0.22
9,1,40,108,119.66,0.0,0.03,119.63,20,60,0.21
9,1,29,150,119.63,0.0,0.02,119.61,20,60,0.19
9,1,26,90,119.61,0.0,0.02,119.59,20,60,0.2
9,1,44,110,119.59,0.0,0.04,119.55,20,60,0.21
9,1,41,248,119.55,0.0,0.03,119.52,20,60,0.2
9,1,33,116,119.52,0.0,0.03,119.5,20,60,0.2
9,1,35,125,119.5,0.0,0.03,119.47,20,60,0.21
9,1,50,305,119.47,0.0,0.04,119.42,20,60,0.23
9,1,42,210,119.42,0.0,0.04,119.39,20,60,0.25
9,1,50,101,119.39,0.0,0.04,119.34,20,60,0.23
9,1,27,300,119.34,0.0,0.02,119.33,20,60,0.22
9,1,29,154,119.33,0.0,0.02,119.3,20,60,0.21
9,1,31,171,119.3,0.0,0.02,119.28,20,60,0.21
9,1,38,225,119.28,0.0,0.03,119.25,20,60,0.2
9,1,38,119,119.25,0.0,0.03,119.22,20,60,0.18
9,1,30,274,119.22,0.0,0.02,119.2,20,60,0.18
9,1,46,314,119.2,0.0,0.04,119.16,20,60,0.19
9,1,35,132,119.16,0.0,0.03,119.13,20,60,0.2
9,1,44,257,119.13,0.0,0.03,119.1,20,60,0.2
9,1,33,173,119.1,0.0,0.02,119.08,20,60,0.19
9,1,30,159,119.08,0.0,0.02,119.06,20,60,0.18
9,1,36,168,119.06,0.0,0.02,119.03,20,60,0.19
9,1,34,221,119.03,0.0,0.03,119.01,20,60,0.18
9,1,34,261,119.01,0.0,0.03,118.98,20,60,0.18
9,1,40,168,118.98,0.0,0.03,118.95,20,60,0.17
9,1,29,148,118.95,0.0,0.02,118.92,20,60,0.18
9,1,44,241,118.92,0.0,0.03,118.89,20,60,0.19
9,1,40,303,118.89,0.0,0.03,118.86,20,60,0.2
9,1,36,342,118.86,0.0,0.03,118.83,20,60,0.2
9,1,34,134,118.83,0.0,0.03,118.81,20,60,0.21
9,1,48,348,118.81,0.0,0.04,118.77,20,60,0.2
9,1,30,311,118.77,0.0,0.02,118.75,20,60,0.2
9,1,28,192,118.75,0.0,0.02,118.73,20,60,0.19
9,1,30,289,118.73,0.0,0.02,118.71,20,60,0.19
9,1,35,277,118.71,0.0,0.03,118.68,20,60,0.19
9,1,31,162,118.68,0.0,0.03,118.65,20,60,0.18
9,1,32,209,118.65,0.0,0.02,118.63,20,60,0.16
9,1,26,336,118.63,0.0,0.02,118.61,20,60,0.17
9,1,50,252,118.61,0.0,0.03,118.58,20,60,0.17
9,1,32,249,118.58,0.0,0.02,118.55,20,60,0.17
9,1,28,136,118.55,0.0,0.02,118.53,20,60,0.17
9,1,36,248,118.53,0.0,0.03,118.5,20,60,0.16
9,1,28,318,118.5,0.0,0.02,118.48,20,60,0.17
9,1,46,190,118.48,0.0,0.03,118.45,20,60,0.18
9,1,38,125,118.45,0.0,0.03,118.43,20,60,0.18
9,1,39,216,118.43,22.05,0.03,140.45,20,60,0.19
9,1,40,210,140.45,0.0,0.03,140.42,20,60,0.21
9,1,46,261,140.42,0.0,0.04,140.38,20,60,0.2
9,1,33,219,140.38,0.0,0.02,140.35,20,60,0.21
9,1,41,148,140.35,0.0,0.03,140.33,20,60,0.22
9,1,44,348,140.33,0.0,0.04,140.29,20,60,0.21
9,1,30,346,140.29,0.0,0.02,140.26,20,60,0.21
9,1,41,340,140.26,0.0,0.03,140.23,20,60,0.21
9,1,41,277,140.23,0.0,0.03,140.2,20,60,0.2
9,1,38,216,140.2,0.0,0.03,140.17,20,60,0.21
9,1,36,349,140.17,0.0,0.03,140.15,20,60,0.21
9,1,38,215,140.15,0.0,0.03,140.11,20,60,0.21
9,1,47,266,140.11,0.0,0.04,140.08,20,60,0.21
9,1,30,229,140.08,0.0,0.02,140.05,20,60,0.2
9,1,35,102,140.05,0.0,0.02,140.03,20,60,0.2
9,1,33,357,140.03,0.0,0.03,140.0,20,60,0.2
9,1,42,144,140.0,0.0,0.03,139.97,20,60,0.19
9,1,30,210,139.97,0.0,0.02,139.95,20,60,0.19
9,1,40,155,139.95,0.0,0.03,139.92,20,60,0.17
9,1,28,334,139.92,0.0,0.02,139.9,20,60,0.18
9,1,39,338,139.9,0.0,0.03,139.87,20,60,0.18
9,1,27,230,139.87,0.0,0.02,139.85,20,60,0.18
9,1,38,265,139.85,0.0,0.03,139.82,20,60,0.17
9,1,29,288,139.82,0.0,0.02,139.8,20,60,0.18
9,1,44,232,139.8,0.0,0.03,139.77,20,60,0.18
9,1,41,125,139.77,0.0,0.03,139.74,20,60,0.18
9,1,31,344,139.74,0.0,0.02,139.71,20,60,0.18
9,1,32,184,139.71,0.0,0.03,139.69,20,60,0.19
9,1,30,184,139.69,0.0,0.03,139.66,20,60,0.19
9,1,30,278,139.66,0.0,0.03,139.64,20,60,0.2
9,1,40,280,139.64,0.0,0.03,139.6,20,60,0.21
9,1,45,204,139.6,0.0,0.04,139.57,20,60,0.22
9,1,49,175,139.57,0.0,0.04,139.53,20,60,0.23
9,1,40,238,139.53,0.0,0.03,139.5,20,60,0.23
9,1,35,221,139.5,0.0,0.03,139.48,20,60,0.22
9,1,26,183,139.48,0.0,0.02,139.46,20,60,0.22
9,1,50,209,139.46,0.0,0.03,139.42,20,60,0.22
9,1,46,283,139.42,0.0,0.03,139.39,20,60,0.21
9,1,37,269,139.39,0.0,0.03,139.36,20,60,0.2
9,1,34,312,139.36,0.0,0.03,139.33,20,60,0.2
9,1,36,235,139.33,0.0,0.03,139.31,20,60,0.2
9,1,34,360,139.31,0.0,0.03,139.27,20,60,0.2
9,1,28,249,139.27,0.0,0.02,139.25,20,60,0.2
9,1,37,100,139.25,0.0,0.03,139.22,20,60,0.2
9,1,35,158,139.22,0.0,0.03,139.19,20,60,0.21
9,1,50,297,139.19,0.0,0.04,139.15,20,60,0.21
9,1,30,227,139.15,0.0,0.03,139.13,20,60,0.21
9,1,39,285,139.13,0.0,0.03,139.1,20,60,0.21
9,1,38,347,139.1,0.0,0.03,139.06,20,60,0.21
9,1,33,179,139.06,0.0,0.02,139.04,20,60,0.2
9,1,26,321,139.04,0.0,0.02,139.02,20,60,0.2
9,1,36,98,139.02,0.0,0.03,138.99,20,60,0.2
9,1,47,162,138.99,0.0,0.04,138.95,20,60,0.2
9,1,36,341,138.95,0.0,0.03,138.92,20,60,0.19
9,1,27,280,138.92,0.0,0.02,138.9,20,60,0.19
9,1,40,299,138.9,0.0,0.03,138.87,20,60,0.2
9,1,37,99,138.87,0.0,0.03,138.83,20,60,0.21
9,1,31,153,138.83,0.0,0.03,138.81,20,60,0.21
9,1,40,320,138.81,0.0,0.03,138.78,20,60,0.2
9,1,37,234,138.78,0.0,0.03,138.75,20,60,0.21
9,1,45,205,138.75,12.25,0.04,150.96,20,60,0.23
9,1,49,120,150.96,0.0,0.04,150.92,20,60,0.24
9,1,49,98,150.92,0.0,0.04,150.89,20,60,0.23
9,1,29,101,150.89,0.0,0.02,150.86,20,60,0.23
9,1,39,335,150.86,0.0,0.03,150.83,20,60,0.22
9,1,32,107,150.83,0.0,0.02,150.81,20,60,0.21
9,1,31,159,150.81,0.0,0.02,150.79,20,60,0.21
9,1,47,126,150.79,0.0,0.04,150.75,20,60,0.2
9,1,32,107,150.75,0.0,0.03,150.72,20,60,0.19
9,1,35,301,150.72,0.0,0.03,150.7,20,60,0.2
9,1,39,215,150.7,0.0,0.03,150.67,20,60,0.21
9,1,46,101,150.67,0.0,0.04,150.63,20,60,0.23
9,1,43,293,150.63,0.0,0.04,150.6,20,60,0.25
9,1,48,168,150.6,0.0,0.04,150.56,20,60,0.25
9,1,44,267,150.56,0.0,0.04,150.53,20,60,0.25
9,1,40,348,150.53,0.0,0.03,150.5,20,60,0.25
9,1,39,211,150.5,0.0,0.03,150.46,20,60,0.24
9,1,30,349,150.46,0.0,0.02,150.44,20,60,0.23
9,1,36,146,150.44,0.0,0.03,150.41,20,60,0.21
9,1,27,319,150.41,0.0,0.02,150.39,20,60,0.21
9,1,47,280,150.39,0.0,0.04,150.35,20,60,0.2
9,1,36,336,150.35,0.0,0.03,150.32,20,60,0.21
9,1,45,182,150.32,0.0,0.04,150.28,20,60,0.22
9,1,47,320,150.28,0.0,0.04,150.24,20,60,0.24
9,1,48,175,150.24,0.0,0.04,150.2,20,60,0.24
9,1,36,173,150.2,10.63,0.03,160.8,20,60,0.25
9,1,39,97,160.8,0.0,0.03,160.77,20,60,0.25
9,1,46,295,160.77,0.0,0.04,160.72,20,60,0.24
9,1,29,180,160.72,0.0,0.02,160.7,20,60,0.22
9,1,25,321,160.7,0.0,0.02,160.68,20,60,0.22
9,1,50,235,160.68,0.0,0.04,160.64,20,60,0.22
9,1,38,116,160.64,0.0,0.04,160.6,20,60,0.22
1,1,47,165,782.05,0.0,1.25,780.8,200,30,7.26
1,1,31,285,780.8,0.0,0.89,779.91,200,30,6.96
1,1,38,312,779.91,0.0,1.02,778.89,200,30,7.01
1,1,45,223,778.89,0.0,1.23,777.65,200,30,7.4
1,1,46,154,777.65,0.0,1.2,776.45,200,30,7.49
1,1,44,338,776.45,0.0,1.16,775.29,200,30,7.96
1,1,47,167,775.29,0.0,1.21,774.08,200,30,7.5
1,1,28,184,774.08,295.01,0.79,1068.3,200,30,7.45
1,1,33,318,1068.3,0.0,0.84,1067.46,200,30,7.08
1,1,30,248,1067.46,0.0,0.65,1066.81,200,30,7.15
1,1,50,152,1066.81,0.0,1.3,1065.51,200,30,6.72
1,1,31,220,1065.51,0.0,0.77,1064.74,200,30,6.34
1,1,27,170,1064.74,0.0,0.78,1063.96,200,30,6.18
1,1,39,241,1063.96,0.0,1.05,1062.91,200,30,6.2
1,1,33,265,1062.91,0.0,0.81,1062.1,200,30,6.46
1,1,42,242,1062.1,0.0,1.1,1061.0,200,30,6.77
1,1,33,212,1061.0,0.0,0.96,1060.04,200,30,6.26
1,1,31,313,1060.04,0.0,0.79,1059.25,200,30,6.47
1,1,36,181,1059.25,0.0,0.98,1058.27,200,30,6.93
1,1,42,184,1058.27,0.0,1.24,1057.03,200,30,6.9
1,1,40,111,1057.03,0.0,1.02,1056.01,200,30,7.15
1,1,37,107,1056.01,0.0,1.06,1054.95,200,30,7.29
1,1,39,296,1054.95,0.0,1.24,1053.71,200,30,6.94
1,1,25,90,1053.71,0.0,0.61,1053.1,200,30,7.22
1,1,45,310,1053.1,0.0,1.07,1052.03,200,30,7.27
1,1,37,207,1052.03,0.0,1.03,1051.0,200,30,6.82
1,1,31,198,1051.0,0.0,0.79,1050.2,200,30,7.03
1,1,42,320,1050.2,0.0,1.23,1048.97,200,30,6.83
1,1,32,114,1048.97,0.0,0.86,1048.11,200,30,6.22
1,1,29,272,1048.11,0.0,0.63,1047.48,200,30,6.41
1,1,29,97,1047.48,0.0,0.8,1046.68,200,30,6.35
1,1,38,213,1046.68,0.0,1.01,1045.67,200,30,5.99
1,1,25,193,1045.67,0.0,0.67,1045.0,200,30,6.38
1,1,42,248,1045.0,0.0,1.18,1043.82,200,30,6.12
1,1,36,277,1043.82,0.0,0.97,1042.85,200,30,6.04
1,1,26,287,1042.85,0.0,0.78,1042.07,200,30,6.21
1,1,32,253,1042.07,0.0,0.8,1041.27,200,30,6.35
1,1,36,302,1041.27,0.0,0.94,1040.32,200,30,6.08
1,1,27,236,1040.32,0.0,0.74,1039.59,200,30,6.51
1,1,33,124,1039.59,0.0,1.1,1038.48,200,30,6.58
1,1,45,281,1038.48,0.0,1.25,1037.23,200,30,6.91
1,1,46,290,1037.23,0.0,1.3,1035.93,200,30,7.38
1,1,44,246,1035.93,0.0,1.25,1034.68,200,30,7.5
1,1,37,140,1034.68,0.0,0.92,1033.77,200,30,7.93
1,1,47,292,1033.77,0.0,1.37,1032.4,200,30,7.95
1,1,28,164,1032.4,0.0,0.76,1031.64,200,30,8.18
1,1,48,216,1031.64,0.0,1.33,1030.3,200,30,8.12
1,1,42,318,1030.3,0.0,1.19,1029.11,200,30,7.92
1,1,39,193,1029.11,0.0,1.1,1028.01,200,30,7.82
1,1,45,157,1028.01,0.0,1.15,1026.86,200,30,8.0
1,1,43,148,1026.86,0.0,1.1,1025.76,200,30,7.73
1,1,44,270,1025.76,0.0,1.1,1024.66,200,30,7.62
1,1,27,270,1024.66,0.0,0.65,1024.0,200,30,7.64
1,1,45,191,1024.0,0.0,1.35,1022.65,200,30,7.59
1,1,40,102,1022.65,0.0,1.14,1021.51,200,30,8.0
1,1,50,258,1021.51,0.0,1.51,1020.0,200,30,7.66
1,1,28,162,1020.0,0.0,0.81,1019.19,200,30,7.57
1,1,38,353,1019.19,0.0,1.01,1018.18,200,30,7.89
1,1,50,141,1018.18,0.0,1.42,1016.76,200,30,8.61
1,1,48,161,1016.76,0.0,1.37,1015.39,200,30,8.18
1,1,33,360,1015.39,0.0,0.92,1014.47,200,30,8.39
1,1,43,281,1014.47,0.0,1.35,1013.12,200,30,7.79
1,1,31,163,1013.12,0.0,0.91,1012.21,200,30,8.25
1,1,39,345,1012.21,0.0,1.27,1010.93,200,30,8.27
1,1,38,231,1010.93,0.0,1.03,1009.9,200,30,8.06
1,1,41,153,1009.9,0.0,1.21,1008.69,200,30,7.91
1,1,45,273,1008.69,0.0,1.22,1007.47,200,30,7.89
1,1,30,295,1007.47,0.0,0.9,1006.57,200,30,7.26
1,1,25,226,1006.57,0.0,0.72,1005.85,200,30,7.73
1,1,50,341,1005.85,0.0,1.38,1004.47,200,30,7.75
1,1,46,342,1004.47,0.0,1.29,1003.18,200,30,8.12
1,1,49,165,1003.18,0.0,1.4,1001.78,200,30,7.68
1,1,27,189,1001.78,0.0,0.77,1001.01,200,30,7.3
1,1,34,235,1001.01,0.0,0.84,1000.17,200,30,7.61
1,1,46,262,1000.17,0.0,1.21,998.97,200,30,7.86
1,1,37,195,998.97,0.0,0.97,998.0,200,30,7.66
1,1,40,105,998.0,0.0,1.18,996.82,200,30,7.18
1,1,26,248,996.82,0.0,0.81,996.01,200,30,6.59
1,1,33,184,996.01,0.0,0.81,995.2,200,30,7.06
1,1,44,300,995.2,0.0,1.24,993.96,200,30,7.57
1,1,44,182,993.96,222.8,1.35,1215.41,200,30,7.38
1,1,35,155,1215.41,0.0,1.02,1214.38,200,30,7.62
1,1,43,208,1214.38,0.0,1.21,1213.17,200,30,7.59
1,1,38,260,1213.17,0.0,1.15,1212.01,200,30,8.15
1,1,43,165,1212.01,0.0,1.37,1210.64,200,30,8.3
1,1,33,334,1210.64,0.0,0.96,1209.68,200,30,7.85
1,1,30,137,1209.68,0.0,0.79,1208.89,200,30,7.82
1,1,43,286,1208.89,0.0,1.32,1207.57,200,30,8.26
1,1,47,223,1207.57,0.0,1.46,1206.11,200,30,8.31
1,1,48,205,1206.11,0.0,1.26,1204.86,200,30,8.08
1,1,31,158,1204.86,0.0,0.92,1203.94,200,30,7.47
1,1,31,159,1203.94,0.0,0.76,1203.17,200,30,7.79
1,1,46,257,1203.17,0.0,1.28,1201.9,200,30,8.44
1,1,50,121,1201.9,0.0,1.44,1200.46,200,30,8.43
1,1,41,206,1200.46,0.0,1.31,1199.15,200,30,8.5
1,1,48,278,1199.15,0.0,1.53,1197.62,200,30,8.16
1,1,30,281,1197.62,0.0,0.92,1196.7,200,30,8.39
1,1,43,219,1196.7,0.0,1.15,1195.55,200,30,8.76
1,1,40,163,1195.55,0.0,1.13,1194.42,200,30,8.53
1,1,36,197,1194.42,0.0,1.05,1193.37,200,30,7.8
1,1,25,309,1193.37,0.0,0.71,1192.66,200,30,7.59
1,1,41,340,1192.66,0.0,1.1,1191.56,200,30,7.08
1,1,37,134,1191.56,0.0,1.02,1190.54,200,30,7.5
1,1,42,287,1190.54,0.0,1.34,1189.2,200,30,7.44
1,1,44,302,1189.2,229.66,1.09,1417.77,200,30,7.01
1,1,31,341,1417.77,0.0,0.7,1417.07,200,30,7.14
1,1,35,316,1417.07,0.0,1.18,1415.89,200,30,7.54
1,1,40,171,1415.89,0.0,1.11,1414.78,200,30,7.54
1,1,36,158,1414.78,0.0,1.1,1413.68,200,30,7.23
1,1,28,173,1413.68,0.0,0.71,1412.97,200,30,6.85
1,1,36,113,1412.97,0.0,0.96,1412.01,200,30,6.61
1,1,28,269,1412.01,0.0,0.85,1411.16,200,30,6.69
1,1,28,171,1411.16,0.0,0.78,1410.38,200,30,6.23
1,1,31,344,1410.38,0.0,0.72,1409.66,200,30,6.16
1,1,37,250,1409.66,0.0,1.04,1408.63,200,30,6.06
1,1,36,222,1408.63,0.0,1.0,1407.62,200,30,6.08
1,1,29,174,1407.62,0.0,0.73,1406.89,200,30,6.41
1,1,42,267,1406.89,0.0,1.29,1405.6,200,30,6.5
1,1,40,96,1405.6,0.0,0.94,1404.66,200,30,6.72
1,1,35,189,1404.66,0.0,1.0,1403.66,200,30,6.79
1,1,26,95,1403.66,0.0,0.79,1402.87,200,30,6.7
1,1,31,142,1402.87,0.0,0.95,1401.91,200,30,6.45
1,1,25,291,1401.91,0.0,0.75,1401.16,200,30,6.95
1,1,41,294,1401.16,0.0,1.23,1399.94,200,30,6.74
1,1,39,312,1399.94,0.0,1.08,1398.85,200,30,6.7
1,1,33,265,1398.85,0.0,0.9,1397.96,200,30,6.84
1,1,41,134,1397.96,0.0,1.14,1396.82,200,30,6.8
1,1,25,248,1396.82,0.0,0.75,1396.07,200,30,6.95
1,1,41,182,1396.07,0.0,1.1,1394.97,200,30,7.61
1,1,44,292,1394.97,0.0,1.41,1393.56,200,30,7.26
1,1,30,146,1393.56,0.0,0.88,1392.68,200,30,7.71
1,1,50,145,1392.68,0.0,1.53,1391.15,200,30,7.74
1,1,33,277,1391.15,0.0,0.93,1390.21,200,30,7.73
1,1,41,117,1390.21,0.0,1.13,1389.08,200,30,7.81
1,1,31,243,1389.08,0.0,0.83,1388.25,200,30,7.94
1,1,41,231,1388.25,0.0,1.23,1387.02,200,30,7.42
1,1,35,353,1387.02,0.0,0.89,1386.14,200,30,7.23
1,1,27,200,1386.14,0.0,0.69,1385.45,200,30,6.48
1,1,26,103,1385.45,0.0,0.78,1384.67,200,30,6.55
1,1,34,99,1384.67,0.0,1.0,1383.67,200,30,6.94
1,1,46,281,1383.67,0.0,1.52,1382.15,200,30,7.31
1,1,43,145,1382.15,0.0,1.2,1380.96,200,30,6.74
1,1,25,324,1380.96,0.0,0.66,1380.29,200,30,6.82
1,1,38,150,1380.29,0.0,0.97,1379.32,200,30,6.9
1,1,35,257,1379.32,0.0,0.77,1378.55,200,30,7.19
1,1,36,346,1378.55,0.0,1.07,1377.47,200,30,6.87
1,1,27,333,1377.47,0.0,0.68,1376.8,200,30,6.6
1,1,50,250,1376.8,0.0,1.25,1375.55,200,30,6.72
1,1,46,217,1375.55,0.0,1.32,1374.23,200,30,7.21
1,1,45,249,1374.23,0.0,1.15,1373.08,200,30,7.58
1,1,47,305,1373.08,0.0,1.34,1371.73,200,30,7.61
1,1,29,116,1371.73,0.0,0.8,1370.93,200,30,7.81
1,1,47,277,1370.93,0.0,1.27,1369.66,200,30,7.92
1,1,31,314,1369.66,0.0,0.79,1368.88,200,30,7.65
1,1,34,273,1368.88,0.0,0.98,1367.9,200,30,7.13
1,1,30,228,1367.9,0.0,0.8,1367.09,200,30,7.39
1,1,50,279,1367.09,0.0,1.41,1365.69,200,30,7.35
1,1,49,91,1365.69,0.0,1.3,1364.38,200,30,7.23
1,1,28,222,1364.38,0.0,0.68,1363.7,200,30,6.99
1,1,41,199,1363.7,0.0,1.03,1362.68,200,30,6.93
1,1,35,148,1362.68,0.0,0.73,1361.95,200,30,6.99
1,1,39,357,1361.95,0.0,1.04,1360.91,200,30,7.47
1,1,44,271,1360.91,0.0,1.28,1359.62,200,30,6.79
1,1,27,178,1359.62,0.0,0.73,1358.89,200,30,6.46
1,1,48,169,1358.89,0.0,0.97,1357.92,200,30,6.56
1,1,30,276,1357.92,0.0,0.78,1357.14,200,30,6.84
1,1,49,177,1357.14,0.0,1.31,1355.83,200,30,6.92
1,1,30,149,1355.83,0.0,0.81,1355.01,200,30,6.72
1,1,37,138,1355.01,0.0,0.84,1354.17,200,30,6.66
1,1,41,154,1354.17,0.0,1.22,1352.95,200,30,6.78
1,1,29,288,1352.95,0.0,0.85,1352.1,200,30,6.95
1,1,41,322,1352.1,0.0,1.14,1350.96,200,30,7.34
1,1,43,91,1350.96,0.0,1.17,1349.79,200,30,7.28
1,1,48,283,1349.79,0.0,1.25,1348.54,200,30,7.66
1,1,44,230,1348.54,0.0,1.19,1347.35,200,30,8.03
1,1,49,349,1347.35,0.0,1.21,1346.14,200,30,7.7
1,1,36,230,1346.14,0.0,0.89,1345.26,200,30,7.74
1,1,37,224,1345.26,0.0,0.89,1344.36,200,30,7.8
1,1,43,131,1344.36,0.0,1.2,1343.17,200,30,7.41
1,1,29,241,1343.17,0.0,0.78,1342.38,200,30,6.94
1,1,36,347,1342.38,0.0,0.78,1341.61,200,30,6.34
1,1,27,182,1341.61,0.0,0.59,1341.02,200,30,5.87
1,1,30,113,1341.02,0.0,0.74,1340.27,200,30,6.18
1,1,47,310,1340.27,0.0,1.2,1339.07,200,30,6.49
1,1,50,106,1339.07,0.0,1.2,1337.87,200,30,6.13
1,1,32,144,1337.87,0.0,0.84,1337.03,200,30,6.38
1,1,41,227,1337.03,0.0,1.03,1336.01,200,30,6.85
1,1,45,308,1336.01,0.0,1.25,1334.76,200,30,7.36
1,1,42,298,1334.76,0.0,1.1,1333.66,200,30,7.52
1,1,36,257,1333.66,0.0,0.9,1332.77,200,30,7.54
1,1,45,196,1332.77,0.0,1.22,1331.55,200,30,7.34
1,1,36,180,1331.55,0.0,1.0,1330.55,200,30,7.07
1,1,32,275,1330.55,0.0,0.57,1329.98,200,30,7.06
1,1,43,346,1329.98,245.15,1.02,1574.11,200,30,6.58
1,1,31,323,1574.11,0.0,0.77,1573.33,200,30,6.39
1,1,39,238,1573.33,0.0,0.91,1572.43,200,30,6.44
1,1,38,165,1572.43,0.0,0.95,1571.47,200,30,6.05
1,1,30,155,1571.47,0.0,0.83,1570.64,200,30,5.84
1,1,28,356,1570.64,0.0,0.79,1569.85,200,30,6.46
1,1,50,198,1569.85,0.0,1.19,1568.66,200,30,6.59
1,1,46,112,1568.66,0.0,1.15,1567.51,200,30,7.02
1,1,44,305,1567.51,0.0,1.2,1566.31,200,30,6.95
1,1,32,228,1566.31,0.0,0.84,1565.47,200,30,6.63
1,1,26,174,1565.47,0.0,0.63,1564.84,200,30,6.75
1,1,41,117,1564.84,0.0,0.95,1563.89,200,30,6.87
1,1,38,257,1563.89,0.0,0.91,1562.98,200,30,6.6
1,1,43,330,1562.98,0.0,0.92,1562.06,200,30,6.71
1,1,49,235,1562.06,0.0,1.26,1560.8,200,30,6.1
1,1,26,262,1560.8,0.0,0.59,1560.21,200,30,5.89
1,1,27,344,1560.21,0.0,0.63,1559.58,200,30,6.22
1,1,37,282,1559.58,0.0,0.96,1558.62,200,30,6.23
1,1,46,130,1558.62,0.0,0.96,1557.67,200,30,6.45
1,1,46,347,1557.67,0.0,1.13,1556.54,200,30,6.54
1,1,44,353,1556.54,0.0,1.01,1555.53,200,30,5.83
1,1,25,334,1555.53,0.0,0.55,1554.97,200,30,6.41
1,1,50,330,1554.97,0.0,1.17,1553.81,200,30,6.33
1,1,26,230,1553.81,0.0,0.55,1553.26,200,30,6.55
1,1,45,309,1553.26,0.0,1.18,1552.08,200,30,6.31
1,1,28,338,1552.08,0.0,0.72,1551.36,200,30,6.14
1,1,36,325,1551.36,0.0,0.96,1550.39,200,30,6.1
1,1,38,273,1550.39,0.0,0.97,1549.43,200,30,6.14
1,1,30,162,1549.43,0.0,0.59,1548.83,200,30,5.91
1,1,43,335,1548.83,0.0,0.94,1547.89,200,30,6.25
1,1,43,191,1547.89,0.0,0.89,1547.0,200,30,5.94
1,1,39,102,1547.0,0.0,0.87,1546.14,200,30,6.34
1,1,41,193,1546.14,0.0,1.12,1545.02,200,30,6.3
1,1,39,127,1545.02,0.0,0.92,1544.1,200,30,6.18
1,1,38,282,1544.1,0.0,0.85,1543.25,200,30,6.84
1,1,50,184,1543.25,0.0,1.25,1542.0,200,30,6.5
1,1,27,160,1542.0,0.0,0.6,1541.4,200,30,6.77
1,1,46,95,1541.4,0.0,1.16,1540.24,200,30,6.93
1,1,43,175,1540.24,0.0,1.03,1539.21,200,30,6.82
1,1,40,182,1539.21,0.0,1.01,1538.2,200,30,6.86
1,1,47,187,1538.2,0.0,0.96,1537.25,200,30,7.1
1,1,46,216,1537.25,0.0,1.09,1536.16,200,30,7.0
1,1,45,248,1536.16,0.0,1.15,1535.01,200,30,7.0
1,1,26,121,1535.01,0.0,0.6,1534.41,200,30,6.65
1,1,36,276,1534.41,0.0,0.81,1533.6,200,30,6.38
1,1,34,138,1533.6,0.0,0.76,1532.84,200,30,6.13
1,1,33,345,1532.84,0.0,0.76,1532.08,200,30,6.19
1,1,46,115,1532.08,0.0,1.02,1531.06,200,30,5.94
1,1,38,225,1531.06,0.0,0.84,1530.22,200,30,5.45
1,1,31,352,1530.22,0.0,0.66,1529.55,200,30,5.75
1,1,37,307,1529.55,0.0,0.9,1528.66,200,30,5.58
1,1,25,192,1528.66,0.0,0.64,1528.02,200,30,5.42
1,1,30,173,1528.02,0.0,0.6,1527.42,200,30,5.44
1,1,34,194,1527.42,0.0,0.78,1526.63,200,30,5.01
1,1,25,331,1526.63,0.0,0.59,1526.04,200,30,5.27
1,1,48,267,1526.04,0.0,1.1,1524.94,200,30,5.75
1,1,48,301,1524.94,0.0,1.14,1523.8,200,30,5.58
1,1,32,262,1523.8,0.0,0.73,1523.07,200,30,5.63
1,1,29,103,1523.07,0.0,0.69,1522.38,200,30,6.08
1,1,49,310,1522.38,0.0,1.05,1521.33,200,30,6.16
1,1,37,223,1521.33,0.0,0.86,1520.47,200,30,6.23
1,1,34,292,1520.47,0.0,0.66,1519.81,200,30,6.22
1,1,42,335,1519.81,0.0,1.09,1518.72,200,30,6.06
1,1,44,130,1518.72,0.0,0.98,1517.74,200,30,6.27
1,1,38,116,1517.74,0.0,0.94,1516.8,200,30,6.52
1,1,43,196,1516.8,0.0,0.94,1515.86,200,30,6.14
1,1,27,200,1515.86,0.0,0.67,1515.19,200,30,5.82
1,1,26,144,1515.19,0.0,0.54,1514.65,200,30,6.27
1,1,50,236,1514.65,0.0,1.11,1513.55,200,30,6.5
1,1,50,161,1513.55,0.0,1.32,1512.22,200,30,6.2
1,1,27,309,1512.22,0.0,0.68,1511.55,200,30,6.19
1,1,41,317,1511.55,0.0,0.93,1510.62,200,30,6.2
1,1,38,225,1510.62,0.0,0.95,1509.67,200,30,6.44
1,1,39,288,1509.67,0.0,0.91,1508.76,200,30,6.77
1,1,34,334,1508.76,0.0,0.87,1507.89,200,30,6.45
1,1,39,166,1507.89,0.0,0.79,1507.1,200,30,6.07
1,1,40,167,1507.1,0.0,0.94,1506.16,200,30,6.39
1,1,43,153,1506.16,0.0,1.0,1505.16,200,30,6.32
1,1,35,325,1505.16,0.0,0.86,1504.3,200,30,6.64
1,1,50,177,1504.3,0.0,1.27,1503.03,200,30,6.71
1,1,43,243,1503.03,0.0,0.98,1502.04,200,30,6.53
1,1,29,215,1502.04,0.0,0.69,1501.36,200,30,6.44
1,1,36,154,1501.36,0.0,0.7,1500.65,200,30,6.48
1,1,45,153,1500.65,0.0,0.98,1499.67,200,30,6.65
1,1,50,324,1499.67,0.0,1.17,1498.5,200,30,6.69
1,1,35,202,1498.5,0.0,0.9,1497.6,200,30,6.05
1,1,26,235,1497.6,0.0,0.63,1496.97,200,30,6.27
1,1,50,146,1496.97,0.0,1.2,1495.77,200,30,6.2
1,1,25,113,1495.77,0.0,0.62,1495.15,200,30,6.33
1,1,37,183,1495.15,0.0,0.83,1494.32,200,30,6.35
1,1,44,138,1494.32,0.0,1.0,1493.32,200,30,5.96
1,1,39,226,1493.32,0.0,0.78,1492.54,200,30,5.86
1,1,33,262,1492.54,0.0,0.8,1491.74,200,30,6.34
1,1,42,174,1491.74,0.0,1.11,1490.64,200,30,6.19
1,1,47,257,1490.64,0.0,1.05,1489.58,200,30,6.45
1,1,36,295,1489.58,0.0,0.88,1488.7,200,30,6.51
1,1,39,232,1488.7,0.0,0.89,1487.81,200,30,6.5
1,1,44,156,1487.81,0.0,0.99,1486.82,200,30,6.31
1,1,28,328,1486.82,0.0,0.59,1486.23,200,30,6.53
1,1,43,347,1486.23,0.0,1.02,1485.2,200,30,5.98
1,1,30,172,1485.2,0.0,0.56,1484.64,200,30,5.84
1,1,35,187,1484.64,0.0,0.91,1483.74,200,30,5.61
1,1,27,230,1483.74,0.0,0.65,1483.08,200,30,5.83
1,1,48,205,1483.08,0.0,1.11,1481.97,200,30,5.51
1,1,29,167,1481.97,0.0,0.67,1481.31,200,30,5.7
1,1,36,149,1481.31,0.0,0.78,1480.52,200,30,5.94
1,1,49,157,1480.52,0.0,1.26,1479.27,200,30,6.52
1,1,48,105,1479.27,0.0,1.14,1478.12,200,30,6.65
1,1,45,252,1478.12,0.0,1.04,1477.08,200,30,7.05
1,1,46,244,1477.08,0.0,1.05,1476.03,200,30,7.16
1,1,50,126,1476.03,0.0,1.22,1474.81,200,30,7.46
1,1,46,200,1474.81,0.0,0.97,1473.84,200,30,7.38
1,1,29,142,1473.84,0.0,0.7,1473.14,200,30,7.31
1,1,47,338,1473.14,0.0,1.19,1471.95,200,30,6.91
1,1,30,252,1471.95,0.0,0.74,1471.21,200,30,6.98
1,1,45,291,1471.21,0.0,1.11,1470.1,200,30,6.79
1,1,40,340,1470.1,0.0,0.86,1469.24,200,30,6.61
1,1,48,331,1469.24,0.0,1.04,1468.2,200,30,6.48
1,1,36,290,1468.2,0.0,0.84,1467.35,200,30,6.58
1,1,32,172,1467.35,0.0,0.8,1466.55,200,30,6.09
1,1,34,291,1466.55,0.0,0.7,1465.85,200,30,5.98
1,1,26,298,1465.85,0.0,0.63,1465.22,200,30,5.96
1,1,44,297,1465.22,0.0,1.09,1464.13,200,30,6.09
1,1,41,259,1464.13,0.0,0.99,1463.14,200,30,6.02
1,1,47,357,1463.14,0.0,0.97,1462.16,200,30,5.94
1,1,31,194,1462.16,0.0,0.76,1461.4,200,30,5.91
1,1,34,107,1461.4,0.0,0.77,1460.63,200,30,6.46
1,1,50,283,1460.63,0.0,1.25,1459.38,200,30,6.86
1,1,47,278,1459.38,0.0,1.03,1458.34,200,30,6.33
1,1,26,287,1458.34,0.0,0.56,1457.79,200,30,6.55
1,1,48,125,1457.79,0.0,1.21,1456.57,200,30,6.83
1,1,48,306,1456.57,0.0,1.25,1455.32,200,30,6.81
1,1,33,213,1455.32,0.0,0.74,1454.58,200,30,7.3
1,1,47,184,1454.58,0.0,1.26,1453.31,200,30,6.61
1,1,27,320,1453.31,0.0,0.56,1452.75,200,30,6.46
1,1,36,266,1452.75,0.0,0.88,1451.87,200,30,6.74
1,1,39,102,1451.87,0.0,0.84,1451.04,200,30,6.32
1,1,29,348,1451.04,0.0,0.79,1450.25,200,30,5.94
1,1,35,203,1450.25,0.0,0.87,1449.38,200,30,6.44
1,1,43,195,1449.38,0.0,1.24,1448.14,200,30,5.98
1,1,30,239,1448.14,0.0,0.8,1447.34,200,30,6.38
1,1,40,190,1447.34,0.0,0.96,1446.37,200,30,6.47
1,1,36,252,1446.37,0.0,0.97,1445.4,200,30,6.55
1,1,35,136,1445.4,0.0,0.92,1444.48,200,30,6.81
1,1,44,137,1444.48,0.0,1.05,1443.43,200,30,6.79
1,1,36,158,1443.43,0.0,0.85,1442.58,200,30,6.22
1,1,26,176,1442.58,0.0,0.67,1441.91,200,30,6.15
1,1,33,187,1441.91,0.0,0.73,1441.18,200,30,6.16
1,1,40,99,1441.18,0.0,0.97,1440.22,200,30,6.33
1,1,42,270,1440.22,0.0,1.14,1439.07,200,30,6.14
1,1,28,117,1439.07,0.0,0.73,1438.34,200,30,6.24
1,1,46,278,1438.34,0.0,1.15,1437.2,200,30,6.03
1,1,28,158,1437.2,0.0,0.64,1436.55,200,30,6.53
1,1,49,119,1436.55,0.0,1.17,1435.38,200,30,7.07
1,1,44,352,1435.38,0.0,1.27,1434.12,200,30,6.92
1,1,30,119,1434.12,0.0,0.82,1433.29,200,30,6.63
1,1,36,219,1433.29,0.0,0.85,1432.44,200,30,6.9
1,1,41,179,1432.44,0.0,1.0,1431.44,200,30,6.93
1,1,45,295,1431.44,0.0,1.18,1430.26,200,30,7.36
1,1,39,180,1430.26,0.0,1.07,1429.19,200,30,7.08
1,1,34,291,1429.19,0.0,0.89,1428.29,200,30,6.5
1,1,29,310,1428.29,0.0,0.69,1427.6,200,30,6.4
1,1,27,118,1427.6,0.0,0.72,1426.88,200,30,6.36
1,1,35,134,1426.88,0.0,0.81,1426.06,200,30,6.58
1,1,47,95,1426.06,0.0,1.22,1424.84,200,30,6.13
1,1,27,202,1424.84,0.0,0.73,1424.11,200,30,5.77
1,1,29,252,1424.11,0.0,0.71,1423.4,200,30,6.18
1,1,48,296,1423.4,0.0,1.3,1422.09,200,30,6.56
1,1,49,322,1422.09,0.0,1.07,1421.03,200,30,6.88
1,1,38,305,1421.03,0.0,1.04,1419.99,200,30,6.85
1,1,28,252,1419.99,0.0,0.78,1419.21,200,30,6.82
1,1,43,137,1419.21,0.0,1.19,1418.02,200,30,6.98
1,1,37,326,1418.02,0.0,0.89,1417.13,200,30,7.43
1,1,45,244,1417.13,0.0,1.16,1415.97,200,30,7.18
1,1,39,131,1415.97,0.0,1.05,1414.92,200,30,6.99
1,1,31,139,1414.92,0.0,0.88,1414.03,200,30,7.21
1,1,49,294,1414.03,0.0,1.26,1412.78,200,30,7.54
1,1,48,188,1412.78,0.0,1.11,1411.67,200,30,7.79
1,1,47,289,1411.67,0.0,1.44,1410.23,200,30,7.73
1,1,28,208,1410.23,0.0,0.83,1409.4,200,30,7.25
1,1,25,186,1409.4,0.0,0.68,1408.72,200,30,7.08
1,1,36,278,1408.72,0.0,0.88,1407.84,200,30,7.01
1,1,32,92,1407.84,0.0,0.81,1407.03,200,30,6.42
1,1,26,106,1407.03,0.0,0.67,1406.37,200,30,5.98
1,1,25,269,1406.37,0.0,0.67,1405.7,200,30,5.27
1,1,27,110,1405.7,0.0,0.73,1404.97,200,30,5.22
1,1,28,123,1404.97,0.0,0.78,1404.19,200,30,5.66
1,1,42,168,1404.19,0.0,1.12,1403.07,200,30,5.69
1,1,28,196,1403.07,0.0,0.91,1402.16,200,30,5.98
1,1,40,118,1402.16,0.0,1.1,1401.06,200,30,6.47
1,1,45,318,1401.06,0.0,1.16,1399.9,200,30,6.97
1,1,44,164,1399.9,0.0,1.17,1398.73,200,30,7.51
1,1,47,329,1398.73,0.0,1.27,1397.45,200,30,7.74
1,1,39,351,1397.45,0.0,1.01,1396.44,200,30,7.79
1,1,47,220,1396.44,0.0,1.17,1395.27,200,30,7.79
1,1,33,103,1395.27,0.0,0.91,1394.37,200,30,7.36
1,1,25,249,1394.37,0.0,0.67,1393.69,200,30,7.16
1,1,38,166,1393.69,0.0,0.96,1392.74,200,30,6.83
1,1,31,272,1392.74,0.0,0.84,1391.9,200,30,6.82
1,1,48,154,1391.9,0.0,1.26,1390.64,200,30,6.83
1,1,36,124,1390.64,0.0,1.02,1389.62,200,30,6.64
1,1,36,145,1389.62,0.0,0.98,1388.64,200,30,6.95
1,1,41,269,1388.64,0.0,1.22,1387.42,200,30,7.73
1,1,49,338,1387.42,0.0,1.45,1385.97,200,30,7.84
1,1,39,249,1385.97,0.0,1.07,1384.9,200,30,8.16
1,1,40,172,1384.9,0.0,1.16,1383.74,200,30,8.01
1,1,39,327,1383.74,0.0,1.11,1382.64,200,30,7.75
1,1,29,103,1382.64,0.0,0.76,1381.87,200,30,7.68
1,1,30,252,1381.87,0.0,0.91,1380.97,200,30,7.17
1,1,28,148,1380.97,0.0,0.71,1380.25,200,30,6.83
1,1,43,105,1380.25,0.0,1.11,1379.14,200,30,6.5
1,1,32,103,1379.14,0.0,0.74,1378.4,200,30,6.5
1,1,42,171,1378.4,0.0,1.16,1377.25,200,30,5.94
1,1,25,212,1377.25,0.0,0.55,1376.7,200,30,5.96
1,1,30,178,1376.7,0.0,0.78,1375.91,200,30,5.74
1,1,26,113,1375.91,0.0,0.69,1375.22,200,30,6.3
1,1,47,267,1375.22,0.0,1.27,1373.95,200,30,6.04
1,1,29,182,1373.95,0.0,0.85,1373.1,200,30,5.99
1,1,25,90,1373.1,0.0,0.69,1372.41,200,30,5.77
1,1,36,347,1372.41,0.0,0.94,1371.47,200,30,6.29
1,1,35,296,1371.47,0.0,1.07,1370.39,200,30,6.54
1,1,42,98,1370.39,0.0,1.03,1369.36,200,30,6.9
1,1,37,277,1369.36,0.0,1.05,1368.32,200,30,6.71
1,1,36,206,1368.32,0.0,1.08,1367.23,200,30,6.72
1,1,31,291,1367.23,0.0,0.86,1366.38,200,30,6.99
1,1,39,151,1366.38,0.0,0.96,1365.41,200,30,7.31
1,1,43,268,1365.41,0.0,1.26,1364.15,200,30,7.13
1,1,36,258,1364.15,0.0,0.89,1363.26,200,30,7.43
1,1,49,306,1363.26,0.0,1.33,1361.94,200,30,7.4
1,1,33,98,1361.94,0.0,1.02,1360.92,200,30,7.01
1,1,26,274,1360.92,0.0,0.69,1360.23,200,30,7.15
1,1,34,190,1360.23,0.0,1.0,1359.23,200,30,7.08
1,1,35,158,1359.23,0.0,0.89,1358.34,200,30,6.77
1,1,32,150,1358.34,0.0,0.95,1357.4,200,30,6.85
1,1,33,353,1357.4,0.0,0.97,1356.43,200,30,6.92
1,1,46,332,1356.43,0.0,1.4,1355.03,200,30,7.11
1,1,45,318,1355.03,0.0,1.21,1353.81,200,30,7.33
1,1,34,341,1353.81,0.0,0.91,1352.91,200,30,7.13
1,1,28,342,1352.91,0.0,0.8,1352.1,200,30,7.2
1,1,34,290,1352.1,0.0,0.96,1351.15,200,30,7.16
1,1,27,258,1351.15,0.0,0.91,1350.24,200,30,7.71
1,1,48,207,1350.24,0.0,1.52,1348.71,200,30,7.36
1,1,37,245,1348.71,0.0,1.05,1347.66,200,30,7.37
1,1,42,138,1347.66,0.0,1.22,1346.44,200,30,7.62
1,1,39,242,1346.44,0.0,1.16,1345.28,200,30,7.51
1,1,29,234,1345.28,0.0,0.69,1344.59,200,30,7.25
1,1,26,218,1344.59,0.0,0.7,1343.89,200,30,7.08
1,1,28,161,1343.89,0.0,0.74,1343.15,200,30,7.02
1,1,47,194,1343.15,0.0,1.46,1341.69,200,30,7.19
1,1,44,246,1341.69,0.0,1.22,1340.47,200,30,7.49
1,1,48,252,1340.47,0.0,1.52,1338.94,200,30,7.58
1,1,41,159,1338.94,0.0,1.25,1337.69,200,30,8.08
1,1,36,150,1337.69,0.0,1.19,1336.5,200,30,8.28
1,1,33,156,1336.5,0.0,0.9,1335.6,200,30,8.29
1,1,25,269,1335.6,0.0,0.75,1334.85,200,30,7.61
1,1,30,267,1334.85,0.0,0.78,1334.07,200,30,7.83
1,1,48,197,1334.07,0.0,1.44,1332.63,200,30,7.35
1,1,37,299,1332.63,0.0,1.04,1331.59,200,30,6.93
1,1,28,215,1331.59,0.0,0.83,1330.76,200,30,6.75
1,1,32,199,1330.76,0.0,1.01,1329.75,200,30,7.19
1,1,44,276,1329.75,0.0,1.34,1328.4,200,30,7.68
1,1,39,309,1328.4,0.0,1.24,1327.17,200,30,8.13
1,1,38,310,1327.17,0.0,1.23,1325.94,200,30,7.71
1,1,41,102,1325.94,0.0,1.02,1324.92,200,30,7.41
1,1,28,153,1324.92,0.0,0.74,1324.17,200,30,7.28
1,1,28,153,1324.17,0.0,0.7,1323.48,200,30,7.71
1,1,47,277,1323.48,0.0,1.44,1322.03,200,30,7.46
1,1,40,165,1322.03,0.0,1.09,1320.94,200,30,7.22
1,1,37,113,1320.94,0.0,1.0,1319.93,200,30,7.35
1,1,41,146,1319.93,0.0,1.36,1318.57,200,30,7.55
1,1,42,142,1318.57,0.0,1.22,1317.35,200,30,7.71
1,1,30,329,1317.35,0.0,0.9,1316.45,200,30,8.27
1,1,42,161,1316.45,0.0,1.26,1315.19,200,30,7.58
1,1,28,292,1315.19,0.0,0.75,1314.44,200,30,7.9
1,1,44,356,1314.44,0.0,1.41,1313.03,200,30,7.92
1,1,35,289,1313.03,0.0,1.02,1312.01,200,30,7.77
1,1,48,142,1312.01,0.0,1.21,1310.8,200,30,7.52
1,1,38,141,1310.8,0.0,0.97,1309.83,200,30,7.68
1,1,36,228,1309.83,0.0,1.06,1308.78,200,30,7.36
1,1,32,163,1308.78,0.0,0.94,1307.84,200,30,7.97
1,1,47,356,1307.84,0.0,1.36,1306.48,200,30,7.82
1,1,43,102,1306.48,0.0,1.26,1305.22,200,30,7.79
1,1,30,109,1305.22,0.0,0.99,1304.23,200,30,7.61
1,1,42,306,1304.23,0.0,1.03,1303.2,200,30,7.65
1,1,36,96,1303.2,0.0,1.01,1302.19,200,30,7.57
1,1,37,214,1302.19,0.0,0.98,1301.21,200,30,7.45
1,1,27,304,1301.21,0.0,0.82,1300.39,200,30,7.28
1,1,37,120,1300.39,0.0,1.19,1299.21,200,30,6.78
1,1,27,326,1299.21,0.0,0.76,1298.45,200,30,6.78
1,1,32,197,1298.45,0.0,0.99,1297.46,200,30,6.89
1,1,37,194,1297.46,0.0,1.14,1296.32,200,30,7.2
1,1,45,109,1296.32,0.0,1.32,1295.0,200,30,7.01
1,1,28,123,1295.0,0.0,0.79,1294.21,200,30,7.23
1,1,35,97,1294.21,0.0,1.04,1293.17,200,30,6.76
1,1,25,255,1293.17,0.0,0.72,1292.45,200,30,6.79
1,1,27,159,1292.45,0.0,0.79,1291.65,200,30,6.7
1,1,30,140,1291.65,0.0,0.9,1290.76,200,30,6.96
1,1,49,252,1290.76,0.0,1.4,1289.35,200,30,6.86
1,1,44,167,1289.35,0.0,1.22,1288.13,200,30,6.85
1,1,32,325,1288.13,0.0,0.78,1287.35,200,30,7.01
1,1,47,116,1287.35,0.0,1.2,1286.15,200,30,7.27
1,1,36,96,1286.15,0.0,0.98,1285.17,200,30,7.73
1,1,39,204,1285.17,0.0,1.25,1283.92,200,30,7.6
1,1,31,92,1283.92,0.0,0.77,1283.16,200,30,7.12
1,1,32,137,1283.16,0.0,0.92,1282.24,200,30,7.12
1,1,49,190,1282.24,0.0,1.22,1281.01,200,30,7.58
1,1,49,328,1281.01,0.0,1.24,1279.77,200,30,7.15
1,1,28,196,1279.77,0.0,0.77,1279.0,200,30,7.44
1,1,48,147,1279.0,0.0,1.27,1277.74,200,30,6.94
1,1,30,264,1277.74,0.0,0.75,1276.99,200,30,7.15
1,1,36,243,1276.99,0.0,0.98,1276.01,200,30,7.5
1,1,46,145,1276.01,0.0,1.27,1274.74,200,30,7.44
1,1,41,127,1274.74,0.0,1.16,1273.58,200,30,7.08
1,1,34,357,1273.58,0.0,0.88,1272.7,200,30,7.34
1,1,40,317,1272.7,216.77,1.03,1488.44,200,30,7.06
1,1,38,309,1488.44,0.0,0.99,1487.44,200,30,7.14
1,1,28,349,1487.44,0.0,0.83,1486.61,200,30,7.26
1,1,37,191,1486.61,0.0,1.1,1485.51,200,30,6.81
1,1,28,201,1485.51,0.0,0.82,1484.7,200,30,6.55
1,1,34,244,1484.7,0.0,0.9,1483.79,200,30,6.35
1,1,26,187,1483.79,0.0,0.68,1483.11,200,30,6.72
1,1,49,109,1483.11,0.0,1.4,1481.71,200,30,6.58
1,1,37,207,1481.71,0.0,0.85,1480.86,200,30,6.73
1,1,33,152,1480.86,0.0,0.98,1479.87,200,30,6.63
1,1,37,227,1479.87,0.0,1.0,1478.88,200,30,6.73
1,1,36,317,1478.88,0.0,0.92,1477.96,200,30,6.89
1,1,39,312,1477.96,0.0,1.06,1476.89,200,30,7.51
1,1,50,216,1476.89,0.0,1.3,1475.59,200,30,6.83
1,1,30,321,1475.59,0.0,0.72,1474.87,200,30,6.77
1,1,33,345,1474.87,201.99,0.79,1676.07,200,30,6.67
1,1,35,211,1676.07,0.0,0.88,1675.19,200,30,6.38
1,1,27,178,1675.19,0.0,0.71,1674.48,200,30,6.76
1,1,45,96,1674.48,0.0,1.3,1673.18,200,30,7.0
1,1,46,247,1673.18,0.0,1.3,1671.88,200,30,6.98
1,1,47,212,1671.88,0.0,1.28,1670.6,200,30,7.32
1,1,40,350,1670.6,0.0,1.06,1669.53,200,30,7.96
1,1,49,95,1669.53,0.0,1.43,1668.1,200,30,8.12
1,1,43,293,1668.1,0.0,1.04,1667.06,200,30,8.13
1,1,26,202,1667.06,0.0,0.72,1666.35,200,30,7.87
1,1,43,255,1666.35,0.0,1.04,1665.31,200,30,7.54
1,1,37,334,1665.31,0.0,0.97,1664.34,200,30,7.39
1,1,43,171,1664.34,0.0,1.13,1663.22,200,30,7.12
1,1,32,133,1663.22,0.0,0.79,1662.43,200,30,6.67
1,1,38,151,1662.43,0.0,0.98,1661.45,200,30,6.23
1,1,25,354,1661.45,0.0,0.6,1660.84,200,30,6.11
1,1,27,166,1660.84,0.0,0.6,1660.24,200,30,6.39
1,1,49,96,1660.24,0.0,1.32,1658.92,200,30,6.39
1,1,34,322,1658.92,0.0,0.97,1657.96,200,30,6.53
1,1,48,184,1657.96,0.0,1.27,1656.69,200,30,6.97
1,1,47,348,1656.69,0.0,1.23,1655.46,200,30,6.71
1,1,27,319,1655.46,0.0,0.72,1654.74,200,30,7.12
1,1,37,194,1654.74,0.0,1.01,1653.73,200,30,7.82
1,1,46,157,1653.73,0.0,1.3,1652.43,200,30,7.68
1,1,42,184,1652.43,0.0,1.18,1651.25,200,30,7.39
1,1,28,172,1651.25,0.0,0.68,1650.57,200,30,7.15
1,1,42,164,1650.57,0.0,1.03,1649.54,200,30,7.1
1,1,50,95,1649.54,0.0,1.18,1648.36,200,30,7.32
1,1,36,192,1648.36,0.0,0.94,1647.42,200,30,7.34
1,1,37,153,1647.42,0.0,1.03,1646.4,200,30,7.19
1,1,47,104,1646.4,0.0,1.15,1645.24,200,30,7.08
1,1,44,316,1645.24,0.0,1.07,1644.18,200,30,7.58
1,1,46,351,1644.18,0.0,1.18,1643.0,200,30,7.47
1,1,39,276,1643.0,0.0,0.92,1642.08,200,30,7.12
1,1,36,204,1642.08,0.0,0.83,1641.26,200,30,7.29
1,1,45,153,1641.26,0.0,1.11,1640.15,200,30,7.5
1,1,49,230,1640.15,0.0,1.24,1638.91,200,30,7.73
1,1,50,182,1638.91,0.0,1.38,1637.53,200,30,7.47
1,1,37,274,1637.53,0.0,0.81,1636.72,200,30,6.99
1,1,33,225,1636.72,0.0,0.7,1636.01,200,30,6.87
1,1,29,91,1636.01,112.71,0.8,1747.92,200,30,6.96
1,1,39,94,1747.92,0.0,0.92,1747.0,200,30,7.05
1,1,48,315,1747.0,0.0,1.2,1745.8,200,30,6.93
1,1,44,230,1745.8,0.0,1.12,1744.68,200,30,6.48
1,1,36,168,1744.68,0.0,0.93,1743.75,200,30,6.63
1,1,40,321,1743.75,0.0,0.96,1742.78,200,30,6.89
1,1,42,249,1742.78,0.0,0.96,1741.83,200,30,6.86
1,1,33,322,1741.83,0.0,0.77,1741.06,200,30,6.64
1,1,31,107,1741.06,0.0,0.7,1740.36,200,30,6.37
1,1,39,146,1740.36,0.0,0.93,1739.43,200,30,6.17
1,1,38,291,1739.43,0.0,0.92,1738.52,200,30,5.81
1,1,25,222,1738.52,0.0,0.57,1737.94,200,30,5.83
1,1,46,226,1737.94,0.0,0.98,1736.96,200,30,5.59
1,1,27,281,1736.96,0.0,0.72,1736.24,200,30,5.56
1,1,34,131,1736.24,0.0,0.74,1735.5,200,30,5.51
1,1,28,218,1735.5,0.0,0.65,1734.85,200,30,5.44
1,1,36,167,1734.85,0.0,0.86,1734.0,200,30,5.75
1,1,48,301,1734.0,0.0,1.23,1732.76,200,30,5.97
1,1,32,199,1732.76,0.0,0.79,1731.97,200,30,6.07
1,1,40,352,1731.97,0.0,1.08,1730.9,200,30,6.6
1,1,50,91,1730.9,0.0,1.25,1729.65,200,30,6.77
1,1,35,110,1729.65,0.0,0.91,1728.74,200,30,6.73
1,1,26,186,1728.74,0.0,0.61,1728.13,200,30,7.06
1,1,48,135,1728.13,0.0,1.19,1726.94,200,30,6.93
1,1,42,153,1726.94,0.0,1.1,1725.84,200,30,7.21
1,1,40,108,1725.84,0.0,1.07,1724.77,200,30,6.83
1,1,29,150,1724.77,0.0,0.7,1724.07,200,30,6.3
1,1,26,90,1724.07,0.0,0.72,1723.35,200,30,6.42
1,1,44,110,1723.35,0.0,1.03,1722.32,200,30,6.82
1,1,41,248,1722.32,0.0,1.01,1721.31,200,30,6.35
1,1,33,116,1721.31,0.0,0.72,1720.59,200,30,6.02
1,1,35,125,1720.59,0.0,0.77,1719.83,200,30,6.18
1,1,50,305,1719.83,0.0,1.23,1718.6,200,30,6.47
1,1,42,210,1718.6,0.0,0.99,1717.61,200,30,6.83
1,1,50,101,1717.61,0.0,1.08,1716.53,200,30,6.51
1,1,27,300,1716.53,0.0,0.71,1715.82,200,30,6.14
1,1,29,154,1715.82,0.0,0.64,1715.18,200,30,6.1
1,1,31,171,1715.18,0.0,0.68,1714.5,200,30,6.45
1,1,38,225,1714.5,0.0,1.12,1713.38,200,30,6.11
1,1,38,119,1713.38,0.0,0.89,1712.49,200,30,5.92
1,1,30,274,1712.49,0.0,0.8,1711.69,200,30,5.99
1,1,46,314,1711.69,0.0,1.15,1710.54,200,30,5.98
1,1,35,132,1710.54,0.0,0.7,1709.83,200,30,6.43
1,1,44,257,1709.83,0.0,1.09,1708.74,200,30,6.57
1,1,33,173,1708.74,0.0,0.82,1707.92,200,30,6.15
1,1,30,159,1707.92,0.0,0.7,1707.22,200,30,6.14
1,1,36,168,1707.22,0.0,0.88,1706.34,200,30,6.23
1,1,34,221,1706.34,0.0,0.89,1705.44,200,30,5.8
1,1,34,261,1705.44,0.0,0.72,1704.73,200,30,6.09
1,1,40,168,1704.73,0.0,0.99,1703.73,200,30,5.64
1,1,29,148,1703.73,0.0,0.64,1703.09,200,30,5.79
1,1,44,241,1703.09,196.5,0.97,1898.63,200,30,5.93
1,1,40,303,1898.63,0.0,0.84,1897.78,200,30,5.83
1,1,36,342,1897.78,0.0,0.78,1897.0,200,30,5.69
1,1,34,134,1897.0,0.0,0.75,1896.25,200,30,6.14
1,1,48,348,1896.25,0.0,1.17,1895.08,200,30,5.9
1,1,30,311,1895.08,0.0,0.75,1894.33,200,30,5.91
1,1,28,192,1894.33,0.0,0.65,1893.68,200,30,5.63
1,1,30,289,1893.68,0.0,0.69,1893.0,200,30,5.67
1,1,35,277,1893.0,0.0,0.88,1892.12,200,30,5.51
1,1,31,162,1892.12,0.0,0.62,1891.5,200,30,5.55
1,1,32,209,1891.5,0.0,0.79,1890.71,200,30,4.92
1,1,26,336,1890.71,0.0,0.54,1890.17,200,30,5.25
1,1,50,252,1890.17,0.0,1.08,1889.09,200,30,5.37
1,1,32,249,1889.09,0.0,0.77,1888.32,200,30,5.32
1,1,28,136,1888.32,0.0,0.64,1887.68,200,30,5.18
1,1,36,248,1887.68,0.0,0.74,1886.94,200,30,5.24
1,1,28,318,1886.94,0.0,0.68,1886.26,200,30,5.62
1,1,46,190,1886.26,0.0,1.17,1885.09,200,30,5.87
1,1,38,125,1885.09,0.0,0.79,1884.3,200,30,5.8
1,1,39,216,1884.3,0.0,1.01,1883.29,200,30,6.04
1,1,40,210,1883.29,0.0,1.01,1882.28,200,30,6.48
1,1,46,261,1882.28,0.0,1.08,1881.19,200,30,6.59
1,1,33,219,1881.19,0.0,0.85,1880.35,200,30,6.92
1,1,41,148,1880.35,0.0,1.01,1879.33,200,30,6.89
1,1,44,348,1879.33,0.0,1.14,1878.19,200,30,6.88
1,1,30,346,1878.19,0.0,0.78,1877.41,200,30,7.02
1,1,41,340,1877.41,0.0,1.15,1876.27,200,30,6.78
1,1,41,277,1876.27,0.0,0.77,1875.49,200,30,6.54
1,1,38,216,1875.49,0.0,0.84,1874.65,200,30,6.64
1,1,36,349,1874.65,0.0,0.95,1873.7,200,30,6.62
1,1,38,215,1873.7,0.0,0.99,1872.72,200,30,6.51
1,1,47,266,1872.72,0.0,1.03,1871.69,200,30,6.44
1,1,30,229,1871.69,0.0,0.71,1870.97,200,30,6.04
1,1,35,102,1870.97,295.98,0.75,2166.2,200,30,6.0
1,1,33,357,2166.2,0.0,0.73,2165.46,200,30,6.1
1,1,42,144,2165.46,0.0,0.94,2164.53,200,30,5.88
1,1,30,210,2164.53,0.0,0.73,2163.79,200,30,5.95
1,1,40,155,2163.79,0.0,1.06,2162.74,200,30,5.58
1,1,28,334,2162.74,0.0,0.66,2162.08,200,30,5.73
1,1,39,338,2162.08,0.0,0.86,2161.22,200,30,5.53
1,1,27,230,2161.22,0.0,0.55,2160.66,200,30,5.74
1,1,38,265,2160.66,0.0,0.94,2159.72,200,30,5.43
1,1,29,288,2159.72,0.0,0.63,2159.1,200,30,5.73
1,1,44,232,2159.1,0.0,1.03,2158.07,200,30,5.68
1,1,41,125,2158.07,0.0,1.01,2157.05,200,30,5.71
1,1,31,344,2157.05,0.0,0.69,2156.36,200,30,5.61
1,1,32,184,2156.36,0.0,0.76,2155.6,200,30,5.82
1,1,30,184,2155.6,0.0,0.76,2154.84,200,30,5.6
1,1,30,278,2154.84,0.0,0.72,2154.11,200,30,5.94
1,1,40,280,2154.11,0.0,0.97,2153.14,200,30,6.07
1,1,45,204,2153.14,0.0,1.16,2151.98,200,30,6.23
1,1,49,175,2151.98,0.0,1.17,2150.82,200,30,6.5
1,1,40,238,2150.82,0.0,0.96,2149.86,200,30,6.58
1,1,35,221,2149.86,0.0,0.84,2149.01,200,30,6.42
1,1,26,183,2149.01,131.55,0.6,2279.96,200,30,6.84
1,1,50,209,2279.96,0.0,1.14,2278.82,200,30,6.84
1,1,46,283,2278.82,0.0,0.97,2277.86,200,30,6.67
1,1,37,269,2277.86,0.0,0.99,2276.87,200,30,6.23
1,1,34,312,2276.87,0.0,0.73,2276.14,200,30,6.13
1,1,36,235,2276.14,0.0,0.86,2275.28,200,30,6.03
1,1,34,360,2275.28,0.0,0.74,2274.53,200,30,6.07
1,1,28,249,2274.53,0.0,0.64,2273.9,200,30,5.71
1,1,37,100,2273.9,0.0,0.78,2273.11,200,30,5.55
1,1,35,158,2273.11,0.0,0.81,2272.31,200,30,5.57
1,1,50,297,2272.31,0.0,1.01,2271.3,200,30,5.57
1,1,30,227,2271.3,0.0,0.73,2270.57,200,30,5.56
1,1,39,285,2270.57,0.0,0.85,2269.72,200,30,5.68
1,1,38,347,2269.72,0.0,0.86,2268.85,200,30,5.87
1,1,33,179,2268.85,0.0,0.83,2268.02,200,30,5.77
1,1,26,321,2268.02,0.0,0.68,2267.34,200,30,5.79
1,1,36,98,2267.34,0.0,0.83,2266.51,200,30,6.1
1,1,47,162,2266.51,0.0,1.32,2265.2,200,30,6.31
1,1,36,341,2265.2,0.0,0.94,2264.25,200,30,6.09
1,1,27,280,2264.25,0.0,0.63,2263.62,200,30,6.15
1,1,40,299,2263.62,0.0,0.92,2262.7,200,30,6.23
1,1,37,99,2262.7,0.0,0.91,2261.78,200,30,6.28
1,1,31,153,2261.78,0.0,0.73,2261.06,200,30,6.46
1,1,40,320,2261.06,0.0,1.01,2260.05,200,30,6.04
1,1,37,234,2260.05,0.0,0.9,2259.15,200,30,6.12
1,1,45,205,2259.15,0.0,1.02,2258.13,200,30,6.73
1,1,49,120,2258.13,0.0,1.24,2256.89,200,30,6.92
1,1,49,98,2256.89,0.0,1.11,2255.77,200,30,6.65
1,1,29,101,2255.77,0.0,0.64,2255.14,200,30,6.88
1,1,39,335,2255.14,0.0,0.96,2254.18,200,30,6.62
1,1,32,107,2254.18,0.0,0.75,2253.43,200,30,6.47
1,1,31,159,2253.43,0.0,0.75,2252.68,200,30,6.63
1,1,47,126,2252.68,0.0,1.18,2251.49,200,30,6.07
1,1,32,107,2251.49,0.0,0.68,2250.81,200,30,5.78
1,1,35,301,2250.81,0.0,0.82,2249.99,200,30,6.14
1,1,39,215,2249.99,0.0,1.0,2248.99,200,30,6.26
1,1,46,101,2248.99,0.0,1.08,2247.9,200,30,6.61
1,1,43,293,2247.9,0.0,1.1,2246.8,200,30,7.14
1,1,48,168,2246.8,0.0,1.28,2245.52,200,30,7.06
1,1,44,267,2245.52,0.0,1.1,2244.42,200,30,7.44
1,1,40,348,2244.42,0.0,1.06,2243.37,200,30,7.59
1,1,39,211,2243.37,0.0,0.97,2242.39,200,30,7.31
1,1,30,349,2242.39,0.0,0.72,2241.68,200,30,7.14
1,1,36,146,2241.68,0.0,0.91,2240.77,200,30,6.69
1,1,27,319,2240.77,0.0,0.65,2240.11,200,30,6.47
1,1,47,280,2240.11,0.0,1.06,2239.05,200,30,6.25
1,1,36,336,2239.05,0.0,0.88,2238.17,200,30,6.32
1,1,45,182,2238.17,0.0,1.13,2237.04,200,30,6.48
1,1,47,320,2237.04,0.0,1.13,2235.91,200,30,7.0
1,1,48,175,2235.91,0.0,1.24,2234.67,200,30,7.06
1,1,36,173,2234.67,0.0,0.97,2233.7,200,30,7.37
1,1,39,97,2233.7,0.0,0.96,2232.74,200,30,7.61
1,1,46,295,2232.74,0.0,1.3,2231.44,200,30,7.41
1,1,29,180,2231.44,0.0,0.68,2230.75,200,30,6.93
1,1,25,321,2230.75,0.0,0.65,2230.1,200,30,7.09
1,1,50,235,2230.1,0.0,1.29,2228.81,200,30,6.85
1,1,38,116,2228.81,0.0,1.0,2227.81,200,30,6.9
8,0,34,247,95.74,0.0,0.05,95.69,30,40,0.39
8,0,44,241,95.69,0.0,0.07,95.62,30,40,0.39
8,0,41,151,95.62,0.0,0.06,95.56,30,40,0.38
8,0,28,159,95.56,0.0,0.04,95.52,30,40,0.36
8,0,28,179,95.52,0.0,0.04,95.48,30,40,0.36
8,0,28,123,95.48,0.0,0.04,95.44,30,40,0.37
8,0,50,140,95.44,0.0,0.07,95.37,30,40,0.38
8,0,44,114,95.37,0.0,0.06,95.31,30,40,0.37
8,0,37,348,95.31,0.0,0.06,95.25,30,40,0.36
8,0,32,193,95.25,0.0,0.05,95.2,30,40,0.4
8,0,50,230,95.2,0.0,0.08,95.12,30,40,0.42
8,0,46,152,95.12,0.0,0.06,95.06,30,40,0.44
8,0,35,254,95.06,0.0,0.06,95.0,30,40,0.44
8,0,49,165,95.0,0.0,0.07,94.94,30,40,0.44
8,0,36,191,94.94,0.0,0.06,94.88,30,40,0.43
8,0,37,299,94.88,0.0,0.05,94.82,30,40,0.46
8,0,43,196,94.82,0.0,0.08,94.75,30,40,0.43
8,0,30,305,94.75,0.0,0.05,94.7,30,40,0.45
8,0,48,299,94.7,0.0,0.08,94.62,30,40,0.44
8,0,38,139,94.62,0.0,0.05,94.57,30,40,0.43
8,0,37,205,94.57,0.0,0.06,94.51,30,40,0.44
8,0,46,296,94.51,0.0,0.07,94.44,30,40,0.46
8,0,48,253,94.44,0.0,0.07,94.37,30,40,0.42
8,0,30,240,94.37,0.0,0.04,94.33,30,40,0.42
8,0,33,218,94.33,0.0,0.05,94.27,30,40,0.38
8,0,27,225,94.27,0.0,0.04,94.23,30,40,0.39
8,0,36,315,94.23,0.0,0.06,94.17,30,40,0.38
8,0,32,239,94.17,0.0,0.05,94.12,30,40,0.35
8,0,37,247,94.12,0.0,0.04,94.08,30,40,0.32
8,0,33,188,94.08,0.0,0.04,94.03,30,40,0.33
8,0,33,310,94.03,0.0,0.05,93.99,30,40,0.34
8,0,42,138,93.99,0.0,0.06,93.92,30,40,0.37
8,0,46,239,93.92,22.4,0.07,116.25,30,40,0.36
8,0,30,300,116.25,0.0,0.05,116.2,30,40,0.37
8,0,39,287,116.2,16.72,0.06,132.86,30,40,0.39
8,0,35,237,132.86,0.0,0.06,132.8,30,40,0.42
8,0,44,303,132.8,0.0,0.07,132.74,30,40,0.41
8,0,30,335,132.74,0.0,0.04,132.7,30,40,0.4
8,0,40,155,132.7,0.0,0.05,132.64,30,40,0.37
8,0,25,178,132.64,0.0,0.04,132.61,30,40,0.36
8,0,26,346,132.61,0.0,0.04,132.57,30,40,0.36
8,0,37,179,132.57,0.0,0.06,132.5,30,40,0.34
8,0,27,162,132.5,0.0,0.04,132.47,30,40,0.33
8,0,39,334,132.47,0.0,0.06,132.4,30,40,0.36
8,0,46,236,132.4,0.0,0.07,132.33,30,40,0.38
8,0,46,260,132.33,0.0,0.07,132.26,30,40,0.38
8,0,25,322,132.26,0.0,0.04,132.23,30,40,0.41
8,0,48,264,132.23,0.0,0.07,132.16,30,40,0.4
8,0,27,102,132.16,0.0,0.05,132.11,30,40,0.44
8,0,48,134,132.11,0.0,0.08,132.03,30,40,0.43
8,0,30,151,132.03,0.0,0.05,131.98,30,40,0.41
8,0,34,341,131.98,0.0,0.05,131.94,30,40,0.39
8,0,31,243,131.94,0.0,0.05,131.89,30,40,0.41
8,0,38,274,131.89,0.0,0.06,131.82,30,40,0.42
8,0,41,165,131.82,0.0,0.08,131.75,30,40,0.42
8,0,30,186,131.75,0.0,0.05,131.7,30,40,0.39
8,0,39,223,131.7,0.0,0.05,131.65,30,40,0.42
8,0,47,200,131.65,0.0,0.08,131.57,30,40,0.44
8,0,46,228,131.57,0.0,0.07,131.5,30,40,0.46
8,0,46,328,131.5,0.0,0.07,131.43,30,40,0.48
8,0,50,96,131.43,0.0,0.08,131.35,30,40,0.46
8,0,32,148,131.35,0.0,0.06,131.3,30,40,0.45
8,0,26,183,131.3,0.0,0.04,131.26,30,40,0.44
8,0,26,353,131.26,0.0,0.04,131.21,30,40,0.41
8,0,28,335,131.21,0.0,0.05,131.17,30,40,0.42
8,0,50,298,131.17,0.0,0.08,131.09,30,40,0.43
8,0,50,175,131.09,0.0,0.08,131.01,30,40,0.41
8,0,32,318,131.01,0.0,0.06,130.95,30,40,0.41
8,0,32,353,130.95,0.0,0.06,130.9,30,40,0.44
8,0,42,191,130.9,0.0,0.07,130.83,30,40,0.45
8,0,34,162,130.83,0.0,0.05,130.78,30,40,0.47
8,0,48,326,130.78,0.0,0.07,130.7,30,40,0.45
8,0,37,330,130.7,0.0,0.06,130.65,30,40,0.42
8,0,32,360,130.65,0.0,0.05,130.6,30,40,0.41
8,0,34,92,130.6,0.0,0.05,130.55,30,40,0.4
8,0,32,101,130.55,0.0,0.05,130.5,30,40,0.37
8,0,30,159,130.5,0.0,0.04,130.46,30,40,0.37
8,0,32,314,130.46,0.0,0.05,130.41,30,40,0.35
8,0,29,238,130.41,0.0,0.05,130.36,30,40,0.33
8,0,27,277,130.36,0.0,0.04,130.32,30,40,0.33
8,0,29,135,130.32,0.0,0.05,130.27,30,40,0.33
8,0,28,221,130.27,0.0,0.05,130.23,30,40,0.34
8,0,44,261,130.23,0.0,0.06,130.17,30,40,0.37
8,0,43,174,130.17,0.0,0.07,130.09,30,40,0.37
8,0,29,114,130.09,0.0,0.05,130.04,30,40,0.39
8,0,45,321,130.04,0.0,0.07,129.97,30,40,0.42
8,0,48,326,129.97,0.0,0.07,129.91,30,40,0.41
8,0,28,198,129.91,0.0,0.04,129.86,30,40,0.41
8,0,28,104,129.86,0.0,0.05,129.82,30,40,0.43
8,0,46,326,129.82,0.0,0.08,129.74,30,40,0.43
8,0,47,281,129.74,0.0,0.07,129.66,30,40,0.43
8,0,34,194,129.66,0.0,0.05,129.61,30,40,0.44
8,0,46,301,129.61,0.0,0.08,129.53,30,40,0.41
8,0,30,134,129.53,0.0,0.04,129.48,30,40,0.43
8,0,38,276,129.48,0.0,0.06,129.43,30,40,0.46
8,0,47,108,129.43,0.0,0.08,129.35,30,40,0.44
8,0,36,138,129.35,0.0,0.06,129.29,30,40,0.45
8,0,49,356,129.29,0.0,0.08,129.21,30,40,0.45
8,0,31,109,129.21,0.0,0.05,129.16,30,40,0.42
8,0,28,250,129.16,0.0,0.05,129.12,30,40,0.42
8,0,27,344,129.12,26.46,0.04,155.54,30,40,0.41
8,0,34,93,155.54,0.0,0.05,155.49,30,40,0.39
8,0,39,116,155.49,0.0,0.06,155.43,30,40,0.39
8,0,45,138,155.43,0.0,0.06,155.37,30,40,0.38
8,0,44,106,155.37,0.0,0.07,155.3,30,40,0.38
8,0,29,309,155.3,0.0,0.05,155.25,30,40,0.38
8,0,34,308,155.25,0.0,0.05,155.2,30,40,0.39
8,0,31,234,155.2,0.0,0.05,155.15,30,40,0.4
8,0,40,236,155.15,0.0,0.06,155.09,30,40,0.4
8,0,35,238,155.09,0.0,0.06,155.03,30,40,0.38
8,0,25,176,155.03,0.0,0.04,154.99,30,40,0.35
8,0,27,293,154.99,0.0,0.04,154.95,30,40,0.34
8,0,29,171,154.95,0.0,0.04,154.91,30,40,0.36
8,0,42,293,154.91,0.0,0.07,154.85,30,40,0.36
8,0,32,187,154.85,0.0,0.05,154.79,30,40,0.36
8,0,36,188,154.79,0.0,0.06,154.73,30,40,0.37
8,0,48,304,154.73,0.0,0.07,154.66,30,40,0.38
8,0,36,137,154.66,0.0,0.05,154.6,30,40,0.4
8,0,43,270,154.6,0.0,0.06,154.54,30,40,0.41
8,0,38,271,154.54,0.0,0.05,154.49,30,40,0.4
8,0,38,207,154.49,0.0,0.06,154.43,30,40,0.4
8,0,36,245,154.43,0.0,0.05,154.38,30,40,0.4
8,0,43,128,154.38,0.0,0.06,154.32,30,40,0.41
8,0,44,331,154.32,0.0,0.08,154.24,30,40,0.41
8,0,36,269,154.24,0.0,0.05,154.19,30,40,0.42
8,0,46,141,154.19,0.0,0.07,154.12,30,40,0.42
8,0,29,226,154.12,0.0,0.05,154.08,30,40,0.4
8,0,31,266,154.08,0.0,0.04,154.03,30,40,0.41
8,0,49,192,154.03,0.0,0.06,153.97,30,40,0.42
8,0,43,155,153.97,0.0,0.07,153.9,30,40,0.38
8,0,25,125,153.9,0.0,0.04,153.86,30,40,0.39
8,0,38,292,153.86,0.0,0.06,153.8,30,40,0.39
8,0,40,126,153.8,0.0,0.07,153.74,30,40,0.38
8,0,28,297,153.74,0.0,0.04,153.7,30,40,0.4
8,0,35,163,153.7,0.0,0.06,153.64,30,40,0.37
8,0,25,221,153.64,0.0,0.03,153.6,30,40,0.35
8,0,30,195,153.6,0.0,0.05,153.56,30,40,0.39
8,0,49,141,153.56,0.0,0.08,153.48,30,40,0.37
8,0,34,237,153.48,0.0,0.04,153.44,30,40,0.33
8,0,25,192,153.44,0.0,0.03,153.4,30,40,0.34
8,0,31,331,153.4,0.0,0.05,153.35,30,40,0.35
8,0,48,115,153.35,0.0,0.07,153.28,30,40,0.38
8,0,37,179,153.28,0.0,0.06,153.23,30,40,0.36
8,0,25,154,153.23,0.0,0.03,153.2,30,40,0.33
8,0,38,121,153.2,0.0,0.05,153.14,30,40,0.35
8,0,40,100,153.14,0.0,0.06,153.08,30,40,0.36
8,0,27,156,153.08,0.0,0.04,153.04,30,40,0.37
8,0,43,176,153.04,0.0,0.06,152.98,30,40,0.35
8,0,35,174,152.98,0.0,0.05,152.93,30,40,0.35
8,0,41,97,152.93,0.0,0.06,152.87,30,40,0.39
8,0,47,183,152.87,0.0,0.07,152.8,30,40,0.4
8,0,42,309,152.8,0.0,0.06,152.74,30,40,0.39
8,0,36,145,152.74,0.0,0.05,152.69,30,40,0.41
8,0,37,342,152.69,0.0,0.06,152.63,30,40,0.41
8,0,41,295,152.63,0.0,0.06,152.57,30,40,0.42
8,0,40,296,152.57,0.0,0.06,152.51,30,40,0.41
8,0,30,296,152.51,0.0,0.05,152.46,30,40,0.39
8,0,32,121,152.46,0.0,0.05,152.41,30,40,0.38
8,0,32,160,152.41,0.0,0.05,152.36,30,40,0.38
8,0,33,203,152.36,0.0,0.05,152.31,30,40,0.37
8,0,33,182,152.31,0.0,0.05,152.26,30,40,0.38
8,0,50,99,152.26,0.0,0.07,152.19,30,40,0.38
8,0,39,286,152.19,0.0,0.06,152.13,30,40,0.4
8,0,44,139,152.13,0.0,0.07,152.06,30,40,0.4
8,0,35,106,152.06,0.0,0.05,152.01,30,40,0.4
8,0,36,266,152.01,22.25,0.05,174.21,30,40,0.39
8,0,32,121,174.21,0.0,0.04,174.16,30,40,0.4
8,0,45,118,174.16,0.0,0.06,174.11,30,40,0.37
8,0,31,232,174.11,0.0,0.04,174.07,30,40,0.35
8,0,26,284,174.07,42.83,0.04,216.85,30,40,0.31
8,0,26,185,216.85,0.0,0.03,216.81,30,40,0.33
8,0,50,355,216.81,0.0,0.07,216.75,30,40,0.35
8,0,45,314,216.75,0.0,0.07,216.67,30,40,0.39
8,0,46,101,216.67,0.0,0.08,216.6,30,40,0.4
8,0,39,96,216.6,0.0,0.07,216.53,30,40,0.43
8,0,46,135,216.53,0.0,0.07,216.46,30,40,0.45
8,0,50,139,216.46,0.0,0.06,216.4,30,40,0.46
8,0,29,157,216.4,0.0,0.04,216.36,30,40,0.45
8,0,42,168,216.36,0.0,0.06,216.29,30,40,0.45
8,0,50,123,216.29,0.0,0.07,216.22,30,40,0.45
8,0,47,239,216.22,0.0,0.08,216.14,30,40,0.43
8,0,34,110,216.14,0.0,0.05,216.1,30,40,0.44
8,0,49,215,216.1,33.94,0.08,249.96,30,40,0.44
8,0,45,325,249.96,0.0,0.06,249.9,30,40,0.44
8,0,30,329,249.9,0.0,0.04,249.86,30,40,0.43
8,0,39,201,249.86,0.0,0.05,249.81,30,40,0.39
8,0,28,138,249.81,0.0,0.03,249.78,30,40,0.35
8,0,31,146,249.78,0.0,0.04,249.74,30,40,0.35
8,0,34,252,249.74,0.0,0.05,249.7,30,40,0.33
8,0,43,253,249.7,0.0,0.06,249.63,30,40,0.33
8,0,48,129,249.63,0.0,0.06,249.57,30,40,0.34
8,0,32,291,249.57,0.0,0.05,249.52,30,40,0.35
8,0,48,330,249.52,0.0,0.06,249.46,30,40,0.37
8,0,30,107,249.46,0.0,0.05,249.42,30,40,0.38
8,0,44,198,249.42,0.0,0.05,249.36,30,40,0.37
8,0,26,145,249.36,0.0,0.04,249.33,30,40,0.35
8,0,25,283,249.33,0.0,0.04,249.29,30,40,0.36
8,0,49,134,249.29,0.0,0.07,249.22,30,40,0.35
8,0,27,264,249.22,0.0,0.04,249.18,30,40,0.36
8,0,50,309,249.18,0.0,0.07,249.11,30,40,0.37
8,0,40,113,249.11,0.0,0.06,249.06,30,40,0.37
8,0,31,299,249.06,0.0,0.05,249.01,30,40,0.39
8,0,43,128,249.01,0.0,0.06,248.95,30,40,0.39
8,0,25,197,248.95,0.0,0.04,248.92,30,40,0.35
8,0,29,244,248.92,0.0,0.03,248.88,30,40,0.36
8,0,30,211,248.88,0.0,0.05,248.83,30,40,0.32
8,0,27,103,248.83,0.0,0.03,248.8,30,40,0.31
8,0,42,349,248.8,0.0,0.05,248.75,30,40,0.33
8,0,49,170,248.75,0.0,0.07,248.67,30,40,0.32
8,0,30,262,248.67,0.0,0.05,248.63,30,40,0.35
8,0,45,132,248.63,0.0,0.07,248.56,30,40,0.38
8,0,40,301,248.56,0.0,0.06,248.5,30,40,0.37
8,0,34,337,248.5,0.0,0.04,248.46,30,40,0.38
8,0,38,339,248.46,0.0,0.04,248.41,30,40,0.36
8,0,30,243,248.41,0.0,0.03,248.38,30,40,0.36
8,0,47,292,248.38,0.0,0.07,248.31,30,40,0.39
8,0,49,299,248.31,0.0,0.08,248.24,30,40,0.37
8,0,36,325,248.24,0.0,0.05,248.19,30,40,0.38
8,0,50,267,248.19,0.0,0.07,248.11,30,40,0.39
8,0,34,238,248.11,0.0,0.05,248.06,30,40,0.41
8,0,48,234,248.06,0.0,0.06,248.0,30,40,0.44
8,0,39,246,248.0,0.0,0.06,247.94,30,40,0.42
8,0,39,331,247.94,0.0,0.05,247.89,30,40,0.39
8,0,42,158,247.89,0.0,0.05,247.83,30,40,0.39
8,0,38,255,247.83,0.0,0.05,247.79,30,40,0.37
8,0,33,226,247.79,0.0,0.05,247.74,30,40,0.39
8,0,46,105,247.74,0.0,0.07,247.67,30,40,0.36
8,0,26,184,247.67,0.0,0.03,247.64,30,40,0.36
8,0,46,126,247.64,0.0,0.06,247.58,30,40,0.38
8,0,50,246,247.58,0.0,0.07,247.51,30,40,0.37
8,0,28,275,247.51,0.0,0.04,247.47,30,40,0.37
8,0,39,141,247.47,0.0,0.05,247.42,30,40,0.37
8,0,40,336,247.42,0.0,0.05,247.37,30,40,0.35
8,0,42,103,247.37,0.0,0.05,247.32,30,40,0.37
8,0,35,251,247.32,0.0,0.05,247.28,30,40,0.36
8,0,40,330,247.28,0.0,0.05,247.23,30,40,0.34
8,0,42,242,247.23,0.0,0.05,247.17,30,40,0.35
8,0,45,177,247.17,0.0,0.05,247.12,30,40,0.34
8,0,25,214,247.12,0.0,0.04,247.09,30,40,0.34
8,0,39,102,247.09,0.0,0.05,247.04,30,40,0.34
8,0,47,283,247.04,0.0,0.05,246.98,30,40,0.34
8,0,41,208,246.98,0.0,0.05,246.93,30,40,0.33
8,0,31,188,246.93,0.0,0.04,246.89,30,40,0.34
8,0,50,144,246.89,0.0,0.06,246.83,30,40,0.34
8,0,40,298,246.83,38.28,0.05,285.06,30,40,0.33
8,0,26,232,285.06,0.0,0.03,285.02,30,40,0.34
8,0,46,204,285.02,0.0,0.06,284.96,30,40,0.32
8,0,26,210,284.96,0.0,0.03,284.93,30,40,0.31
8,0,34,254,284.93,0.0,0.04,284.89,30,40,0.34
8,0,47,242,284.89,0.0,0.07,284.82,30,40,0.31
8,0,29,338,284.82,0.0,0.03,284.79,30,40,0.29
8,0,26,127,284.79,0.0,0.03,284.75,30,40,0.32
8,0,44,116,284.75,0.0,0.06,284.7,30,40,0.3
8,0,31,214,284.7,0.0,0.04,284.66,30,40,0.33
8,0,42,132,284.66,0.0,0.06,284.6,30,40,0.33
8,0,28,234,284.6,0.0,0.04,284.56,30,40,0.3
8,0,31,186,284.56,0.0,0.04,284.52,30,40,0.31
8,0,36,119,284.52,0.0,0.04,284.48,30,40,0.32
8,0,34,319,284.48,0.0,0.04,284.44,30,40,0.31
8,0,34,309,284.44,0.0,0.05,284.39,30,40,0.3
8,0,25,346,284.39,16.2,0.03,300.56,30,40,0.28
8,0,27,115,300.56,0.0,0.04,300.52,30,40,0.29
8,0,43,288,300.52,0.0,0.05,300.47,30,40,0.31
8,0,45,275,300.47,0.0,0.06,300.41,30,40,0.33
8,0,49,130,300.41,0.0,0.06,300.35,30,40,0.33
8,0,32,199,300.35,0.0,0.04,300.31,30,40,0.31
8,0,28,302,300.31,0.0,0.03,300.28,30,40,0.32
8,0,42,117,300.28,0.0,0.04,300.24,30,40,0.34
8,0,45,327,300.24,0.0,0.06,300.18,30,40,0.33
8,0,30,208,300.18,0.0,0.04,300.14,30,40,0.3
8,0,26,199,300.14,0.0,0.03,300.1,30,40,0.29
8,0,43,135,300.1,0.0,0.05,300.05,30,40,0.29
8,0,34,140,300.05,0.0,0.04,300.01,30,40,0.3
8,0,33,118,300.01,0.0,0.04,299.97,30,40,0.3
8,0,35,286,299.97,0.0,0.04,299.93,30,40,0.29
8,0,35,187,299.93,0.0,0.05,299.88,30,40,0.28
8,0,27,114,299.88,0.0,0.03,299.85,30,40,0.29
8,0,33,257,299.85,0.0,0.04,299.8,30,40,0.29
8,0,36,310,299.8,0.0,0.05,299.76,30,40,0.29
8,0,31,139,299.76,0.0,0.04,299.72,30,40,0.3
8,0,42,186,299.72,0.0,0.05,299.66,30,40,0.31
8,0,41,139,299.66,0.0,0.05,299.61,30,40,0.3
8,0,34,260,299.61,0.0,0.04,299.58,30,40,0.33
8,0,43,323,299.58,0.0,0.06,299.52,30,40,0.33
8,0,30,322,299.52,0.0,0.04,299.48,30,40,0.32
8,0,37,288,299.48,0.0,0.04,299.43,30,40,0.34
8,0,46,291,299.43,0.0,0.06,299.38,30,40,0.34
8,0,43,290,299.38,0.0,0.05,299.33,30,40,0.34
8,0,38,152,299.33,0.0,0.05,299.28,30,40,0.33
8,0,26,222,299.28,0.0,0.03,299.25,30,40,0.32
8,0,40,233,299.25,0.0,0.05,299.2,30,40,0.34
8,0,48,156,299.2,0.0,0.06,299.14,30,40,0.36
8,0,42,182,299.14,0.0,0.06,299.08,30,40,0.37
8,0,50,102,299.08,0.0,0.07,299.02,30,40,0.36
8,0,27,222,299.02,0.0,0.04,298.98,30,40,0.35
8,0,33,326,298.98,0.0,0.04,298.94,30,40,0.37
8,0,35,286,298.94,0.0,0.05,298.89,30,40,0.38
8,0,44,164,298.89,0.0,0.06,298.83,30,40,0.36
8,0,34,209,298.83,0.0,0.04,298.79,30,40,0.35
8,0,32,167,298.79,0.0,0.05,298.74,30,40,0.32
8,0,37,325,298.74,0.0,0.04,298.7,30,40,0.32
8,0,30,129,298.7,0.0,0.04,298.65,30,40,0.31
8,0,28,123,298.65,0.0,0.03,298.62,30,40,0.32
8,0,50,345,298.62,0.0,0.06,298.56,30,40,0.33
8,0,48,128,298.56,0.0,0.07,298.5,30,40,0.34
8,0,45,231,298.5,0.0,0.05,298.45,30,40,0.35
8,0,39,94,298.45,0.0,0.06,298.39,30,40,0.36
8,0,41,178,298.39,0.0,0.05,298.34,30,40,0.38
8,0,42,321,298.34,0.0,0.06,298.28,30,40,0.4
8,0,32,348,298.28,0.0,0.05,298.23,30,40,0.41
8,0,47,102,298.23,0.0,0.07,298.16,30,40,0.39
8,0,35,207,298.16,0.0,0.05,298.11,30,40,0.39
8,0,39,291,298.11,0.0,0.05,298.06,30,40,0.36
8,0,25,219,298.06,0.0,0.03,298.03,30,40,0.37
8,0,42,138,298.03,0.0,0.06,297.97,30,40,0.36
8,0,36,159,297.97,0.0,0.05,297.92,30,40,0.34
8,0,26,151,297.92,0.0,0.03,297.89,30,40,0.32
8,0,39,245,297.89,0.0,0.05,297.84,30,40,0.31
8,0,30,317,297.84,0.0,0.04,297.8,30,40,0.33
8,0,50,225,297.8,0.0,0.07,297.73,30,40,0.36
8,0,49,355,297.73,0.0,0.06,297.66,30,40,0.36
8,0,41,266,297.66,0.0,0.06,297.6,30,40,0.35
8,0,28,159,297.6,0.0,0.04,297.57,30,40,0.36
8,0,34,136,297.57,0.0,0.04,297.52,30,40,0.37
8,0,48,314,297.52,0.0,0.06,297.47,30,40,0.36
8,0,27,353,297.47,0.0,0.03,297.43,30,40,0.33
8,0,31,159,297.43,0.0,0.04,297.4,30,40,0.31
8,0,27,158,297.4,0.0,0.04,297.36,30,40,0.32
8,0,46,157,297.36,0.0,0.07,297.29,30,40,0.31
8,0,26,101,297.29,0.0,0.03,297.26,30,40,0.31
8,0,34,259,297.26,0.0,0.04,297.22,30,40,0.31
8,0,44,99,297.22,0.0,0.06,297.16,30,40,0.34
8,0,50,317,297.16,0.0,0.06,297.1,30,40,0.37
8,0,46,265,297.1,0.0,0.07,297.03,30,40,0.4
8,0,46,170,297.03,0.0,0.07,296.96,30,40,0.38
8,0,39,207,296.96,0.0,0.05,296.91,30,40,0.4
8,0,31,285,296.91,0.0,0.05,296.86,30,40,0.42
8,0,43,148,296.86,0.0,0.06,296.8,30,40,0.4
8,0,27,233,296.8,0.0,0.04,296.76,30,40,0.4
8,0,41,145,296.76,0.0,0.06,296.7,30,40,0.39
8,0,45,288,296.7,0.0,0.06,296.64,30,40,0.36
8,0,27,128,296.64,0.0,0.04,296.6,30,40,0.34
8,0,25,151,296.6,0.0,0.03,296.57,30,40,0.35
8,0,38,314,296.57,0.0,0.06,296.51,30,40,0.33
8,0,35,162,296.51,0.0,0.04,296.47,30,40,0.33
8,0,29,244,296.47,0.0,0.04,296.43,30,40,0.33
8,0,43,348,296.43,0.0,0.06,296.37,30,40,0.32
8,0,42,240,296.37,0.0,0.05,296.31,30,40,0.32
8,0,31,133,296.31,0.0,0.04,296.27,30,40,0.33
8,0,30,311,296.27,0.0,0.04,296.23,30,40,0.34
8,0,49,115,296.23,0.0,0.07,296.16,30,40,0.34
8,0,34,242,296.16,0.0,0.04,296.12,30,40,0.38
8,0,50,274,296.12,0.0,0.08,296.04,30,40,0.36
8,0,31,223,296.04,0.0,0.04,296.0,30,40,0.36
8,0,32,170,296.0,0.0,0.05,295.95,30,40,0.39
8,0,45,251,295.95,0.0,0.07,295.88,30,40,0.39
8,0,27,193,295.88,0.0,0.04,295.84,30,40,0.36
8,0,29,270,295.84,0.0,0.04,295.8,30,40,0.37
8,0,34,91,295.8,0.0,0.05,295.76,30,40,0.36
8,0,48,105,295.76,0.0,0.07,295.68,30,40,0.37
8,0,34,140,295.68,0.0,0.05,295.63,30,40,0.36
8,0,30,285,295.63,0.0,0.04,295.59,30,40,0.34
8,0,35,197,295.59,0.0,0.05,295.54,30,40,0.35
8,0,33,149,295.54,0.0,0.05,295.5,30,40,0.37
8,0,45,254,295.5,0.0,0.06,295.44,30,40,0.37
8,0,33,267,295.44,0.0,0.05,295.39,30,40,0.35
8,0,36,236,295.39,0.0,0.05,295.34,30,40,0.35
8,0,31,235,295.34,0.0,0.05,295.29,30,40,0.36
8,0,28,343,295.29,0.0,0.05,295.24,30,40,0.36
8,0,31,219,295.24,0.0,0.05,295.19,30,40,0.35
8,0,30,271,295.19,0.0,0.04,295.15,30,40,0.33
8,0,26,270,295.15,0.0,0.04,295.12,30,40,0.34
8,0,44,170,295.12,0.0,0.06,295.06,30,40,0.34
8,0,34,337,295.06,0.0,0.05,295.01,30,40,0.36
8,0,49,130,295.01,0.0,0.07,294.93,30,40,0.36
8,0,31,338,294.93,0.0,0.05,294.88,30,40,0.35
8,0,27,108,294.88,0.0,0.04,294.84,30,40,0.35
8,0,31,219,294.84,0.0,0.04,294.8,30,40,0.37
8,0,42,194,294.8,0.0,0.06,294.74,30,40,0.38
8,0,45,229,294.74,0.0,0.07,294.66,30,40,0.38
8,0,31,304,294.66,0.0,0.05,294.61,30,40,0.36
8,0,33,102,294.61,0.0,0.05,294.57,30,40,0.37
8,0,45,173,294.57,0.0,0.06,294.5,30,40,0.39
8,0,40,206,294.5,0.0,0.06,294.44,30,40,0.41
8,0,40,291,294.44,0.0,0.06,294.38,30,40,0.4
8,0,38,217,294.38,0.0,0.05,294.33,30,40,0.39
8,0,32,196,294.33,0.0,0.06,294.27,30,40,0.38
8,0,26,293,294.27,0.0,0.04,294.24,30,40,0.41
8,0,49,333,294.24,0.0,0.08,294.16,30,40,0.42
8,0,41,311,294.16,0.0,0.07,294.09,30,40,0.41
8,0,33,242,294.09,0.0,0.05,294.04,30,40,0.42
8,0,47,169,294.04,0.0,0.07,293.97,30,40,0.43
8,0,44,188,293.97,0.0,0.06,293.91,30,40,0.43
8,0,36,121,293.91,0.0,0.06,293.85,30,40,0.44
8,0,33,229,293.85,0.0,0.05,293.81,30,40,0.4
8,0,27,117,293.81,0.0,0.04,293.76,30,40,0.4
8,0,46,343,293.76,0.0,0.07,293.7,30,40,0.43
8,0,47,214,293.7,0.0,0.08,293.62,30,40,0.43
8,0,50,155,293.62,0.0,0.07,293.55,30,40,0.44
8,0,48,300,293.55,0.0,0.07,293.48,30,40,0.43
8,0,34,192,293.48,0.0,0.05,293.43,30,40,0.42
8,0,26,285,293.43,0.0,0.04,293.39,30,40,0.45
8,0,43,115,293.39,0.0,0.07,293.32,30,40,0.43
8,0,32,272,293.32,0.0,0.05,293.27,30,40,0.41
8,0,42,167,293.27,0.0,0.06,293.21,30,40,0.41
8,0,44,360,293.21,0.0,0.07,293.14,30,40,0.4
8,0,35,227,293.14,0.0,0.06,293.08,30,40,0.39
8,0,29,284,293.08,0.0,0.04,293.04,30,40,0.4
8,0,31,216,293.04,0.0,0.05,292.99,30,40,0.4
8,0,47,147,292.99,0.0,0.07,292.92,30,40,0.41
8,0,42,240,292.92,0.0,0.06,292.86,30,40,0.4
8,0,38,171,292.86,0.0,0.05,292.81,30,40,0.37
8,0,25,239,292.81,0.0,0.04,292.77,30,40,0.38
8,0,40,195,292.77,0.0,0.07,292.7,30,40,0.43
8,0,50,184,292.7,0.0,0.09,292.61,30,40,0.42
8,0,27,305,292.61,0.0,0.04,292.57,30,40,0.41
8,0,41,98,292.57,0.0,0.06,292.51,30,40,0.41
8,0,30,322,292.51,0.0,0.06,292.45,30,40,0.44
8,0,46,152,292.45,0.0,0.08,292.37,30,40,0.46
8,0,39,113,292.37,0.0,0.06,292.31,30,40,0.45
8,0,44,146,292.31,0.0,0.06,292.24,30,40,0.43
8,0,47,295,292.24,0.0,0.07,292.17,30,40,0.43
8,0,25,192,292.17,0.0,0.04,292.14,30,40,0.43
8,0,41,149,292.14,0.0,0.06,292.07,30,40,0.42
8,0,30,301,292.07,0.0,0.05,292.03,30,40,0.38
8,0,29,196,292.03,0.0,0.04,291.99,30,40,0.38
8,0,35,317,291.99,0.0,0.06,291.93,30,40,0.38
8,0,37,218,291.93,0.0,0.06,291.87,30,40,0.38
8,0,42,228,291.87,0.0,0.07,291.8,30,40,0.4
8,0,38,238,291.8,0.0,0.06,291.74,30,40,0.4
8,0,40,245,291.74,0.0,0.06,291.68,30,40,0.42
8,0,43,331,291.68,0.0,0.07,291.61,30,40,0.46
8,0,50,233,291.61,0.0,0.08,291.53,30,40,0.45
8,0,36,335,291.53,0.0,0.05,291.47,30,40,0.45
8,0,42,124,291.47,0.0,0.06,291.41,30,40,0.44
8,0,36,204,291.41,0.0,0.06,291.35,30,40,0.44
8,0,39,344,291.35,0.0,0.06,291.3,30,40,0.44
8,0,39,150,291.3,0.0,0.06,291.24,30,40,0.41
8,0,31,133,291.24,0.0,0.04,291.19,30,40,0.37
8,0,25,190,291.19,0.0,0.04,291.15,30,40,0.37
8,0,33,220,291.15,0.0,0.05,291.09,30,40,0.39
8,0,45,348,291.09,0.0,0.08,291.02,30,40,0.4
8,0,40,128,291.02,0.0,0.07,290.95,30,40,0.4
8,0,37,303,290.95,0.0,0.06,290.89,30,40,0.42
8,0,49,220,290.89,0.0,0.08,290.81,30,40,0.43
8,0,30,168,290.81,0.0,0.05,290.76,30,40,0.45
8,0,49,113,290.76,0.0,0.06,290.7,30,40,0.47
8,0,45,198,290.7,0.0,0.07,290.63,30,40,0.46
8,0,49,316,290.63,0.0,0.07,290.56,30,40,0.43
8,0,25,270,290.56,0.0,0.04,290.52,30,40,0.43
8,0,36,156,290.52,0.0,0.06,290.46,30,40,0.41
8,0,40,166,290.46,0.0,0.06,290.41,30,40,0.41
8,0,33,289,290.41,0.0,0.05,290.36,30,40,0.42
8,0,44,147,290.36,0.0,0.07,290.29,30,40,0.4
8,0,31,94,290.29,0.0,0.05,290.23,30,40,0.38
8,0,35,119,290.23,0.0,0.05,290.19,30,40,0.4
8,0,38,209,290.19,0.0,0.06,290.12,30,40,0.4
8,0,40,320,290.12,0.0,0.06,290.06,30,40,0.41
8,0,42,327,290.06,0.0,0.07,289.98,30,40,0.44
8,0,46,285,289.98,0.0,0.08,289.91,30,40,0.44
8,0,40,161,289.91,0.0,0.07,289.84,30,40,0.46
8,0,39,105,289.84,0.0,0.07,289.77,30,40,0.49
8,0,47,105,289.77,0.0,0.08,289.7,30,40,0.49
8,0,39,278,289.7,0.0,0.06,289.64,30,40,0.48
8,0,32,93,289.64,0.0,0.05,289.59,30,40,0.48
8,0,39,349,289.59,0.0,0.07,289.52,30,40,0.45
8,0,31,95,289.52,0.0,0.05,289.48,30,40,0.46
8,0,48,179,289.48,0.0,0.08,289.4,30,40,0.43
8,0,32,181,289.4,0.0,0.04,289.36,30,40,0.41
8,0,33,301,289.36,0.0,0.06,289.3,30,40,0.43
8,0,41,330,289.3,22.6,0.08,311.82,30,40,0.43
8,0,31,126,311.82,0.0,0.05,311.77,30,40,0.4
8,0,29,114,311.77,0.0,0.04,311.73,30,40,0.43
8,0,50,249,311.73,0.0,0.08,311.65,30,40,0.4
8,0,30,279,311.65,0.0,0.05,311.6,30,40,0.43
8,0,41,191,311.6,44.04,0.07,355.58,30,40,0.43
8,0,34,119,355.58,0.0,0.06,355.51,30,40,0.4
8,0,29,156,355.51,0.0,0.05,355.46,30,40,0.41
8,0,33,114,355.46,0.0,0.06,355.41,30,40,0.41
8,0,29,330,355.41,0.0,0.04,355.36,30,40,0.38
8,0,34,116,355.36,0.0,0.05,355.31,30,40,0.39
8,0,42,213,355.31,0.0,0.06,355.25,30,40,0.36
8,0,26,171,355.25,0.0,0.04,355.21,30,40,0.36
8,0,38,212,355.21,0.0,0.06,355.15,30,40,0.36
8,0,30,277,355.15,0.0,0.05,355.1,30,40,0.34
8,0,29,182,355.1,0.0,0.04,355.06,30,40,0.34
8,0,27,354,355.06,0.0,0.04,355.02,30,40,0.33
8,0,33,292,355.02,0.0,0.04,354.98,30,40,0.31
8,0,29,326,354.98,0.0,0.04,354.93,30,40,0.32
8,0,35,329,354.93,0.0,0.05,354.88,30,40,0.33
8,0,39,333,354.88,0.0,0.07,354.81,30,40,0.32
8,0,26,269,354.81,0.0,0.04,354.77,30,40,0.35
8,0,44,166,354.77,0.0,0.07,354.7,30,40,0.38
8,0,40,163,354.7,0.0,0.07,354.63,30,40,0.39
8,0,31,168,354.63,0.0,0.05,354.59,30,40,0.41
8,0,40,115,354.59,0.0,0.06,354.53,30,40,0.42
8,0,36,153,354.53,0.0,0.06,354.47,30,40,0.41
8,0,35,305,354.47,0.0,0.06,354.41,30,40,0.43
8,0,37,148,354.41,0.0,0.06,354.34,30,40,0.43
8,0,50,103,354.34,0.0,0.07,354.27,30,40,0.43
8,0,41,209,354.27,0.0,0.07,354.21,30,40,0.45
8,0,43,169,354.21,0.0,0.07,354.14,30,40,0.44
8,0,31,279,354.14,0.0,0.05,354.09,30,40,0.43
8,0,33,122,354.09,0.0,0.05,354.04,30,40,0.42
8,0,34,214,354.04,0.0,0.05,353.99,30,40,0.43
8,0,50,307,353.99,0.0,0.07,353.93,30,40,0.4
8,0,29,293,353.93,0.0,0.04,353.89,30,40,0.39
8,0,43,347,353.89,0.0,0.06,353.83,30,40,0.39
8,0,48,138,353.83,0.0,0.07,353.76,30,40,0.4
8,0,39,147,353.76,0.0,0.06,353.7,30,40,0.4
8,0,33,214,353.7,0.0,0.05,353.65,30,40,0.4
8,0,30,350,353.65,0.0,0.05,353.6,30,40,0.38
8,0,32,301,353.6,0.0,0.05,353.55,30,40,0.4
8,0,48,319,353.55,0.0,0.06,353.49,30,40,0.4
8,0,44,219,353.49,0.0,0.06,353.42,30,40,0.38
8,0,31,249,353.42,0.0,0.05,353.38,30,40,0.39
8,0,42,178,353.38,0.0,0.07,353.31,30,40,0.39
8,0,35,276,353.31,0.0,0.05,353.26,30,40,0.4
8,0,40,93,353.26,0.0,0.06,353.2,30,40,0.41
8,0,36,293,353.2,0.0,0.06,353.14,30,40,0.4
8,0,33,137,353.14,0.0,0.05,353.09,30,40,0.4
8,0,44,252,353.09,0.0,0.06,353.04,30,40,0.41
8,0,39,180,353.04,0.0,0.06,352.97,30,40,0.38
8,0,26,235,352.97,0.0,0.04,352.94,30,40,0.37
8,0,25,194,352.94,0.0,0.04,352.9,30,40,0.36
8,0,31,160,352.9,0.0,0.05,352.85,30,40,0.34
8,0,27,261,352.85,0.0,0.04,352.81,30,40,0.35
8,0,41,231,352.81,0.0,0.06,352.75,30,40,0.33
8,0,25,256,352.75,0.0,0.04,352.72,30,40,0.34
8,0,47,324,352.72,0.0,0.07,352.65,30,40,0.35
8,0,31,239,352.65,0.0,0.05,352.6,30,40,0.34
8,0,25,316,352.6,0.0,0.03,352.57,30,40,0.34
8,0,36,286,352.57,0.0,0.05,352.52,30,40,0.35
8,0,34,116,352.52,0.0,0.05,352.48,30,40,0.33
8,0,29,249,352.48,0.0,0.04,352.44,30,40,0.35
8,0,37,199,352.44,0.0,0.06,352.38,30,40,0.33
8,0,32,217,352.38,0.0,0.05,352.33,30,40,0.37
8,0,47,148,352.33,0.0,0.09,352.24,30,40,0.38
8,0,29,324,352.24,0.0,0.04,352.21,30,40,0.39
8,0,45,153,352.21,0.0,0.06,352.15,30,40,0.4
8,0,49,220,352.15,0.0,0.06,352.09,30,40,0.42
8,0,43,97,352.09,0.0,0.06,352.03,30,40,0.41
8,0,31,242,352.03,0.0,0.05,351.99,30,40,0.42
8,0,36,132,351.99,0.0,0.06,351.93,30,40,0.4
8,0,48,219,351.93,0.0,0.07,351.86,30,40,0.43
8,0,50,204,351.86,0.0,0.07,351.79,30,40,0.43
8,0,45,274,351.79,0.0,0.06,351.73,30,40,0.41
8,0,27,176,351.73,0.0,0.04,351.69,30,40,0.42
8,0,45,113,351.69,0.0,0.07,351.61,30,40,0.41
8,0,31,346,351.61,0.0,0.04,351.57,30,40,0.4
8,0,46,260,351.57,0.0,0.05,351.52,30,40,0.37
8,0,27,305,351.52,0.0,0.04,351.49,30,40,0.36
8,0,48,193,351.49,0.0,0.06,351.42,30,40,0.34
8,0,34,268,351.42,0.0,0.04,351.38,30,40,0.35
8,0,35,98,351.38,0.0,0.05,351.33,30,40,0.34
8,0,41,281,351.33,0.0,0.06,351.27,30,40,0.34
8,0,28,174,351.27,0.0,0.04,351.23,30,40,0.34
8,0,45,259,351.23,0.0,0.05,351.17,30,40,0.33
8,0,25,117,351.17,0.0,0.03,351.14,30,40,0.32
8,0,39,141,351.14,0.0,0.05,351.09,30,40,0.34
8,0,46,179,351.09,0.0,0.06,351.03,30,40,0.33
8,0,26,244,351.03,0.0,0.04,350.99,30,40,0.33
8,0,46,175,350.99,0.0,0.06,350.93,30,40,0.35
8,0,46,107,350.93,0.0,0.06,350.87,30,40,0.34
8,0,27,328,350.87,0.0,0.04,350.84,30,40,0.37
8,0,35,225,350.84,0.0,0.06,350.78,30,40,0.37
8,0,30,270,350.78,0.0,0.05,350.73,30,40,0.37
8,0,46,269,350.73,0.0,0.06,350.67,30,40,0.39
8,0,49,312,350.67,0.0,0.06,350.61,30,40,0.37
8,0,28,320,350.61,0.0,0.04,350.58,30,40,0.36
8,0,41,179,350.58,0.0,0.05,350.52,30,40,0.36
8,0,30,148,350.52,0.0,0.04,350.48,30,40,0.34
8,0,32,265,350.48,0.0,0.04,350.44,30,40,0.35
8,0,47,117,350.44,0.0,0.06,350.38,30,40,0.33
8,0,31,245,350.38,0.0,0.04,350.34,30,40,0.3
8,0,26,98,350.34,0.0,0.03,350.31,30,40,0.33
8,0,47,253,350.31,0.0,0.07,350.24,30,40,0.35
8,0,41,329,350.24,0.0,0.07,350.17,30,40,0.37
8,0,48,128,350.17,0.0,0.06,350.11,30,40,0.36
8,0,25,317,350.11,0.0,0.03,350.07,30,40,0.36
8,0,38,164,350.07,0.0,0.06,350.02,30,40,0.39
8,0,49,108,350.02,0.0,0.07,349.94,30,40,0.43
8,0,49,132,349.94,0.0,0.07,349.88,30,40,0.41
8,0,45,150,349.88,0.0,0.05,349.82,30,40,0.4
8,0,49,111,349.82,0.0,0.06,349.76,30,40,0.39
8,0,45,291,349.76,0.0,0.05,349.71,30,40,0.41
8,0,42,141,349.71,0.0,0.05,349.66,30,40,0.4
8,0,39,332,349.66,0.0,0.05,349.6,30,40,0.36
8,0,28,234,349.6,0.0,0.03,349.57,30,40,0.35
8,0,43,198,349.57,0.0,0.06,349.51,30,40,0.36
8,0,48,273,349.51,0.0,0.06,349.45,30,40,0.35
8,0,31,101,349.45,0.0,0.05,349.4,30,40,0.36
8,0,48,104,349.4,0.0,0.06,349.34,30,40,0.35
8,0,32,203,349.34,0.0,0.04,349.3,30,40,0.35
8,0,40,166,349.3,0.0,0.05,349.25,30,40,0.37
8,0,39,215,349.25,0.0,0.05,349.19,30,40,0.35
8,0,27,199,349.19,0.0,0.04,349.16,30,40,0.34
8,0,31,325,349.16,0.0,0.05,349.11,30,40,0.34
8,0,39,164,349.11,0.0,0.05,349.06,30,40,0.32
8,0,37,136,349.06,0.0,0.04,349.02,30,40,0.35
8,0,44,264,349.02,0.0,0.07,348.95,30,40,0.33
8,0,26,134,348.95,0.0,0.03,348.92,30,40,0.35
8,0,49,290,348.92,0.0,0.07,348.85,30,40,0.35
8,0,27,258,348.85,0.0,0.04,348.81,30,40,0.35
8,0,40,253,348.81,0.0,0.05,348.76,30,40,0.33
8,0,25,178,348.76,0.0,0.03,348.73,30,40,0.35
8,0,47,253,348.73,0.0,0.06,348.66,30,40,0.35
8,0,49,279,348.66,0.0,0.07,348.59,30,40,0.36
8,0,29,107,348.59,0.0,0.04,348.55,30,40,0.32
8,0,26,162,348.55,0.0,0.03,348.52,30,40,0.33
8,0,40,124,348.52,0.0,0.05,348.47,30,40,0.34
8,0,41,228,348.47,0.0,0.06,348.41,30,40,0.36
8,0,41,227,348.41,0.0,0.05,348.36,30,40,0.33
8,0,27,295,348.36,0.0,0.03,348.33,30,40,0.3
8,0,30,148,348.33,0.0,0.04,348.29,30,40,0.32
8,0,49,203,348.29,0.0,0.06,348.22,30,40,0.34
8,0,37,326,348.22,0.0,0.05,348.17,30,40,0.34
8,0,39,334,348.17,0.0,0.05,348.12,30,40,0.31
8,0,26,115,348.12,0.0,0.03,348.09,30,40,0.3
8,0,37,262,348.09,0.0,0.04,348.04,30,40,0.31
8,0,27,167,348.04,0.0,0.04,348.01,30,40,0.32
8,0,39,214,348.01,0.0,0.05,347.96,30,40,0.31
8,0,41,96,347.96,0.0,0.05,347.91,30,40,0.31
8,0,33,320,347.91,0.0,0.05,347.86,30,40,0.32
8,0,47,300,347.86,0.0,0.06,347.81,30,40,0.33
8,0,34,142,347.81,0.0,0.04,347.77,30,40,0.33
8,0,32,210,347.77,0.0,0.04,347.73,30,40,0.35
8,0,46,218,347.73,0.0,0.06,347.67,30,40,0.34
8,0,30,170,347.67,0.0,0.04,347.63,30,40,0.35
8,0,38,119,347.63,0.0,0.06,347.57,30,40,0.34
8,0,29,354,347.57,0.0,0.04,347.53,30,40,0.32
8,0,33,130,347.53,0.0,0.04,347.49,30,40,0.33
8,0,36,276,347.49,0.0,0.05,347.45,30,40,0.34
8,0,36,308,347.45,0.0,0.05,347.4,30,40,0.35
8,0,48,118,347.4,0.0,0.07,347.33,30,40,0.37
8,0,39,124,347.33,0.0,0.06,347.28,30,40,0.34
8,0,25,176,347.28,0.0,0.03,347.24,30,40,0.35
8,0,35,250,347.24,0.0,0.05,347.2,30,40,0.34
8,0,26,180,347.2,0.0,0.03,347.17,30,40,0.34
8,0,41,146,347.17,0.0,0.05,347.12,30,40,0.33
8,0,35,149,347.12,0.0,0.04,347.07,30,40,0.32
8,0,49,126,347.07,0.0,0.06,347.01,30,40,0.31
8,0,39,147,347.01,0.0,0.05,346.96,30,40,0.34
8,0,44,150,346.96,0.0,0.06,346.9,30,40,0.34
8,0,41,338,346.9,0.0,0.05,346.85,30,40,0.35
8,0,35,98,346.85,0.0,0.04,346.81,30,40,0.35
8,0,50,346,346.81,0.0,0.05,346.75,30,40,0.37
8,0,49,250,346.75,0.0,0.06,346.69,30,40,0.35
8,0,28,108,346.69,0.0,0.04,346.65,30,40,0.35
8,0,38,225,346.65,0.0,0.05,346.61,30,40,0.35
8,0,40,124,346.61,0.0,0.06,346.55,30,40,0.34
8,0,30,98,346.55,0.0,0.04,346.51,30,40,0.36
8,0,44,360,346.51,0.0,0.06,346.44,30,40,0.35
8,0,31,224,346.44,33.15,0.04,379.55,30,40,0.34
8,0,41,227,379.55,0.0,0.05,379.5,30,40,0.35
8,0,43,108,379.5,0.0,0.05,379.45,30,40,0.34
8,0,34,314,379.45,0.0,0.04,379.41,30,40,0.33
8,0,41,245,379.41,0.0,0.05,379.36,30,40,0.35
8,0,39,216,379.36,0.0,0.06,379.31,30,40,0.35
8,0,48,146,379.31,0.0,0.06,379.24,30,40,0.37
8,0,48,259,379.24,0.0,0.06,379.18,30,40,0.39
8,0,47,184,379.18,0.0,0.07,379.12,30,40,0.41
8,0,49,215,379.12,0.0,0.07,379.05,30,40,0.42
8,0,37,349,379.05,0.0,0.05,379.0,30,40,0.42
8,0,34,152,379.0,0.0,0.05,378.95,30,40,0.4
8,0,25,286,378.95,0.0,0.04,378.92,30,40,0.4
8,0,45,128,378.92,0.0,0.06,378.86,30,40,0.39
8,0,35,343,378.86,0.0,0.05,378.81,30,40,0.35
8,0,26,209,378.81,0.0,0.03,378.77,30,40,0.33
8,0,33,182,378.77,0.0,0.05,378.73,30,40,0.35
8,0,46,232,378.73,0.0,0.07,378.66,30,40,0.36
8,0,40,265,378.66,0.0,0.06,378.6,30,40,0.38
8,0,42,207,378.6,0.0,0.06,378.55,30,40,0.38
8,0,41,359,378.55,0.0,0.06,378.49,30,40,0.39
8,0,48,244,378.49,0.0,0.06,378.43,30,40,0.43
8,0,49,327,378.43,0.0,0.07,378.36,30,40,0.43
8,0,35,305,378.36,0.0,0.05,378.31,30,40,0.41
8,0,40,172,378.31,0.0,0.05,378.26,30,40,0.42
8,0,50,111,378.26,0.0,0.07,378.19,30,40,0.42
8,0,49,339,378.19,43.66,0.06,421.79,30,40,0.4
8,0,30,184,421.79,0.0,0.04,421.75,30,40,0.38
8,0,29,248,421.75,0.0,0.04,421.71,30,40,0.37
8,0,46,297,421.71,0.0,0.06,421.65,30,40,0.36
8,0,28,309,421.65,0.0,0.04,421.62,30,40,0.35
8,0,33,253,421.62,0.0,0.04,421.57,30,40,0.31
8,0,25,225,421.57,0.0,0.03,421.54,30,40,0.31
8,0,40,236,421.54,0.0,0.06,421.48,30,40,0.34
8,0,49,155,421.48,0.0,0.07,421.42,30,40,0.36
8,0,46,145,421.42,0.0,0.06,421.35,30,40,0.33
8,0,25,184,421.35,0.0,0.03,421.32,30,40,0.34
8,0,37,189,421.32,0.0,0.05,421.27,30,40,0.35
8,0,38,234,421.27,0.0,0.05,421.22,30,40,0.36
8,0,30,116,421.22,0.0,0.04,421.18,30,40,0.34
8,0,26,243,421.18,0.0,0.04,421.15,30,40,0.33
8,0,40,268,421.15,0.0,0.06,421.09,30,40,0.34
8,0,50,219,421.09,0.0,0.07,421.02,30,40,0.35
8,0,33,160,421.02,0.0,0.04,420.98,30,40,0.37
8,0,49,133,420.98,0.0,0.07,420.91,30,40,0.4
8,0,49,186,420.91,0.0,0.08,420.83,30,40,0.41
8,0,37,173,420.83,0.0,0.05,420.78,30,40,0.45
8,0,50,179,420.78,0.0,0.08,420.71,30,40,0.43
8,0,31,194,420.71,0.0,0.04,420.67,30,40,0.4
8,0,27,329,420.67,0.0,0.04,420.63,30,40,0.41
8,0,33,349,420.63,0.0,0.05,420.58,30,40,0.39
8,0,31,357,420.58,0.0,0.05,420.54,30,40,0.38
8,0,45,222,420.54,0.0,0.07,420.47,30,40,0.38
8,0,27,174,420.47,0.0,0.05,420.42,30,40,0.34
8,0,33,119,420.42,0.0,0.04,420.38,30,40,0.36
8,0,40,267,420.38,0.0,0.06,420.32,30,40,0.37
8,0,37,264,420.32,0.0,0.05,420.27,30,40,0.38
8,0,46,315,420.27,0.0,0.06,420.21,30,40,0.38
8,0,30,325,420.21,0.0,0.05,420.17,30,40,0.38
8,0,50,92,420.17,0.0,0.07,420.1,30,40,0.38
8,0,37,328,420.1,0.0,0.05,420.04,30,40,0.38
8,0,31,287,420.04,0.0,0.04,420.0,30,40,0.38
8,0,36,122,420.0,0.0,0.06,419.94,30,40,0.38
8,0,36,347,419.94,0.0,0.05,419.89,30,40,0.38
8,0,40,357,419.89,0.0,0.06,419.83,30,40,0.4
8,0,44,296,419.83,0.0,0.07,419.77,30,40,0.37
8,0,35,359,419.77,0.0,0.04,419.72,30,40,0.38
8,0,45,353,419.72,0.0,0.06,419.66,30,40,0.39
8,0,35,214,419.66,0.0,0.05,419.61,30,40,0.36
8,0,25,256,419.61,0.0,0.03,419.58,30,40,0.38
8,0,42,327,419.58,0.0,0.07,419.51,30,40,0.38
4,0,34,247,275.51,0.0,0.29,275.22,120,30,2.31
4,0,44,241,275.22,0.0,0.36,274.86,120,30,2.27
4,0,41,151,274.86,0.0,0.32,274.54,120,30,2.25
4,0,28,159,274.54,0.0,0.27,274.27,120,30,2.15
4,0,28,179,274.27,0.0,0.28,273.99,120,30,2.13
4,0,28,123,273.99,0.0,0.27,273.72,120,30,2.22
4,0,50,140,273.72,0.0,0.43,273.29,120,30,2.3
4,0,44,114,273.29,0.0,0.37,272.92,120,30,2.25
4,0,37,348,272.92,0.0,0.31,272.61,120,30,2.23
4,0,32,193,272.61,0.0,0.3,272.31,120,30,2.38
4,0,50,230,272.31,0.0,0.42,271.89,120,30,2.59
4,0,46,152,271.89,0.0,0.49,271.4,120,30,2.64
4,0,35,254,271.4,0.0,0.32,271.08,120,30,2.66
4,0,49,165,271.08,0.0,0.45,270.63,120,30,2.63
4,0,36,191,270.63,0.0,0.34,270.29,120,30,2.72
4,0,37,299,270.29,0.0,0.4,269.89,120,30,2.79
4,0,43,196,269.89,0.0,0.37,269.52,120,30,2.67
4,0,30,305,269.52,0.0,0.3,269.22,120,30,2.55
4,0,48,299,269.22,0.0,0.37,268.85,120,30,2.55
4,0,38,139,268.85,0.0,0.32,268.53,120,30,2.44
4,0,37,205,268.53,0.0,0.34,268.19,120,30,2.52
4,0,46,296,268.19,0.0,0.42,267.77,120,30,2.5
4,0,48,253,267.77,0.0,0.38,267.39,120,30,2.41
4,0,30,240,267.39,0.0,0.28,267.11,120,30,2.39
4,0,33,218,267.11,0.0,0.28,266.83,120,30,2.27
4,0,27,225,266.83,0.0,0.25,266.59,120,30,2.26
4,0,36,315,266.59,0.0,0.31,266.27,120,30,2.19
4,0,32,239,266.27,0.0,0.27,266.0,120,30,2.11
4,0,37,247,266.0,0.0,0.34,265.67,120,30,2.04
4,0,33,188,265.67,0.0,0.31,265.35,120,30,2.06
4,0,33,310,265.35,0.0,0.3,265.06,120,30,2.13
4,0,42,138,265.06,0.0,0.35,264.71,120,30,2.31
4,0,46,239,264.71,0.0,0.43,264.28,120,30,2.3
4,0,30,300,264.28,0.0,0.3,263.98,120,30,2.37
4,0,39,287,263.98,0.0,0.34,263.64,120,30,2.34
4,0,35,237,263.64,0.0,0.31,263.34,120,30,2.42
4,0,44,303,263.34,0.0,0.39,262.94,120,30,2.4
4,0,30,335,262.94,0.0,0.28,262.66,120,30,2.46
4,0,40,155,262.66,0.0,0.41,262.25,120,30,2.28
4,0,25,178,262.25,0.0,0.25,262.0,120,30,2.19
4,0,26,346,262.0,0.0,0.21,261.78,120,30,2.23
4,0,37,179,261.78,0.0,0.38,261.4,120,30,2.18
4,0,27,162,261.4,0.0,0.26,261.14,120,30,2.15
4,0,39,334,261.14,0.0,0.36,260.78,120,30,2.3
4,0,46,236,260.78,0.0,0.43,260.35,120,30,2.31
4,0,46,260,260.35,0.0,0.42,259.93,120,30,2.33
4,0,25,322,259.93,0.0,0.27,259.66,120,30,2.55
4,0,48,264,259.66,0.0,0.43,259.23,120,30,2.42
4,0,27,102,259.23,0.0,0.25,258.99,120,30,2.61
4,0,48,134,258.99,0.0,0.45,258.54,120,30,2.52
4,0,30,151,258.54,0.0,0.27,258.27,120,30,2.41
4,0,34,341,258.27,0.0,0.32,257.96,120,30,2.3
4,0,31,243,257.96,0.0,0.31,257.65,120,30,2.39
4,0,38,274,257.65,0.0,0.36,257.29,120,30,2.35
4,0,41,165,257.29,0.0,0.39,256.9,120,30,2.38
4,0,30,186,256.9,0.0,0.28,256.62,120,30,2.31
4,0,39,223,256.62,0.0,0.38,256.24,120,30,2.46
4,0,47,200,256.24,0.0,0.42,255.82,120,30,2.6
4,0,46,228,255.82,0.0,0.46,255.36,120,30,2.71
4,0,46,328,255.36,0.0,0.42,254.94,120,30,2.83
4,0,50,96,254.94,0.0,0.48,254.46,120,30,2.73
4,0,32,148,254.46,0.0,0.29,254.17,120,30,2.69
4,0,26,183,254.17,0.0,0.24,253.93,120,30,2.53
4,0,26,353,253.93,0.0,0.22,253.71,120,30,2.41
4,0,28,335,253.71,0.0,0.3,253.4,120,30,2.39
4,0,50,298,253.4,0.0,0.44,252.97,120,30,2.4
4,0,50,175,252.97,0.0,0.43,252.54,120,30,2.2
4,0,32,318,252.54,0.0,0.28,252.25,120,30,2.21
4,0,32,353,252.25,0.0,0.3,251.96,120,30,2.33
4,0,42,191,251.96,0.0,0.36,251.6,120,30,2.41
4,0,34,162,251.6,0.0,0.3,251.31,120,30,2.57
4,0,48,326,251.31,0.0,0.46,250.84,120,30,2.45
4,0,37,330,250.84,0.0,0.32,250.53,120,30,2.37
4,0,32,360,250.53,0.0,0.35,250.18,120,30,2.41
4,0,34,92,250.18,0.0,0.32,249.85,120,30,2.41
4,0,32,101,249.85,0.0,0.3,249.55,120,30,2.34
4,0,30,159,249.55,0.0,0.29,249.26,120,30,2.32
4,0,32,314,249.26,0.0,0.28,248.98,120,30,2.12
4,0,29,238,248.98,0.0,0.26,248.72,120,30,2.03
4,0,27,277,248.72,0.0,0.23,248.49,120,30,1.97
4,0,29,135,248.49,0.0,0.29,248.2,120,30,1.93
4,0,28,221,248.2,0.0,0.28,247.92,120,30,2.06
4,0,44,261,247.92,0.0,0.43,247.49,120,30,2.2
4,0,43,174,247.49,0.0,0.43,247.07,120,30,2.23
4,0,29,114,247.07,0.0,0.31,246.76,120,30,2.35
4,0,45,321,246.76,0.0,0.38,246.38,120,30,2.59
4,0,48,326,246.38,0.0,0.47,245.91,120,30,2.61
4,0,28,198,245.91,0.0,0.31,245.6,120,30,2.57
4,0,28,104,245.6,0.0,0.24,245.36,120,30,2.59
4,0,46,326,245.36,0.0,0.45,244.91,120,30,2.65
4,0,47,281,244.91,0.0,0.49,244.41,120,30,2.7
4,0,34,194,244.41,0.0,0.36,244.05,120,30,2.78
4,0,46,301,244.05,0.0,0.46,243.59,120,30,2.62
4,0,30,134,243.59,0.0,0.31,243.27,120,30,2.66
4,0,38,276,243.27,0.0,0.35,242.93,120,30,2.8
4,0,47,108,242.93,0.0,0.38,242.55,120,30,2.71
4,0,36,138,242.55,0.0,0.36,242.18,120,30,2.73
4,0,49,356,242.18,0.0,0.51,241.67,120,30,2.66
4,0,31,109,241.67,0.0,0.29,241.38,120,30,2.47
4,0,28,250,241.38,0.0,0.27,241.11,120,30,2.41
4,0,27,344,241.11,0.0,0.25,240.86,120,30,2.35
4,0,34,93,240.86,0.0,0.29,240.57,120,30,2.34
4,0,39,116,240.57,0.0,0.37,240.21,120,30,2.43
4,0,45,138,240.21,0.0,0.45,239.75,120,30,2.33
4,0,44,106,239.75,0.0,0.41,239.34,120,30,2.3
4,0,29,309,239.34,0.0,0.26,239.08,120,30,2.31
4,0,34,308,239.08,0.0,0.28,238.79,120,30,2.35
4,0,31,234,238.79,0.0,0.29,238.5,120,30,2.46
4,0,40,236,238.5,0.0,0.4,238.11,120,30,2.44
4,0,35,238,238.11,0.0,0.35,237.76,120,30,2.24
4,0,25,176,237.76,0.0,0.25,237.52,120,30,2.06
4,0,27,293,237.52,0.0,0.23,237.28,120,30,2.07
4,0,29,171,237.28,0.0,0.27,237.01,120,30,2.19
4,0,42,293,237.01,0.0,0.4,236.6,120,30,2.19
4,0,32,187,236.6,0.0,0.29,236.32,120,30,2.12
4,0,36,188,236.32,0.0,0.33,235.98,120,30,2.22
4,0,48,304,235.98,0.0,0.45,235.53,120,30,2.35
4,0,36,137,235.53,0.0,0.38,235.16,120,30,2.47
4,0,43,270,235.16,0.0,0.35,234.8,120,30,2.6
4,0,38,271,234.8,0.0,0.4,234.41,120,30,2.58
4,0,38,207,234.41,0.0,0.38,234.03,120,30,2.64
4,0,36,245,234.03,0.0,0.35,233.68,120,30,2.7
4,0,43,128,233.68,0.0,0.39,233.29,120,30,2.64
4,0,44,331,233.29,0.0,0.39,232.91,120,30,2.61
4,0,36,269,232.91,0.0,0.35,232.55,120,30,2.71
4,0,46,141,232.55,0.0,0.45,232.1,120,30,2.54
4,0,29,226,232.1,0.0,0.23,231.87,120,30,2.45
4,0,31,266,231.87,0.0,0.29,231.58,120,30,2.57
4,0,49,192,231.58,0.0,0.47,231.12,120,30,2.52
4,0,43,155,231.12,0.0,0.34,230.78,120,30,2.4
4,0,25,125,230.78,0.0,0.27,230.51,120,30,2.43
4,0,38,292,230.51,0.0,0.38,230.13,120,30,2.31
4,0,40,126,230.13,0.0,0.33,229.8,120,30,2.35
4,0,28,297,229.8,0.0,0.27,229.53,120,30,2.37
4,0,35,163,229.53,0.0,0.31,229.22,120,30,2.12
4,0,25,221,229.22,0.0,0.22,229.0,120,30,2.07
4,0,30,195,229.0,0.0,0.29,228.7,120,30,2.24
4,0,49,141,228.7,0.0,0.44,228.26,120,30,2.17
4,0,34,237,228.26,0.0,0.31,227.95,120,30,2.05
4,0,25,192,227.95,0.0,0.21,227.74,120,30,2.07
4,0,31,331,227.74,0.0,0.29,227.45,120,30,2.15
4,0,48,115,227.45,0.0,0.39,227.06,120,30,2.27
4,0,37,179,227.06,0.0,0.34,226.71,120,30,2.21
4,0,25,154,226.71,0.0,0.23,226.49,120,30,2.15
4,0,38,121,226.49,0.0,0.38,226.1,120,30,2.17
4,0,40,100,226.1,0.0,0.33,225.77,120,30,2.23
4,0,27,156,225.77,0.0,0.27,225.51,120,30,2.33
4,0,43,176,225.51,0.0,0.39,225.12,120,30,2.24
4,0,35,174,225.12,0.0,0.3,224.82,120,30,2.24
4,0,41,97,224.82,0.0,0.34,224.48,120,30,2.43
4,0,47,183,224.48,0.0,0.42,224.06,120,30,2.45
4,0,42,309,224.06,0.0,0.4,223.67,120,30,2.45
4,0,36,145,223.67,0.0,0.33,223.33,120,30,2.52
4,0,37,342,223.33,0.0,0.34,222.99,120,30,2.5
4,0,41,295,222.99,0.0,0.37,222.62,120,30,2.57
4,0,40,296,222.62,0.0,0.37,222.25,120,30,2.5
4,0,30,296,222.25,0.0,0.27,221.98,120,30,2.34
4,0,32,121,221.98,0.0,0.26,221.72,120,30,2.21
4,0,32,160,221.72,0.0,0.27,221.45,120,30,2.16
4,0,33,203,221.45,0.0,0.28,221.16,120,30,2.12
4,0,33,182,221.16,0.0,0.3,220.86,120,30,2.24
4,0,50,99,220.86,0.0,0.49,220.37,120,30,2.2
4,0,39,286,220.37,0.0,0.33,220.04,120,30,2.27
4,0,44,139,220.04,0.0,0.34,219.7,120,30,2.37
4,0,35,106,219.7,0.0,0.36,219.34,120,30,2.43
4,0,36,266,219.34,0.0,0.33,219.01,120,30,2.44
4,0,32,121,219.01,0.0,0.29,218.72,120,30,2.55
4,0,45,118,218.72,0.0,0.41,218.31,120,30,2.33
4,0,31,232,218.31,0.0,0.27,218.03,120,30,2.22
4,0,26,284,218.03,0.0,0.22,217.82,120,30,2.12
4,0,26,185,217.82,0.0,0.24,217.57,120,30,2.25
4,0,50,355,217.57,0.0,0.49,217.09,120,30,2.22
4,0,45,314,217.09,0.0,0.3,216.79,120,30,2.3
4,0,46,101,216.79,0.0,0.37,216.42,120,30,2.19
4,0,39,96,216.42,0.0,0.3,216.12,120,30,2.28
4,0,46,135,216.12,0.0,0.36,215.77,120,30,2.56
4,0,50,139,215.77,0.0,0.5,215.27,120,30,2.57
4,0,29,157,215.27,0.0,0.25,215.02,120,30,2.5
4,0,42,168,215.02,0.0,0.42,214.6,120,30,2.65
4,0,50,123,214.6,0.0,0.45,214.15,120,30,2.66
4,0,47,239,214.15,0.0,0.38,213.77,120,30,2.65
4,0,34,110,213.77,0.0,0.29,213.48,120,30,2.71
4,0,49,215,213.48,0.0,0.42,213.07,120,30,2.57
4,0,45,325,213.07,0.0,0.36,212.7,120,30,2.54
4,0,30,329,212.7,0.0,0.22,212.48,120,30,2.48
4,0,39,201,212.48,0.0,0.36,212.12,120,30,2.3
4,0,28,138,212.12,0.0,0.27,211.85,120,30,2.18
4,0,31,146,211.85,0.0,0.26,211.59,120,30,2.23
4,0,34,252,211.59,0.0,0.34,211.25,120,30,2.21
4,0,43,253,211.25,0.0,0.4,210.85,120,30,2.25
4,0,48,129,210.85,0.0,0.4,210.45,120,30,2.34
4,0,32,291,210.45,0.0,0.31,210.14,120,30,2.34
4,0,48,330,210.14,0.0,0.36,209.79,120,30,2.33
4,0,30,107,209.79,0.0,0.26,209.53,120,30,2.46
4,0,44,198,209.53,0.0,0.39,209.14,120,30,2.33
4,0,26,145,209.14,0.0,0.21,208.93,120,30,2.14
4,0,25,283,208.93,0.0,0.21,208.72,120,30,2.17
4,0,49,134,208.72,0.0,0.43,208.29,120,30,2.08
4,0,27,264,208.29,0.0,0.22,208.07,120,30,2.11
4,0,50,309,208.07,0.0,0.39,207.68,120,30,2.17
4,0,40,113,207.68,0.0,0.32,207.36,120,30,2.05
4,0,31,299,207.36,0.0,0.27,207.09,120,30,2.25
4,0,43,128,207.09,0.0,0.41,206.68,120,30,2.24
4,0,25,197,206.68,0.0,0.2,206.48,120,30,2.06
4,0,29,244,206.48,0.0,0.25,206.23,120,30,2.07
4,0,30,211,206.23,0.0,0.23,206.0,120,30,1.92
4,0,27,103,206.0,0.0,0.24,205.76,120,30,1.86
4,0,42,349,205.76,0.0,0.26,205.5,120,30,1.96
4,0,49,170,205.5,0.0,0.37,205.13,120,30,1.8
4,0,30,262,205.13,0.0,0.25,204.88,120,30,1.95
4,0,45,132,204.88,0.0,0.35,204.53,120,30,2.01
4,0,40,301,204.53,0.0,0.31,204.22,120,30,2.09
4,0,34,337,204.22,0.0,0.31,203.91,120,30,2.12
4,0,38,339,203.91,0.0,0.27,203.64,120,30,2.06
4,0,30,243,203.64,0.0,0.2,203.43,120,30,2.08
4,0,47,292,203.43,0.0,0.39,203.04,120,30,2.28
4,0,49,299,203.04,0.0,0.45,202.59,120,30,2.2
4,0,36,325,202.59,0.0,0.27,202.32,120,30,2.28
4,0,50,267,202.32,0.0,0.39,201.93,120,30,2.18
4,0,34,238,201.93,0.0,0.21,201.72,120,30,2.31
4,0,48,234,201.72,0.0,0.4,201.33,120,30,2.45
4,0,39,246,201.33,0.0,0.34,200.99,120,30,2.35
4,0,39,331,200.99,0.0,0.29,200.7,120,30,2.22
4,0,42,158,200.7,0.0,0.32,200.38,120,30,2.24
4,0,38,255,200.38,0.0,0.29,200.08,120,30,2.12
4,0,33,226,200.08,0.0,0.27,199.81,120,30,2.31
4,0,46,105,199.81,0.0,0.4,199.41,120,30,2.11
4,0,26,184,199.41,0.0,0.2,199.21,120,30,2.14
4,0,46,126,199.21,0.0,0.37,198.84,120,30,2.26
4,0,50,246,198.84,0.0,0.41,198.43,120,30,2.18
4,0,28,275,198.43,0.0,0.24,198.2,120,30,2.18
4,0,39,141,198.2,0.0,0.29,197.91,120,30,2.23
4,0,40,336,197.91,0.0,0.32,197.6,120,30,2.17
4,0,42,103,197.6,0.0,0.34,197.26,120,30,2.24
4,0,35,251,197.26,0.0,0.27,196.98,120,30,2.15
4,0,40,330,196.98,0.0,0.28,196.7,120,30,2.06
4,0,42,242,196.7,0.0,0.32,196.38,120,30,2.22
4,0,45,177,196.38,0.0,0.4,195.98,120,30,2.13
4,0,25,214,195.98,0.0,0.2,195.78,120,30,2.14
4,0,39,102,195.78,0.0,0.33,195.45,120,30,2.13
4,0,47,283,195.45,0.0,0.33,195.12,120,30,2.21
4,0,41,208,195.12,0.0,0.35,194.77,120,30,2.18
4,0,31,188,194.77,0.0,0.25,194.51,120,30,2.28
4,0,50,144,194.51,0.0,0.42,194.1,120,30,2.21
4,0,40,298,194.1,0.0,0.33,193.77,120,30,2.21
4,0,26,232,193.77,0.0,0.2,193.58,120,30,2.23
4,0,46,204,193.58,0.0,0.35,193.23,120,30,2.11
4,0,26,210,193.23,0.0,0.21,193.02,120,30,2.03
4,0,34,254,193.02,0.0,0.27,192.75,120,30,2.19
4,0,47,242,192.75,0.0,0.41,192.35,120,30,1.99
4,0,29,338,192.35,0.0,0.22,192.13,120,30,1.86
4,0,26,127,192.13,0.0,0.2,191.93,120,30,1.97
4,0,44,116,191.93,0.0,0.31,191.62,120,30,1.86
4,0,31,214,191.62,0.0,0.24,191.37,120,30,1.98
4,0,42,132,191.37,0.0,0.33,191.04,120,30,1.9
4,0,28,234,191.04,0.0,0.19,190.86,120,30,1.7
4,0,31,186,190.86,0.0,0.21,190.65,120,30,1.72
4,0,36,119,190.65,0.0,0.24,190.4,120,30,1.78
4,0,34,319,190.4,0.0,0.26,190.15,120,30,1.72
4,0,34,309,190.15,0.0,0.25,189.9,120,30,1.69
4,0,25,346,189.9,0.0,0.21,189.69,120,30,1.58
4,0,27,115,189.69,0.0,0.22,189.47,120,30,1.73
4,0,43,288,189.47,0.0,0.34,189.12,120,30,1.89
4,0,45,275,189.12,0.0,0.37,188.75,120,30,1.98
4,0,49,130,188.75,0.0,0.33,188.42,120,30,2.0
4,0,32,199,188.42,0.0,0.28,188.14,120,30,1.97
4,0,28,302,188.14,0.0,0.22,187.92,120,30,2.07
4,0,42,117,187.92,0.0,0.31,187.61,120,30,2.17
4,0,45,327,187.61,0.0,0.32,187.29,120,30,2.05
4,0,30,208,187.29,0.0,0.22,187.07,120,30,1.85
4,0,26,199,187.07,0.0,0.17,186.9,120,30,1.84
4,0,43,135,186.9,0.0,0.32,186.57,120,30,1.81
4,0,34,140,186.57,0.0,0.25,186.33,120,30,1.9
4,0,33,118,186.33,0.0,0.31,186.02,120,30,1.85
4,0,35,286,186.02,0.0,0.26,185.75,120,30,1.79
4,0,35,187,185.75,0.0,0.26,185.49,120,30,1.74
4,0,27,114,185.49,0.0,0.17,185.32,120,30,1.85
4,0,33,257,185.32,0.0,0.28,185.04,120,30,1.82
4,0,36,310,185.04,0.0,0.29,184.75,120,30,1.82
4,0,31,139,184.75,0.0,0.25,184.5,120,30,1.84
4,0,42,186,184.5,0.0,0.33,184.17,120,30,1.86
4,0,41,139,184.17,0.0,0.28,183.89,120,30,1.86
4,0,34,260,183.89,0.0,0.26,183.63,120,30,2.01
4,0,43,323,183.63,0.0,0.32,183.31,120,30,1.96
4,0,30,322,183.31,0.0,0.23,183.08,120,30,1.99
4,0,37,288,183.08,0.0,0.32,182.76,120,30,2.1
4,0,46,291,182.76,0.0,0.36,182.4,120,30,2.12
4,0,43,290,182.4,0.0,0.35,182.05,120,30,2.14
4,0,38,152,182.05,0.0,0.3,181.76,120,30,2.06
4,0,26,222,181.76,0.0,0.18,181.58,120,30,2.07
4,0,40,233,181.58,0.0,0.33,181.24,120,30,2.2
4,0,48,156,181.24,0.0,0.36,180.88,120,30,2.23
4,0,42,182,180.88,118.29,0.35,298.82,120,30,2.3
4,0,50,102,298.82,0.0,0.43,298.39,120,30,2.21
4,0,27,222,298.39,0.0,0.26,298.13,120,30,2.15
4,0,33,326,298.13,0.0,0.24,297.89,120,30,2.26
4,0,35,286,297.89,0.0,0.29,297.6,120,30,2.29
4,0,44,164,297.6,0.0,0.36,297.23,120,30,2.18
4,0,34,209,297.23,0.0,0.25,296.99,120,30,2.09
4,0,32,167,296.99,0.0,0.26,296.72,120,30,1.97
4,0,37,325,296.72,0.0,0.31,296.41,120,30,1.96
4,0,30,129,296.41,0.0,0.25,296.17,120,30,1.95
4,0,28,123,296.17,0.0,0.23,295.94,120,30,2.05
4,0,50,345,295.94,0.0,0.39,295.55,120,30,2.08
4,0,48,128,295.55,0.0,0.39,295.16,120,30,2.21
4,0,45,231,295.16,0.0,0.38,294.77,120,30,2.22
4,0,39,94,294.77,0.0,0.27,294.5,120,30,2.22
4,0,41,178,294.5,0.0,0.31,294.2,120,30,2.29
4,0,42,321,294.2,0.0,0.32,293.87,120,30,2.32
4,0,32,348,293.87,0.0,0.26,293.62,120,30,2.31
4,0,47,102,293.62,0.0,0.38,293.24,120,30,2.25
4,0,35,207,293.24,178.77,0.33,471.68,120,30,2.16
4,0,39,291,471.68,0.0,0.29,471.39,120,30,2.1
4,0,25,219,471.39,0.0,0.21,471.18,120,30,2.11
4,0,42,138,471.18,0.0,0.32,470.86,120,30,2.09
4,0,36,159,470.86,0.0,0.3,470.55,120,30,2.04
4,0,26,151,470.55,0.0,0.21,470.35,120,30,1.95
4,0,39,245,470.35,0.0,0.29,470.06,120,30,1.87
4,0,30,317,470.06,0.0,0.25,469.81,120,30,2.01
4,0,50,225,469.81,0.0,0.43,469.38,120,30,2.25
4,0,49,355,469.38,0.0,0.45,468.93,120,30,2.27
4,0,41,266,468.93,0.0,0.34,468.59,120,30,2.19
4,0,28,159,468.59,0.0,0.22,468.38,120,30,2.26
4,0,34,136,468.38,0.0,0.28,468.09,120,30,2.33
4,0,48,314,468.09,0.0,0.36,467.74,120,30,2.29
4,0,27,353,467.74,0.0,0.21,467.52,120,30,2.12
4,0,31,159,467.52,0.0,0.26,467.27,120,30,1.9
4,0,27,158,467.27,0.0,0.23,467.03,120,30,1.9
4,0,46,157,467.03,0.0,0.34,466.69,120,30,1.9
4,0,26,101,466.69,0.0,0.22,466.47,120,30,1.87
4,0,34,259,466.47,0.0,0.25,466.22,120,30,1.87
4,0,44,99,466.22,0.0,0.36,465.85,120,30,2.12
4,0,50,317,465.85,0.0,0.46,465.39,120,30,2.2
4,0,46,265,465.39,0.0,0.34,465.05,120,30,2.33
4,0,46,170,465.05,0.0,0.36,464.69,120,30,2.29
4,0,39,207,464.69,0.0,0.3,464.39,120,30,2.38
4,0,31,285,464.39,0.0,0.31,464.08,120,30,2.46
4,0,43,148,464.08,0.0,0.33,463.75,120,30,2.36
4,0,27,233,463.75,0.0,0.26,463.49,120,30,2.3
4,0,41,145,463.49,0.0,0.4,463.08,120,30,2.31
4,0,45,288,463.08,0.0,0.35,462.73,120,30,2.16
4,0,27,128,462.73,0.0,0.21,462.52,120,30,2.11
4,0,25,151,462.52,0.0,0.25,462.28,120,30,2.13
4,0,38,314,462.28,0.0,0.33,461.95,120,30,2.11
4,0,35,162,461.95,0.0,0.31,461.64,120,30,2.09
4,0,29,244,461.64,0.0,0.24,461.41,120,30,2.07
4,0,43,348,461.41,0.0,0.38,461.02,120,30,2.07
4,0,42,240,461.02,0.0,0.35,460.67,120,30,2.13
4,0,31,133,460.67,0.0,0.27,460.41,120,30,2.1
4,0,30,311,460.41,0.0,0.22,460.18,120,30,2.15
4,0,49,115,460.18,0.0,0.38,459.8,120,30,2.1
4,0,34,242,459.8,0.0,0.26,459.54,120,30,2.29
4,0,50,274,459.54,0.0,0.43,459.11,120,30,2.17
4,0,31,223,459.11,0.0,0.26,458.85,120,30,2.12
4,0,32,170,458.85,0.0,0.3,458.55,120,30,2.23
4,0,45,251,458.55,0.0,0.38,458.17,120,30,2.25
4,0,27,193,458.17,0.0,0.24,457.93,120,30,2.09
4,0,29,270,457.93,0.0,0.22,457.71,120,30,2.12
4,0,34,91,457.71,0.0,0.29,457.42,120,30,2.08
4,0,48,105,457.42,0.0,0.39,457.03,120,30,2.09
4,0,34,140,457.03,0.0,0.27,456.77,120,30,2.04
4,0,30,285,456.77,0.0,0.25,456.51,120,30,1.94
4,0,35,197,456.51,0.0,0.28,456.23,120,30,1.99
4,0,33,149,456.23,0.0,0.29,455.93,120,30,2.16
4,0,45,254,455.93,0.0,0.39,455.54,120,30,2.18
4,0,33,267,455.54,0.0,0.31,455.23,120,30,2.1
4,0,36,236,455.23,0.0,0.31,454.92,120,30,2.09
4,0,31,235,454.92,0.0,0.26,454.66,120,30,2.09
4,0,28,343,454.66,0.0,0.25,454.41,120,30,2.1
4,0,31,219,454.41,0.0,0.29,454.12,120,30,2.07
4,0,30,271,454.12,0.0,0.26,453.86,120,30,1.89
4,0,26,270,453.86,0.0,0.21,453.64,120,30,1.93
4,0,44,170,453.64,0.0,0.35,453.29,120,30,1.96
4,0,34,337,453.29,0.0,0.34,452.95,120,30,2.07
4,0,49,130,452.95,0.0,0.37,452.58,120,30,2.05
4,0,31,338,452.58,0.0,0.23,452.35,120,30,1.98
4,0,27,108,452.35,0.0,0.22,452.13,120,30,1.99
4,0,31,219,452.13,0.0,0.27,451.85,120,30,2.13
4,0,42,194,451.85,0.0,0.35,451.51,120,30,2.16
4,0,45,229,451.51,151.45,0.38,602.58,120,30,2.08
4,0,31,304,602.58,0.0,0.26,602.32,120,30,1.98
4,0,33,102,602.32,0.0,0.27,602.05,120,30,2.16
4,0,45,173,602.05,0.0,0.41,601.64,120,30,2.29
4,0,40,206,601.64,0.0,0.35,601.3,120,30,2.37
4,0,40,291,601.3,0.0,0.35,600.95,120,30,2.38
4,0,38,217,600.95,0.0,0.36,600.59,120,30,2.32
4,0,32,196,600.59,0.0,0.32,600.28,120,30,2.3
4,0,26,293,600.28,0.0,0.24,600.04,120,30,2.5
4,0,49,333,600.04,0.0,0.47,599.57,120,30,2.45
4,0,41,311,599.57,0.0,0.36,599.2,120,30,2.41
4,0,33,242,599.2,0.0,0.31,598.89,120,30,2.41
4,0,47,169,598.89,0.0,0.35,598.54,120,30,2.45
4,0,44,188,598.54,0.0,0.4,598.14,120,30,2.45
4,0,36,121,598.14,0.0,0.32,597.82,120,30,2.49
4,0,33,229,597.82,0.0,0.28,597.54,120,30,2.21
4,0,27,117,597.54,0.0,0.19,597.35,120,30,2.29
4,0,46,343,597.35,0.0,0.44,596.91,120,30,2.41
4,0,47,214,596.91,0.0,0.43,596.48,120,30,2.49
4,0,50,155,596.48,0.0,0.43,596.05,120,30,2.47
4,0,48,300,596.05,0.0,0.38,595.67,120,30,2.48
4,0,34,192,595.67,0.0,0.33,595.34,120,30,2.46
4,0,26,285,595.34,0.0,0.26,595.08,120,30,2.69
4,0,43,115,595.08,0.0,0.42,594.66,120,30,2.52
4,0,32,272,594.66,0.0,0.27,594.39,120,30,2.51
4,0,42,167,594.39,0.0,0.42,593.97,120,30,2.47
4,0,44,360,593.97,0.0,0.39,593.58,120,30,2.37
4,0,35,227,593.58,0.0,0.28,593.3,120,30,2.32
4,0,29,284,593.3,0.0,0.28,593.02,120,30,2.33
4,0,31,216,593.02,0.0,0.27,592.75,120,30,2.39
4,0,47,147,592.75,0.0,0.48,592.28,120,30,2.55
4,0,42,240,592.28,0.0,0.43,591.85,120,30,2.46
4,0,38,171,591.85,0.0,0.33,591.52,120,30,2.32
4,0,25,239,591.52,0.0,0.25,591.27,120,30,2.4
4,0,40,195,591.27,0.0,0.36,590.91,120,30,2.55
4,0,50,184,590.91,0.0,0.43,590.48,120,30,2.51
4,0,27,305,590.48,0.0,0.23,590.25,120,30,2.46
4,0,41,98,590.25,0.0,0.43,589.82,120,30,2.31
4,0,30,322,589.82,0.0,0.28,589.54,120,30,2.42
4,0,46,152,589.54,0.0,0.44,589.1,120,30,2.52
4,0,39,113,589.1,0.0,0.35,588.75,120,30,2.6
4,0,44,146,588.75,0.0,0.44,588.3,120,30,2.56
4,0,47,295,588.3,0.0,0.39,587.92,120,30,2.56
4,0,25,192,587.92,0.0,0.23,587.68,120,30,2.53
4,0,41,149,587.68,0.0,0.4,587.28,120,30,2.5
4,0,30,301,587.28,0.0,0.25,587.03,120,30,2.3
4,0,29,196,587.03,0.0,0.24,586.79,120,30,2.28
4,0,35,317,586.79,0.0,0.33,586.46,120,30,2.23
4,0,37,218,586.46,0.0,0.39,586.07,120,30,2.22
4,0,42,228,586.07,0.0,0.38,585.69,120,30,2.38
4,0,38,238,585.69,0.0,0.39,585.3,120,30,2.34
4,0,40,245,585.3,0.0,0.36,584.94,120,30,2.5
4,0,43,331,584.94,0.0,0.41,584.54,120,30,2.68
4,0,50,233,584.54,0.0,0.42,584.12,120,30,2.67
4,0,36,335,584.12,0.0,0.32,583.8,120,30,2.65
4,0,42,124,583.8,0.0,0.37,583.43,120,30,2.6
4,0,36,204,583.43,0.0,0.33,583.1,120,30,2.52
4,0,39,344,583.1,0.0,0.31,582.79,120,30,2.52
4,0,39,150,582.79,0.0,0.36,582.43,120,30,2.4
4,0,31,133,582.43,0.0,0.29,582.14,120,30,2.21
4,0,25,190,582.14,0.0,0.23,581.91,120,30,2.18
4,0,33,220,581.91,0.0,0.29,581.61,120,30,2.23
4,0,45,348,581.61,0.0,0.42,581.2,120,30,2.31
4,0,40,128,581.2,0.0,0.41,580.79,120,30,2.37
4,0,37,303,580.79,0.0,0.37,580.42,120,30,2.45
4,0,49,220,580.42,0.0,0.44,579.97,120,30,2.46
4,0,30,168,579.97,0.0,0.3,579.67,120,30,2.68
4,0,49,113,579.67,0.0,0.45,579.22,120,30,2.8
4,0,45,198,579.22,0.0,0.41,578.82,120,30,2.81
4,0,49,316,578.82,0.0,0.43,578.38,120,30,2.64
4,0,25,270,578.38,0.0,0.24,578.14,120,30,2.64
4,0,36,156,578.14,0.0,0.37,577.78,120,30,2.59
4,0,40,166,577.78,0.0,0.39,577.38,120,30,2.6
4,0,33,289,577.38,0.0,0.31,577.07,120,30,2.57
4,0,44,147,577.07,0.0,0.42,576.65,120,30,2.48
4,0,31,94,576.65,0.0,0.32,576.34,120,30,2.36
4,0,35,119,576.34,0.0,0.31,576.03,120,30,2.46
4,0,38,209,576.03,0.0,0.34,575.69,120,30,2.5
4,0,40,320,575.69,0.0,0.41,575.28,120,30,2.5
4,0,42,327,575.28,0.0,0.39,574.88,120,30,2.66
4,0,46,285,574.88,0.0,0.47,574.42,120,30,2.63
4,0,40,161,574.42,0.0,0.39,574.02,120,30,2.64
4,0,39,105,574.02,0.0,0.33,573.69,120,30,2.76
4,0,47,105,573.69,0.0,0.43,573.26,120,30,2.78
4,0,39,278,573.26,0.0,0.36,572.91,120,30,2.69
4,0,32,93,572.91,0.0,0.32,572.59,120,30,2.7
4,0,39,349,572.59,0.0,0.4,572.19,120,30,2.55
4,0,31,95,572.19,0.0,0.32,571.87,120,30,2.66
4,0,48,179,571.87,0.0,0.5,571.37,120,30,2.58
4,0,32,181,571.37,0.0,0.25,571.12,120,30,2.5
4,0,33,301,571.12,0.0,0.35,570.77,120,30,2.49
4,0,41,330,570.77,0.0,0.35,570.42,120,30,2.45
4,0,31,126,570.42,0.0,0.28,570.14,120,30,2.32
4,0,29,114,570.14,0.0,0.27,569.86,120,30,2.52
4,0,50,249,569.86,0.0,0.52,569.34,120,30,2.35
4,0,30,279,569.34,0.0,0.33,569.02,120,30,2.51
4,0,41,191,569.02,0.0,0.41,568.6,120,30,2.45
4,0,34,119,568.6,0.0,0.29,568.31,120,30,2.38
4,0,29,156,568.31,0.0,0.28,568.03,120,30,2.41
4,0,33,114,568.03,0.0,0.31,567.73,120,30,2.39
4,0,29,330,567.73,0.0,0.25,567.48,120,30,2.21
4,0,34,116,567.48,0.0,0.34,567.15,120,30,2.32
4,0,42,213,567.15,0.0,0.44,566.71,120,30,2.17
4,0,26,171,566.71,0.0,0.26,566.45,120,30,2.24
4,0,38,212,566.45,0.0,0.36,566.09,120,30,2.22
4,0,30,277,566.09,0.0,0.26,565.83,120,30,2.19
4,0,29,182,565.83,0.0,0.28,565.55,120,30,2.13
4,0,27,354,565.55,0.0,0.19,565.35,120,30,2.07
4,0,33,292,565.35,0.0,0.28,565.07,120,30,1.92
4,0,29,326,565.07,0.0,0.29,564.78,120,30,1.99
4,0,35,329,564.78,0.0,0.33,564.45,120,30,2.0
4,0,39,333,564.45,0.0,0.37,564.08,120,30,1.98
4,0,26,269,564.08,0.0,0.24,563.84,120,30,2.15
4,0,44,166,563.84,0.0,0.45,563.39,120,30,2.3
4,0,40,163,563.39,0.0,0.34,563.06,120,30,2.31
4,0,31,168,563.06,0.0,0.29,562.77,120,30,2.34
4,0,40,115,562.77,0.0,0.32,562.45,120,30,2.32
4,0,36,153,562.45,0.0,0.31,562.14,120,30,2.25
4,0,35,305,562.14,0.0,0.3,561.83,120,30,2.4
4,0,37,148,561.83,0.0,0.39,561.45,120,30,2.43
4,0,50,103,561.45,0.0,0.48,560.97,120,30,2.46
4,0,41,209,560.97,0.0,0.37,560.6,120,30,2.61
4,0,43,169,560.6,0.0,0.44,560.15,120,30,2.55
4,0,31,279,560.15,0.0,0.26,559.9,120,30,2.58
4,0,33,122,559.9,0.0,0.34,559.56,120,30,2.59
4,0,34,214,559.56,0.0,0.31,559.25,120,30,2.63
4,0,50,307,559.25,0.0,0.43,558.82,120,30,2.43
4,0,29,293,558.82,0.0,0.28,558.54,120,30,2.44
4,0,43,347,558.54,0.0,0.38,558.15,120,30,2.42
4,0,48,138,558.15,0.0,0.42,557.74,120,30,2.49
4,0,39,147,557.74,0.0,0.33,557.41,120,30,2.42
4,0,33,214,557.41,90.27,0.27,647.41,120,30,2.37
4,0,30,350,647.41,0.0,0.26,647.16,120,30,2.19
4,0,32,301,647.16,0.0,0.25,646.91,120,30,2.36
4,0,48,319,646.91,0.0,0.45,646.46,120,30,2.39
4,0,44,219,646.46,0.0,0.41,646.05,120,30,2.26
4,0,31,249,646.05,0.0,0.29,645.76,120,30,2.28
4,0,42,178,645.76,0.0,0.35,645.41,120,30,2.28
4,0,35,276,645.41,0.0,0.27,645.13,120,30,2.4
4,0,40,93,645.13,0.0,0.38,644.75,120,30,2.49
4,0,36,293,644.75,0.0,0.34,644.41,120,30,2.33
4,0,33,137,644.41,0.0,0.29,644.12,120,30,2.33
4,0,44,252,644.12,0.0,0.41,643.7,120,30,2.38
4,0,39,180,643.7,0.0,0.34,643.36,120,30,2.2
4,0,26,235,643.36,0.0,0.17,643.18,120,30,2.13
4,0,25,194,643.18,0.0,0.2,642.98,120,30,2.06
4,0,31,160,642.98,0.0,0.31,642.67,120,30,1.95
4,0,27,261,642.67,0.0,0.23,642.44,120,30,1.97
4,0,41,231,642.44,0.0,0.31,642.13,120,30,1.78
4,0,25,256,642.13,0.0,0.22,641.91,120,30,1.83
4,0,47,324,641.91,0.0,0.39,641.52,120,30,1.95
4,0,31,239,641.52,0.0,0.29,641.22,120,30,1.97
4,0,25,316,641.22,0.0,0.22,641.0,120,30,1.99
4,0,36,286,641.0,0.0,0.33,640.68,120,30,2.02
4,0,34,116,640.68,0.0,0.26,640.42,120,30,1.97
4,0,29,249,640.42,0.0,0.26,640.16,120,30,2.02
4,0,37,199,640.16,0.0,0.27,639.89,120,30,1.92
4,0,32,217,639.89,0.0,0.29,639.6,120,30,2.08
4,0,47,148,639.6,0.0,0.45,639.15,120,30,2.12
4,0,29,324,639.15,0.0,0.26,638.89,120,30,2.19
4,0,45,153,638.89,0.0,0.4,638.5,120,30,2.31
4,0,49,220,638.5,0.0,0.38,638.12,120,30,2.4
4,0,43,97,638.12,0.0,0.35,637.77,120,30,2.44
4,0,31,242,637.77,0.0,0.31,637.46,120,30,2.44
4,0,36,132,637.46,0.0,0.29,637.17,120,30,2.44
4,0,48,219,637.17,0.0,0.45,636.72,120,30,2.57
4,0,50,204,636.72,0.0,0.39,636.33,120,30,2.57
4,0,45,274,636.33,0.0,0.4,635.93,120,30,2.39
4,0,27,176,635.93,0.0,0.2,635.73,120,30,2.39
4,0,45,113,635.73,0.0,0.35,635.38,120,30,2.35
4,0,31,346,635.38,0.0,0.27,635.11,120,30,2.44
4,0,46,260,635.11,0.0,0.38,634.73,120,30,2.2
4,0,27,305,634.73,0.0,0.21,634.53,120,30,2.24
4,0,48,193,634.53,0.0,0.43,634.09,120,30,2.13
4,0,34,268,634.09,0.0,0.29,633.8,120,30,2.25
4,0,35,98,633.8,0.0,0.32,633.48,120,30,2.24
4,0,41,281,633.48,0.0,0.34,633.14,120,30,2.23
4,0,28,174,633.14,0.0,0.26,632.88,120,30,2.23
4,0,45,259,632.88,0.0,0.38,632.5,120,30,2.25
4,0,25,117,632.5,0.0,0.23,632.26,120,30,2.09
4,0,39,141,632.26,0.0,0.27,631.99,120,30,2.18
4,0,46,179,631.99,0.0,0.38,631.61,120,30,2.1
4,0,26,244,631.61,0.0,0.24,631.37,120,30,2.15
4,0,46,175,631.37,0.0,0.39,630.98,120,30,2.26
4,0,46,107,630.98,0.0,0.37,630.62,120,30,2.11
4,0,27,328,630.62,0.0,0.23,630.39,120,30,2.14
4,0,35,225,630.39,0.0,0.26,630.12,120,30,2.12
4,0,30,270,630.12,0.0,0.25,629.87,120,30,2.11
4,0,46,269,629.87,0.0,0.37,629.5,120,30,2.22
4,0,49,312,629.5,0.0,0.35,629.15,120,30,2.09
4,0,28,320,629.15,0.0,0.26,628.9,120,30,2.04
4,0,41,179,628.9,0.0,0.32,628.57,120,30,2.06
4,0,30,148,628.57,0.0,0.25,628.33,120,30,2.08
4,0,32,265,628.33,0.0,0.28,628.05,120,30,2.24
4,0,47,117,628.05,0.0,0.41,627.64,120,30,2.12
4,0,31,245,627.64,0.0,0.25,627.39,120,30,2.0
4,0,26,98,627.39,0.0,0.23,627.17,120,30,2.1
4,0,47,253,627.17,0.0,0.36,626.8,120,30,2.14
4,0,41,329,626.8,0.0,0.36,626.44,120,30,2.27
4,0,48,128,626.44,0.0,0.38,626.05,120,30,2.19
4,0,25,317,626.05,0.0,0.2,625.86,120,30,2.08
4,0,38,164,625.86,0.0,0.3,625.55,120,30,2.34
4,0,49,108,625.55,0.0,0.51,625.04,120,30,2.5
4,0,49,132,625.04,0.0,0.39,624.65,120,30,2.47
4,0,45,150,624.65,0.0,0.33,624.32,120,30,2.49
4,0,49,111,624.32,0.0,0.38,623.93,120,30,2.5
4,0,45,291,623.93,0.0,0.39,623.54,120,30,2.63
4,0,42,141,623.54,0.0,0.33,623.21,120,30,2.66
4,0,39,332,623.21,0.0,0.33,622.88,120,30,2.39
4,0,28,234,622.88,0.0,0.24,622.64,120,30,2.38
4,0,43,198,622.64,0.0,0.38,622.26,120,30,2.42
4,0,48,273,622.26,0.0,0.37,621.89,120,30,2.25
4,0,31,101,621.89,0.0,0.21,621.67,120,30,2.24
4,0,48,104,621.67,0.0,0.38,621.3,120,30,2.14
4,0,32,203,621.3,0.0,0.23,621.06,120,30,2.13
4,0,40,166,621.06,0.0,0.32,620.74,120,30,2.21
4,0,39,215,620.74,0.0,0.32,620.41,120,30,2.03
4,0,27,199,620.41,0.0,0.2,620.21,120,30,1.88
4,0,31,325,620.21,0.0,0.22,619.99,120,30,1.95
4,0,39,164,619.99,0.0,0.28,619.71,120,30,1.87
4,0,37,136,619.71,0.0,0.3,619.4,120,30,1.94
4,0,44,264,619.4,0.0,0.3,619.11,120,30,1.82
4,0,26,134,619.11,0.0,0.2,618.91,120,30,1.88
4,0,49,290,618.91,0.0,0.38,618.52,120,30,1.88
4,0,27,258,618.52,0.0,0.2,618.33,120,30,1.98
4,0,40,253,618.33,0.0,0.32,618.0,120,30,1.87
4,0,25,178,618.0,0.0,0.17,617.83,120,30,1.93
4,0,47,253,617.83,0.0,0.36,617.47,120,30,2.01
4,0,49,279,617.47,0.0,0.38,617.1,120,30,2.04
4,0,29,107,617.1,0.0,0.23,616.86,120,30,1.86
4,0,26,162,616.86,0.0,0.2,616.66,120,30,2.01
4,0,40,124,616.66,0.0,0.35,616.32,120,30,2.02
4,0,41,228,616.32,0.0,0.33,615.98,120,30,2.14
4,0,41,227,615.98,0.0,0.29,615.7,120,30,1.99
4,0,27,295,615.7,0.0,0.21,615.49,120,30,1.81
4,0,30,148,615.49,0.0,0.2,615.29,120,30,1.97
4,0,49,203,615.29,0.0,0.39,614.9,120,30,2.06
4,0,37,326,614.9,0.0,0.29,614.62,120,30,2.04
4,0,39,334,614.62,0.0,0.33,614.29,120,30,1.91
4,0,26,115,614.29,0.0,0.2,614.09,120,30,1.9
4,0,37,262,614.09,0.0,0.28,613.81,120,30,1.87
4,0,27,167,613.81,0.0,0.18,613.63,120,30,1.96
4,0,39,214,613.63,0.0,0.29,613.34,120,30,1.89
4,0,41,96,613.34,0.0,0.32,613.02,120,30,1.88
4,0,33,320,613.02,0.0,0.28,612.74,120,30,1.91
4,0,47,300,612.74,0.0,0.36,612.38,120,30,1.98
4,0,34,142,612.38,0.0,0.27,612.11,120,30,1.92
4,0,32,210,612.11,0.0,0.22,611.88,120,30,2.08
4,0,46,218,611.88,0.0,0.34,611.55,120,30,2.04
4,0,30,170,611.55,0.0,0.25,611.3,120,30,2.02
4,0,38,119,611.3,0.0,0.3,611.0,120,30,1.97
4,0,29,354,611.0,0.0,0.23,610.77,120,30,1.91
4,0,33,130,610.77,0.0,0.3,610.47,120,30,1.94
4,0,36,276,610.47,0.0,0.3,610.17,120,30,1.98
4,0,36,308,610.17,0.0,0.26,609.91,120,30,1.99
4,0,48,118,609.91,0.0,0.35,609.56,120,30,2.05
4,0,39,124,609.56,0.0,0.31,609.25,120,30,1.94
4,0,25,176,609.25,0.0,0.19,609.06,120,30,1.98
4,0,35,250,609.06,0.0,0.27,608.79,120,30,1.86
4,0,26,180,608.79,0.0,0.18,608.61,120,30,1.9
4,0,41,146,608.61,0.0,0.34,608.26,120,30,1.88
4,0,35,149,608.26,0.0,0.24,608.02,120,30,1.92
4,0,49,126,608.02,0.0,0.39,607.63,120,30,1.92
4,0,39,147,607.63,0.0,0.31,607.32,120,30,2.12
4,0,44,150,607.32,0.0,0.39,606.93,120,30,2.17
4,0,41,338,606.93,0.0,0.32,606.6,120,30,2.25
4,0,35,98,606.6,0.0,0.26,606.34,120,30,2.28
4,0,50,346,606.34,0.0,0.37,605.97,120,30,2.34
4,0,49,250,605.97,0.0,0.3,605.66,120,30,2.16
4,0,28,108,605.66,0.0,0.21,605.45,120,30,2.19
4,0,38,225,605.45,0.0,0.34,605.12,120,30,2.08
4,0,40,124,605.12,0.0,0.28,604.83,120,30,2.0
4,0,30,98,604.83,0.0,0.24,604.59,120,30,2.06
4,0,44,360,604.59,0.0,0.32,604.26,120,30,1.92
4,0,31,224,604.26,0.0,0.23,604.03,120,30,1.96
4,0,41,227,604.03,0.0,0.34,603.69,120,30,2.09
4,0,43,108,603.69,0.0,0.34,603.35,120,30,2.01
4,0,34,314,603.35,0.0,0.26,603.09,120,30,2.04
4,0,41,245,603.09,0.0,0.31,602.78,120,30,2.08
4,0,39,216,602.78,0.0,0.28,602.51,120,30,2.15
4,0,48,146,602.51,0.0,0.39,602.12,120,30,2.31
4,0,48,259,602.12,0.0,0.39,601.72,120,30,2.33
4,0,47,184,601.72,0.0,0.36,601.36,120,30,2.32
4,0,49,215,601.36,0.0,0.33,601.04,120,30,2.34
4,0,37,349,601.04,0.0,0.28,600.75,120,30,2.24
4,0,34,152,600.75,0.0,0.21,600.54,120,30,2.16
4,0,25,286,600.54,0.0,0.2,600.34,120,30,2.14
4,0,45,128,600.34,0.0,0.37,599.97,120,30,1.98
4,0,35,343,599.97,0.0,0.23,599.74,120,30,1.8
4,0,26,209,599.74,0.0,0.18,599.56,120,30,1.72
4,0,33,182,599.56,0.0,0.25,599.31,120,30,1.84
4,0,46,232,599.31,0.0,0.4,598.91,120,30,1.93
4,0,40,265,598.91,0.0,0.3,598.61,120,30,2.03
4,0,42,207,598.61,0.0,0.3,598.31,120,30,2.01
4,0,41,359,598.31,0.0,0.35,597.96,120,30,2.17
4,0,48,244,597.96,0.0,0.39,597.57,120,30,2.35
4,0,49,327,597.57,0.0,0.36,597.2,120,30,2.36
4,0,35,305,597.2,0.0,0.26,596.94,120,30,2.28
4,0,40,172,596.94,0.0,0.32,596.62,120,30,2.4
4,0,50,111,596.62,0.0,0.42,596.2,120,30,2.48
4,0,49,339,596.2,0.0,0.38,595.82,120,30,2.36
4,0,30,184,595.82,0.0,0.23,595.59,120,30,2.2
4,0,29,248,595.59,0.0,0.23,595.37,120,30,2.22
4,0,46,297,595.37,0.0,0.38,594.98,120,30,2.21
4,0,28,309,594.98,0.0,0.25,594.74,120,30,2.17
4,0,33,253,594.74,0.0,0.28,594.46,120,30,1.95
4,0,25,225,594.46,0.0,0.2,594.26,120,30,1.9
4,0,40,236,594.26,0.0,0.33,593.93,120,30,2.04
4,0,49,155,593.93,0.0,0.37,593.57,120,30,2.21
4,0,46,145,593.57,0.0,0.4,593.16,120,30,2.03
4,0,25,184,593.16,0.0,0.2,592.96,120,30,2.07
4,0,37,189,592.96,0.0,0.29,592.68,120,30,2.12
4,0,38,234,592.68,0.0,0.33,592.35,120,30,2.17
4,0,30,116,592.35,0.0,0.25,592.1,120,30,2.08
4,0,26,243,592.1,0.0,0.24,591.85,120,30,2.03
4,0,40,268,591.85,0.0,0.32,591.53,120,30,2.0
4,0,50,219,591.53,0.0,0.37,591.17,120,30,2.09
4,0,33,160,591.17,0.0,0.29,590.88,120,30,2.12
4,0,49,133,590.88,0.0,0.32,590.55,120,30,2.21
4,0,49,186,590.55,0.0,0.42,590.14,120,30,2.25
4,0,37,173,590.14,0.0,0.29,589.85,120,30,2.45
4,0,50,179,589.85,0.0,0.44,589.41,120,30,2.4
4,0,31,194,589.41,0.0,0.27,589.14,120,30,2.23
4,0,27,329,589.14,0.0,0.2,588.95,120,30,2.19
4,0,33,349,588.95,0.0,0.25,588.7,120,30,2.1
4,0,31,357,588.7,0.0,0.23,588.47,120,30,2.05
4,0,45,222,588.47,0.0,0.37,588.1,120,30,1.98
4,0,27,174,588.1,122.04,0.22,709.92,120,30,1.86
4,0,33,119,709.92,0.0,0.32,709.6,120,30,1.96
4,0,40,267,709.6,0.0,0.37,709.23,120,30,2.1
4,0,37,264,709.23,0.0,0.34,708.89,120,30,2.21
4,0,46,315,708.89,0.0,0.36,708.53,120,30,2.24
4,0,30,325,708.53,0.0,0.26,708.27,120,30,2.21
4,0,50,92,708.27,0.0,0.34,707.93,120,30,2.33
4,0,37,328,707.93,0.0,0.34,707.59,120,30,2.24
4,0,31,287,707.59,0.0,0.23,707.36,120,30,2.15
4,0,36,122,707.36,0.0,0.28,707.08,120,30,2.12
4,0,36,347,707.08,0.0,0.31,706.77,120,30,2.12
4,0,40,357,706.77,0.0,0.36,706.41,120,30,2.24
4,0,44,296,706.41,0.0,0.38,706.03,120,30,2.21
4,0,35,359,706.03,0.0,0.31,705.72,120,30,2.28
4,0,45,353,705.72,0.0,0.41,705.32,120,30,2.37
4,0,35,214,705.32,0.0,0.32,705.0,120,30,2.32
4,0,25,256,705.0,0.0,0.23,704.77,120,30,2.38
4,0,42,327,704.77,0.0,0.37,704.39,120,30,2.41
2,0,34,247,342.92,0.0,0.46,342.46,100,25,4.02
2,0,44,241,342.46,0.0,0.66,341.8,100,25,3.92
2,0,41,151,341.8,0.0,0.58,341.22,100,25,3.75
2,0,28,159,341.22,0.0,0.38,340.84,100,25,3.51
2,0,28,179,340.84,0.0,0.4,340.45,100,25,3.49
2,0,28,123,340.45,0.0,0.41,340.03,100,25,3.54
2,0,50,140,340.03,0.0,0.65,339.39,100,25,3.85
2,0,44,114,339.39,0.0,0.77,338.62,100,25,3.71
2,0,37,348,338.62,0.0,0.52,338.11,100,25,3.57
2,0,32,193,338.11,0.0,0.44,337.67,100,25,3.89
2,0,50,230,337.67,0.0,0.7,336.97,100,25,4.12
2,0,46,152,336.97,0.0,0.63,336.34,100,25,4.28
2,0,35,254,336.34,0.0,0.57,335.76,100,25,4.25
2,0,49,165,335.76,0.0,0.62,335.15,100,25,3.96
2,0,36,191,335.15,0.0,0.48,334.67,100,25,4.0
2,0,37,299,334.67,68.55,0.56,402.66,100,25,4.17
2,0,43,196,402.66,0.0,0.61,402.04,100,25,3.95
2,0,30,305,402.04,0.0,0.48,401.57,100,25,4.03
2,0,48,299,401.57,0.0,0.71,400.86,100,25,4.04
2,0,38,139,400.86,0.0,0.58,400.29,100,25,4.01
2,0,37,205,400.29,0.0,0.59,399.69,100,25,4.19
2,0,46,296,399.69,0.0,0.66,399.03,100,25,4.35
2,0,48,253,399.03,0.0,0.72,398.31,100,25,4.2
2,0,30,240,398.31,0.0,0.46,397.85,100,25,4.28
2,0,33,218,397.85,0.0,0.56,397.29,100,25,3.94
2,0,27,225,397.29,0.0,0.37,396.92,100,25,3.87
2,0,36,315,396.92,0.0,0.51,396.41,100,25,3.77
2,0,32,239,396.41,0.0,0.49,395.92,100,25,3.62
2,0,37,247,395.92,0.0,0.51,395.41,100,25,3.35
2,0,33,188,395.41,0.0,0.45,394.96,100,25,3.44
2,0,33,310,394.96,0.0,0.55,394.42,100,25,3.57
2,0,42,138,394.42,0.0,0.69,393.73,100,25,3.97
2,0,46,239,393.73,0.0,0.77,392.97,100,25,3.86
2,0,30,300,392.97,0.0,0.4,392.56,100,25,4.0
2,0,39,287,392.56,0.0,0.63,391.94,100,25,4.04
2,0,35,237,391.94,0.0,0.55,391.38,100,25,4.35
2,0,44,303,391.38,0.0,0.76,390.63,100,25,4.27
2,0,30,335,390.63,0.0,0.47,390.16,100,25,4.23
2,0,40,155,390.16,0.0,0.65,389.5,100,25,3.81
2,0,25,178,389.5,0.0,0.35,389.16,100,25,3.83
2,0,26,346,389.16,0.0,0.42,388.73,100,25,3.73
2,0,37,179,388.73,0.0,0.53,388.2,100,25,3.6
2,0,27,162,388.2,0.0,0.42,387.78,100,25,3.47
2,0,39,334,387.78,0.0,0.63,387.15,100,25,3.68
2,0,46,236,387.15,0.0,0.68,386.47,100,25,3.71
2,0,46,260,386.47,0.0,0.68,385.79,100,25,3.77
2,0,25,322,385.79,0.0,0.41,385.39,100,25,4.03
2,0,48,264,385.39,0.0,0.68,384.71,100,25,3.87
2,0,27,102,384.71,0.0,0.37,384.34,100,25,4.19
2,0,48,134,384.34,0.0,0.74,383.61,100,25,3.97
2,0,30,151,383.61,0.0,0.41,383.19,100,25,3.79
2,0,34,341,383.19,0.0,0.5,382.69,100,25,3.53
2,0,31,243,382.69,0.0,0.42,382.27,100,25,3.68
2,0,38,274,382.27,0.0,0.56,381.7,100,25,3.7
2,0,41,165,381.7,0.0,0.7,381.0,100,25,3.77
2,0,30,186,381.0,0.0,0.44,380.56,100,25,3.58
2,0,39,223,380.56,0.0,0.55,380.01,100,25,3.9
2,0,47,200,380.01,0.0,0.73,379.28,100,25,4.09
2,0,46,228,379.28,0.0,0.69,378.59,100,25,4.39
2,0,46,328,378.59,0.0,0.72,377.87,100,25,4.67
2,0,50,96,377.87,0.0,0.84,377.03,100,25,4.49
2,0,32,148,377.03,0.0,0.52,376.51,100,25,4.42
2,0,26,183,376.51,0.0,0.37,376.14,100,25,4.3
2,0,26,353,376.14,0.0,0.43,375.71,100,25,4.08
2,0,28,335,375.71,0.0,0.51,375.2,100,25,4.2
2,0,50,298,375.2,0.0,0.81,374.39,100,25,4.23
2,0,50,175,374.39,0.0,0.75,373.64,100,25,3.91
2,0,32,318,373.64,0.0,0.52,373.12,100,25,3.97
2,0,32,353,373.12,0.0,0.58,372.55,100,25,4.28
2,0,42,191,372.55,0.0,0.68,371.86,100,25,4.41
2,0,34,162,371.86,0.0,0.56,371.31,100,25,4.71
2,0,48,326,371.31,0.0,0.81,370.5,100,25,4.47
2,0,37,330,370.5,0.0,0.57,369.93,100,25,4.28
2,0,32,360,369.93,0.0,0.56,369.37,100,25,4.29
2,0,34,92,369.37,0.0,0.53,368.84,100,25,4.2
2,0,32,101,368.84,0.0,0.49,368.35,100,25,4.01
2,0,30,159,368.35,0.0,0.49,367.86,100,25,3.96
2,0,32,314,367.86,0.0,0.51,367.35,100,25,3.65
2,0,29,238,367.35,0.0,0.5,366.85,100,25,3.52
2,0,27,277,366.85,0.0,0.44,366.41,100,25,3.44
2,0,29,135,366.41,0.0,0.48,365.93,100,25,3.39
2,0,28,221,365.93,0.0,0.48,365.45,100,25,3.58
2,0,44,261,365.45,0.0,0.68,364.78,100,25,3.73
2,0,43,174,364.78,0.0,0.64,364.14,100,25,3.66
2,0,29,114,364.14,0.0,0.44,363.69,100,25,3.92
2,0,45,321,363.69,0.0,0.76,362.93,100,25,4.25
2,0,48,326,362.93,0.0,0.77,362.17,100,25,4.22
2,0,28,198,362.17,0.0,0.45,361.71,100,25,4.18
2,0,28,104,361.71,0.0,0.44,361.28,100,25,4.16
2,0,46,326,361.28,0.0,0.66,360.62,100,25,4.27
2,0,47,281,360.62,0.0,0.75,359.87,100,25,4.33
2,0,34,194,359.87,0.0,0.5,359.37,100,25,4.37
2,0,46,301,359.37,0.0,0.8,358.58,100,25,4.1
2,0,30,134,358.58,0.0,0.5,358.07,100,25,4.31
2,0,38,276,358.07,0.0,0.66,357.42,100,25,4.67
2,0,47,108,357.42,0.0,0.8,356.61,100,25,4.53
2,0,36,138,356.61,0.0,0.52,356.1,100,25,4.6
2,0,49,356,356.1,0.0,0.82,355.27,100,25,4.58
2,0,31,109,355.27,0.0,0.48,354.79,100,25,4.18
2,0,28,250,354.79,0.0,0.4,354.39,100,25,4.11
2,0,27,344,354.39,0.0,0.43,353.96,100,25,4.02
2,0,34,93,353.96,0.0,0.57,353.38,100,25,3.81
2,0,39,116,353.38,0.0,0.59,352.8,100,25,3.98
2,0,45,138,352.8,0.0,0.69,352.1,100,25,3.87
2,0,44,106,352.1,0.0,0.71,351.39,100,25,3.83
2,0,29,309,351.39,0.0,0.44,350.95,100,25,3.9
2,0,34,308,350.95,0.0,0.47,350.48,100,25,3.98
2,0,31,234,350.48,0.0,0.51,349.97,100,25,4.05
2,0,40,236,349.97,0.0,0.64,349.33,100,25,3.97
2,0,35,238,349.33,0.0,0.51,348.82,100,25,3.73
2,0,25,176,348.82,0.0,0.45,348.37,100,25,3.44
2,0,27,293,348.37,0.0,0.42,347.95,100,25,3.49
2,0,29,171,347.95,0.0,0.49,347.46,100,25,3.6
2,0,42,293,347.46,0.0,0.58,346.89,100,25,3.54
2,0,32,187,346.89,0.0,0.45,346.44,100,25,3.46
2,0,36,188,346.44,0.0,0.56,345.88,100,25,3.74
2,0,48,304,345.88,0.0,0.79,345.09,100,25,3.87
2,0,36,137,345.09,0.0,0.58,344.51,100,25,4.1
2,0,43,270,344.51,0.0,0.65,343.86,100,25,4.15
2,0,38,271,343.86,0.0,0.54,343.32,100,25,4.25
2,0,38,207,343.32,0.0,0.68,342.64,100,25,4.35
2,0,36,245,342.64,0.0,0.55,342.08,100,25,4.57
2,0,43,128,342.08,0.0,0.78,341.31,100,25,4.51
2,0,44,331,341.31,0.0,0.73,340.57,100,25,4.55
2,0,36,269,340.57,101.82,0.62,441.77,100,25,4.49
2,0,46,141,441.77,0.0,0.59,441.18,100,25,4.38
2,0,29,226,441.18,0.0,0.43,440.75,100,25,4.14
2,0,31,266,440.75,0.0,0.44,440.31,100,25,4.36
2,0,49,192,440.31,0.0,0.77,439.54,100,25,4.2
2,0,43,155,439.54,0.0,0.62,438.92,100,25,3.89
2,0,25,125,438.92,0.0,0.42,438.49,100,25,3.95
2,0,38,292,438.49,0.0,0.68,437.82,100,25,4.03
2,0,40,126,437.82,0.0,0.67,437.15,100,25,4.04
2,0,28,297,437.15,0.0,0.44,436.71,100,25,4.16
2,0,35,163,436.71,0.0,0.56,436.15,100,25,3.74
2,0,25,221,436.15,0.0,0.35,435.8,100,25,3.5
2,0,30,195,435.8,0.0,0.38,435.42,100,25,3.79
2,0,49,141,435.42,0.0,0.71,434.7,100,25,3.61
2,0,34,237,434.7,0.0,0.5,434.21,100,25,3.35
2,0,25,192,434.21,0.0,0.41,433.79,100,25,3.4
2,0,31,331,433.79,0.0,0.49,433.3,100,25,3.54
2,0,48,115,433.3,0.0,0.7,432.6,100,25,3.66
2,0,37,179,432.6,0.0,0.47,432.13,100,25,3.62
2,0,25,154,432.13,0.0,0.34,431.79,100,25,3.54
2,0,38,121,431.79,0.0,0.63,431.16,100,25,3.65
2,0,40,100,431.16,0.0,0.61,430.56,100,25,3.62
2,0,27,156,430.56,0.0,0.38,430.17,100,25,3.73
2,0,43,176,430.17,0.0,0.6,429.58,100,25,3.56
2,0,35,174,429.58,0.0,0.53,429.05,100,25,3.71
2,0,41,97,429.05,0.0,0.62,428.43,100,25,4.0
2,0,47,183,428.43,0.0,0.63,427.8,100,25,3.95
2,0,42,309,427.8,0.0,0.58,427.21,100,25,3.9
2,0,36,145,427.21,0.0,0.56,426.66,100,25,4.1
2,0,37,342,426.66,0.0,0.58,426.08,100,25,4.15
2,0,41,295,426.08,0.0,0.65,425.43,100,25,4.28
2,0,40,296,425.43,0.0,0.66,424.77,100,25,4.09
2,0,30,296,424.77,0.0,0.43,424.34,100,25,3.95
2,0,32,121,424.34,0.0,0.49,423.85,100,25,3.85
2,0,32,160,423.85,0.0,0.48,423.37,100,25,3.86
2,0,33,203,423.37,0.0,0.57,422.81,100,25,3.71
2,0,33,182,422.81,0.0,0.43,422.37,100,25,3.82
2,0,50,99,422.37,0.0,0.76,421.61,100,25,3.76
2,0,39,286,421.61,0.0,0.6,421.02,100,25,3.92
2,0,44,139,421.02,0.0,0.59,420.42,100,25,3.93
2,0,35,106,420.42,0.0,0.5,419.92,100,25,3.94
2,0,36,266,419.92,0.0,0.49,419.43,100,25,3.8
2,0,32,121,419.43,0.0,0.43,419.0,100,25,3.99
2,0,45,118,419.0,0.0,0.62,418.38,100,25,3.65
2,0,31,232,418.38,0.0,0.42,417.96,100,25,3.41
2,0,26,284,417.96,0.0,0.36,417.6,100,25,3.16
2,0,26,185,417.6,0.0,0.34,417.26,100,25,3.53
2,0,50,355,417.26,0.0,0.87,416.39,100,25,3.63
2,0,45,314,416.39,0.0,0.59,415.8,100,25,3.91
2,0,46,101,415.8,0.0,0.71,415.09,100,25,3.83
2,0,39,96,415.09,0.0,0.54,414.55,100,25,4.12
2,0,46,135,414.55,0.0,0.71,413.84,100,25,4.47
2,0,50,139,413.84,0.0,0.71,413.13,100,25,4.52
2,0,29,157,413.13,0.0,0.39,412.74,100,25,4.13
2,0,42,168,412.74,0.0,0.48,412.25,100,25,4.28
2,0,50,123,412.25,0.0,0.74,411.51,100,25,4.2
2,0,47,239,411.51,0.0,0.63,410.88,100,25,4.18
2,0,34,110,410.88,0.0,0.52,410.36,100,25,4.02
2,0,49,215,410.36,0.0,0.55,409.81,100,25,3.99
2,0,45,325,409.81,0.0,0.68,409.14,100,25,4.06
2,0,30,329,409.14,0.0,0.46,408.67,100,25,4.09
2,0,39,201,408.67,0.0,0.51,408.16,100,25,3.76
2,0,28,138,408.16,0.0,0.41,407.75,100,25,3.56
2,0,31,146,407.75,0.0,0.43,407.32,100,25,3.53
2,0,34,252,407.32,0.0,0.49,406.83,100,25,3.58
2,0,43,253,406.83,0.0,0.6,406.23,100,25,3.53
2,0,48,129,406.23,0.0,0.63,405.61,100,25,3.53
2,0,32,291,405.61,0.0,0.46,405.15,100,25,3.69
2,0,48,330,405.15,0.0,0.67,404.47,100,25,3.68
2,0,30,107,404.47,0.0,0.4,404.07,100,25,3.88
2,0,44,198,404.07,0.0,0.63,403.44,100,25,3.73
2,0,26,145,403.44,0.0,0.34,403.1,100,25,3.49
2,0,25,283,403.1,0.0,0.36,402.73,100,25,3.48
2,0,49,134,402.73,0.0,0.62,402.12,100,25,3.39
2,0,27,264,402.12,0.0,0.37,401.75,100,25,3.42
2,0,50,309,401.75,0.0,0.7,401.05,100,25,3.63
2,0,40,113,401.05,0.0,0.61,400.44,100,25,3.45
2,0,31,299,400.44,0.0,0.45,399.98,100,25,3.7
2,0,43,128,399.98,0.0,0.59,399.4,100,25,3.69
2,0,25,197,399.4,0.0,0.35,399.05,100,25,3.48
2,0,29,244,399.05,0.0,0.41,398.64,100,25,3.47
2,0,30,211,398.64,0.0,0.36,398.28,100,25,3.12
2,0,27,103,398.28,0.0,0.35,397.93,100,25,3.12
2,0,42,349,397.93,0.0,0.61,397.32,100,25,3.29
2,0,49,170,397.32,0.0,0.62,396.7,100,25,3.04
2,0,30,262,396.7,0.0,0.34,396.36,100,25,3.42
2,0,45,132,396.36,0.0,0.73,395.63,100,25,3.55
2,0,40,301,395.63,0.0,0.54,395.08,100,25,3.64
2,0,34,337,395.08,0.0,0.45,394.64,100,25,3.73
2,0,38,339,394.64,0.0,0.44,394.19,100,25,3.56
2,0,30,243,394.19,0.0,0.44,393.76,100,25,3.53
2,0,47,292,393.76,0.0,0.59,393.17,100,25,3.76
2,0,49,299,393.17,0.0,0.57,392.6,100,25,3.54
2,0,36,325,392.6,0.0,0.51,392.09,100,25,3.73
2,0,50,267,392.09,0.0,0.73,391.36,100,25,3.74
2,0,34,238,391.36,0.0,0.46,390.91,100,25,3.93
2,0,48,234,390.91,0.0,0.63,390.28,100,25,3.96
2,0,39,246,390.28,0.0,0.47,389.81,100,25,3.91
2,0,39,331,389.81,0.0,0.54,389.27,100,25,3.85
2,0,42,158,389.27,0.0,0.51,388.76,100,25,3.86
2,0,38,255,388.76,0.0,0.52,388.24,100,25,3.57
2,0,33,226,388.24,0.0,0.44,387.8,100,25,3.7
2,0,46,105,387.8,0.0,0.59,387.21,100,25,3.39
2,0,26,184,387.21,0.0,0.32,386.89,100,25,3.5
2,0,46,126,386.89,0.0,0.58,386.31,100,25,3.58
2,0,50,246,386.31,0.0,0.62,385.69,100,25,3.44
2,0,28,275,385.69,0.0,0.37,385.32,100,25,3.43
2,0,39,141,385.32,0.0,0.51,384.81,100,25,3.56
2,0,40,336,384.81,0.0,0.57,384.24,100,25,3.55
2,0,42,103,384.24,0.0,0.58,383.66,100,25,3.66
2,0,35,251,383.66,0.0,0.43,383.23,100,25,3.56
2,0,40,330,383.23,0.0,0.48,382.75,100,25,3.39
2,0,42,242,382.75,0.0,0.45,382.3,100,25,3.62
2,0,45,177,382.3,0.0,0.6,381.7,100,25,3.46
2,0,25,214,381.7,0.0,0.35,381.35,100,25,3.37
2,0,39,102,381.35,0.0,0.48,380.87,100,25,3.4
2,0,47,283,380.87,0.0,0.61,380.26,100,25,3.5
2,0,41,208,380.26,0.0,0.53,379.73,100,25,3.44
2,0,31,188,379.73,0.0,0.42,379.31,100,25,3.52
2,0,50,144,379.31,0.0,0.53,378.78,100,25,3.42
2,0,40,298,378.78,0.0,0.5,378.28,100,25,3.44
2,0,26,232,378.28,0.0,0.37,377.9,100,25,3.5
2,0,46,204,377.9,0.0,0.54,377.36,100,25,3.22
2,0,26,210,377.36,0.0,0.33,377.03,100,25,3.12
2,0,34,254,377.03,0.0,0.43,376.61,100,25,3.2
2,0,47,242,376.61,0.0,0.5,376.11,100,25,3.07
2,0,29,338,376.11,0.0,0.4,375.71,100,25,2.93
2,0,26,127,375.71,0.0,0.36,375.35,100,25,3.15
2,0,44,116,375.35,0.0,0.59,374.77,100,25,2.99
2,0,31,214,374.77,0.0,0.38,374.39,100,25,3.19
2,0,42,132,374.39,0.0,0.53,373.86,100,25,3.16
2,0,28,234,373.86,0.0,0.4,373.46,100,25,3.04
2,0,31,186,373.46,0.0,0.38,373.08,100,25,3.06
2,0,36,119,373.08,0.0,0.42,372.66,100,25,3.08
2,0,34,319,372.66,0.0,0.38,372.28,100,25,2.95
2,0,34,309,372.28,0.0,0.46,371.82,100,25,2.9
2,0,25,346,371.82,0.0,0.33,371.49,100,25,2.67
2,0,27,115,371.49,0.0,0.3,371.19,100,25,2.84
2,0,43,288,371.19,0.0,0.57,370.62,100,25,2.95
2,0,45,275,370.62,0.0,0.49,370.13,100,25,3.2
2,0,49,130,370.13,0.0,0.67,369.46,100,25,3.23
2,0,32,199,369.46,0.0,0.41,369.05,100,25,3.1
2,0,28,302,369.05,0.0,0.33,368.72,100,25,3.35
2,0,42,117,368.72,0.0,0.58,368.14,100,25,3.63
2,0,45,327,368.14,0.0,0.58,367.56,100,25,3.42
2,0,30,208,367.56,0.0,0.36,367.2,100,25,3.26
2,0,26,199,367.2,0.0,0.33,366.87,100,25,3.17
2,0,43,135,366.87,0.0,0.58,366.29,100,25,3.22
2,0,34,140,366.29,0.0,0.46,365.83,100,25,3.29
2,0,33,118,365.83,0.0,0.4,365.42,100,25,3.18
2,0,35,286,365.42,0.0,0.47,364.95,100,25,2.99
2,0,35,187,364.95,0.0,0.39,364.57,100,25,3.01
2,0,27,114,364.57,0.0,0.38,364.19,100,25,3.07
2,0,33,257,364.19,0.0,0.39,363.8,100,25,2.98
2,0,36,310,363.8,0.0,0.49,363.31,100,25,2.91
2,0,31,139,363.31,0.0,0.39,362.92,100,25,3.04
2,0,42,186,362.92,0.0,0.53,362.39,100,25,3.14
2,0,41,139,362.39,0.0,0.57,361.82,100,25,3.19
2,0,34,260,361.82,0.0,0.44,361.38,100,25,3.39
2,0,43,323,361.38,0.0,0.58,360.8,100,25,3.37
2,0,30,322,360.8,0.0,0.37,360.42,100,25,3.34
2,0,37,288,360.42,0.0,0.46,359.96,100,25,3.63
2,0,46,291,359.96,0.0,0.68,359.28,100,25,3.67
2,0,43,290,359.28,0.0,0.57,358.71,100,25,3.65
2,0,38,152,358.71,0.0,0.55,358.16,100,25,3.53
2,0,26,222,358.16,0.0,0.32,357.84,100,25,3.51
2,0,40,233,357.84,0.0,0.56,357.28,100,25,3.73
2,0,48,156,357.28,0.0,0.59,356.69,100,25,3.83
2,0,42,182,356.69,0.0,0.56,356.13,100,25,3.88
2,0,50,102,356.13,0.0,0.73,355.4,100,25,3.66
2,0,27,222,355.4,0.0,0.35,355.05,100,25,3.48
2,0,33,326,355.05,0.0,0.37,354.68,100,25,3.62
2,0,35,286,354.68,0.0,0.46,354.21,100,25,3.69
2,0,44,164,354.21,0.0,0.63,353.58,100,25,3.54
2,0,34,209,353.58,0.0,0.44,353.14,100,25,3.41
2,0,32,167,353.14,0.0,0.43,352.71,100,25,3.22
2,0,37,325,352.71,0.0,0.54,352.18,100,25,3.26
2,0,30,129,352.18,0.0,0.39,351.79,100,25,3.19
2,0,28,123,351.79,0.0,0.3,351.49,100,25,3.44
2,0,50,345,351.49,0.0,0.71,350.78,100,25,3.45
2,0,48,128,350.78,0.0,0.64,350.14,100,25,3.65
2,0,45,231,350.14,0.0,0.64,349.5,100,25,3.7
2,0,39,94,349.5,0.0,0.48,349.02,100,25,3.69
2,0,41,178,349.02,0.0,0.53,348.49,100,25,3.88
2,0,42,321,348.49,0.0,0.58,347.92,100,25,4.04
2,0,32,348,347.92,0.0,0.46,347.46,100,25,3.98
2,0,47,102,347.46,0.0,0.65,346.81,100,25,3.77
2,0,35,207,346.81,0.0,0.43,346.37,100,25,3.59
2,0,39,291,346.37,0.0,0.46,345.92,100,25,3.48
2,0,25,219,345.92,0.0,0.37,345.55,100,25,3.54
2,0,42,138,345.55,0.0,0.59,344.96,100,25,3.43
2,0,36,159,344.96,0.0,0.47,344.49,100,25,3.29
2,0,26,151,344.49,0.0,0.32,344.17,100,25,3.17
2,0,39,245,344.17,0.0,0.53,343.65,100,25,3.15
2,0,30,317,343.65,0.0,0.41,343.24,100,25,3.32
2,0,50,225,343.24,0.0,0.63,342.61,100,25,3.59
2,0,49,355,342.61,0.0,0.64,341.97,100,25,3.65
2,0,41,266,341.97,0.0,0.65,341.32,100,25,3.52
2,0,28,159,341.32,0.0,0.34,340.97,100,25,3.66
2,0,34,136,340.97,0.0,0.46,340.52,100,25,3.78
2,0,48,314,340.52,0.0,0.65,339.87,100,25,3.75
2,0,27,353,339.87,0.0,0.38,339.48,100,25,3.58
2,0,31,159,339.48,0.0,0.46,339.03,100,25,3.33
2,0,27,158,339.03,0.0,0.39,338.64,100,25,3.35
2,0,46,157,338.64,0.0,0.67,337.98,100,25,3.33
2,0,26,101,337.98,0.0,0.32,337.66,100,25,3.33
2,0,34,259,337.66,0.0,0.46,337.19,100,25,3.3
2,0,44,99,337.19,0.0,0.62,336.57,100,25,3.67
2,0,50,317,336.57,0.0,0.75,335.82,100,25,3.83
2,0,46,265,335.82,0.0,0.62,335.2,100,25,4.06
2,0,46,170,335.2,0.0,0.62,334.58,100,25,3.98
2,0,39,207,334.58,0.0,0.59,333.99,100,25,4.13
2,0,31,285,333.99,0.0,0.47,333.51,100,25,4.34
2,0,43,148,333.51,0.0,0.67,332.84,100,25,4.1
2,0,27,233,332.84,0.0,0.38,332.47,100,25,3.95
2,0,41,145,332.47,0.0,0.6,331.87,100,25,3.92
2,0,45,288,331.87,0.0,0.59,331.28,100,25,3.63
2,0,27,128,331.28,0.0,0.33,330.94,100,25,3.38
2,0,25,151,330.94,0.0,0.34,330.6,100,25,3.44
2,0,38,314,330.6,0.0,0.53,330.07,100,25,3.23
2,0,35,162,330.07,0.0,0.46,329.62,100,25,3.29
2,0,29,244,329.62,0.0,0.44,329.18,100,25,3.31
2,0,43,348,329.18,0.0,0.62,328.55,100,25,3.36
2,0,42,240,328.55,0.0,0.64,327.91,100,25,3.43
2,0,31,133,327.91,0.0,0.4,327.52,100,25,3.48
2,0,30,311,327.52,0.0,0.39,327.12,100,25,3.58
2,0,49,115,327.12,0.0,0.63,326.5,100,25,3.62
2,0,34,242,326.5,0.0,0.5,325.99,100,25,3.9
2,0,50,274,325.99,0.0,0.72,325.27,100,25,3.78
2,0,31,223,325.27,0.0,0.5,324.77,100,25,3.61
2,0,32,170,324.77,0.0,0.47,324.31,100,25,3.86
2,0,45,251,324.31,0.0,0.65,323.65,100,25,3.85
2,0,27,193,323.65,0.0,0.38,323.27,100,25,3.65
2,0,29,270,323.27,0.0,0.43,322.85,100,25,3.66
2,0,34,91,322.85,0.0,0.51,322.33,100,25,3.73
2,0,48,105,322.33,0.0,0.79,321.55,100,25,3.75
2,0,34,140,321.55,0.0,0.52,321.03,100,25,3.65
2,0,30,285,321.03,0.0,0.37,320.66,100,25,3.54
2,0,35,197,320.66,0.0,0.54,320.11,100,25,3.58
2,0,33,149,320.11,0.0,0.42,319.69,100,25,3.89
2,0,45,254,319.69,0.0,0.74,318.95,100,25,3.88
2,0,33,267,318.95,0.0,0.5,318.45,100,25,3.59
2,0,36,236,318.45,0.0,0.5,317.95,100,25,3.5
2,0,31,235,317.95,0.0,0.43,317.52,100,25,3.55
2,0,28,343,317.52,0.0,0.42,317.1,100,25,3.48
2,0,31,219,317.1,0.0,0.47,316.62,100,25,3.47
2,0,30,271,316.62,0.0,0.41,316.21,100,25,3.07
2,0,26,270,316.21,0.0,0.34,315.87,100,25,3.18
2,0,44,170,315.87,0.0,0.61,315.26,100,25,3.14
2,0,34,337,315.26,0.0,0.46,314.8,100,25,3.4
2,0,49,130,314.8,0.0,0.69,314.11,100,25,3.41
2,0,31,338,314.11,0.0,0.43,313.68,100,25,3.35
2,0,27,108,313.68,0.0,0.41,313.27,100,25,3.41
2,0,31,219,313.27,0.0,0.47,312.8,100,25,3.67
2,0,42,194,312.8,0.0,0.6,312.2,100,25,3.7
2,0,45,229,312.2,0.0,0.64,311.56,100,25,3.68
2,0,31,304,311.56,0.0,0.44,311.12,100,25,3.43
2,0,33,102,311.12,0.0,0.44,310.69,100,25,3.69
2,0,45,173,310.69,0.0,0.69,310.0,100,25,3.9
2,0,40,206,310.0,0.0,0.62,309.39,100,25,3.99
2,0,40,291,309.39,0.0,0.56,308.83,100,25,4.07
2,0,38,217,308.83,0.0,0.68,308.15,100,25,3.94
2,0,32,196,308.15,0.0,0.51,307.64,100,25,3.94
2,0,26,293,307.64,0.0,0.44,307.2,100,25,4.23
2,0,49,333,307.2,0.0,0.73,306.47,100,25,4.18
2,0,41,311,306.47,0.0,0.64,305.83,100,25,4.07
2,0,33,242,305.83,0.0,0.51,305.32,100,25,4.18
2,0,47,169,305.32,0.0,0.67,304.65,100,25,4.22
2,0,44,188,304.65,0.0,0.72,303.93,100,25,4.24
2,0,36,121,303.93,0.0,0.53,303.4,100,25,4.32
2,0,33,229,303.4,0.0,0.52,302.87,100,25,3.97
2,0,27,117,302.87,0.0,0.38,302.5,100,25,4.12
2,0,46,343,302.5,0.0,0.79,301.7,100,25,4.23
2,0,47,214,301.7,0.0,0.62,301.09,100,25,4.17
2,0,50,155,301.09,0.0,0.61,300.47,100,25,4.2
2,0,48,300,300.47,0.0,0.75,299.73,100,25,4.18
2,0,34,192,299.73,0.0,0.51,299.22,100,25,4.05
2,0,26,285,299.22,0.0,0.39,298.83,100,25,4.37
2,0,43,115,298.83,0.0,0.7,298.13,100,25,4.07
2,0,32,272,298.13,0.0,0.49,297.64,100,25,4.01
2,0,42,167,297.64,0.0,0.56,297.07,100,25,4.13
2,0,44,360,297.07,0.0,0.73,296.34,100,25,3.87
2,0,35,227,296.34,0.0,0.49,295.84,100,25,3.81
2,0,29,284,295.84,0.0,0.45,295.39,100,25,3.91
2,0,31,216,295.39,0.0,0.49,294.9,100,25,3.96
2,0,47,147,294.9,0.0,0.75,294.15,100,25,4.13
2,0,42,240,294.15,0.0,0.66,293.49,100,25,4.13
2,0,38,171,293.49,0.0,0.56,292.93,100,25,3.8
2,0,25,239,292.93,0.0,0.4,292.53,100,25,3.87
2,0,40,195,292.53,0.0,0.56,291.97,100,25,4.12
2,0,50,184,291.97,0.0,0.7,291.27,100,25,4.06
2,0,27,305,291.27,0.0,0.43,290.85,100,25,4.06
2,0,41,98,290.85,0.0,0.75,290.1,100,25,3.86
2,0,30,322,290.1,0.0,0.46,289.64,100,25,3.97
2,0,46,152,289.64,0.0,0.67,288.97,100,25,4.13
2,0,39,113,288.97,0.0,0.56,288.41,100,25,4.26
2,0,44,146,288.41,0.0,0.69,287.72,100,25,4.43
2,0,47,295,287.72,0.0,0.87,286.85,100,25,4.38
2,0,25,192,286.85,0.0,0.38,286.46,100,25,4.26
2,0,41,149,286.46,0.0,0.63,285.83,100,25,4.24
2,0,30,301,285.83,0.0,0.44,285.4,100,25,3.99
2,0,29,196,285.4,0.0,0.42,284.98,100,25,3.95
2,0,35,317,284.98,0.0,0.52,284.45,100,25,3.89
2,0,37,218,284.45,0.0,0.63,283.83,100,25,3.6
2,0,42,228,283.83,0.0,0.58,283.24,100,25,3.82
2,0,38,238,283.24,0.0,0.6,282.65,100,25,3.85
2,0,40,245,282.65,0.0,0.66,281.99,100,25,4.01
2,0,43,331,281.99,0.0,0.6,281.39,100,25,4.38
2,0,50,233,281.39,0.0,0.79,280.6,100,25,4.47
2,0,36,335,280.6,0.0,0.61,280.0,100,25,4.48
2,0,42,124,280.0,0.0,0.64,279.36,100,25,4.5
2,0,36,204,279.36,0.0,0.6,278.76,100,25,4.45
2,0,39,344,278.76,0.0,0.55,278.21,100,25,4.34
2,0,39,150,278.21,0.0,0.55,277.66,100,25,4.26
2,0,31,133,277.66,0.0,0.52,277.14,100,25,3.86
2,0,25,190,277.14,0.0,0.39,276.74,100,25,3.78
2,0,33,220,276.74,0.0,0.53,276.22,100,25,3.99
2,0,45,348,276.22,0.0,0.85,275.37,100,25,4.01
2,0,40,128,275.37,0.0,0.62,274.75,100,25,4.07
2,0,37,303,274.75,0.0,0.61,274.14,100,25,4.27
2,0,49,220,274.14,0.0,0.75,273.39,100,25,4.24
2,0,30,168,273.39,0.0,0.49,272.9,100,25,4.7
2,0,49,113,272.9,0.0,0.85,272.05,100,25,5.05
2,0,45,198,272.05,0.0,0.88,271.16,100,25,5.01
2,0,49,316,271.16,0.0,0.81,270.36,100,25,4.77
2,0,25,270,270.36,0.0,0.38,269.98,100,25,4.72
2,0,36,156,269.98,0.0,0.56,269.42,100,25,4.71
2,0,40,166,269.42,0.0,0.74,268.68,100,25,4.77
2,0,33,289,268.68,0.0,0.55,268.12,100,25,4.52
2,0,44,147,268.12,0.0,0.6,267.52,100,25,4.15
2,0,31,94,267.52,0.0,0.51,267.01,100,25,3.89
2,0,35,119,267.01,0.0,0.55,266.47,100,25,4.12
2,0,38,209,266.47,0.0,0.61,265.86,100,25,4.15
2,0,40,320,265.86,0.0,0.59,265.27,100,25,4.08
2,0,42,327,265.27,0.0,0.67,264.61,100,25,4.27
2,0,46,285,264.61,0.0,0.74,263.87,100,25,4.33
2,0,40,161,263.87,0.0,0.66,263.21,100,25,4.35
2,0,39,105,263.21,0.0,0.53,262.67,100,25,4.49
2,0,47,105,262.67,0.0,0.69,261.98,100,25,4.5
2,0,39,278,261.98,0.0,0.62,261.36,100,25,4.48
2,0,32,93,261.36,0.0,0.57,260.79,100,25,4.41
2,0,39,349,260.79,0.0,0.6,260.19,100,25,4.22
2,0,31,95,260.19,0.0,0.55,259.64,100,25,4.3
2,0,48,179,259.64,0.0,0.74,258.9,100,25,4.29
2,0,32,181,258.9,0.0,0.52,258.38,100,25,4.19
2,0,33,301,258.38,0.0,0.59,257.79,100,25,4.22
2,0,41,330,257.79,0.0,0.65,257.13,100,25,4.15
2,0,31,126,257.13,0.0,0.5,256.64,100,25,4.02
2,0,29,114,256.64,0.0,0.47,256.17,100,25,4.43
2,0,50,249,256.17,0.0,0.96,255.21,100,25,4.13
2,0,30,279,255.21,0.0,0.44,254.77,100,25,4.25
2,0,41,191,254.77,0.0,0.64,254.13,100,25,4.2
2,0,34,119,254.13,0.0,0.54,253.59,100,25,4.06
2,0,29,156,253.59,0.0,0.51,253.08,100,25,4.08
2,0,33,114,253.08,0.0,0.52,252.56,100,25,4.09
2,0,29,330,252.56,0.0,0.48,252.08,100,25,3.78
2,0,34,116,252.08,0.0,0.65,251.44,100,25,3.97
2,0,42,213,251.44,0.0,0.63,250.8,100,25,3.8
2,0,26,171,250.8,0.0,0.47,250.34,100,25,3.9
2,0,38,212,250.34,97.46,0.64,347.16,100,25,3.9
2,0,30,277,347.16,0.0,0.51,346.65,100,25,3.85
2,0,29,182,346.65,0.0,0.47,346.18,100,25,3.71
2,0,27,354,346.18,0.0,0.34,345.83,100,25,3.49
2,0,33,292,345.83,139.1,0.43,484.5,100,25,3.27
2,0,29,326,484.5,0.0,0.41,484.09,100,25,3.39
2,0,35,329,484.09,0.0,0.59,483.5,100,25,3.29
2,0,39,333,483.5,0.0,0.54,482.95,100,25,3.14
2,0,26,269,482.95,0.0,0.36,482.59,100,25,3.38
2,0,44,166,482.59,0.0,0.71,481.89,100,25,3.69
2,0,40,163,481.89,0.0,0.65,481.24,100,25,3.78
2,0,31,168,481.24,0.0,0.52,480.72,100,25,4.01
2,0,40,115,480.72,0.0,0.64,480.07,100,25,4.01
2,0,36,153,480.07,0.0,0.59,479.49,100,25,4.04
2,0,35,305,479.49,0.0,0.57,478.92,100,25,4.28
2,0,37,148,478.92,0.0,0.6,478.32,100,25,4.27
2,0,50,103,478.32,0.0,0.7,477.61,100,25,4.25
2,0,41,209,477.61,0.0,0.63,476.98,100,25,4.38
2,0,43,169,476.98,0.0,0.65,476.34,100,25,4.24
2,0,31,279,476.34,0.0,0.5,475.83,100,25,4.24
2,0,33,122,475.83,0.0,0.59,475.24,100,25,4.18
2,0,34,214,475.24,0.0,0.51,474.73,100,25,4.4
2,0,50,307,474.73,0.0,0.82,473.91,100,25,4.21
2,0,29,293,473.91,0.0,0.51,473.4,100,25,4.21
2,0,43,347,473.4,0.0,0.63,472.77,100,25,4.27
2,0,48,138,472.77,0.0,0.71,472.06,100,25,4.31
2,0,39,147,472.06,0.0,0.54,471.52,100,25,4.22
2,0,33,214,471.52,0.0,0.5,471.02,100,25,4.18
2,0,30,350,471.02,0.0,0.47,470.56,100,25,3.83
2,0,32,301,470.56,0.0,0.47,470.09,100,25,4.04
2,0,48,319,470.09,0.0,0.72,469.37,100,25,4.08
2,0,44,219,469.37,0.0,0.67,468.7,100,25,3.81
2,0,31,249,468.7,0.0,0.44,468.27,100,25,3.87
2,0,42,178,468.27,0.0,0.6,467.67,100,25,3.83
2,0,35,276,467.67,0.0,0.46,467.2,100,25,3.97
2,0,40,93,467.2,0.0,0.61,466.59,100,25,4.02
2,0,36,293,466.59,0.0,0.52,466.07,100,25,3.75
2,0,33,137,466.07,0.0,0.45,465.62,100,25,3.79
2,0,44,252,465.62,0.0,0.71,464.91,100,25,3.88
2,0,39,180,464.91,0.0,0.53,464.38,100,25,3.7
2,0,26,235,464.38,0.0,0.42,463.95,100,25,3.57
2,0,25,194,463.95,0.0,0.33,463.62,100,25,3.43
2,0,31,160,463.62,0.0,0.47,463.15,100,25,3.33
2,0,27,261,463.15,0.0,0.42,462.74,100,25,3.43
2,0,41,231,462.74,0.0,0.55,462.18,100,25,3.08
2,0,25,256,462.18,0.0,0.36,461.82,100,25,3.15
2,0,47,324,461.82,0.0,0.6,461.22,100,25,3.19
2,0,31,239,461.22,0.0,0.46,460.76,100,25,3.21
2,0,25,316,460.76,0.0,0.35,460.41,100,25,3.18
2,0,36,286,460.41,0.0,0.44,459.97,100,25,3.2
2,0,34,116,459.97,0.0,0.44,459.53,100,25,3.04
2,0,29,249,459.53,0.0,0.39,459.14,100,25,3.18
2,0,37,199,459.14,0.0,0.5,458.64,100,25,3.07
2,0,32,217,458.64,0.0,0.49,458.15,100,25,3.21
2,0,47,148,458.15,0.0,0.6,457.55,100,25,3.3
2,0,29,324,457.55,0.0,0.44,457.11,100,25,3.47
2,0,45,153,457.11,0.0,0.61,456.5,100,25,3.77
2,0,49,220,456.5,0.0,0.74,455.75,100,25,4.08
2,0,43,97,455.75,0.0,0.7,455.05,100,25,4.0
2,0,31,242,455.05,0.0,0.42,454.63,100,25,3.97
2,0,36,132,454.63,0.0,0.46,454.17,100,25,4.06
2,0,48,219,454.17,0.0,0.69,453.48,100,25,4.3
2,0,50,204,453.48,0.0,0.68,452.8,100,25,4.32
2,0,45,274,452.8,0.0,0.63,452.17,100,25,3.98
2,0,27,176,452.17,0.0,0.4,451.77,100,25,4.01
2,0,45,113,451.77,0.0,0.73,451.04,100,25,4.06
2,0,31,346,451.04,0.0,0.47,450.58,100,25,4.15
2,0,46,260,450.58,0.0,0.55,450.03,100,25,3.82
2,0,27,305,450.03,0.0,0.36,449.66,100,25,3.75
2,0,48,193,449.66,0.0,0.61,449.06,100,25,3.63
2,0,34,268,449.06,0.0,0.51,448.55,100,25,3.75
2,0,35,98,448.55,0.0,0.52,448.02,100,25,3.63
2,0,41,281,448.02,0.0,0.61,447.41,100,25,3.52
2,0,28,174,447.41,0.0,0.36,447.05,100,25,3.58
2,0,45,259,447.05,0.0,0.61,446.44,100,25,3.57
2,0,25,117,446.44,0.0,0.35,446.1,100,25,3.42
2,0,39,141,446.1,0.0,0.46,445.64,100,25,3.54
2,0,46,179,445.64,0.0,0.63,445.01,100,25,3.35
2,0,26,244,445.01,0.0,0.33,444.68,100,25,3.38
2,0,46,175,444.68,0.0,0.64,444.04,100,25,3.72
2,0,46,107,444.04,0.0,0.7,443.34,100,25,3.47
2,0,27,328,443.34,0.0,0.36,442.97,100,25,3.65
2,0,35,225,442.97,0.0,0.53,442.45,100,25,3.6
2,0,30,270,442.45,0.0,0.41,442.04,100,25,3.57
2,0,46,269,442.04,0.0,0.6,441.44,100,25,3.89
2,0,49,312,441.44,0.0,0.65,440.79,100,25,3.57
2,0,28,320,440.79,0.0,0.32,440.47,100,25,3.35
2,0,41,179,440.47,0.0,0.48,439.99,100,25,3.37
2,0,30,148,439.99,0.0,0.38,439.61,100,25,3.27
2,0,32,265,439.61,0.0,0.43,439.18,100,25,3.45
2,0,47,117,439.18,0.0,0.59,438.59,100,25,3.27
2,0,31,245,438.59,0.0,0.42,438.17,100,25,2.99
2,0,26,98,438.17,0.0,0.37,437.8,100,25,3.35
2,0,47,253,437.8,0.0,0.68,437.12,100,25,3.41
2,0,41,329,437.12,0.0,0.54,436.58,100,25,3.69
2,0,48,128,436.58,0.0,0.66,435.92,100,25,3.58
2,0,25,317,435.92,0.0,0.32,435.6,100,25,3.54
2,0,38,164,435.6,0.0,0.55,435.05,100,25,3.73
2,0,49,108,435.05,0.0,0.61,434.44,100,25,4.04
2,0,49,132,434.44,0.0,0.68,433.76,100,25,3.96
2,0,45,150,433.76,0.0,0.6,433.15,100,25,3.95
2,0,49,111,433.15,0.0,0.53,432.62,100,25,3.88
2,0,45,291,432.62,0.0,0.59,432.03,100,25,4.05
2,0,42,141,432.03,0.0,0.49,431.55,100,25,3.99
2,0,39,332,431.55,0.0,0.49,431.05,100,25,3.75
2,0,28,234,431.05,0.0,0.37,430.68,100,25,3.61
2,0,43,198,430.68,0.0,0.54,430.14,100,25,3.7
2,0,48,273,430.14,0.0,0.69,429.46,100,25,3.6
2,0,31,101,429.46,0.0,0.43,429.03,100,25,3.6
2,0,48,104,429.03,0.0,0.59,428.44,100,25,3.48
2,0,32,203,428.44,0.0,0.37,428.06,100,25,3.55
2,0,40,166,428.06,0.0,0.56,427.5,100,25,3.78
2,0,39,215,427.5,0.0,0.6,426.9,100,25,3.65
2,0,27,199,426.9,0.0,0.41,426.49,100,25,3.33
2,0,31,325,426.49,0.0,0.37,426.12,100,25,3.47
2,0,39,164,426.12,0.0,0.57,425.55,100,25,3.37
2,0,37,136,425.55,0.0,0.49,425.06,100,25,3.63
2,0,44,264,425.06,0.0,0.63,424.43,100,25,3.4
2,0,26,134,424.43,0.0,0.33,424.1,100,25,3.52
2,0,49,290,424.1,0.0,0.72,423.37,100,25,3.46
2,0,27,258,423.37,0.0,0.35,423.02,100,25,3.66
2,0,40,253,423.02,0.0,0.57,422.45,100,25,3.43
2,0,25,178,422.45,0.0,0.34,422.11,100,25,3.47
2,0,47,253,422.11,0.0,0.53,421.58,100,25,3.49
2,0,49,279,421.58,0.0,0.65,420.93,100,25,3.56
2,0,29,107,420.93,0.0,0.4,420.53,100,25,3.18
2,0,26,162,420.53,0.0,0.34,420.19,100,25,3.32
2,0,40,124,420.19,0.0,0.49,419.7,100,25,3.33
2,0,41,228,419.7,0.0,0.58,419.12,100,25,3.47
2,0,41,227,419.12,0.0,0.48,418.64,100,25,3.31
2,0,27,295,418.64,0.0,0.37,418.27,100,25,3.02
2,0,30,148,418.27,0.0,0.36,417.91,100,25,3.18
2,0,49,203,417.91,0.0,0.56,417.35,100,25,3.28
2,0,37,326,417.35,0.0,0.44,416.91,100,25,3.26
2,0,39,334,416.91,0.0,0.47,416.44,100,25,3.04
2,0,26,115,416.44,0.0,0.36,416.09,100,25,3.07
2,0,37,262,416.09,0.0,0.51,415.58,100,25,3.1
2,0,27,167,415.58,0.0,0.4,415.18,100,25,3.23
2,0,39,214,415.18,0.0,0.49,414.69,100,25,3.18
2,0,41,96,414.69,0.0,0.51,414.18,100,25,3.19
2,0,33,320,414.18,0.0,0.45,413.73,100,25,3.25
2,0,47,300,413.73,0.0,0.53,413.2,100,25,3.38
2,0,34,142,413.2,0.0,0.49,412.71,100,25,3.31
2,0,32,210,412.71,0.0,0.44,412.27,100,25,3.52
2,0,46,218,412.27,0.0,0.61,411.66,100,25,3.41
2,0,30,170,411.66,0.0,0.38,411.28,100,25,3.29
2,0,38,119,411.28,0.0,0.39,410.89,100,25,3.24
2,0,29,354,410.89,0.0,0.4,410.48,100,25,3.14
2,0,33,130,410.48,0.0,0.43,410.05,100,25,3.05
2,0,36,276,410.05,0.0,0.4,409.66,100,25,3.08
2,0,36,308,409.66,0.0,0.47,409.19,100,25,3.05
2,0,48,118,409.19,0.0,0.58,408.6,100,25,3.16
2,0,39,124,408.6,0.0,0.49,408.11,100,25,3.1
2,0,25,176,408.11,0.0,0.33,407.78,100,25,3.17
2,0,35,250,407.78,0.0,0.47,407.31,100,25,3.05
2,0,26,180,407.31,0.0,0.31,407.0,100,25,3.09
2,0,41,146,407.0,0.0,0.44,406.56,100,25,3.12
2,0,35,149,406.56,0.0,0.5,406.06,100,25,3.18
2,0,49,126,406.06,0.0,0.64,405.42,100,25,3.22
2,0,39,147,405.42,0.0,0.53,404.89,100,25,3.47
2,0,44,150,404.89,0.0,0.58,404.31,100,25,3.49
2,0,41,338,404.31,0.0,0.49,403.82,100,25,3.64
2,0,35,98,403.82,0.0,0.46,403.36,100,25,3.79
2,0,50,346,403.36,0.0,0.59,402.77,100,25,3.89
2,0,49,250,402.77,0.0,0.6,402.18,100,25,3.61
2,0,28,108,402.18,0.0,0.36,401.82,100,25,3.57
2,0,38,225,401.82,0.0,0.49,401.33,100,25,3.51
2,0,40,124,401.33,0.0,0.52,400.81,100,25,3.36
2,0,30,98,400.81,0.0,0.34,400.47,100,25,3.42
2,0,44,360,400.47,0.0,0.52,399.95,100,25,3.18
2,0,31,224,399.95,0.0,0.35,399.6,100,25,3.13
2,0,41,227,399.6,0.0,0.55,399.06,100,25,3.34
2,0,43,108,399.06,0.0,0.57,398.48,100,25,3.33
2,0,34,314,398.48,0.0,0.48,398.01,100,25,3.28
2,0,41,245,398.01,0.0,0.47,397.54,100,25,3.43
2,0,39,216,397.54,0.0,0.49,397.05,100,25,3.49
2,0,48,146,397.05,0.0,0.58,396.47,100,25,3.82
2,0,48,259,396.47,0.0,0.68,395.79,100,25,3.9
2,0,47,184,395.79,0.0,0.63,395.16,100,25,3.94
2,0,49,215,395.16,0.0,0.61,394.55,100,25,3.89
2,0,37,349,394.55,0.0,0.43,394.12,100,25,3.87
2,0,34,152,394.12,0.0,0.45,393.67,100,25,3.71
2,0,25,286,393.67,0.0,0.33,393.34,100,25,3.77
2,0,45,128,393.34,142.52,0.64,535.22,100,25,3.59
2,0,35,343,535.22,0.0,0.5,534.71,100,25,3.32
2,0,26,209,534.71,0.0,0.36,534.36,100,25,3.17
2,0,33,182,534.36,0.0,0.46,533.89,100,25,3.36
2,0,46,232,533.89,0.0,0.62,533.28,100,25,3.42
2,0,40,265,533.28,0.0,0.51,532.77,100,25,3.7
2,0,42,207,532.77,0.0,0.61,532.16,100,25,3.61
2,0,41,359,532.16,0.0,0.55,531.6,100,25,3.79
2,0,48,244,531.6,0.0,0.68,530.93,100,25,4.14
2,0,49,327,530.93,0.0,0.71,530.21,100,25,4.14
2,0,35,305,530.21,0.0,0.46,529.75,100,25,4.1
2,0,40,172,529.75,0.0,0.58,529.18,100,25,4.23
2,0,50,111,529.18,0.0,0.64,528.53,100,25,4.24
2,0,49,339,528.53,0.0,0.62,527.91,100,25,4.15
2,0,30,184,527.91,0.0,0.46,527.45,100,25,3.84
2,0,29,248,527.45,0.0,0.37,527.08,100,25,3.81
2,0,46,297,527.08,0.0,0.68,526.4,100,25,3.72
2,0,28,309,526.4,0.0,0.37,526.03,100,25,3.61
2,0,33,253,526.03,0.0,0.47,525.56,100,25,3.29
2,0,25,225,525.56,0.0,0.32,525.24,100,25,3.26
2,0,40,236,525.24,0.0,0.59,524.66,100,25,3.51
2,0,49,155,524.66,0.0,0.71,523.95,100,25,3.76
2,0,46,145,523.95,0.0,0.62,523.33,100,25,3.4
2,0,25,184,523.33,0.0,0.32,523.01,100,25,3.56
2,0,37,189,523.01,0.0,0.53,522.49,100,25,3.61
2,0,38,234,522.49,0.0,0.52,521.97,100,25,3.73
2,0,30,116,521.97,0.0,0.44,521.52,100,25,3.5
2,0,26,243,521.52,0.0,0.36,521.17,100,25,3.35
2,0,40,268,521.17,0.0,0.56,520.6,100,25,3.38
2,0,50,219,520.6,0.0,0.65,519.96,100,25,3.44
2,0,33,160,519.96,0.0,0.38,519.58,100,25,3.62
2,0,49,133,519.58,0.0,0.71,518.87,100,25,3.82
2,0,49,186,518.87,0.0,0.72,518.14,100,25,3.88
2,0,37,173,518.14,0.0,0.5,517.65,100,25,4.23
2,0,50,179,517.65,0.0,0.71,516.94,100,25,4.05
2,0,31,194,516.94,0.0,0.38,516.56,100,25,3.81
2,0,27,329,516.56,0.0,0.41,516.15,100,25,3.85
2,0,33,349,516.15,0.0,0.42,515.73,100,25,3.58
2,0,31,357,515.73,0.0,0.44,515.28,100,25,3.51
2,0,45,222,515.28,0.0,0.65,514.64,100,25,3.36
2,0,27,174,514.64,0.0,0.35,514.29,100,25,3.13
2,0,33,119,514.29,0.0,0.48,513.81,100,25,3.3
2,0,40,267,513.81,0.0,0.55,513.27,100,25,3.42
2,0,37,264,513.27,0.0,0.53,512.73,100,25,3.68
2,0,46,315,512.73,0.0,0.68,512.05,100,25,3.68
2,0,30,325,512.05,0.0,0.44,511.62,100,25,3.79
2,0,50,92,511.62,0.0,0.76,510.86,100,25,3.94
2,0,37,328,510.86,0.0,0.5,510.36,100,25,3.85
2,0,31,287,510.36,0.0,0.39,509.97,100,25,3.8
2,0,36,122,509.97,0.0,0.5,509.47,100,25,3.79
2,0,36,347,509.47,0.0,0.52,508.95,100,25,3.7
2,0,40,357,508.95,0.0,0.59,508.36,100,25,3.9
2,0,44,296,508.36,0.0,0.64,507.72,100,25,3.64
2,0,35,359,507.72,0.0,0.5,507.22,100,25,3.79
2,0,45,353,507.22,0.0,0.65,506.57,100,25,3.89
2,0,35,214,506.57,0.0,0.49,506.07,100,25,3.73
2,0,25,256,506.07,0.0,0.34,505.73,100,25,3.8
2,0,42,327,505.73,0.0,0.59,505.14,100,25,3.8
6,0,34,247,4179.06,0.0,7.66,4171.39,2000,45,64.09
6,0,44,241,4171.39,0.0,10.29,4161.11,2000,45,62.41
6,0,41,151,4161.11,0.0,10.37,4150.74,2000,45,61.66
6,0,28,159,4150.74,0.0,6.8,4143.94,2000,45,58.11
6,0,28,179,4143.94,0.0,7.4,4136.54,2000,45,58.97
6,0,28,123,4136.54,0.0,7.31,4129.23,2000,45,62.31
6,0,50,140,4129.23,0.0,12.48,4116.75,2000,45,63.37
6,0,44,114,4116.75,0.0,8.72,4108.03,2000,45,61.87
6,0,37,348,4108.03,0.0,8.79,4099.24,2000,45,58.36
6,0,32,193,4099.24,0.0,6.86,4092.38,2000,45,62.16
6,0,50,230,4092.38,0.0,10.6,4081.79,2000,45,66.8
6,0,46,152,4081.79,0.0,12.04,4069.75,2000,45,66.76
6,0,35,254,4069.75,0.0,7.27,4062.48,2000,45,65.29
6,0,49,165,4062.48,0.0,11.01,4051.47,2000,45,64.78
6,0,36,191,4051.47,0.0,8.21,4043.26,2000,45,64.57
6,0,37,299,4043.26,0.0,8.58,4034.68,2000,45,68.2
6,0,43,196,4034.68,0.0,10.49,4024.19,2000,45,64.64
6,0,30,305,4024.19,0.0,7.04,4017.15,2000,45,62.9
6,0,48,299,4017.15,0.0,10.3,4006.85,2000,45,64.78
6,0,38,139,4006.85,0.0,9.15,3997.69,2000,45,62.87
6,0,37,205,3997.69,0.0,9.1,3988.59,2000,45,66.61
6,0,46,296,3988.59,0.0,11.95,3976.64,2000,45,69.21
6,0,48,253,3976.64,0.0,11.18,3965.47,2000,45,65.9
6,0,30,240,3965.47,0.0,7.18,3958.29,2000,45,67.83
6,0,33,218,3958.29,0.0,8.97,3949.32,2000,45,63.2
6,0,27,225,3949.32,0.0,5.67,3943.65,2000,45,63.88
6,0,36,315,3943.65,0.0,9.83,3933.82,2000,45,61.82
6,0,32,239,3933.82,0.0,7.04,3926.78,2000,45,60.57
6,0,37,247,3926.78,0.0,10.7,3916.08,2000,45,57.09
6,0,33,188,3916.08,0.0,7.7,3908.37,2000,45,58.08
6,0,33,310,3908.37,0.0,8.17,3900.21,2000,45,61.22
6,0,42,138,3900.21,0.0,12.11,3888.1,2000,45,67.39
6,0,46,239,3888.1,0.0,11.84,3876.25,2000,45,66.14
6,0,30,300,3876.25,0.0,8.58,3867.67,2000,45,69.12
6,0,39,287,3867.67,0.0,10.02,3857.65,2000,45,66.39
6,0,35,237,3857.65,0.0,7.97,3849.68,2000,45,68.98
6,0,44,303,3849.68,0.0,10.29,3839.39,2000,45,67.84
6,0,30,335,3839.39,0.0,7.03,3832.36,2000,45,65.73
6,0,40,155,3832.36,0.0,10.0,3822.36,2000,45,60.43
6,0,25,178,3822.36,0.0,6.54,3815.82,2000,45,57.57
6,0,26,346,3815.82,0.0,5.72,3810.1,2000,45,57.0
6,0,37,179,3810.1,0.0,9.45,3800.65,2000,45,56.21
6,0,27,162,3800.65,0.0,7.18,3793.47,2000,45,54.59
6,0,39,334,3793.47,0.0,8.67,3784.8,2000,45,58.06
6,0,46,236,3784.8,0.0,10.5,3774.3,2000,45,59.82
6,0,46,260,3774.3,0.0,11.76,3762.54,2000,45,59.07
6,0,25,322,3762.54,0.0,5.79,3756.75,2000,45,62.52
6,0,48,264,3756.75,0.0,9.17,3747.58,2000,45,59.7
6,0,27,102,3747.58,0.0,6.63,3740.95,2000,45,63.2
6,0,48,134,3740.95,0.0,10.68,3730.28,2000,45,61.01
6,0,30,151,3730.28,0.0,6.48,3723.8,2000,45,58.44
6,0,34,341,3723.8,0.0,7.93,3715.87,2000,45,52.77
6,0,31,243,3715.87,0.0,6.09,3709.78,2000,45,56.73
6,0,38,274,3709.78,0.0,9.75,3700.03,2000,45,57.85
6,0,41,165,3700.03,0.0,10.29,3689.74,2000,45,58.84
6,0,30,186,3689.74,0.0,7.62,3682.13,2000,45,58.68
6,0,39,223,3682.13,0.0,10.52,3671.61,2000,45,64.37
6,0,47,200,3671.61,0.0,12.17,3659.44,2000,45,68.69
6,0,46,228,3659.44,0.0,12.25,3647.2,2000,45,74.16
6,0,46,328,3647.2,0.0,11.56,3635.63,2000,45,77.95
6,0,50,96,3635.63,0.0,13.54,3622.1,2000,45,74.59
6,0,32,148,3622.1,0.0,6.93,3615.17,2000,45,74.15
6,0,26,183,3615.17,0.0,7.18,3607.99,2000,45,70.3
6,0,26,353,3607.99,0.0,6.67,3601.32,2000,45,64.72
6,0,28,335,3601.32,0.0,6.59,3594.74,2000,45,65.27
6,0,50,298,3594.74,0.0,12.8,3581.94,2000,45,65.14
6,0,50,175,3581.94,1348.49,11.43,4918.99,2000,45,59.59
6,0,32,318,4918.99,0.0,7.99,4911.0,2000,45,60.76
6,0,32,353,4911.0,0.0,8.1,4902.89,2000,45,64.39
6,0,42,191,4902.89,0.0,10.81,4892.09,2000,45,67.02
6,0,34,162,4892.09,0.0,9.3,4882.79,2000,45,72.03
6,0,48,326,4882.79,0.0,11.6,4871.19,2000,45,68.91
6,0,37,330,4871.19,0.0,9.68,4861.51,2000,45,65.32
6,0,32,360,4861.51,0.0,7.84,4853.67,2000,45,66.51
6,0,34,92,4853.67,0.0,9.18,4844.49,2000,45,67.23
6,0,32,101,4844.49,0.0,8.82,4835.67,2000,45,64.7
6,0,30,159,4835.67,0.0,8.28,4827.39,2000,45,63.17
6,0,32,314,4827.39,0.0,7.77,4819.61,2000,45,58.64
6,0,29,238,4819.61,2424.27,7.07,7236.82,2000,45,56.88
6,0,27,277,7236.82,0.0,7.92,7228.9,2000,45,55.26
6,0,29,135,7228.9,0.0,6.22,7222.68,2000,45,53.08
6,0,28,221,7222.68,0.0,7.0,7215.68,2000,45,56.45
6,0,44,261,7215.68,0.0,12.19,7203.5,2000,45,57.28
6,0,43,174,7203.5,0.0,9.11,7194.38,2000,45,56.87
6,0,29,114,7194.38,0.0,7.36,7187.02,2000,45,60.15
6,0,45,321,7187.02,0.0,10.35,7176.67,2000,45,63.39
6,0,48,326,7176.67,0.0,11.16,7165.52,2000,45,63.77
6,0,28,198,7165.52,0.0,6.6,7158.92,2000,45,63.95
6,0,28,104,7158.92,0.0,7.18,7151.73,2000,45,64.5
6,0,46,326,7151.73,0.0,12.74,7138.99,2000,45,66.26
6,0,47,281,7138.99,0.0,10.87,7128.12,2000,45,67.66
6,0,34,194,7128.12,0.0,8.76,7119.36,2000,45,67.98
6,0,46,301,7119.36,0.0,10.67,7108.69,2000,45,62.95
6,0,30,134,7108.69,0.0,6.13,7102.56,2000,45,65.34
6,0,38,276,7102.56,0.0,8.99,7093.58,2000,45,70.78
6,0,47,108,7093.58,0.0,12.62,7080.96,2000,45,67.56
6,0,36,138,7080.96,0.0,9.52,7071.44,2000,45,68.91
6,0,49,356,7071.44,0.0,12.22,7059.22,2000,45,69.41
6,0,31,109,7059.22,0.0,9.26,7049.96,2000,45,65.87
6,0,28,250,7049.96,0.0,7.13,7042.83,2000,45,66.43
6,0,27,344,7042.83,0.0,6.69,7036.14,2000,45,65.7
6,0,34,93,7036.14,0.0,8.26,7027.88,2000,45,63.26
6,0,39,116,7027.88,0.0,10.18,7017.7,2000,45,65.61
6,0,45,138,7017.7,0.0,11.87,7005.83,2000,45,64.63
6,0,44,106,7005.83,0.0,11.24,6994.59,2000,45,62.67
6,0,29,309,6994.59,2527.71,7.3,9515.01,2000,45,63.29
6,0,34,308,9515.01,0.0,7.75,9507.26,2000,45,63.96
6,0,31,234,9507.26,0.0,7.36,9499.9,2000,45,66.74
6,0,40,236,9499.9,0.0,11.04,9488.85,2000,45,67.01
6,0,35,238,9488.85,0.0,10.45,9478.4,2000,45,61.47
6,0,25,176,9478.4,0.0,6.33,9472.07,2000,45,57.69
6,0,27,293,9472.07,0.0,7.46,9464.62,2000,45,57.53
6,0,29,171,9464.62,0.0,7.14,9457.47,2000,45,59.55
6,0,42,293,9457.47,0.0,9.77,9447.7,2000,45,60.37
6,0,32,187,9447.7,0.0,8.18,9439.52,2000,45,58.04
6,0,36,188,9439.52,0.0,8.71,9430.81,2000,45,60.65
6,0,48,304,9430.81,0.0,13.06,9417.75,2000,45,62.62
6,0,36,137,9417.75,0.0,8.3,9409.45,2000,45,65.19
6,0,43,270,9409.45,0.0,10.03,9399.42,2000,45,65.16
6,0,38,271,9399.42,0.0,7.11,9392.31,2000,45,63.72
6,0,38,207,9392.31,0.0,8.33,9383.98,2000,45,64.54
6,0,36,245,9383.98,0.0,9.0,9374.98,2000,45,66.77
6,0,43,128,9374.98,0.0,10.94,9364.04,2000,45,64.94
6,0,44,331,9364.04,0.0,11.23,9352.81,2000,45,65.98
6,0,36,269,9352.81,0.0,9.34,9343.47,2000,45,66.17
6,0,46,141,9343.47,0.0,10.22,9333.25,2000,45,67.63
6,0,29,226,9333.25,0.0,8.57,9324.68,2000,45,66.97
6,0,31,266,9324.68,0.0,7.67,9317.02,2000,45,70.76
6,0,49,192,9317.02,0.0,12.79,9304.23,2000,45,69.64
6,0,43,155,9304.23,0.0,9.82,9294.41,2000,45,63.99
6,0,25,125,9294.41,0.0,5.58,9288.83,2000,45,64.39
6,0,38,292,9288.83,0.0,9.74,9279.09,2000,45,63.06
6,0,40,126,9279.09,0.0,8.89,9270.2,2000,45,61.54
6,0,28,297,9270.2,0.0,7.05,9263.15,2000,45,62.15
6,0,35,163,9263.15,0.0,8.28,9254.87,2000,45,54.73
6,0,25,221,9254.87,0.0,5.37,9249.5,2000,45,52.25
6,0,30,195,9249.5,0.0,7.34,9242.16,2000,45,59.17
6,0,49,141,9242.16,0.0,12.5,9229.66,2000,45,57.57
6,0,34,237,9229.66,0.0,8.14,9221.53,2000,45,54.93
6,0,25,192,9221.53,1402.8,6.25,10618.08,2000,45,55.94
6,0,31,331,10618.08,0.0,8.06,10610.01,2000,45,59.98
6,0,48,115,10610.01,0.0,12.32,10597.69,2000,45,62.24
6,0,37,179,10597.69,0.0,7.63,10590.06,2000,45,60.32
6,0,25,154,10590.06,0.0,5.42,10584.64,2000,45,57.12
6,0,38,121,10584.64,0.0,9.3,10575.34,2000,45,57.12
6,0,40,100,10575.34,0.0,8.14,10567.2,2000,45,56.92
6,0,27,156,10567.2,0.0,6.05,10561.16,2000,45,59.29
6,0,43,176,10561.16,0.0,10.43,10550.72,2000,45,55.25
6,0,35,174,10550.72,0.0,8.28,10542.44,2000,45,57.84
6,0,41,97,10542.44,0.0,10.22,10532.22,2000,45,64.79
6,0,47,183,10532.22,0.0,12.37,10519.85,2000,45,65.53
6,0,42,309,10519.85,0.0,10.04,10509.81,2000,45,66.51
6,0,36,145,10509.81,0.0,9.12,10500.7,2000,45,69.09
6,0,37,342,10500.7,0.0,8.63,10492.07,2000,45,67.5
6,0,41,295,10492.07,0.0,8.84,10483.23,2000,45,68.82
6,0,40,296,10483.23,0.0,9.6,10473.62,2000,45,65.77
6,0,30,296,10473.62,0.0,7.17,10466.46,2000,45,60.81
6,0,32,121,10466.46,0.0,7.41,10459.05,2000,45,58.04
6,0,32,160,10459.05,0.0,7.27,10451.78,2000,45,55.89
6,0,33,203,10451.78,0.0,6.97,10444.81,2000,45,55.81
6,0,33,182,10444.81,0.0,8.55,10436.26,2000,45,59.68
6,0,50,99,10436.26,0.0,12.71,10423.55,2000,45,59.88
6,0,39,286,10423.55,0.0,9.8,10413.75,2000,45,63.59
6,0,44,139,10413.75,0.0,10.88,10402.87,2000,45,64.44
6,0,35,106,10402.87,0.0,8.26,10394.61,2000,45,66.06
6,0,36,266,10394.61,0.0,8.89,10385.72,2000,45,66.68
6,0,32,121,10385.72,0.0,7.59,10378.13,2000,45,68.58
6,0,45,118,10378.13,0.0,10.45,10367.68,2000,45,62.44
6,0,31,232,10367.68,0.0,6.57,10361.12,2000,45,57.73
6,0,26,284,10361.12,0.0,5.09,10356.03,2000,45,53.59
6,0,26,185,10356.03,0.0,6.74,10349.29,2000,45,57.66
6,0,50,355,10349.29,0.0,12.33,10336.95,2000,45,58.46
6,0,45,314,10336.95,0.0,9.69,10327.27,2000,45,61.36
6,0,46,101,10327.27,0.0,10.49,10316.78,2000,45,59.91
6,0,39,96,10316.78,0.0,9.0,10307.77,2000,45,64.21
6,0,46,135,10307.77,0.0,10.87,10296.9,2000,45,71.58
6,0,50,139,10296.9,0.0,12.46,10284.45,2000,45,72.47
6,0,29,157,10284.45,0.0,7.63,10276.82,2000,45,70.14
6,0,42,168,10276.82,0.0,10.0,10266.82,2000,45,71.12
6,0,50,123,10266.82,0.0,10.67,10256.15,2000,45,73.43
6,0,47,239,10256.15,0.0,12.8,10243.35,2000,45,72.23
6,0,34,110,10243.35,0.0,7.8,10235.56,2000,45,72.82
6,0,49,215,10235.56,0.0,11.46,10224.09,2000,45,69.84
6,0,45,325,10224.09,0.0,9.48,10214.61,2000,45,68.98
6,0,30,329,10214.61,0.0,6.77,10207.84,2000,45,66.77
6,0,39,201,10207.84,0.0,7.79,10200.05,2000,45,62.87
6,0,28,138,10200.05,0.0,6.77,10193.28,2000,45,57.23
6,0,31,146,10193.28,0.0,7.16,10186.11,2000,45,57.06
6,0,34,252,10186.11,0.0,7.63,10178.49,2000,45,56.68
6,0,43,253,10178.49,0.0,11.08,10167.4,2000,45,55.98
6,0,48,129,10167.4,0.0,8.78,10158.62,2000,45,56.25
6,0,32,291,10158.62,0.0,7.04,10151.58,2000,45,59.66
6,0,48,330,10151.58,0.0,11.2,10140.39,2000,45,59.86
6,0,30,107,10140.39,0.0,6.97,10133.42,2000,45,62.14
6,0,44,198,10133.42,0.0,9.44,10123.97,2000,45,60.52
6,0,26,145,10123.97,0.0,6.01,10117.96,2000,45,55.3
6,0,25,283,10117.96,0.0,5.86,10112.1,2000,45,57.08
6,0,49,134,10112.1,0.0,10.56,10101.53,2000,45,55.5
6,0,27,264,10101.53,0.0,5.46,10096.07,2000,45,55.33
6,0,50,309,10096.07,0.0,11.03,10085.04,2000,45,58.07
6,0,40,113,10085.04,0.0,9.71,10075.34,2000,45,55.78
6,0,31,299,10075.34,0.0,7.15,10068.18,2000,45,58.28
6,0,43,128,10068.18,0.0,8.51,10059.67,2000,45,56.95
6,0,25,197,10059.67,0.0,4.53,10055.14,2000,45,52.48
6,0,29,244,10055.14,0.0,6.09,10049.05,2000,45,54.2
6,0,30,211,10049.05,0.0,7.18,10041.87,2000,45,48.82
6,0,27,103,10041.87,0.0,5.65,10036.21,2000,45,48.64
6,0,42,349,10036.21,0.0,9.53,10026.68,2000,45,51.13
6,0,49,170,10026.68,0.0,9.64,10017.04,2000,45,49.17
6,0,30,262,10017.04,0.0,6.55,10010.49,2000,45,53.18
6,0,45,132,10010.49,0.0,8.54,10001.95,2000,45,56.79
6,0,40,301,10001.95,0.0,9.7,9992.25,2000,45,56.81
6,0,34,337,9992.25,0.0,7.2,9985.05,2000,45,58.29
6,0,38,339,9985.05,0.0,7.13,9977.93,2000,45,55.92
6,0,30,243,9977.93,0.0,7.16,9970.77,2000,45,57.48
6,0,47,292,9970.77,0.0,11.2,9959.57,2000,45,60.82
6,0,49,299,9959.57,0.0,9.89,9949.67,2000,45,60.6
6,0,36,325,9949.67,0.0,8.32,9941.36,2000,45,62.39
6,0,50,267,9941.36,0.0,11.49,9929.86,2000,45,63.17
6,0,34,238,9929.86,0.0,7.98,9921.88,2000,45,66.49
6,0,48,234,9921.88,0.0,10.45,9911.43,2000,45,67.37
6,0,39,246,9911.43,0.0,8.04,9903.4,2000,45,64.54
6,0,39,331,9903.4,0.0,8.37,9895.03,2000,45,63.04
6,0,42,158,9895.03,0.0,8.39,9886.64,2000,45,62.04
6,0,38,255,9886.64,0.0,7.32,9879.32,2000,45,55.77
6,0,33,226,9879.32,0.0,5.22,9874.1,2000,45,57.61
6,0,46,105,9874.1,0.0,9.82,9864.28,2000,45,52.81
6,0,26,184,9864.28,0.0,5.65,9858.63,2000,45,53.47
6,0,46,126,9858.63,0.0,8.7,9849.93,2000,45,55.23
6,0,50,246,9849.93,0.0,10.13,9839.79,2000,45,53.24
6,0,28,275,9839.79,0.0,6.4,9833.39,2000,45,54.29
6,0,39,141,9833.39,0.0,8.37,9825.02,2000,45,57.41
6,0,40,336,9825.02,0.0,8.34,9816.68,2000,45,55.85
6,0,42,103,9816.68,0.0,8.26,9808.42,2000,45,57.72
6,0,35,251,9808.42,0.0,7.52,9800.9,2000,45,57.61
6,0,40,330,9800.9,0.0,8.59,9792.31,2000,45,56.32
6,0,42,242,9792.31,0.0,8.84,9783.46,2000,45,57.33
6,0,45,177,9783.46,0.0,7.41,9776.06,2000,45,53.98
6,0,25,214,9776.06,0.0,5.02,9771.04,2000,45,54.71
6,0,39,102,9771.04,0.0,9.07,9761.97,2000,45,56.97
6,0,47,283,9761.97,0.0,10.52,9751.45,2000,45,57.71
6,0,41,208,9751.45,0.0,8.26,9743.19,2000,45,56.34
6,0,31,188,9743.19,0.0,7.22,9735.97,2000,45,56.7
6,0,50,144,9735.97,0.0,9.2,9726.78,2000,45,57.04
6,0,40,298,9726.78,0.0,7.75,9719.03,2000,45,57.39
6,0,26,232,9719.03,0.0,5.37,9713.65,2000,45,58.27
6,0,46,204,9713.65,0.0,9.95,9703.7,2000,45,52.94
6,0,26,210,9703.7,0.0,5.19,9698.51,2000,45,51.73
6,0,34,254,9698.51,0.0,7.05,9691.46,2000,45,54.21
6,0,47,242,9691.46,0.0,9.7,9681.76,2000,45,50.65
6,0,29,338,9681.76,0.0,5.64,9676.12,2000,45,48.16
6,0,26,127,9676.12,0.0,5.26,9670.87,2000,45,53.03
6,0,44,116,9670.87,0.0,10.24,9660.63,2000,45,49.06
6,0,31,214,9660.63,0.0,5.98,9654.65,2000,45,51.96
6,0,42,132,9654.65,0.0,8.09,9646.56,2000,45,50.28
6,0,28,234,9646.56,0.0,5.37,9641.2,2000,45,47.03
6,0,31,186,9641.2,0.0,6.45,9634.74,2000,45,47.34
6,0,36,119,9634.74,0.0,5.95,9628.8,2000,45,50.08
6,0,34,319,9628.8,0.0,8.0,9620.8,2000,45,47.13
6,0,34,309,9620.8,0.0,7.29,9613.51,2000,45,46.32
6,0,25,346,9613.51,0.0,5.17,9608.34,2000,45,43.01
6,0,27,115,9608.34,0.0,4.78,9603.56,2000,45,46.49
6,0,43,288,9603.56,0.0,8.85,9594.71,2000,45,48.63
6,0,45,275,9594.71,0.0,8.59,9586.12,2000,45,53.44
6,0,49,130,9586.12,0.0,10.76,9575.36,2000,45,51.65
6,0,32,199,9575.36,0.0,6.21,9569.15,2000,45,49.4
6,0,28,302,9569.15,0.0,5.04,9564.11,2000,45,53.13
6,0,42,117,9564.11,0.0,8.9,9555.21,2000,45,57.01
6,0,45,327,9555.21,0.0,8.66,9546.55,2000,45,53.58
6,0,30,208,9546.55,0.0,5.42,9541.13,2000,45,50.08
6,0,26,199,9541.13,0.0,5.09,9536.04,2000,45,49.0
6,0,43,135,9536.04,0.0,9.68,9526.36,2000,45,49.02
6,0,34,140,9526.36,0.0,6.23,9520.13,2000,45,51.23
6,0,33,118,9520.13,0.0,7.25,9512.87,2000,45,48.93
6,0,35,286,9512.87,0.0,6.6,9506.27,2000,45,46.98
6,0,35,187,9506.27,0.0,6.71,9499.56,2000,45,47.04
6,0,27,114,9499.56,0.0,5.48,9494.08,2000,45,49.56
6,0,33,257,9494.08,0.0,7.61,9486.47,2000,45,47.26
6,0,36,310,9486.47,0.0,7.38,9479.09,2000,45,47.81
6,0,31,139,9479.09,0.0,6.78,9472.31,2000,45,49.52
6,0,42,186,9472.31,0.0,8.96,9463.36,2000,45,51.58
6,0,41,139,9463.36,2610.95,8.66,12065.64,2000,45,51.06
6,0,34,260,12065.64,0.0,6.19,12059.45,2000,45,54.66
6,0,43,323,12059.45,0.0,9.08,12050.36,2000,45,53.89
6,0,30,322,12050.36,1003.45,6.84,13046.98,2000,45,54.2
6,0,37,288,13046.98,0.0,7.69,13039.28,2000,45,57.74
6,0,46,291,13039.28,0.0,10.32,13028.96,2000,45,58.26
6,0,43,290,13028.96,0.0,9.48,13019.49,2000,45,58.31
6,0,38,152,13019.49,0.0,8.71,13010.77,2000,45,57.64
6,0,26,222,13010.77,0.0,5.52,13005.25,2000,45,57.52
6,0,40,233,13005.25,0.0,8.96,12996.29,2000,45,61.67
6,0,48,156,12996.29,0.0,10.99,12985.29,2000,45,62.27
6,0,42,182,12985.29,0.0,8.29,12977.0,2000,45,62.71
6,0,50,102,12977.0,0.0,10.76,12966.25,2000,45,58.79
6,0,27,222,12966.25,0.0,5.56,12960.68,2000,45,56.95
6,0,33,326,12960.68,0.0,6.87,12953.81,2000,45,59.49
6,0,35,286,12953.81,0.0,8.06,12945.75,2000,45,59.21
6,0,44,164,12945.75,0.0,8.68,12937.07,2000,45,55.3
6,0,34,209,12937.07,0.0,7.08,12929.98,2000,45,53.97
6,0,32,167,12929.98,0.0,6.96,12923.02,2000,45,50.04
6,0,37,325,12923.02,0.0,6.83,12916.19,2000,45,51.06
6,0,30,129,12916.19,0.0,6.58,12909.61,2000,45,49.76
6,0,28,123,12909.61,0.0,5.57,12904.04,2000,45,50.8
6,0,50,345,12904.04,0.0,9.1,12894.94,2000,45,51.57
6,0,48,128,12894.94,0.0,9.45,12885.49,2000,45,54.51
6,0,45,231,12885.49,0.0,10.02,12875.47,2000,45,54.09
6,0,39,94,12875.47,0.0,6.54,12868.93,2000,45,56.08
6,0,41,178,12868.93,0.0,8.82,12860.11,2000,45,58.49
6,0,42,321,12860.11,0.0,8.99,12851.12,2000,45,59.46
6,0,32,348,12851.12,0.0,6.54,12844.58,2000,45,60.63
6,0,47,102,12844.58,0.0,10.27,12834.3,2000,45,58.67
6,0,35,207,12834.3,0.0,7.49,12826.81,2000,45,56.82
6,0,39,291,12826.81,0.0,8.17,12818.64,2000,45,56.29
6,0,25,219,12818.64,0.0,6.01,12812.63,2000,45,55.35
6,0,42,138,12812.63,0.0,7.88,12804.75,2000,45,53.97
6,0,36,159,12804.75,0.0,7.61,12797.13,2000,45,53.09
6,0,26,151,12797.13,0.0,5.66,12791.47,2000,45,50.45
6,0,39,245,12791.47,0.0,7.63,12783.84,2000,45,49.44
6,0,30,317,12783.84,0.0,6.48,12777.36,2000,45,52.22
6,0,50,225,12777.36,0.0,10.95,12766.41,2000,45,56.09
6,0,49,355,12766.41,0.0,9.88,12756.54,2000,45,57.19
6,0,41,266,12756.54,0.0,8.98,12747.55,2000,45,56.14
6,0,28,159,12747.55,0.0,6.56,12741.0,2000,45,57.62
6,0,34,136,12741.0,0.0,7.14,12733.86,2000,45,62.0
6,0,48,314,12733.86,0.0,12.01,12721.85,2000,45,61.08
6,0,27,353,12721.85,0.0,5.56,12716.29,2000,45,56.06
6,0,31,159,12716.29,0.0,5.93,12710.36,2000,45,51.92
6,0,27,158,12710.36,0.0,5.74,12704.62,2000,45,53.23
6,0,46,157,12704.62,0.0,10.29,12694.33,2000,45,51.75
6,0,26,101,12694.33,0.0,5.08,12689.25,2000,45,52.89
6,0,34,259,12689.25,0.0,8.28,12680.96,2000,45,48.72
6,0,44,99,12680.96,0.0,7.84,12673.12,2000,45,54.31
6,0,50,317,12673.12,0.0,11.15,12661.97,2000,45,60.02
6,0,46,265,12661.97,0.0,11.64,12650.32,2000,45,64.8
6,0,46,170,12650.32,0.0,10.52,12639.81,2000,45,62.95
6,0,39,207,12639.81,0.0,8.44,12631.37,2000,45,65.21
6,0,31,285,12631.37,0.0,7.34,12624.02,2000,45,63.33
6,0,43,148,12624.02,0.0,6.4,12617.62,2000,45,61.69
6,0,27,233,12617.62,0.0,6.2,12611.42,2000,45,59.07
6,0,41,145,12611.42,0.0,8.53,12602.89,2000,45,57.34
6,0,45,288,12602.89,0.0,9.91,12592.98,2000,45,52.82
6,0,27,128,12592.98,0.0,6.0,12586.98,2000,45,50.19
6,0,25,151,12586.98,0.0,5.81,12581.17,2000,45,51.42
6,0,38,314,12581.17,0.0,8.57,12572.6,2000,45,53.54
6,0,35,162,12572.6,0.0,8.52,12564.08,2000,45,53.73
6,0,29,244,12564.08,0.0,6.39,12557.69,2000,45,55.17
6,0,43,348,12557.69,0.0,9.97,12547.72,2000,45,55.42
6,0,42,240,12547.72,0.0,10.16,12537.56,2000,45,56.26
6,0,31,133,12537.56,0.0,6.84,12530.73,2000,45,56.73
6,0,30,311,12530.73,0.0,6.28,12524.45,2000,45,58.41
6,0,49,115,12524.45,0.0,10.25,12514.2,2000,45,58.34
6,0,34,242,12514.2,0.0,8.45,12505.75,2000,45,63.52
6,0,50,274,12505.75,0.0,11.57,12494.18,2000,45,60.93
6,0,31,223,12494.18,0.0,7.38,12486.8,2000,45,58.7
6,0,32,170,12486.8,0.0,7.93,12478.87,2000,45,62.72
6,0,45,251,12478.87,0.0,10.86,12468.02,2000,45,62.75
6,0,27,193,12468.02,0.0,6.31,12461.7,2000,45,58.84
6,0,29,270,12461.7,0.0,6.34,12455.36,2000,45,59.57
6,0,34,91,12455.36,0.0,9.18,12446.18,2000,45,58.78
6,0,48,105,12446.18,0.0,10.78,12435.4,2000,45,59.63
6,0,34,140,12435.4,0.0,8.23,12427.16,2000,45,58.82
6,0,30,285,12427.16,0.0,7.12,12420.04,2000,45,55.88
6,0,35,197,12420.04,0.0,7.92,12412.12,2000,45,56.73
6,0,33,149,12412.12,0.0,7.16,12404.96,2000,45,61.99
6,0,45,254,12404.96,0.0,11.6,12393.36,2000,45,60.03
6,0,33,267,12393.36,0.0,7.22,12386.14,2000,45,57.18
6,0,36,236,12386.14,0.0,7.93,12378.22,2000,45,55.18
6,0,31,235,12378.22,0.0,6.23,12371.98,2000,45,54.63
6,0,28,343,12371.98,0.0,6.57,12365.41,2000,45,54.23
6,0,31,219,12365.41,0.0,7.52,12357.89,2000,45,54.68
6,0,30,271,12357.89,0.0,7.61,12350.29,2000,45,49.04
6,0,26,270,12350.29,0.0,5.96,12344.33,2000,45,51.98
6,0,44,170,12344.33,0.0,10.16,12334.17,2000,45,51.78
6,0,34,337,12334.17,0.0,7.73,12326.44,2000,45,56.99
6,0,49,130,12326.44,0.0,11.44,12315.01,2000,45,57.77
6,0,31,338,12315.01,0.0,7.35,12307.66,2000,45,57.08
6,0,27,108,12307.66,0.0,6.83,12300.83,2000,45,56.82
6,0,31,219,12300.83,0.0,7.35,12293.49,2000,45,60.08
6,0,42,194,12293.49,0.0,9.22,12284.26,2000,45,61.35
6,0,45,229,12284.26,0.0,11.43,12272.84,2000,45,59.91
6,0,31,304,12272.84,0.0,6.29,12266.55,2000,45,57.48
6,0,33,102,12266.55,0.0,9.01,12257.53,2000,45,60.36
6,0,45,173,12257.53,0.0,10.23,12247.31,2000,45,62.09
6,0,40,206,12247.31,0.0,8.56,12238.75,2000,45,64.91
6,0,40,291,12238.75,0.0,10.17,12228.58,2000,45,65.28
6,0,38,217,12228.58,0.0,9.59,12218.99,2000,45,61.77
6,0,32,196,12218.99,0.0,7.92,12211.07,2000,45,62.32
6,0,26,293,12211.07,0.0,6.84,12204.23,2000,45,63.63
6,0,49,333,12204.23,0.0,10.32,12193.9,2000,45,63.61
6,0,41,311,12193.9,0.0,10.21,12183.69,2000,45,62.14
6,0,33,242,12183.69,0.0,7.09,12176.6,2000,45,63.17
6,0,47,169,12176.6,0.0,11.2,12165.4,2000,45,63.15
6,0,44,188,12165.4,0.0,9.57,12155.83,2000,45,63.64
6,0,36,121,12155.83,0.0,8.41,12147.41,2000,45,63.69
6,0,33,229,12147.41,0.0,6.89,12140.53,2000,45,59.76
6,0,27,117,12140.53,0.0,6.39,12134.13,2000,45,57.92
6,0,46,343,12134.13,0.0,8.37,12125.77,2000,45,60.37
6,0,47,214,12125.77,0.0,9.54,12116.23,2000,45,61.35
6,0,50,155,12116.23,0.0,12.18,12104.05,2000,45,62.74
6,0,48,300,12104.05,0.0,10.96,12093.09,2000,45,62.85
6,0,34,192,12093.09,0.0,8.52,12084.57,2000,45,62.72
6,0,26,285,12084.57,0.0,6.76,12077.81,2000,45,66.22
6,0,43,115,12077.81,0.0,9.89,12067.92,2000,45,65.4
6,0,32,272,12067.92,0.0,7.55,12060.37,2000,45,67.26
6,0,42,167,12060.37,0.0,11.4,12048.97,2000,45,65.89
6,0,44,360,12048.97,0.0,10.81,12038.16,2000,45,63.6
6,0,35,227,12038.16,0.0,8.67,12029.49,2000,45,61.91
6,0,29,284,12029.49,0.0,6.83,12022.66,2000,45,63.3
6,0,31,216,12022.66,0.0,8.15,12014.51,2000,45,66.11
6,0,47,147,12014.51,0.0,12.7,12001.81,2000,45,69.55
6,0,42,240,12001.81,0.0,10.99,11990.82,2000,45,66.35
6,0,38,171,11990.82,0.0,8.2,11982.62,2000,45,62.32
6,0,25,239,11982.62,0.0,6.78,11975.83,2000,45,62.09
6,0,40,195,11975.83,0.0,8.44,11967.4,2000,45,67.76
6,0,50,184,11967.4,0.0,12.5,11954.9,2000,45,67.14
6,0,27,305,11954.9,0.0,7.53,11947.37,2000,45,64.28
6,0,41,98,11947.37,0.0,9.84,11937.53,2000,45,61.26
6,0,30,322,11937.53,2208.65,7.97,14138.21,2000,45,64.69
6,0,46,152,14138.21,0.0,11.63,14126.58,2000,45,69.43
6,0,39,113,14126.58,0.0,11.52,14115.06,2000,45,70.96
6,0,44,146,14115.06,0.0,9.97,14105.09,2000,45,69.44
6,0,47,295,14105.09,0.0,10.98,14094.11,2000,45,68.3
6,0,25,192,14094.11,0.0,6.39,14087.71,2000,45,67.42
6,0,41,149,14087.71,0.0,8.96,14078.75,2000,45,66.69
6,0,30,301,14078.75,0.0,7.24,14071.51,2000,45,62.66
6,0,29,196,14071.51,0.0,7.6,14063.91,2000,45,59.42
6,0,35,317,14063.91,0.0,8.28,14055.63,2000,45,58.03
6,0,37,218,14055.63,0.0,8.58,14047.05,2000,45,58.86
6,0,42,228,14047.05,0.0,11.81,14035.23,2000,45,63.03
6,0,38,238,14035.23,0.0,10.56,14024.67,2000,45,64.1
6,0,40,245,14024.67,0.0,10.03,14014.64,2000,45,67.28
6,0,43,331,14014.64,0.0,10.42,14004.22,2000,45,71.3
6,0,50,233,14004.22,0.0,11.62,13992.6,2000,45,72.03
6,0,36,335,13992.6,0.0,9.01,13983.6,2000,45,74.28
6,0,42,124,13983.6,0.0,10.83,13972.77,2000,45,72.47
6,0,36,204,13972.77,0.0,10.0,13962.76,2000,45,71.19
6,0,39,344,13962.76,0.0,9.28,13953.48,2000,45,71.92
6,0,39,150,13953.48,0.0,10.76,13942.72,2000,45,69.43
6,0,31,133,13942.72,0.0,7.93,13934.79,2000,45,63.45
6,0,25,190,13934.79,0.0,5.64,13929.14,2000,45,63.15
6,0,33,220,13929.14,0.0,8.71,13920.44,2000,45,63.4
6,0,45,348,13920.44,0.0,11.08,13909.35,2000,45,62.87
6,0,40,128,13909.35,0.0,9.47,13899.88,2000,45,62.64
6,0,37,303,13899.88,0.0,9.05,13890.83,2000,45,63.63
6,0,49,220,13890.83,0.0,11.75,13879.08,2000,45,62.72
6,0,30,168,13879.08,0.0,7.02,13872.06,2000,45,69.27
6,0,49,113,13872.06,0.0,12.19,13859.87,2000,45,71.77
6,0,45,198,13859.87,0.0,11.21,13848.66,2000,45,73.88
6,0,49,316,13848.66,0.0,13.19,13835.47,2000,45,70.92
6,0,25,270,13835.47,0.0,6.51,13828.95,2000,45,70.29
6,0,36,156,13828.95,0.0,8.42,13820.54,2000,45,67.02
6,0,40,166,13820.54,0.0,8.48,13812.06,2000,45,69.59
6,0,33,289,13812.06,0.0,9.59,13802.46,2000,45,68.68
6,0,44,147,13802.46,0.0,11.28,13791.18,2000,45,63.97
6,0,31,94,13791.18,0.0,6.5,13784.69,2000,45,59.99
6,0,35,119,13784.69,0.0,9.21,13775.48,2000,45,63.58
6,0,38,209,13775.48,0.0,10.1,13765.37,2000,45,64.68
6,0,40,320,13765.37,0.0,9.52,13755.85,2000,45,68.04
6,0,42,327,13755.85,0.0,11.84,13744.02,2000,45,71.05
6,0,46,285,13744.02,0.0,12.6,13731.42,2000,45,69.61
6,0,40,161,13731.42,0.0,9.84,13721.58,2000,45,71.48
6,0,39,105,13721.58,0.0,8.37,13713.21,2000,45,73.33
6,0,47,105,13713.21,0.0,11.06,13702.16,2000,45,71.7
6,0,39,278,13702.16,0.0,8.47,13693.69,2000,45,70.29
6,0,32,93,13693.69,0.0,8.11,13685.57,2000,45,67.52
6,0,39,349,13685.57,0.0,9.07,13676.5,2000,45,63.42
6,0,31,95,13676.5,0.0,8.5,13668.01,2000,45,66.44
6,0,48,179,13668.01,0.0,12.86,13655.14,2000,45,66.08
6,0,32,181,13655.14,0.0,8.01,13647.13,2000,45,62.06
6,0,33,301,13647.13,0.0,7.04,13640.09,2000,45,64.71
6,0,41,330,13640.09,0.0,11.12,13628.97,2000,45,64.2
6,0,31,126,13628.97,0.0,7.6,13621.37,2000,45,62.47
6,0,29,114,13621.37,0.0,7.34,13614.03,2000,45,66.49
6,0,50,249,13614.03,0.0,12.52,13601.5,2000,45,61.69
6,0,30,279,13601.5,0.0,8.06,13593.45,2000,45,63.86
6,0,41,191,13593.45,0.0,10.18,13583.27,2000,45,65.77
6,0,34,119,13583.27,0.0,8.95,13574.31,2000,45,62.29
6,0,29,156,13574.31,0.0,7.64,13566.67,2000,45,62.91
6,0,33,114,13566.67,0.0,8.22,13558.46,2000,45,62.17
6,0,29,330,13558.46,0.0,6.6,13551.85,2000,45,59.07
6,0,34,116,13551.85,0.0,9.42,13542.43,2000,45,62.18
6,0,42,213,13542.43,0.0,11.17,13531.26,2000,45,58.98
6,0,26,171,13531.26,0.0,6.98,13524.29,2000,45,59.02
6,0,38,212,13524.29,0.0,8.99,13515.3,2000,45,59.32
6,0,30,277,13515.3,0.0,7.94,13507.36,2000,45,58.77
6,0,29,182,13507.36,0.0,7.67,13499.69,2000,45,58.89
6,0,27,354,13499.69,0.0,6.72,13492.97,2000,45,58.55
6,0,33,292,13492.97,0.0,9.08,13483.88,2000,45,55.21
6,0,29,326,13483.88,0.0,7.83,13476.06,2000,45,58.05
6,0,35,329,13476.06,0.0,9.82,13466.24,2000,45,56.8
6,0,39,333,13466.24,0.0,7.74,13458.5,2000,45,54.47
6,0,26,269,13458.5,0.0,5.61,13452.89,2000,45,57.76
6,0,44,166,13452.89,0.0,10.96,13441.92,2000,45,60.66
6,0,40,163,13441.92,0.0,9.62,13432.3,2000,45,59.93
6,0,31,168,13432.3,0.0,8.35,13423.95,2000,45,61.74
6,0,40,115,13423.95,0.0,9.64,13414.32,2000,45,61.0
6,0,36,153,13414.32,0.0,9.08,13405.24,2000,45,62.36
6,0,35,305,13405.24,0.0,9.1,13396.14,2000,45,65.13
6,0,37,148,13396.14,0.0,8.38,13387.76,2000,45,65.8
6,0,50,103,13387.76,0.0,11.63,13376.13,2000,45,66.15
6,0,41,209,13376.13,0.0,9.97,13366.16,2000,45,67.36
6,0,43,169,13366.16,0.0,9.56,13356.59,2000,45,64.28
6,0,31,279,13356.59,0.0,6.56,13350.03,2000,45,63.4
6,0,33,122,13350.03,0.0,8.2,13341.83,2000,45,62.77
6,0,34,214,13341.83,0.0,8.47,13333.36,2000,45,66.59
6,0,50,307,13333.36,0.0,12.2,13321.16,2000,45,62.3
6,0,29,293,13321.16,0.0,7.34,13313.82,2000,45,63.48
6,0,43,347,13313.82,0.0,11.15,13302.67,2000,45,64.31
6,0,48,138,13302.67,0.0,10.39,13292.28,2000,45,66.24
6,0,39,147,13292.28,0.0,8.49,13283.79,2000,45,66.77
6,0,33,214,13283.79,0.0,8.73,13275.06,2000,45,65.72
6,0,30,350,13275.06,0.0,7.42,13267.64,2000,45,60.54
6,0,32,301,13267.64,0.0,7.02,13260.62,2000,45,64.28
6,0,48,319,13260.62,0.0,11.08,13249.54,2000,45,63.24
6,0,44,219,13249.54,0.0,10.11,13239.42,2000,45,59.6
6,0,31,249,13239.42,0.0,6.75,13232.67,2000,45,61.81
6,0,42,178,13232.67,0.0,10.7,13221.98,2000,45,60.23
6,0,35,276,13221.98,0.0,7.15,13214.83,2000,45,63.45
6,0,40,93,13214.83,0.0,10.64,13204.19,2000,45,64.93
6,0,36,293,13204.19,0.0,8.5,13195.69,2000,45,62.18
6,0,33,137,13195.69,0.0,8.33,13187.37,2000,45,61.57
6,0,44,252,13187.37,0.0,9.5,13177.87,2000,45,62.07
6,0,39,180,13177.87,0.0,7.25,13170.62,2000,45,57.42
6,0,26,235,13170.62,0.0,6.05,13164.57,2000,45,55.45
6,0,25,194,13164.57,0.0,5.18,13159.39,2000,45,51.35
6,0,31,160,13159.39,0.0,6.54,13152.85,2000,45,49.04
6,0,27,261,13152.85,0.0,6.19,13146.66,2000,45,51.73
6,0,41,231,13146.66,0.0,11.02,13135.64,2000,45,48.07
6,0,25,256,13135.64,0.0,5.84,13129.79,2000,45,52.16
6,0,47,324,13129.79,0.0,11.34,13118.45,2000,45,52.35
6,0,31,239,13118.45,0.0,6.24,13112.21,2000,45,52.95
6,0,25,316,13112.21,0.0,5.78,13106.42,2000,45,54.5
6,0,36,286,13106.42,0.0,8.09,13098.33,2000,45,56.42
6,0,34,116,13098.33,0.0,8.11,13090.23,2000,45,51.09
6,0,29,249,13090.23,0.0,5.69,13084.53,2000,45,52.04
6,0,37,199,13084.53,0.0,6.79,13077.74,2000,45,47.93
6,0,32,217,13077.74,0.0,7.23,13070.51,2000,45,51.44
6,0,47,148,13070.51,0.0,9.75,13060.76,2000,45,52.38
6,0,29,324,13060.76,0.0,6.72,13054.05,2000,45,54.93
6,0,45,153,13054.05,0.0,10.64,13043.4,2000,45,57.97
6,0,49,220,13043.4,0.0,11.15,13032.25,2000,45,63.53
6,0,43,97,13032.25,0.0,11.25,13021.01,2000,45,63.92
6,0,31,242,13021.01,0.0,7.18,13013.82,2000,45,64.96
6,0,36,132,13013.82,0.0,8.27,13005.56,2000,45,66.0
6,0,48,219,13005.56,0.0,10.79,12994.77,2000,45,71.46
6,0,50,204,12994.77,0.0,12.18,12982.59,2000,45,71.87
6,0,45,274,12982.59,0.0,11.05,12971.54,2000,45,67.1
6,0,27,176,12971.54,0.0,6.38,12965.15,2000,45,66.4
6,0,45,113,12965.15,0.0,10.55,12954.61,2000,45,66.13
6,0,31,346,12954.61,0.0,6.91,12947.69,2000,45,68.88
6,0,46,260,12947.69,0.0,11.02,12936.67,2000,45,64.19
6,0,27,305,12936.67,0.0,6.1,12930.58,2000,45,63.3
6,0,48,193,12930.58,0.0,11.29,12919.29,2000,45,60.01
6,0,34,268,12919.29,0.0,7.76,12911.53,2000,45,61.19
6,0,35,98,12911.53,0.0,7.56,12903.96,2000,45,60.4
6,0,41,281,12903.96,0.0,9.76,12894.21,2000,45,59.97
6,0,28,174,12894.21,0.0,6.48,12887.73,2000,45,58.61
6,0,45,259,12887.73,0.0,9.66,12878.07,2000,45,58.69
6,0,25,117,12878.07,0.0,6.18,12871.89,2000,45,56.25
6,0,39,141,12871.89,0.0,8.85,12863.04,2000,45,57.33
6,0,46,179,12863.04,0.0,8.84,12854.2,2000,45,55.13
6,0,26,244,12854.2,0.0,5.36,12848.84,2000,45,55.45
6,0,46,175,12848.84,0.0,10.08,12838.76,2000,45,59.65
6,0,46,107,12838.76,0.0,10.68,12828.08,2000,45,56.89
6,0,27,328,12828.08,0.0,6.9,12821.18,2000,45,58.5
6,0,35,225,12821.18,0.0,7.79,12813.38,2000,45,57.17
6,0,30,270,12813.38,0.0,7.52,12805.87,2000,45,59.09
6,0,46,269,12805.87,0.0,10.76,12795.1,2000,45,65.3
6,0,49,312,12795.1,0.0,11.57,12783.54,2000,45,60.34
6,0,28,320,12783.54,0.0,5.12,12778.41,2000,45,57.33
6,0,41,179,12778.41,0.0,7.67,12770.74,2000,45,57.89
6,0,30,148,12770.74,0.0,7.46,12763.28,2000,45,56.77
6,0,32,265,12763.28,0.0,6.67,12756.6,2000,45,59.77
6,0,47,117,12756.6,0.0,10.52,12746.09,2000,45,55.13
6,0,31,245,12746.09,0.0,6.12,12739.96,2000,45,49.05
6,0,26,98,12739.96,0.0,5.49,12734.47,2000,45,54.46
6,0,47,253,12734.47,0.0,10.53,12723.94,2000,45,56.33
6,0,41,329,12723.94,0.0,9.54,12714.41,2000,45,58.51
6,0,48,128,12714.41,0.0,9.64,12704.76,2000,45,57.95
6,0,25,317,12704.76,0.0,6.11,12698.66,2000,45,57.12
6,0,38,164,12698.66,0.0,9.69,12688.97,2000,45,61.62
6,0,49,108,12688.97,0.0,10.62,12678.34,2000,45,67.19
6,0,49,132,12678.34,0.0,11.06,12667.28,2000,45,65.83
6,0,45,150,12667.28,0.0,9.17,12658.11,2000,45,67.81
6,0,49,111,12658.11,0.0,11.52,12646.59,2000,45,68.53
6,0,45,291,12646.59,0.0,10.36,12636.23,2000,45,72.06
6,0,42,141,12636.23,0.0,9.64,12626.59,2000,45,71.18
6,0,39,332,12626.59,0.0,8.81,12617.77,2000,45,66.13
6,0,28,234,12617.77,0.0,5.57,12612.2,2000,45,63.32
6,0,43,198,12612.2,0.0,8.25,12603.95,2000,45,63.39
6,0,48,273,12603.95,0.0,9.24,12594.71,2000,45,58.08
6,0,31,101,12594.71,0.0,6.21,12588.51,2000,45,57.78
6,0,48,104,12588.51,0.0,10.06,12578.45,2000,45,54.76
6,0,32,203,12578.45,0.0,6.62,12571.83,2000,45,54.97
6,0,40,166,12571.83,0.0,9.02,12562.81,2000,45,56.24
6,0,39,215,12562.81,0.0,6.84,12555.97,2000,45,53.44
6,0,27,199,12555.97,0.0,5.45,12550.52,2000,45,50.31
6,0,31,325,12550.52,0.0,6.11,12544.41,2000,45,51.66
6,0,39,164,12544.41,0.0,7.56,12536.85,2000,45,50.16
6,0,37,136,12536.85,0.0,8.56,12528.3,2000,45,52.13
6,0,44,264,12528.3,0.0,8.59,12519.71,2000,45,48.38
6,0,26,134,12519.71,0.0,5.27,12514.44,2000,45,52.9
6,0,49,290,12514.44,0.0,11.36,12503.08,2000,45,53.05
6,0,27,258,12503.08,0.0,5.6,12497.48,2000,45,55.19
6,0,40,253,12497.48,0.0,8.25,12489.23,2000,45,52.6
6,0,25,178,12489.23,0.0,4.97,12484.26,2000,45,53.82
6,0,47,253,12484.26,0.0,9.78,12474.48,2000,45,56.07
6,0,49,279,12474.48,0.0,10.84,12463.64,2000,45,56.47
6,0,29,107,12463.64,0.0,5.67,12457.98,2000,45,50.14
6,0,26,162,12457.98,0.0,5.03,12452.94,2000,45,53.52
6,0,40,124,12452.94,0.0,8.98,12443.96,2000,45,53.63
6,0,41,228,12443.96,0.0,8.36,12435.6,2000,45,56.26
6,0,41,227,12435.6,0.0,7.6,12428.0,2000,45,52.09
6,0,27,295,12428.0,0.0,5.61,12422.39,2000,45,47.36
6,0,30,148,12422.39,0.0,6.11,12416.28,2000,45,51.13
6,0,49,203,12416.28,0.0,9.44,12406.84,2000,45,54.69
6,0,37,326,12406.84,0.0,8.59,12398.25,2000,45,53.61
6,0,39,334,12398.25,0.0,7.9,12390.35,2000,45,50.27
6,0,26,115,12390.35,0.0,5.02,12385.33,2000,45,50.98
6,0,37,262,12385.33,0.0,8.31,12377.02,2000,45,50.67
6,0,27,167,12377.02,0.0,5.3,12371.73,2000,45,52.91
6,0,39,214,12371.73,0.0,8.35,12363.38,2000,45,51.23
6,0,41,96,12363.38,0.0,7.76,12355.62,2000,45,50.04
6,0,33,320,12355.62,0.0,7.4,12348.22,2000,45,52.5
6,0,47,300,12348.22,0.0,10.36,12337.86,2000,45,54.59
6,0,34,142,12337.86,0.0,7.11,12330.75,2000,45,51.89
6,0,32,210,12330.75,0.0,5.61,12325.14,2000,45,57.29
6,0,46,218,12325.14,0.0,10.7,12314.44,2000,45,55.54
6,0,30,170,12314.44,0.0,6.6,12307.84,2000,45,56.55
6,0,38,119,12307.84,0.0,8.77,12299.07,2000,45,55.77
6,0,29,354,12299.07,0.0,6.62,12292.45,2000,45,52.34
6,0,33,130,12292.45,0.0,6.93,12285.52,2000,45,52.43
6,0,36,276,12285.52,0.0,7.2,12278.32,2000,45,54.12
6,0,36,308,12278.32,0.0,7.3,12271.02,2000,45,52.81
6,0,48,118,12271.02,0.0,9.39,12261.63,2000,45,53.14
6,0,39,124,12261.63,0.0,6.93,12254.7,2000,45,49.56
6,0,25,176,12254.7,0.0,5.19,12249.51,2000,45,50.21
6,0,35,250,12249.51,0.0,7.27,12242.23,2000,45,48.6
6,0,26,180,12242.23,0.0,5.32,12236.92,2000,45,50.79
6,0,41,146,12236.92,0.0,9.39,12227.53,2000,45,51.16
6,0,35,149,12227.53,0.0,7.67,12219.86,2000,45,52.03
6,0,49,126,12219.86,0.0,10.26,12209.6,2000,45,52.73
6,0,39,147,12209.6,0.0,7.63,12201.97,2000,45,56.2
6,0,44,150,12201.97,0.0,8.66,12193.31,2000,45,56.76
6,0,41,338,12193.31,0.0,7.83,12185.48,2000,45,58.06
6,0,35,98,12185.48,0.0,6.62,12178.86,2000,45,58.82
6,0,50,346,12178.86,0.0,10.15,12168.7,2000,45,60.28
6,0,49,250,12168.7,0.0,9.13,12159.57,2000,45,55.57
6,0,28,108,12159.57,0.0,5.55,12154.02,2000,45,56.61
6,0,38,225,12154.02,0.0,8.67,12145.35,2000,45,56.65
6,0,40,124,12145.35,0.0,8.7,12136.65,2000,45,55.62
6,0,30,98,12136.65,0.0,6.8,12129.84,2000,45,57.79
6,0,44,360,12129.84,0.0,8.79,12121.05,2000,45,54.27
6,0,31,224,12121.05,0.0,6.63,12114.42,2000,45,53.86
6,0,41,227,12114.42,0.0,8.72,12105.7,2000,45,57.67
6,0,43,108,12105.7,0.0,9.36,12096.34,2000,45,55.51
6,0,34,314,12096.34,0.0,6.51,12089.83,2000,45,55.0
6,0,41,245,12089.83,0.0,8.19,12081.64,2000,45,56.54
6,0,39,216,12081.64,0.0,8.34,12073.3,2000,45,58.0
6,0,48,146,12073.3,0.0,10.25,12063.05,2000,45,61.5
6,0,48,259,12063.05,0.0,10.13,12052.92,2000,45,62.56
6,0,47,184,12052.92,0.0,9.78,12043.14,2000,45,63.46
6,0,49,215,12043.14,0.0,10.26,12032.87,2000,45,65.16
6,0,37,349,12032.87,0.0,8.21,12024.66,2000,45,62.97
6,0,34,152,12024.66,0.0,6.0,12018.65,2000,45,60.06
6,0,25,286,12018.65,0.0,5.43,12013.22,2000,45,59.43
6,0,45,128,12013.22,0.0,9.62,12003.6,2000,45,56.38
6,0,35,343,12003.6,0.0,7.08,11996.52,2000,45,51.69
6,0,26,209,11996.52,0.0,5.09,11991.43,2000,45,47.6
6,0,33,182,11991.43,0.0,6.17,11985.26,2000,45,48.51
6,0,46,232,11985.26,0.0,9.12,11976.14,2000,45,52.88
6,0,40,265,11976.14,0.0,10.37,11965.77,2000,45,55.53
6,0,42,207,11965.77,0.0,8.08,11957.68,2000,45,54.82
6,0,41,359,11957.68,0.0,8.91,11948.77,2000,45,58.62
6,0,48,244,11948.77,0.0,10.88,11937.89,2000,45,63.79
6,0,49,327,11937.89,0.0,10.26,11927.63,2000,45,65.12
6,0,35,305,11927.63,0.0,7.5,11920.14,2000,45,64.33
6,0,40,172,11920.14,0.0,8.33,11911.81,2000,45,64.88
6,0,50,111,11911.81,0.0,10.92,11900.89,2000,45,67.07
6,0,49,339,11900.89,0.0,10.27,11890.62,2000,45,64.57
6,0,30,184,11890.62,0.0,6.41,11884.21,2000,45,59.23
6,0,29,248,11884.21,0.0,5.54,11878.67,2000,45,57.82
6,0,46,297,11878.67,0.0,8.85,11869.83,2000,45,56.75
6,0,28,309,11869.83,0.0,6.43,11863.4,2000,45,54.31
6,0,33,253,11863.4,0.0,5.89,11857.5,2000,45,49.07
6,0,25,225,11857.5,0.0,5.68,11851.83,2000,45,47.48
6,0,40,236,11851.83,0.0,8.68,11843.15,2000,45,52.28
6,0,49,155,11843.15,0.0,11.21,11831.93,2000,45,57.02
6,0,46,145,11831.93,0.0,10.28,11821.66,2000,45,53.31
6,0,25,184,11821.66,0.0,5.14,11816.51,2000,45,54.97
6,0,37,189,11816.51,0.0,8.09,11808.42,2000,45,56.71
6,0,38,234,11808.42,0.0,7.63,11800.79,2000,45,58.23
6,0,30,116,11800.79,0.0,7.2,11793.6,2000,45,55.16
6,0,26,243,11793.6,0.0,5.61,11787.98,2000,45,53.23
6,0,40,268,11787.98,0.0,9.28,11778.71,2000,45,54.01
6,0,50,219,11778.71,0.0,11.06,11767.65,2000,45,55.52
6,0,33,160,11767.65,0.0,6.65,11761.0,2000,45,58.26
6,0,49,133,11761.0,0.0,10.83,11750.17,2000,45,62.61
6,0,49,186,11750.17,0.0,11.98,11738.18,2000,45,63.32
6,0,37,173,11738.18,0.0,7.91,11730.28,2000,45,68.12
6,0,50,179,11730.28,0.0,10.41,11719.87,2000,45,66.32
6,0,31,194,11719.87,0.0,7.48,11712.39,2000,45,61.34
6,0,27,329,11712.39,0.0,6.08,11706.31,2000,45,62.48
6,0,33,349,11706.31,0.0,7.79,11698.52,2000,45,58.95
6,0,31,357,11698.52,0.0,7.3,11691.22,2000,45,57.0
6,0,45,222,11691.22,0.0,10.03,11681.19,2000,45,54.92
6,0,27,174,11681.19,0.0,5.83,11675.35,2000,45,51.65
6,0,33,119,11675.35,0.0,7.14,11668.21,2000,45,51.55
6,0,40,267,11668.21,0.0,7.38,11660.84,2000,45,53.13
6,0,37,264,11660.84,0.0,7.66,11653.18,2000,45,54.46
6,0,46,315,11653.18,0.0,9.12,11644.06,2000,45,53.38
6,0,30,325,11644.06,0.0,6.22,11637.84,2000,45,53.37
6,0,50,92,11637.84,0.0,10.02,11627.81,2000,45,55.92
6,0,37,328,11627.81,0.0,8.38,11619.44,2000,45,55.54
6,0,31,287,11619.44,0.0,6.76,11612.68,2000,45,55.53
6,0,36,122,11612.68,0.0,7.37,11605.3,2000,45,55.7
6,0,36,347,11605.3,0.0,7.83,11597.47,2000,45,54.72
6,0,40,357,11597.47,0.0,8.14,11589.33,2000,45,58.82
6,0,44,296,11589.33,0.0,10.32,11579.02,2000,45,57.49
6,0,35,359,11579.02,0.0,8.69,11570.33,2000,45,60.74
6,0,45,353,11570.33,0.0,11.63,11558.71,2000,45,63.23
6,0,35,214,11558.71,0.0,9.25,11549.46,2000,45,61.61
6,0,25,256,11549.46,0.0,5.75,11543.71,2000,45,62.84
6,0,42,327,11543.71,0.0,9.06,11534.66,2000,45,64.34
7,0,34,247,554.51,0.0,0.77,553.74,150,40,6.33
7,0,44,241,553.74,0.0,0.98,552.75,150,40,6.42
7,0,41,151,552.75,0.0,1.11,551.64,150,40,6.22
7,0,28,159,551.64,0.0,0.69,550.95,150,40,5.93
7,0,28,179,550.95,0.0,0.56,550.39,150,40,5.96
7,0,28,123,550.39,0.0,0.7,549.69,150,40,5.92
7,0,50,140,549.69,0.0,1.11,548.58,150,40,6.26
7,0,44,114,548.58,0.0,1.11,547.47,150,40,6.15
7,0,37,348,547.47,0.0,0.87,546.6,150,40,5.74
7,0,32,193,546.6,0.0,0.7,545.89,150,40,6.12
7,0,50,230,545.89,0.0,1.07,544.82,150,40,6.41
7,0,46,152,544.82,0.0,0.85,543.97,150,40,6.61
7,0,35,254,543.97,0.0,0.9,543.07,150,40,6.53
7,0,49,165,543.07,0.0,1.03,542.04,150,40,6.32
7,0,36,191,542.04,0.0,0.9,541.15,150,40,6.28
7,0,37,299,541.15,0.0,0.83,540.32,150,40,6.57
7,0,43,196,540.32,0.0,0.99,539.33,150,40,6.22
7,0,30,305,539.33,0.0,0.72,538.6,150,40,6.5
7,0,48,299,538.6,0.0,1.13,537.48,150,40,6.46
7,0,38,139,537.48,0.0,0.86,536.62,150,40,6.3
7,0,37,205,536.62,0.0,0.87,535.75,150,40,6.5
7,0,46,296,535.75,0.0,1.1,534.65,150,40,6.79
7,0,48,253,534.65,0.0,1.12,533.53,150,40,6.63
7,0,30,240,533.53,0.0,0.83,532.7,150,40,6.77
7,0,33,218,532.7,0.0,0.86,531.84,150,40,6.31
7,0,27,225,531.84,0.0,0.67,531.17,150,40,6.38
7,0,36,315,531.17,0.0,0.93,530.24,150,40,6.26
7,0,32,239,530.24,0.0,0.75,529.49,150,40,6.03
7,0,37,247,529.49,0.0,0.87,528.61,150,40,5.79
7,0,33,188,528.61,0.0,0.88,527.73,150,40,5.81
7,0,33,310,527.73,0.0,0.85,526.88,150,40,6.0
7,0,42,138,526.88,0.0,1.05,525.83,150,40,6.48
7,0,46,239,525.83,0.0,1.15,524.68,150,40,6.26
7,0,30,300,524.68,0.0,0.71,523.97,150,40,6.45
7,0,39,287,523.97,0.0,0.94,523.02,150,40,6.42
7,0,35,237,523.02,0.0,0.84,522.18,150,40,6.72
7,0,44,303,522.18,0.0,1.18,521.01,150,40,6.64
7,0,30,335,521.01,0.0,0.77,520.24,150,40,6.63
7,0,40,155,520.24,100.36,1.04,619.57,150,40,6.06
7,0,25,178,619.57,0.0,0.58,618.99,150,40,5.85
7,0,26,346,618.99,0.0,0.5,618.48,150,40,5.81
7,0,37,179,618.48,0.0,0.9,617.59,150,40,5.69
7,0,27,162,617.59,0.0,0.72,616.87,150,40,5.48
7,0,39,334,616.87,0.0,0.97,615.9,150,40,5.84
7,0,46,236,615.9,0.0,1.13,614.76,150,40,5.98
7,0,46,260,614.76,0.0,1.18,613.58,150,40,5.97
7,0,25,322,613.58,0.0,0.57,613.02,150,40,6.66
7,0,48,264,613.02,0.0,1.19,611.83,150,40,6.43
7,0,27,102,611.83,0.0,0.67,611.16,150,40,6.84
7,0,48,134,611.16,0.0,1.13,610.03,150,40,6.64
7,0,30,151,610.03,0.0,0.77,609.26,150,40,6.37
7,0,34,341,609.26,0.0,0.86,608.4,150,40,5.97
7,0,31,243,608.4,0.0,0.78,607.62,150,40,6.45
7,0,38,274,607.62,0.0,1.05,606.57,150,40,6.21
7,0,41,165,606.57,0.0,0.95,605.63,150,40,6.26
7,0,30,186,605.63,0.0,0.72,604.91,150,40,6.19
7,0,39,223,604.91,0.0,1.06,603.84,150,40,6.63
7,0,47,200,603.84,0.0,1.21,602.63,150,40,7.0
7,0,46,228,602.63,0.0,1.23,601.4,150,40,7.23
7,0,46,328,601.4,0.0,1.01,600.39,150,40,7.42
7,0,50,96,600.39,0.0,1.24,599.15,150,40,7.39
7,0,32,148,599.15,0.0,0.92,598.24,150,40,7.36
7,0,26,183,598.24,0.0,0.69,597.55,150,40,7.02
7,0,26,353,597.55,0.0,0.72,596.83,150,40,6.48
7,0,28,335,596.83,0.0,0.67,596.15,150,40,6.51
7,0,50,298,596.15,0.0,1.26,594.89,150,40,6.64
7,0,50,175,594.89,0.0,1.14,593.76,150,40,6.28
7,0,32,318,593.76,0.0,0.88,592.88,150,40,6.14
7,0,32,353,592.88,0.0,0.78,592.1,150,40,6.55
7,0,42,191,592.1,0.0,1.1,591.01,150,40,6.61
7,0,34,162,591.01,0.0,0.78,590.23,150,40,7.0
7,0,48,326,590.23,0.0,1.06,589.17,150,40,6.65
7,0,37,330,589.17,0.0,0.91,588.26,150,40,6.33
7,0,32,360,588.26,0.0,0.82,587.44,150,40,6.38
7,0,34,92,587.44,0.0,0.93,586.51,150,40,6.32
7,0,32,101,586.51,0.0,0.72,585.79,150,40,5.93
7,0,30,159,585.79,0.0,0.71,585.07,150,40,5.82
7,0,32,314,585.07,0.0,0.67,584.4,150,40,5.5
7,0,29,238,584.4,0.0,0.74,583.66,150,40,5.21
7,0,27,277,583.66,0.0,0.62,583.03,150,40,5.17
7,0,29,135,583.03,0.0,0.78,582.25,150,40,4.94
7,0,28,221,582.25,0.0,0.7,581.55,150,40,5.35
7,0,44,261,581.55,0.0,1.13,580.42,150,40,5.67
7,0,43,174,580.42,0.0,1.03,579.39,150,40,5.73
7,0,29,114,579.39,0.0,0.73,578.66,150,40,6.06
7,0,45,321,578.66,0.0,1.07,577.59,150,40,6.6
7,0,48,326,577.59,0.0,1.16,576.43,150,40,6.58
7,0,28,198,576.43,0.0,0.76,575.67,150,40,6.6
7,0,28,104,575.67,0.0,0.72,574.95,150,40,6.61
7,0,46,326,574.95,0.0,1.14,573.81,150,40,6.93
7,0,47,281,573.81,0.0,1.35,572.46,150,40,7.08
7,0,34,194,572.46,0.0,0.88,571.57,150,40,7.05
7,0,46,301,571.57,0.0,1.04,570.53,150,40,6.5
7,0,30,134,570.53,0.0,0.61,569.92,150,40,6.68
7,0,38,276,569.92,0.0,0.94,568.98,150,40,7.2
7,0,47,108,568.98,0.0,1.24,567.74,150,40,7.07
7,0,36,138,567.74,0.0,1.01,566.72,150,40,7.08
7,0,49,356,566.72,0.0,1.36,565.36,150,40,7.0
7,0,31,109,565.36,0.0,0.8,564.56,150,40,6.7
7,0,28,250,564.56,0.0,0.74,563.81,150,40,6.79
7,0,27,344,563.81,0.0,0.7,563.11,150,40,6.66
7,0,34,93,563.11,0.0,0.81,562.3,150,40,6.36
7,0,39,116,562.3,0.0,0.94,561.36,150,40,6.49
7,0,45,138,561.36,0.0,1.14,560.22,150,40,6.17
7,0,44,106,560.22,0.0,1.04,559.17,150,40,6.1
7,0,29,309,559.17,0.0,0.73,558.44,150,40,6.24
7,0,34,308,558.44,0.0,0.88,557.56,150,40,6.36
7,0,31,234,557.56,0.0,0.82,556.74,150,40,6.65
7,0,40,236,556.74,0.0,1.1,555.63,150,40,6.61
7,0,35,238,555.63,0.0,0.9,554.74,150,40,6.09
7,0,25,176,554.74,0.0,0.62,554.12,150,40,5.7
7,0,27,293,554.12,0.0,0.65,553.46,150,40,5.68
7,0,29,171,553.46,0.0,0.71,552.76,150,40,5.76
7,0,42,293,552.76,0.0,0.96,551.8,150,40,5.82
7,0,32,187,551.8,0.0,0.88,550.92,150,40,5.61
7,0,36,188,550.92,0.0,0.89,550.04,150,40,6.01
7,0,48,304,550.04,0.0,1.3,548.74,150,40,6.29
7,0,36,137,548.74,0.0,0.9,547.84,150,40,6.68
7,0,43,270,547.84,0.0,1.04,546.8,150,40,6.88
7,0,38,271,546.8,0.0,0.91,545.89,150,40,6.84
7,0,38,207,545.89,0.0,0.92,544.97,150,40,6.73
7,0,36,245,544.97,0.0,0.77,544.21,150,40,6.9
7,0,43,128,544.21,0.0,1.06,543.15,150,40,6.49
7,0,44,331,543.15,0.0,0.89,542.26,150,40,6.47
7,0,36,269,542.26,0.0,0.88,541.37,150,40,6.46
7,0,46,141,541.37,0.0,1.03,540.34,150,40,6.26
7,0,29,226,540.34,0.0,0.71,539.63,150,40,6.08
7,0,31,266,539.63,0.0,0.74,538.89,150,40,6.43
7,0,49,192,538.89,0.0,1.12,537.77,150,40,6.5
7,0,43,155,537.77,0.0,1.13,536.64,150,40,6.26
7,0,25,125,536.64,0.0,0.65,535.99,150,40,6.15
7,0,38,292,535.99,0.0,0.77,535.21,150,40,6.08
7,0,40,126,535.21,0.0,0.96,534.25,150,40,6.07
7,0,28,297,534.25,0.0,0.7,533.55,150,40,6.09
7,0,35,163,533.55,0.0,0.76,532.79,150,40,5.56
7,0,25,221,532.79,0.0,0.59,532.2,150,40,5.12
7,0,30,195,532.2,0.0,0.69,531.5,150,40,5.68
7,0,49,141,531.5,0.0,1.21,530.29,150,40,5.66
7,0,34,237,530.29,0.0,0.75,529.54,150,40,5.29
7,0,25,192,529.54,0.0,0.59,528.95,150,40,5.39
7,0,31,331,528.95,0.0,0.8,528.15,150,40,5.86
7,0,48,115,528.15,0.0,1.23,526.92,150,40,6.18
7,0,37,179,526.92,0.0,0.91,526.01,150,40,6.09
7,0,25,154,526.01,0.0,0.6,525.4,150,40,5.75
7,0,38,121,525.4,0.0,0.87,524.53,150,40,6.07
7,0,40,100,524.53,0.0,1.07,523.46,150,40,6.14
7,0,27,156,523.46,0.0,0.66,522.8,150,40,6.16
7,0,43,176,522.8,0.0,0.82,521.98,150,40,5.81
7,0,35,174,521.98,0.0,0.88,521.1,150,40,5.86
7,0,41,97,521.1,0.0,0.96,520.14,150,40,6.41
7,0,47,183,520.14,0.0,1.15,519.0,150,40,6.5
7,0,42,309,519.0,0.0,0.96,518.03,150,40,6.23
7,0,36,145,518.03,0.0,0.8,517.24,150,40,6.55
7,0,37,342,517.24,0.0,0.98,516.26,150,40,6.7
7,0,41,295,516.26,0.0,0.97,515.29,150,40,6.84
7,0,40,296,515.29,0.0,1.02,514.27,150,40,6.55
7,0,30,296,514.27,0.0,0.67,513.6,150,40,6.07
7,0,32,121,513.6,0.0,0.67,512.93,150,40,5.97
7,0,32,160,512.93,0.0,0.86,512.07,150,40,5.97
7,0,33,203,512.07,0.0,0.8,511.26,150,40,5.77
7,0,33,182,511.26,0.0,0.78,510.48,150,40,5.96
7,0,50,99,510.48,0.0,1.16,509.32,150,40,5.85
7,0,39,286,509.32,0.0,0.91,508.41,150,40,6.26
7,0,44,139,508.41,0.0,1.08,507.33,150,40,6.48
7,0,35,106,507.33,0.0,0.89,506.44,150,40,6.46
7,0,36,266,506.44,0.0,0.84,505.6,150,40,6.38
7,0,32,121,505.6,0.0,0.72,504.88,150,40,6.66
7,0,45,118,504.88,0.0,1.06,503.82,150,40,6.31
7,0,31,232,503.82,0.0,0.81,503.01,150,40,6.02
7,0,26,284,503.01,0.0,0.62,502.39,150,40,5.62
7,0,26,185,502.39,0.0,0.68,501.72,150,40,5.74
7,0,50,355,501.72,0.0,1.01,500.71,150,40,5.89
7,0,45,314,500.71,0.0,0.99,499.72,150,40,6.22
7,0,46,101,499.72,0.0,1.05,498.67,150,40,6.18
7,0,39,96,498.67,0.0,1.02,497.64,150,40,6.39
7,0,46,135,497.64,0.0,1.02,496.63,150,40,6.95
7,0,50,139,496.63,0.0,1.18,495.45,150,40,6.96
7,0,29,157,495.45,0.0,0.69,494.76,150,40,7.01
7,0,42,168,494.76,0.0,1.06,493.7,150,40,7.21
7,0,50,123,493.7,0.0,1.19,492.51,150,40,7.37
7,0,47,239,492.51,0.0,1.21,491.3,150,40,7.16
7,0,34,110,491.3,0.0,0.81,490.49,150,40,7.27
7,0,49,215,490.49,0.0,1.13,489.36,150,40,7.02
7,0,45,325,489.36,0.0,0.93,488.44,150,40,6.99
7,0,30,329,488.44,0.0,0.66,487.78,150,40,6.76
7,0,39,201,487.78,0.0,0.83,486.95,150,40,6.16
7,0,28,138,486.95,0.0,0.59,486.36,150,40,5.62
7,0,31,146,486.36,0.0,0.67,485.69,150,40,5.59
7,0,34,252,485.69,0.0,0.78,484.91,150,40,5.42
7,0,43,253,484.91,0.0,0.96,483.94,150,40,5.55
7,0,48,129,483.94,0.0,1.06,482.89,150,40,5.62
7,0,32,291,482.89,0.0,0.73,482.16,150,40,5.88
7,0,48,330,482.16,0.0,1.09,481.07,150,40,5.97
7,0,30,107,481.07,0.0,0.68,480.39,150,40,6.23
7,0,44,198,480.39,0.0,0.93,479.46,150,40,6.05
7,0,26,145,479.46,0.0,0.6,478.86,150,40,5.67
7,0,25,283,478.86,0.0,0.58,478.28,150,40,5.81
7,0,49,134,478.28,0.0,1.2,477.08,150,40,5.65
7,0,27,264,477.08,0.0,0.57,476.51,150,40,5.64
7,0,50,309,476.51,0.0,1.08,475.43,150,40,5.71
7,0,40,113,475.43,0.0,0.75,474.68,150,40,5.49
7,0,31,299,474.68,0.0,0.71,473.96,150,40,5.89
7,0,43,128,473.96,0.0,1.0,472.96,150,40,5.86
7,0,25,197,472.96,0.0,0.55,472.42,150,40,5.3
7,0,29,244,472.42,0.0,0.64,471.78,150,40,5.37
7,0,30,211,471.78,0.0,0.64,471.13,150,40,4.92
7,0,27,103,471.13,0.0,0.63,470.5,150,40,5.11
7,0,42,349,470.5,0.0,0.94,469.56,150,40,5.47
7,0,49,170,469.56,0.0,1.07,468.49,150,40,5.07
7,0,30,262,468.49,0.0,0.6,467.89,150,40,5.45
7,0,45,132,467.89,0.0,0.93,466.96,150,40,5.65
7,0,40,301,466.96,0.0,0.84,466.12,150,40,5.74
7,0,34,337,466.12,0.0,0.73,465.39,150,40,6.01
7,0,38,339,465.39,0.0,0.9,464.49,150,40,5.65
7,0,30,243,464.49,0.0,0.58,463.9,150,40,5.61
7,0,47,292,463.9,0.0,1.03,462.88,150,40,6.04
7,0,49,299,462.88,0.0,1.03,461.85,150,40,5.89
7,0,36,325,461.85,0.0,0.78,461.06,150,40,6.14
7,0,50,267,461.06,0.0,1.09,459.98,150,40,6.13
7,0,34,238,459.98,0.0,0.72,459.26,150,40,6.1
7,0,48,234,459.26,0.0,0.87,458.39,150,40,6.45
7,0,39,246,458.39,0.0,0.93,457.46,150,40,6.27
7,0,39,331,457.46,0.0,0.85,456.61,150,40,6.12
7,0,42,158,456.61,0.0,0.88,455.73,150,40,6.28
7,0,38,255,455.73,0.0,0.94,454.79,150,40,5.93
7,0,33,226,454.79,0.0,0.74,454.05,150,40,6.2
7,0,46,105,454.05,0.0,0.99,453.06,150,40,5.92
7,0,26,184,453.06,0.0,0.59,452.47,150,40,5.91
7,0,46,126,452.47,0.0,0.92,451.55,150,40,6.03
7,0,50,246,451.55,0.0,0.97,450.58,150,40,5.75
7,0,28,275,450.58,0.0,0.6,449.98,150,40,5.62
7,0,39,141,449.98,0.0,0.81,449.17,150,40,5.7
7,0,40,336,449.17,0.0,0.82,448.35,150,40,5.63
7,0,42,103,448.35,0.0,0.92,447.44,150,40,5.81
7,0,35,251,447.44,0.0,0.77,446.67,150,40,5.69
7,0,40,330,446.67,0.0,0.8,445.87,150,40,5.61
7,0,42,242,445.87,0.0,0.89,444.98,150,40,5.89
7,0,45,177,444.98,0.0,0.88,444.11,150,40,5.64
7,0,25,214,444.11,0.0,0.56,443.55,150,40,5.64
7,0,39,102,443.55,0.0,0.82,442.73,150,40,5.7
7,0,47,283,442.73,0.0,0.98,441.75,150,40,5.84
7,0,41,208,441.75,0.0,0.91,440.83,150,40,5.67
7,0,31,188,440.83,0.0,0.63,440.2,150,40,5.86
7,0,50,144,440.2,0.0,1.08,439.12,150,40,5.84
7,0,40,298,439.12,0.0,0.86,438.27,150,40,5.9
7,0,26,232,438.27,0.0,0.62,437.65,150,40,5.95
7,0,46,204,437.65,0.0,0.87,436.78,150,40,5.55
7,0,26,210,436.78,0.0,0.58,436.19,150,40,5.28
7,0,34,254,436.19,0.0,0.64,435.55,150,40,5.6
7,0,47,242,435.55,0.0,0.95,434.6,150,40,5.06
7,0,29,338,434.6,0.0,0.54,434.06,150,40,4.73
7,0,26,127,434.06,0.0,0.53,433.53,150,40,5.05
7,0,44,116,433.53,0.0,0.94,432.58,150,40,4.87
7,0,31,214,432.58,0.0,0.69,431.89,150,40,5.16
7,0,42,132,431.89,0.0,0.87,431.02,150,40,5.07
7,0,28,234,431.02,0.0,0.55,430.46,150,40,4.75
7,0,31,186,430.46,0.0,0.63,429.83,150,40,4.98
7,0,36,119,429.83,0.0,0.77,429.06,150,40,5.2
7,0,34,319,429.06,0.0,0.75,428.31,150,40,5.05
7,0,34,309,428.31,0.0,0.79,427.52,150,40,4.89
7,0,25,346,427.52,0.0,0.53,426.99,150,40,4.58
7,0,27,115,426.99,0.0,0.56,426.43,150,40,4.98
7,0,43,288,426.43,0.0,0.95,425.48,150,40,5.27
7,0,45,275,425.48,0.0,0.92,424.56,150,40,5.47
7,0,49,130,424.56,0.0,0.97,423.59,150,40,5.47
7,0,32,199,423.59,0.0,0.75,422.84,150,40,5.35
7,0,28,302,422.84,0.0,0.67,422.17,150,40,5.54
7,0,42,117,422.17,0.0,0.72,421.45,150,40,6.02
7,0,45,327,421.45,0.0,1.04,420.41,150,40,5.61
7,0,30,208,420.41,0.0,0.54,419.87,150,40,5.16
7,0,26,199,419.87,0.0,0.47,419.4,150,40,4.96
7,0,43,135,419.4,0.0,0.77,418.63,150,40,4.87
7,0,34,140,418.63,0.0,0.66,417.97,150,40,4.92
7,0,33,118,417.97,0.0,0.72,417.25,150,40,4.88
7,0,35,286,417.25,0.0,0.68,416.57,150,40,4.56
7,0,35,187,416.57,0.0,0.72,415.85,150,40,4.58
7,0,27,114,415.85,0.0,0.56,415.28,150,40,4.78
7,0,33,257,415.28,0.0,0.67,414.62,150,40,4.81
7,0,36,310,414.62,0.0,0.8,413.81,150,40,4.84
7,0,31,139,413.81,0.0,0.69,413.13,150,40,4.89
7,0,42,186,413.13,0.0,0.77,412.36,150,40,5.12
7,0,41,139,412.36,0.0,0.91,411.44,150,40,5.09
7,0,34,260,411.44,0.0,0.69,410.75,150,40,5.42
7,0,43,323,410.75,0.0,0.89,409.86,150,40,5.51
7,0,30,322,409.86,0.0,0.76,409.1,150,40,5.59
7,0,37,288,409.1,0.0,0.88,408.21,150,40,5.82
7,0,46,291,408.21,0.0,0.92,407.29,150,40,5.94
7,0,43,290,407.29,0.0,0.89,406.4,150,40,5.78
7,0,38,152,406.4,0.0,0.75,405.65,150,40,5.62
7,0,26,222,405.65,0.0,0.53,405.12,150,40,5.54
7,0,40,233,405.12,0.0,0.81,404.31,150,40,5.77
7,0,48,156,404.31,0.0,0.99,403.32,150,40,5.68
7,0,42,182,403.32,0.0,0.79,402.53,150,40,5.84
7,0,50,102,402.53,0.0,1.08,401.45,150,40,5.48
7,0,27,222,401.45,0.0,0.53,400.92,150,40,5.51
7,0,33,326,400.92,0.0,0.78,400.14,150,40,5.74
7,0,35,286,400.14,0.0,0.76,399.38,150,40,5.86
7,0,44,164,399.38,0.0,0.93,398.45,150,40,5.54
7,0,34,209,398.45,0.0,0.67,397.79,150,40,5.47
7,0,32,167,397.79,0.0,0.72,397.07,150,40,5.19
7,0,37,325,397.07,0.0,0.8,396.26,150,40,5.24
7,0,30,129,396.26,0.0,0.58,395.68,150,40,5.15
7,0,28,123,395.68,0.0,0.69,395.0,150,40,5.37
7,0,50,345,395.0,0.0,0.98,394.02,150,40,5.59
7,0,48,128,394.02,0.0,1.15,392.87,150,40,5.88
7,0,45,231,392.87,0.0,0.96,391.9,150,40,5.96
7,0,39,94,391.9,0.0,0.8,391.11,150,40,6.16
7,0,41,178,391.11,0.0,1.0,390.11,150,40,6.5
7,0,42,321,390.11,0.0,0.92,389.19,150,40,6.52
7,0,32,348,389.19,0.0,0.71,388.47,150,40,6.44
7,0,47,102,388.47,0.0,0.9,387.57,150,40,6.1
7,0,35,207,387.57,0.0,0.81,386.76,150,40,5.89
7,0,39,291,386.76,0.0,0.75,386.01,150,40,5.64
7,0,25,219,386.01,0.0,0.55,385.46,150,40,5.47
7,0,42,138,385.46,0.0,0.83,384.63,150,40,5.26
7,0,36,159,384.63,0.0,0.71,383.93,150,40,5.11
7,0,26,151,383.93,0.0,0.56,383.37,150,40,5.1
7,0,39,245,383.37,0.0,0.89,382.48,150,40,4.9
7,0,30,317,382.48,0.0,0.61,381.87,150,40,5.32
7,0,50,225,381.87,0.0,1.17,380.7,150,40,5.79
7,0,49,355,380.7,0.0,1.02,379.68,150,40,5.97
7,0,41,266,379.68,0.0,1.01,378.67,150,40,5.84
7,0,28,159,378.67,0.0,0.58,378.09,150,40,5.89
7,0,34,136,378.09,0.0,0.61,377.48,150,40,6.18
7,0,48,314,377.48,0.0,1.18,376.3,150,40,6.14
7,0,27,353,376.3,0.0,0.57,375.73,150,40,5.55
7,0,31,159,375.73,0.0,0.58,375.15,150,40,5.1
7,0,27,158,375.15,0.0,0.57,374.58,150,40,5.09
7,0,46,157,374.58,0.0,1.0,373.58,150,40,5.03
7,0,26,101,373.58,0.0,0.52,373.06,150,40,5.07
7,0,34,259,373.06,0.0,0.65,372.41,150,40,4.84
7,0,44,99,372.41,0.0,0.95,371.46,150,40,5.36
7,0,50,317,371.46,0.0,1.09,370.37,150,40,5.72
7,0,46,265,370.37,0.0,0.94,369.42,150,40,6.18
7,0,46,170,369.42,0.0,1.03,368.39,150,40,5.98
7,0,39,207,368.39,0.0,0.8,367.59,150,40,6.16
7,0,31,285,367.59,0.0,0.7,366.88,150,40,6.37
7,0,43,148,366.88,0.0,0.86,366.02,150,40,6.05
7,0,27,233,366.02,0.0,0.63,365.39,150,40,5.81
7,0,41,145,365.39,0.0,0.85,364.54,150,40,5.95
7,0,45,288,364.54,0.0,1.08,363.46,150,40,5.47
7,0,27,128,363.46,0.0,0.55,362.91,150,40,5.24
7,0,25,151,362.91,0.0,0.57,362.34,150,40,5.48
7,0,38,314,362.34,0.0,0.94,361.4,150,40,5.41
7,0,35,162,361.4,0.0,0.79,360.61,150,40,5.45
7,0,29,244,360.61,0.0,0.67,359.94,150,40,5.62
7,0,43,348,359.94,0.0,1.02,358.92,150,40,5.55
7,0,42,240,358.92,0.0,1.01,357.91,150,40,5.81
7,0,31,133,357.91,0.0,0.81,357.1,150,40,5.89
7,0,30,311,357.1,0.0,0.65,356.45,150,40,6.16
7,0,49,115,356.45,0.0,1.21,355.24,150,40,6.1
7,0,34,242,355.24,0.0,0.73,354.51,150,40,6.71
7,0,50,274,354.51,0.0,1.28,353.23,150,40,6.41
7,0,31,223,353.23,0.0,0.72,352.51,150,40,6.15
7,0,32,170,352.51,0.0,0.75,351.76,150,40,6.45
7,0,45,251,351.76,0.0,1.11,350.65,150,40,6.39
7,0,27,193,350.65,0.0,0.59,350.05,150,40,5.92
7,0,29,270,350.05,0.0,0.74,349.32,150,40,5.94
7,0,34,91,349.32,0.0,0.75,348.57,150,40,5.72
7,0,48,105,348.57,0.0,1.06,347.51,150,40,5.79
7,0,34,140,347.51,0.0,0.79,346.72,150,40,5.72
7,0,30,285,346.72,0.0,0.68,346.05,150,40,5.41
7,0,35,197,346.05,0.0,0.8,345.24,150,40,5.74
7,0,33,149,345.24,0.0,0.92,344.32,150,40,5.92
7,0,45,254,344.32,0.0,0.92,343.4,150,40,6.04
7,0,33,267,343.4,0.0,0.87,342.54,150,40,5.78
7,0,36,236,342.54,0.0,0.8,341.74,150,40,5.66
7,0,31,235,341.74,0.0,0.67,341.06,150,40,5.62
7,0,28,343,341.06,0.0,0.64,340.42,150,40,5.52
7,0,31,219,340.42,0.0,0.7,339.72,150,40,5.24
7,0,30,271,339.72,0.0,0.64,339.08,150,40,4.86
7,0,26,270,339.08,0.0,0.54,338.54,150,40,4.96
7,0,44,170,338.54,0.0,0.97,337.57,150,40,4.96
7,0,34,337,337.57,0.0,0.8,336.76,150,40,5.37
7,0,49,130,336.76,0.0,1.08,335.68,150,40,5.56
7,0,31,338,335.68,0.0,0.83,334.85,150,40,5.45
7,0,27,108,334.85,0.0,0.59,334.26,150,40,5.4
7,0,31,219,334.26,0.0,0.59,333.68,150,40,5.78
7,0,42,194,333.68,0.0,0.92,332.76,150,40,5.79
7,0,45,229,332.76,0.0,0.98,331.78,150,40,5.8
7,0,31,304,331.78,0.0,0.81,330.97,150,40,5.47
7,0,33,102,330.97,0.0,0.75,330.22,150,40,5.58
7,0,45,173,330.22,0.0,0.94,329.28,150,40,5.89
7,0,40,206,329.28,0.0,0.9,328.38,150,40,6.16
7,0,40,291,328.38,0.0,0.86,327.52,150,40,6.15
7,0,38,217,327.52,0.0,0.91,326.61,150,40,6.0
7,0,32,196,326.61,0.0,0.83,325.79,150,40,5.84
7,0,26,293,325.79,0.0,0.65,325.14,150,40,6.1
7,0,49,333,325.14,0.0,1.01,324.13,150,40,6.17
7,0,41,311,324.13,0.0,1.01,323.13,150,40,6.06
7,0,33,242,323.13,0.0,0.79,322.34,150,40,6.3
7,0,47,169,322.34,0.0,1.1,321.24,150,40,6.46
7,0,44,188,321.24,0.0,1.07,320.17,150,40,6.4
7,0,36,121,320.17,0.0,0.77,319.41,150,40,6.56
7,0,33,229,319.41,0.0,0.81,318.59,150,40,6.15
7,0,27,117,318.59,0.0,0.6,317.99,150,40,6.27
7,0,46,343,317.99,0.0,1.13,316.86,150,40,6.51
7,0,47,214,316.86,0.0,1.03,315.83,150,40,6.59
7,0,50,155,315.83,0.0,1.18,314.65,150,40,6.54
7,0,48,300,314.65,0.0,1.02,313.63,150,40,6.6
7,0,34,192,313.63,0.0,0.83,312.8,150,40,6.39
7,0,26,285,312.8,0.0,0.6,312.2,150,40,6.8
7,0,43,115,312.2,0.0,1.01,311.19,150,40,6.42
7,0,32,272,311.19,0.0,0.75,310.44,150,40,6.38
7,0,42,167,310.44,0.0,0.99,309.45,150,40,6.36
7,0,44,360,309.45,0.0,1.16,308.29,150,40,6.16
7,0,35,227,308.29,0.0,0.82,307.47,150,40,6.09
7,0,29,284,307.47,0.0,0.76,306.71,150,40,6.3
7,0,31,216,306.71,0.0,0.81,305.9,150,40,6.38
7,0,47,147,305.9,0.0,1.09,304.81,150,40,6.68
7,0,42,240,304.81,0.0,1.05,303.77,150,40,6.69
7,0,38,171,303.77,0.0,1.0,302.77,150,40,6.14
7,0,25,239,302.77,0.0,0.61,302.15,150,40,6.33
7,0,40,195,302.15,0.0,1.01,301.15,150,40,6.86
7,0,50,184,301.15,0.0,1.29,299.85,150,40,6.76
7,0,27,305,299.85,0.0,0.71,299.14,150,40,6.6
7,0,41,98,299.14,0.0,0.93,298.2,150,40,6.21
7,0,30,322,298.2,0.0,0.66,297.55,150,40,6.27
7,0,46,152,297.55,0.0,1.06,296.48,150,40,6.65
7,0,39,113,296.48,0.0,0.99,295.5,150,40,6.79
7,0,44,146,295.5,0.0,1.15,294.34,150,40,6.56
7,0,47,295,294.34,0.0,1.06,293.28,150,40,6.46
7,0,25,192,293.28,0.0,0.61,292.67,150,40,6.6
7,0,41,149,292.67,0.0,1.07,291.6,150,40,6.65
7,0,30,301,291.6,0.0,0.71,290.89,150,40,6.36
7,0,29,196,290.89,0.0,0.77,290.11,150,40,6.28
7,0,35,317,290.11,0.0,0.91,289.2,150,40,6.07
7,0,37,218,289.2,0.0,0.94,288.26,150,40,5.99
7,0,42,228,288.26,0.0,0.98,287.28,150,40,6.38
7,0,38,238,287.28,0.0,1.0,286.28,150,40,6.3
7,0,40,245,286.28,0.0,0.99,285.29,150,40,6.6
7,0,43,331,285.29,0.0,1.01,284.28,150,40,7.22
7,0,50,233,284.28,0.0,1.39,282.89,150,40,7.14
7,0,36,335,282.89,0.0,0.83,282.06,150,40,7.23
7,0,42,124,282.06,0.0,1.03,281.03,150,40,7.15
7,0,36,204,281.03,0.0,0.9,280.13,150,40,7.05
7,0,39,344,280.13,0.0,0.9,279.24,150,40,6.99
7,0,39,150,279.24,0.0,0.93,278.31,150,40,6.76
7,0,31,133,278.31,0.0,0.78,277.53,150,40,5.99
7,0,25,190,277.53,0.0,0.62,276.91,150,40,6.03
7,0,33,220,276.91,0.0,0.87,276.03,150,40,6.15
7,0,45,348,276.03,0.0,1.15,274.88,150,40,6.31
7,0,40,128,274.88,0.0,1.06,273.82,150,40,6.24
7,0,37,303,273.82,0.0,0.83,272.99,150,40,6.51
7,0,49,220,272.99,0.0,1.2,271.79,150,40,6.38
7,0,30,168,271.79,0.0,0.65,271.14,150,40,7.0
7,0,49,113,271.14,0.0,1.24,269.9,150,40,7.08
7,0,45,198,269.9,0.0,0.95,268.94,150,40,7.25
7,0,49,316,268.94,0.0,1.32,267.62,150,40,6.91
7,0,25,270,267.62,0.0,0.72,266.9,150,40,7.12
7,0,36,156,266.9,0.0,1.04,265.85,150,40,6.91
7,0,40,166,265.85,0.0,0.99,264.86,150,40,7.05
7,0,33,289,264.86,0.0,0.79,264.07,150,40,6.91
7,0,44,147,264.07,0.0,1.1,262.97,150,40,6.69
7,0,31,94,262.97,0.0,0.73,262.24,150,40,6.3
7,0,35,119,262.24,0.0,0.93,261.31,150,40,6.65
7,0,38,209,261.31,0.0,1.07,260.24,150,40,6.53
7,0,40,320,260.24,0.0,0.92,259.32,150,40,6.51
7,0,42,327,259.32,0.0,0.97,258.35,150,40,6.81
7,0,46,285,258.35,0.0,1.09,257.26,150,40,6.83
7,0,40,161,257.26,0.0,1.12,256.14,150,40,7.15
7,0,39,105,256.14,0.0,1.05,255.09,150,40,7.47
7,0,47,105,255.09,0.0,1.25,253.84,150,40,7.44
7,0,39,278,253.84,0.0,1.04,252.8,150,40,7.34
7,0,32,93,252.8,0.0,0.82,251.98,150,40,7.37
7,0,39,349,251.98,0.0,1.0,250.98,150,40,7.04
7,0,31,95,250.98,0.0,0.76,250.23,150,40,7.03
7,0,48,179,250.23,0.0,1.11,249.11,150,40,6.81
7,0,32,181,249.11,0.0,0.83,248.29,150,40,6.5
7,0,33,301,248.29,0.0,0.94,247.35,150,40,6.47
7,0,41,330,247.35,0.0,1.01,246.35,150,40,6.51
7,0,31,126,246.35,0.0,0.86,245.48,150,40,6.3
7,0,29,114,245.48,0.0,0.79,244.69,150,40,6.72
7,0,50,249,244.69,0.0,1.18,243.51,150,40,6.34
7,0,30,279,243.51,0.0,0.73,242.78,150,40,6.46
7,0,41,191,242.78,0.0,0.95,241.83,150,40,6.36
7,0,34,119,241.83,0.0,0.84,240.99,150,40,6.07
7,0,29,156,240.99,0.0,0.72,240.27,150,40,6.05
7,0,33,114,240.27,0.0,0.84,239.43,150,40,5.98
7,0,29,330,239.43,0.0,0.72,238.71,150,40,5.6
7,0,34,116,238.71,0.0,0.8,237.91,150,40,5.98
7,0,42,213,237.91,0.0,1.11,236.8,150,40,5.57
7,0,26,171,236.8,0.0,0.54,236.25,150,40,5.63
7,0,38,212,236.25,0.0,0.9,235.35,150,40,5.69
7,0,30,277,235.35,0.0,0.78,234.57,150,40,5.58
7,0,29,182,234.57,0.0,0.73,233.84,150,40,5.42
7,0,27,354,233.84,0.0,0.56,233.28,150,40,5.54
7,0,33,292,233.28,0.0,0.92,232.36,150,40,5.14
7,0,29,326,232.36,0.0,0.71,231.65,150,40,5.5
7,0,35,329,231.65,0.0,0.9,230.75,150,40,5.49
7,0,39,333,230.75,0.0,0.89,229.85,150,40,5.26
7,0,26,269,229.85,0.0,0.55,229.3,150,40,5.57
7,0,44,166,229.3,0.0,1.04,228.26,150,40,6.03
7,0,40,163,228.26,0.0,1.02,227.24,150,40,5.83
7,0,31,168,227.24,0.0,0.72,226.52,150,40,6.19
7,0,40,115,226.52,0.0,1.07,225.45,150,40,6.08
7,0,36,153,225.45,0.0,0.79,224.66,150,40,5.98
7,0,35,305,224.66,0.0,0.79,223.87,150,40,6.41
7,0,37,148,223.87,0.0,0.98,222.89,150,40,6.33
7,0,50,103,222.89,0.0,0.96,221.93,150,40,6.29
7,0,41,209,221.93,0.0,0.98,220.96,150,40,6.73
7,0,43,169,220.96,0.0,1.16,219.8,150,40,6.45
7,0,31,279,219.8,0.0,0.79,219.01,150,40,6.46
7,0,33,122,219.01,0.0,0.8,218.2,150,40,6.53
7,0,34,214,218.2,0.0,0.86,217.34,150,40,6.69
7,0,50,307,217.34,0.0,1.14,216.2,150,40,6.37
7,0,29,293,216.2,0.0,0.64,215.56,150,40,6.39
7,0,43,347,215.56,0.0,1.0,214.56,150,40,6.41
7,0,48,138,214.56,0.0,1.18,213.38,150,40,6.5
7,0,39,147,213.38,0.0,0.88,212.5,150,40,6.54
7,0,33,214,212.5,0.0,0.84,211.66,150,40,6.37
7,0,30,350,211.66,0.0,0.69,210.97,150,40,6.05
7,0,32,301,210.97,0.0,0.82,210.15,150,40,6.72
7,0,48,319,210.15,0.0,1.31,208.84,150,40,6.89
7,0,44,219,208.84,0.0,1.17,207.67,150,40,6.42
7,0,31,249,207.67,0.0,0.71,206.96,150,40,6.49
7,0,42,178,206.96,0.0,0.95,206.01,150,40,6.47
7,0,35,276,206.01,0.0,0.82,205.19,150,40,6.79
7,0,40,93,205.19,0.0,1.01,204.18,150,40,6.9
7,0,36,293,204.18,0.0,0.93,203.24,150,40,6.46
7,0,33,137,203.24,0.0,0.87,202.37,150,40,6.45
7,0,44,252,202.37,0.0,1.16,201.21,150,40,6.68
7,0,39,180,201.21,0.0,0.94,200.27,150,40,6.31
7,0,26,235,200.27,0.0,0.58,199.69,150,40,6.08
7,0,25,194,199.69,0.0,0.59,199.1,150,40,5.73
7,0,31,160,199.1,0.0,0.66,198.44,150,40,5.44
7,0,27,261,198.44,0.0,0.64,197.79,150,40,5.4
7,0,41,231,197.79,0.0,0.83,196.97,150,40,4.88
7,0,25,256,196.97,0.0,0.64,196.33,150,40,4.86
7,0,47,324,196.33,0.0,0.92,195.4,150,40,4.97
7,0,31,239,195.4,0.0,0.69,194.72,150,40,4.87
7,0,25,316,194.72,0.0,0.49,194.23,150,40,4.96
7,0,36,286,194.23,0.0,0.75,193.48,150,40,5.13
7,0,34,116,193.48,0.0,0.81,192.68,150,40,4.97
7,0,29,249,192.68,0.0,0.67,192.0,150,40,5.16
7,0,37,199,192.0,0.0,0.83,191.17,150,40,4.95
7,0,32,217,191.17,0.0,0.71,190.46,150,40,5.25
7,0,47,148,190.46,0.0,0.99,189.46,150,40,5.38
7,0,29,324,189.46,0.0,0.62,188.84,150,40,5.7
7,0,45,153,188.84,0.0,1.07,187.77,150,40,5.96
7,0,49,220,187.77,0.0,1.07,186.7,150,40,6.24
7,0,43,97,186.7,0.0,0.95,185.74,150,40,6.15
7,0,31,242,185.74,0.0,0.74,185.01,150,40,6.14
7,0,36,132,185.01,0.0,0.7,184.3,150,40,6.25
7,0,48,219,184.3,0.0,1.1,183.21,150,40,6.67
7,0,50,204,183.21,0.0,1.04,182.17,150,40,6.71
7,0,45,274,182.17,0.0,1.11,181.06,150,40,6.26
7,0,27,176,181.06,0.0,0.62,180.44,150,40,6.47
7,0,45,113,180.44,0.0,1.16,179.28,150,40,6.47
7,0,31,346,179.28,429.56,0.74,608.11,150,40,6.76
7,0,46,260,608.11,0.0,0.99,607.12,150,40,6.32
7,0,27,305,607.12,0.0,0.66,606.46,150,40,6.16
7,0,48,193,606.46,0.0,0.88,605.58,150,40,5.85
7,0,34,268,605.58,0.0,0.8,604.79,150,40,6.09
7,0,35,98,604.79,0.0,0.86,603.93,150,40,5.71
7,0,41,281,603.93,0.0,0.78,603.15,150,40,5.57
7,0,28,174,603.15,0.0,0.6,602.55,150,40,5.67
7,0,45,259,602.55,0.0,1.09,601.45,150,40,5.62
7,0,25,117,601.45,0.0,0.61,600.85,150,40,5.63
7,0,39,141,600.85,0.0,0.89,599.96,150,40,5.9
7,0,46,179,599.96,0.0,1.07,598.89,150,40,5.57
7,0,26,244,598.89,0.0,0.53,598.36,150,40,5.8
7,0,46,175,598.36,0.0,1.01,597.34,150,40,6.21
7,0,46,107,597.34,0.0,1.01,596.33,150,40,5.7
7,0,27,328,596.33,0.0,0.58,595.75,150,40,5.8
7,0,35,225,595.75,0.0,0.71,595.04,150,40,5.58
7,0,30,270,595.04,0.0,0.67,594.37,150,40,5.52
7,0,46,269,594.37,0.0,1.01,593.36,150,40,5.92
7,0,49,312,593.36,0.0,0.93,592.43,150,40,5.45
7,0,28,320,592.43,0.0,0.54,591.88,150,40,5.3
7,0,41,179,591.88,0.0,0.86,591.02,150,40,5.46
7,0,30,148,591.02,0.0,0.74,590.28,150,40,5.48
7,0,32,265,590.28,0.0,0.73,589.55,150,40,5.97
7,0,47,117,589.55,0.0,1.16,588.39,150,40,5.69
7,0,31,245,588.39,0.0,0.73,587.66,150,40,5.29
7,0,26,98,587.66,0.0,0.53,587.13,150,40,5.77
7,0,47,253,587.13,0.0,1.02,586.11,150,40,5.74
7,0,41,329,586.11,0.0,0.83,585.28,150,40,6.01
7,0,48,128,585.28,0.0,1.01,584.27,150,40,5.87
7,0,25,317,584.27,0.0,0.59,583.68,150,40,5.55
7,0,38,164,583.68,0.0,0.84,582.84,150,40,5.76
7,0,49,108,582.84,0.0,0.94,581.9,150,40,6.24
7,0,49,132,581.9,0.0,1.01,580.89,150,40,6.16
7,0,45,150,580.89,0.0,0.94,579.95,150,40,6.3
7,0,49,111,579.95,0.0,0.97,578.98,150,40,6.28
7,0,45,291,578.98,0.0,0.99,577.99,150,40,6.55
7,0,42,141,577.99,0.0,0.86,577.13,150,40,6.41
7,0,39,332,577.13,0.0,0.7,576.43,150,40,6.12
7,0,28,234,576.43,0.0,0.65,575.78,150,40,6.06
7,0,43,198,575.78,0.0,0.95,574.83,150,40,6.25
7,0,48,273,574.83,0.0,1.13,573.7,150,40,5.99
7,0,31,101,573.7,0.0,0.71,572.99,150,40,6.0
7,0,48,104,572.99,0.0,1.0,571.99,150,40,5.8
7,0,32,203,571.99,0.0,0.66,571.34,150,40,5.94
7,0,40,166,571.34,0.0,0.84,570.49,150,40,6.06
7,0,39,215,570.49,0.0,0.77,569.72,150,40,5.63
7,0,27,199,569.72,0.0,0.52,569.2,150,40,5.13
7,0,31,325,569.2,0.0,0.63,568.56,150,40,5.16
7,0,39,164,568.56,0.0,0.74,567.83,150,40,4.92
7,0,37,136,567.83,0.0,0.76,567.06,150,40,5.11
7,0,44,264,567.06,0.0,0.85,566.22,150,40,4.81
7,0,26,134,566.22,0.0,0.54,565.68,150,40,5.16
7,0,49,290,565.68,0.0,1.12,564.56,150,40,5.16
7,0,27,258,564.56,0.0,0.52,564.04,150,40,5.34
7,0,40,253,564.04,0.0,0.81,563.23,150,40,5.08
7,0,25,178,563.23,0.0,0.48,562.75,150,40,5.4
7,0,47,253,562.75,0.0,1.08,561.67,150,40,5.55
7,0,49,279,561.67,0.0,1.0,560.67,150,40,5.62
7,0,29,107,560.67,0.0,0.61,560.06,150,40,5.06
7,0,26,162,560.06,0.0,0.56,559.5,150,40,5.28
7,0,40,124,559.5,0.0,0.74,558.76,150,40,5.31
7,0,41,228,558.76,0.0,0.84,557.92,150,40,5.61
7,0,41,227,557.92,0.0,0.78,557.14,150,40,5.07
7,0,27,295,557.14,0.0,0.54,556.6,150,40,4.73
7,0,30,148,556.6,0.0,0.66,555.94,150,40,5.05
7,0,49,203,555.94,0.0,0.93,555.01,150,40,5.28
7,0,37,326,555.01,0.0,0.79,554.22,150,40,5.37
7,0,39,334,554.22,0.0,0.83,553.4,150,40,5.1
7,0,26,115,553.4,0.0,0.57,552.83,150,40,5.17
7,0,37,262,552.83,0.0,0.85,551.98,150,40,5.23
7,0,27,167,551.98,0.0,0.6,551.38,150,40,5.44
7,0,39,214,551.38,0.0,0.87,550.51,150,40,5.31
7,0,41,96,550.51,0.0,0.8,549.71,150,40,5.16
7,0,33,320,549.71,0.0,0.64,549.07,150,40,5.3
7,0,47,300,549.07,0.0,0.97,548.1,150,40,5.5
7,0,34,142,548.1,0.0,0.77,547.33,150,40,5.36
7,0,32,210,547.33,0.0,0.71,546.63,150,40,5.76
7,0,46,218,546.63,0.0,1.0,545.63,150,40,5.53
7,0,30,170,545.63,0.0,0.64,544.99,150,40,5.63
7,0,38,119,544.99,0.0,0.9,544.08,150,40,5.51
7,0,29,354,544.08,0.0,0.52,543.57,150,40,5.28
7,0,33,130,543.57,0.0,0.74,542.83,150,40,5.29
7,0,36,276,542.83,0.0,0.78,542.06,150,40,5.25
7,0,36,308,542.06,0.0,0.67,541.39,150,40,5.22
7,0,48,118,541.39,0.0,0.97,540.42,150,40,5.33
7,0,39,124,540.42,0.0,0.75,539.67,150,40,4.95
7,0,25,176,539.67,0.0,0.52,539.15,150,40,5.18
7,0,35,250,539.15,0.0,0.75,538.4,150,40,5.02
7,0,26,180,538.4,0.0,0.58,537.83,150,40,5.04
7,0,41,146,537.83,0.0,0.8,537.03,150,40,4.97
7,0,35,149,537.03,0.0,0.6,536.42,150,40,4.9
7,0,49,126,536.42,0.0,0.9,535.52,150,40,5.05
7,0,39,147,535.52,0.0,0.9,534.63,150,40,5.41
7,0,44,150,534.63,0.0,0.88,533.75,150,40,5.5
7,0,41,338,533.75,0.0,0.84,532.91,150,40,5.67
7,0,35,98,532.91,0.0,0.75,532.16,150,40,5.86
7,0,50,346,532.16,0.0,0.99,531.17,150,40,6.31
7,0,49,250,531.17,0.0,1.05,530.12,150,40,6.0
7,0,28,108,530.12,0.0,0.59,529.53,150,40,5.92
7,0,38,225,529.53,0.0,0.82,528.71,150,40,5.94
7,0,40,124,528.71,0.0,0.9,527.81,150,40,5.72
7,0,30,98,527.81,0.0,0.62,527.19,150,40,5.88
7,0,44,360,527.19,0.0,0.91,526.27,150,40,5.45
7,0,31,224,526.27,0.0,0.56,525.71,150,40,5.21
7,0,41,227,525.71,0.0,0.81,524.91,150,40,5.58
7,0,43,108,524.91,0.0,0.96,523.95,150,40,5.52
7,0,34,314,523.95,0.0,0.76,523.19,150,40,5.6
7,0,41,245,523.19,0.0,0.98,522.21,150,40,5.8
7,0,39,216,522.21,0.0,0.82,521.39,150,40,5.91
7,0,48,146,521.39,0.0,1.02,520.37,150,40,6.37
7,0,48,259,520.37,0.0,1.02,519.35,150,40,6.51
7,0,47,184,519.35,0.0,0.95,518.4,150,40,6.54
7,0,49,215,518.4,0.0,0.99,517.41,150,40,6.59
7,0,37,349,517.41,0.0,0.81,516.6,150,40,6.24
7,0,34,152,516.6,0.0,0.63,515.98,150,40,5.94
7,0,25,286,515.98,0.0,0.52,515.46,150,40,5.85
7,0,45,128,515.46,0.0,0.93,514.53,150,40,5.62
7,0,35,343,514.53,0.0,0.79,513.74,150,40,5.2
7,0,26,209,513.74,0.0,0.53,513.21,150,40,4.85
7,0,33,182,513.21,0.0,0.64,512.57,150,40,4.9
7,0,46,232,512.57,0.0,0.86,511.71,150,40,5.03
7,0,40,265,511.71,0.0,0.76,510.95,150,40,5.33
7,0,42,207,510.95,0.0,0.82,510.13,150,40,5.29
7,0,41,359,510.13,0.0,0.89,509.24,150,40,5.4
7,0,48,244,509.24,0.0,0.9,508.34,150,40,5.86
7,0,49,327,508.34,0.0,0.99,507.36,150,40,5.91
7,0,35,305,507.36,0.0,0.69,506.67,150,40,5.85
7,0,40,172,506.67,0.0,0.8,505.87,150,40,6.09
7,0,50,111,505.87,0.0,1.0,504.87,150,40,6.14
7,0,49,339,504.87,0.0,0.87,504.0,150,40,5.94
7,0,30,184,504.0,0.0,0.69,503.31,150,40,5.61
7,0,29,248,503.31,0.0,0.57,502.74,150,40,5.55
7,0,46,297,502.74,0.0,0.93,501.81,150,40,5.47
7,0,28,309,501.81,0.0,0.61,501.21,150,40,5.47
7,0,33,253,501.21,0.0,0.8,500.4,150,40,4.95
7,0,25,225,500.4,0.0,0.48,499.92,150,40,4.94
7,0,40,236,499.92,0.0,0.86,499.06,150,40,5.15
7,0,49,155,499.06,0.0,0.9,498.17,150,40,5.42
7,0,46,145,498.17,0.0,0.84,497.32,150,40,4.99
7,0,25,184,497.32,0.0,0.5,496.82,150,40,5.12
7,0,37,189,496.82,0.0,0.74,496.08,150,40,5.11
7,0,38,234,496.08,0.0,0.79,495.28,150,40,5.3
7,0,30,116,495.28,0.0,0.67,494.61,150,40,4.92
7,0,26,243,494.61,0.0,0.48,494.13,150,40,4.88
7,0,40,268,494.13,0.0,0.86,493.28,150,40,5.07
7,0,50,219,493.28,0.0,1.03,492.24,150,40,5.37
7,0,33,160,492.24,0.0,0.8,491.44,150,40,5.79
7,0,49,133,491.44,169.5,1.16,659.78,150,40,6.05
7,0,49,186,659.78,0.0,1.05,658.72,150,40,6.21
7,0,37,173,658.72,0.0,0.83,657.89,150,40,6.61
7,0,50,179,657.89,0.0,0.88,657.01,150,40,6.46
7,0,31,194,657.01,0.0,0.71,656.31,150,40,5.98
7,0,27,329,656.31,0.0,0.55,655.76,150,40,5.94
7,0,33,349,655.76,0.0,0.76,655.0,150,40,5.5
7,0,31,357,655.0,0.0,0.72,654.28,150,40,5.43
7,0,45,222,654.28,0.0,0.98,653.3,150,40,5.18
7,0,27,174,653.3,0.0,0.58,652.72,150,40,4.96
7,0,33,119,652.72,0.0,0.66,652.06,150,40,5.14
7,0,40,267,652.06,0.0,0.89,651.17,150,40,5.3
7,0,37,264,651.17,0.0,0.71,650.46,150,40,5.55
7,0,46,315,650.46,0.0,1.01,649.45,150,40,5.48
7,0,30,325,649.45,0.0,0.65,648.8,150,40,5.56
7,0,50,92,648.8,0.0,1.06,647.75,150,40,5.87
7,0,37,328,647.75,0.0,0.89,646.86,150,40,5.92
7,0,31,287,646.86,0.0,0.71,646.14,150,40,5.74
7,0,36,122,646.14,0.0,0.71,645.43,150,40,5.86
7,0,36,347,645.43,0.0,0.83,644.6,150,40,5.78
7,0,40,357,644.6,0.0,0.93,643.67,150,40,6.05
7,0,44,296,643.67,0.0,0.92,642.75,150,40,5.74
7,0,35,359,642.75,0.0,0.75,642.0,150,40,5.95
7,0,45,353,642.0,0.0,1.1,640.9,150,40,6.08
7,0,35,214,640.9,0.0,0.84,640.06,150,40,5.92
7,0,25,256,640.06,0.0,0.55,639.51,150,40,6.15
7,0,42,327,639.51,0.0,1.06,638.44,150,40,6.36
5,0,34,247,91.92,0.0,0.08,91.85,40,20,0.65
5,0,44,241,91.85,0.0,0.09,91.75,40,20,0.6
5,0,41,151,91.75,0.0,0.07,91.68,40,20,0.58
5,0,28,159,91.68,0.0,0.06,91.63,40,20,0.52
5,0,28,179,91.63,0.0,0.06,91.57,40,20,0.52
5,0,28,123,91.57,0.0,0.07,91.5,40,20,0.55
5,0,50,140,91.5,0.0,0.12,91.38,40,20,0.57
5,0,44,114,91.38,0.0,0.1,91.29,40,20,0.58
5,0,37,348,91.29,0.0,0.1,91.18,40,20,0.59
5,0,32,193,91.18,0.0,0.08,91.11,40,20,0.64
5,0,50,230,91.11,0.0,0.11,91.0,40,20,0.68
5,0,46,152,91.0,0.0,0.1,90.9,40,20,0.7
5,0,35,254,90.9,0.0,0.09,90.81,40,20,0.69
5,0,49,165,90.81,0.0,0.11,90.7,40,20,0.68
5,0,36,191,90.7,0.0,0.09,90.61,40,20,0.66
5,0,37,299,90.61,0.0,0.08,90.53,40,20,0.67
5,0,43,196,90.53,0.0,0.09,90.43,40,20,0.64
5,0,30,305,90.43,0.0,0.08,90.36,40,20,0.65
5,0,48,299,90.36,0.0,0.11,90.25,40,20,0.66
5,0,38,139,90.25,0.0,0.1,90.14,40,20,0.64
5,0,37,205,90.14,0.0,0.09,90.05,40,20,0.67
5,0,46,296,90.05,0.0,0.12,89.93,40,20,0.7
5,0,48,253,89.93,0.0,0.11,89.82,40,20,0.68
5,0,30,240,89.82,0.0,0.07,89.75,40,20,0.67
5,0,33,218,89.75,0.0,0.07,89.68,40,20,0.62
5,0,27,225,89.68,0.0,0.06,89.62,40,20,0.61
5,0,36,315,89.62,0.0,0.09,89.54,40,20,0.6
5,0,32,239,89.54,0.0,0.08,89.45,40,20,0.57
5,0,37,247,89.45,0.0,0.09,89.36,40,20,0.53
5,0,33,188,89.36,0.0,0.07,89.29,40,20,0.55
5,0,33,310,89.29,0.0,0.09,89.2,40,20,0.58
5,0,42,138,89.2,0.0,0.1,89.1,40,20,0.65
5,0,46,239,89.1,0.0,0.13,88.97,40,20,0.63
5,0,30,300,88.97,0.0,0.07,88.9,40,20,0.64
5,0,39,287,88.9,0.0,0.09,88.81,40,20,0.63
5,0,35,237,88.81,0.0,0.08,88.73,40,20,0.66
5,0,44,303,88.73,0.0,0.1,88.63,40,20,0.64
5,0,30,335,88.63,0.0,0.07,88.56,40,20,0.63
5,0,40,155,88.56,0.0,0.09,88.47,40,20,0.56
5,0,25,178,88.47,0.0,0.06,88.41,40,20,0.54
5,0,26,346,88.41,0.0,0.05,88.36,40,20,0.54
5,0,37,179,88.36,0.0,0.09,88.27,40,20,0.52
5,0,27,162,88.27,0.0,0.06,88.21,40,20,0.52
5,0,39,334,88.21,0.0,0.1,88.11,40,20,0.56
5,0,46,236,88.11,0.0,0.11,88.0,40,20,0.58
5,0,46,260,88.0,0.0,0.11,87.89,40,20,0.59
5,0,25,322,87.89,0.0,0.07,87.83,40,20,0.66
5,0,48,264,87.83,0.0,0.12,87.71,40,20,0.62
5,0,27,102,87.71,0.0,0.05,87.66,40,20,0.68
5,0,48,134,87.66,0.0,0.12,87.53,40,20,0.66
5,0,30,151,87.53,0.0,0.08,87.46,40,20,0.64
5,0,34,341,87.46,0.0,0.09,87.37,40,20,0.6
5,0,31,243,87.37,0.0,0.07,87.29,40,20,0.62
5,0,38,274,87.29,0.0,0.09,87.21,40,20,0.6
5,0,41,165,87.21,0.0,0.1,87.11,40,20,0.62
5,0,30,186,87.11,0.0,0.07,87.03,40,20,0.6
5,0,39,223,87.03,0.0,0.1,86.93,40,20,0.64
5,0,47,200,86.93,0.0,0.12,86.81,40,20,0.66
5,0,46,228,86.81,0.0,0.11,86.7,40,20,0.71
5,0,46,328,86.7,0.0,0.12,86.58,40,20,0.75
5,0,50,96,86.58,0.0,0.13,86.45,40,20,0.74
5,0,32,148,86.45,0.0,0.09,86.36,40,20,0.74
5,0,26,183,86.36,0.0,0.07,86.3,40,20,0.7
5,0,26,353,86.3,0.0,0.06,86.23,40,20,0.65
5,0,28,335,86.23,0.0,0.07,86.16,40,20,0.68
5,0,50,298,86.16,0.0,0.14,86.03,40,20,0.69
5,0,50,175,86.03,0.0,0.13,85.9,40,20,0.64
5,0,32,318,85.9,0.0,0.08,85.82,40,20,0.64
5,0,32,353,85.82,0.0,0.09,85.73,40,20,0.68
5,0,42,191,85.73,0.0,0.11,85.61,40,20,0.72
5,0,34,162,85.61,0.0,0.1,85.52,40,20,0.77
5,0,48,326,85.52,0.0,0.12,85.39,40,20,0.72
5,0,37,330,85.39,0.0,0.09,85.31,40,20,0.67
5,0,32,360,85.31,0.0,0.08,85.22,40,20,0.67
5,0,34,92,85.22,0.0,0.08,85.15,40,20,0.66
5,0,32,101,85.15,0.0,0.08,85.07,40,20,0.61
5,0,30,159,85.07,0.0,0.06,85.01,40,20,0.6
5,0,32,314,85.01,0.0,0.09,84.92,40,20,0.55
5,0,29,238,84.92,0.0,0.07,84.85,40,20,0.53
5,0,27,277,84.85,0.0,0.07,84.78,40,20,0.51
5,0,29,135,84.78,0.0,0.06,84.72,40,20,0.5
5,0,28,221,84.72,0.0,0.07,84.65,40,20,0.54
5,0,44,261,84.65,0.0,0.12,84.52,40,20,0.59
5,0,43,174,84.52,0.0,0.11,84.41,40,20,0.58
5,0,29,114,84.41,0.0,0.08,84.33,40,20,0.62
5,0,45,321,84.33,0.0,0.11,84.23,40,20,0.68
5,0,48,326,84.23,0.0,0.13,84.09,40,20,0.69
5,0,28,198,84.09,0.0,0.07,84.02,40,20,0.69
5,0,28,104,84.02,0.0,0.07,83.95,40,20,0.68
5,0,46,326,83.95,0.0,0.11,83.84,40,20,0.68
5,0,47,281,83.84,0.0,0.11,83.73,40,20,0.68
5,0,34,194,83.73,0.0,0.08,83.65,40,20,0.69
5,0,46,301,83.65,0.0,0.12,83.53,40,20,0.64
5,0,30,134,83.53,0.0,0.08,83.45,40,20,0.66
5,0,38,276,83.45,0.0,0.09,83.36,40,20,0.71
5,0,47,108,83.36,0.0,0.12,83.23,40,20,0.69
5,0,36,138,83.23,0.0,0.09,83.14,40,20,0.7
5,0,49,356,83.14,0.0,0.12,83.02,40,20,0.7
5,0,31,109,83.02,0.0,0.08,82.94,40,20,0.65
5,0,28,250,82.94,0.0,0.07,82.87,40,20,0.63
5,0,27,344,82.87,0.0,0.06,82.81,40,20,0.63
5,0,34,93,82.81,0.0,0.09,82.72,40,20,0.6
5,0,39,116,82.72,0.0,0.09,82.63,40,20,0.62
5,0,45,138,82.63,0.0,0.11,82.52,40,20,0.61
5,0,44,106,82.52,0.0,0.11,82.41,40,20,0.6
5,0,29,309,82.41,0.0,0.07,82.34,40,20,0.61
5,0,34,308,82.34,0.0,0.08,82.26,40,20,0.62
5,0,31,234,82.26,0.0,0.07,82.19,40,20,0.63
5,0,40,236,82.19,0.0,0.1,82.08,40,20,0.62
5,0,35,238,82.08,0.0,0.08,82.0,40,20,0.57
5,0,25,176,82.0,0.0,0.06,81.94,40,20,0.52
5,0,27,293,81.94,0.0,0.06,81.88,40,20,0.52
5,0,29,171,81.88,0.0,0.07,81.8,40,20,0.54
5,0,42,293,81.8,0.0,0.1,81.71,40,20,0.56
5,0,32,187,81.71,0.0,0.09,81.62,40,20,0.54
5,0,36,188,81.62,0.0,0.08,81.53,40,20,0.57
5,0,48,304,81.53,0.0,0.11,81.42,40,20,0.6
5,0,36,137,81.42,0.0,0.09,81.34,40,20,0.65
5,0,43,270,81.34,0.0,0.11,81.23,40,20,0.68
5,0,38,271,81.23,0.0,0.1,81.13,40,20,0.67
5,0,38,207,81.13,0.0,0.09,81.03,40,20,0.67
5,0,36,245,81.03,0.0,0.09,80.94,40,20,0.69
5,0,43,128,80.94,0.0,0.1,80.84,40,20,0.7
5,0,44,331,80.84,0.0,0.12,80.72,40,20,0.7
5,0,36,269,80.72,0.0,0.09,80.63,40,20,0.71
5,0,46,141,80.63,0.0,0.12,80.51,40,20,0.68
5,0,29,226,80.51,0.0,0.07,80.45,40,20,0.66
5,0,31,266,80.45,0.0,0.07,80.38,40,20,0.69
5,0,49,192,80.38,0.0,0.12,80.26,40,20,0.69
5,0,43,155,80.26,0.0,0.1,80.15,40,20,0.63
5,0,25,125,80.15,0.0,0.06,80.1,40,20,0.62
5,0,38,292,80.1,0.0,0.08,80.01,40,20,0.6
5,0,40,126,80.01,0.0,0.1,79.92,40,20,0.58
5,0,28,297,79.92,0.0,0.05,79.87,40,20,0.59
5,0,35,163,79.87,0.0,0.08,79.79,40,20,0.52
5,0,25,221,79.79,0.0,0.05,79.74,40,20,0.49
5,0,30,195,79.74,0.0,0.07,79.67,40,20,0.55
5,0,49,141,79.67,0.0,0.12,79.55,40,20,0.55
5,0,34,237,79.55,0.0,0.08,79.48,40,20,0.51
5,0,25,192,79.48,0.0,0.06,79.41,40,20,0.53
5,0,31,331,79.41,0.0,0.07,79.34,40,20,0.56
5,0,48,115,79.34,0.0,0.11,79.23,40,20,0.61
5,0,37,179,79.23,0.0,0.1,79.13,40,20,0.6
5,0,25,154,79.13,0.0,0.06,79.07,40,20,0.58
5,0,38,121,79.07,0.0,0.1,78.97,40,20,0.6
5,0,40,100,78.97,0.0,0.1,78.87,40,20,0.6
5,0,27,156,78.87,0.0,0.06,78.81,40,20,0.65
5,0,43,176,78.81,0.0,0.12,78.69,40,20,0.63
5,0,35,174,78.69,0.0,0.09,78.6,40,20,0.64
5,0,41,97,78.6,0.0,0.11,78.49,40,20,0.68
5,0,47,183,78.49,0.0,0.1,78.39,40,20,0.69
5,0,42,309,78.39,0.0,0.11,78.28,40,20,0.67
5,0,36,145,78.28,0.0,0.08,78.2,40,20,0.7
5,0,37,342,78.2,0.0,0.09,78.11,40,20,0.67
5,0,41,295,78.11,0.0,0.09,78.01,40,20,0.68
5,0,40,296,78.01,0.0,0.1,77.91,40,20,0.64
5,0,30,296,77.91,0.0,0.07,77.84,40,20,0.61
5,0,32,121,77.84,0.0,0.07,77.77,40,20,0.58
5,0,32,160,77.77,0.0,0.08,77.69,40,20,0.57
5,0,33,203,77.69,0.0,0.07,77.62,40,20,0.56
5,0,33,182,77.62,0.0,0.08,77.55,40,20,0.58
5,0,50,99,77.55,0.0,0.11,77.44,40,20,0.57
5,0,39,286,77.44,0.0,0.09,77.35,40,20,0.6
5,0,44,139,77.35,0.0,0.1,77.25,40,20,0.61
5,0,35,106,77.25,0.0,0.08,77.17,40,20,0.62
5,0,36,266,77.17,0.0,0.09,77.08,40,20,0.62
5,0,32,121,77.08,0.0,0.07,77.01,40,20,0.64
5,0,45,118,77.01,0.0,0.1,76.91,40,20,0.61
5,0,31,232,76.91,0.0,0.08,76.83,40,20,0.58
5,0,26,284,76.83,0.0,0.06,76.77,40,20,0.54
5,0,26,185,76.77,0.0,0.06,76.71,40,20,0.57
5,0,50,355,76.71,0.0,0.11,76.6,40,20,0.57
5,0,45,314,76.6,0.0,0.09,76.51,40,20,0.6
5,0,46,101,76.51,0.0,0.1,76.41,40,20,0.58
5,0,39,96,76.41,0.0,0.08,76.32,40,20,0.61
5,0,46,135,76.32,0.0,0.11,76.21,40,20,0.65
5,0,50,139,76.21,0.0,0.1,76.12,40,20,0.66
5,0,29,157,76.12,0.0,0.07,76.04,40,20,0.64
5,0,42,168,76.04,0.0,0.09,75.95,40,20,0.66
5,0,50,123,75.95,0.0,0.11,75.84,40,20,0.67
5,0,47,239,75.84,0.0,0.11,75.72,40,20,0.66
5,0,34,110,75.72,0.0,0.07,75.65,40,20,0.67
5,0,49,215,75.65,0.0,0.12,75.53,40,20,0.66
5,0,45,325,75.53,0.0,0.09,75.44,40,20,0.67
5,0,30,329,75.44,0.0,0.08,75.36,40,20,0.66
5,0,39,201,75.36,0.0,0.08,75.28,40,20,0.62
5,0,28,138,75.28,0.0,0.07,75.21,40,20,0.58
5,0,31,146,75.21,0.0,0.07,75.15,40,20,0.58
5,0,34,252,75.15,0.0,0.07,75.07,40,20,0.57
5,0,43,253,75.07,0.0,0.11,74.97,40,20,0.59
5,0,48,129,74.97,0.0,0.11,74.85,40,20,0.58
5,0,32,291,74.85,0.0,0.07,74.78,40,20,0.6
5,0,48,330,74.78,0.0,0.1,74.68,40,20,0.6
5,0,30,107,74.68,0.0,0.07,74.61,40,20,0.63
5,0,44,198,74.61,0.0,0.1,74.51,40,20,0.62
5,0,26,145,74.51,0.0,0.06,74.44,40,20,0.56
5,0,25,283,74.44,0.0,0.05,74.4,40,20,0.56
5,0,49,134,74.4,0.0,0.11,74.29,40,20,0.55
5,0,27,264,74.29,0.0,0.06,74.22,40,20,0.58
5,0,50,309,74.22,0.0,0.13,74.09,40,20,0.59
5,0,40,113,74.09,0.0,0.08,74.01,40,20,0.56
5,0,31,299,74.01,0.0,0.07,73.95,40,20,0.6
5,0,43,128,73.95,0.0,0.1,73.85,40,20,0.6
5,0,25,197,73.85,0.0,0.05,73.8,40,20,0.56
5,0,29,244,73.8,0.0,0.07,73.73,40,20,0.56
5,0,30,211,73.73,0.0,0.06,73.67,40,20,0.49
5,0,27,103,73.67,0.0,0.06,73.61,40,20,0.5
5,0,42,349,73.61,0.0,0.09,73.52,40,20,0.54
5,0,49,170,73.52,0.0,0.11,73.41,40,20,0.5
5,0,30,262,73.41,0.0,0.06,73.35,40,20,0.55
5,0,45,132,73.35,0.0,0.1,73.25,40,20,0.56
5,0,40,301,73.25,0.0,0.08,73.17,40,20,0.57
5,0,34,337,73.17,0.0,0.07,73.1,40,20,0.6
5,0,38,339,73.1,0.0,0.09,73.01,40,20,0.57
5,0,30,243,73.01,0.0,0.06,72.95,40,20,0.57
5,0,47,292,72.95,0.0,0.11,72.84,40,20,0.6
5,0,49,299,72.84,0.0,0.09,72.75,40,20,0.58
5,0,36,325,72.75,0.0,0.08,72.67,40,20,0.62
5,0,50,267,72.67,0.0,0.12,72.55,40,20,0.62
5,0,34,238,72.55,0.0,0.07,72.48,40,20,0.63
5,0,48,234,72.48,0.0,0.1,72.38,40,20,0.65
5,0,39,246,72.38,0.0,0.08,72.3,40,20,0.62
5,0,39,331,72.3,0.0,0.08,72.22,40,20,0.61
5,0,42,158,72.22,0.0,0.08,72.14,40,20,0.61
5,0,38,255,72.14,0.0,0.08,72.06,40,20,0.56
5,0,33,226,72.06,0.0,0.07,71.99,40,20,0.59
5,0,46,105,71.99,0.0,0.1,71.89,40,20,0.55
5,0,26,184,71.89,0.0,0.06,71.83,40,20,0.55
5,0,46,126,71.83,0.0,0.08,71.75,40,20,0.58
5,0,50,246,71.75,0.0,0.11,71.64,40,20,0.56
5,0,28,275,71.64,0.0,0.06,71.58,40,20,0.57
5,0,39,141,71.58,0.0,0.09,71.49,40,20,0.59
5,0,40,336,71.49,0.0,0.09,71.4,40,20,0.57
5,0,42,103,71.4,0.0,0.08,71.31,40,20,0.59
5,0,35,251,71.31,0.0,0.08,71.23,40,20,0.58
5,0,40,330,71.23,0.0,0.07,71.16,40,20,0.56
5,0,42,242,71.16,0.0,0.09,71.07,40,20,0.59
5,0,45,177,71.07,0.0,0.09,70.98,40,20,0.55
5,0,25,214,70.98,0.0,0.05,70.93,40,20,0.55
5,0,39,102,70.93,0.0,0.09,70.84,40,20,0.57
5,0,47,283,70.84,0.0,0.1,70.73,40,20,0.58
5,0,41,208,70.73,0.0,0.09,70.65,40,20,0.58
5,0,31,188,70.65,0.0,0.07,70.57,40,20,0.61
5,0,50,144,70.57,0.0,0.12,70.46,40,20,0.62
5,0,40,298,70.46,0.0,0.1,70.36,40,20,0.63
5,0,26,232,70.36,0.0,0.06,70.3,40,20,0.64
5,0,46,204,70.3,0.0,0.1,70.2,40,20,0.59
5,0,26,210,70.2,0.0,0.05,70.15,40,20,0.57
5,0,34,254,70.15,0.0,0.07,70.08,40,20,0.6
5,0,47,242,70.08,0.0,0.1,69.98,40,20,0.54
5,0,29,338,69.98,0.0,0.06,69.92,40,20,0.49
5,0,26,127,69.92,0.0,0.05,69.87,40,20,0.52
5,0,44,116,69.87,0.0,0.09,69.78,40,20,0.48
5,0,31,214,69.78,0.0,0.06,69.72,40,20,0.52
5,0,42,132,69.72,0.0,0.09,69.64,40,20,0.51
5,0,28,234,69.64,0.0,0.06,69.58,40,20,0.48
5,0,31,186,69.58,0.0,0.07,69.51,40,20,0.49
5,0,36,119,69.51,0.0,0.07,69.44,40,20,0.51
5,0,34,319,69.44,0.0,0.07,69.37,40,20,0.48
5,0,34,309,69.37,0.0,0.06,69.31,40,20,0.47
5,0,25,346,69.31,0.0,0.05,69.26,40,20,0.43
5,0,27,115,69.26,0.0,0.05,69.2,40,20,0.46
5,0,43,288,69.2,0.0,0.09,69.11,40,20,0.49
5,0,45,275,69.11,0.0,0.1,69.02,40,20,0.51
5,0,49,130,69.02,0.0,0.09,68.92,40,20,0.51
5,0,32,199,68.92,0.0,0.07,68.85,40,20,0.51
5,0,28,302,68.85,0.0,0.06,68.79,40,20,0.55
5,0,42,117,68.79,0.0,0.09,68.7,40,20,0.59
5,0,45,327,68.7,0.0,0.09,68.61,40,20,0.56
5,0,30,208,68.61,0.0,0.06,68.55,40,20,0.52
5,0,26,199,68.55,0.0,0.06,68.49,40,20,0.52
5,0,43,135,68.49,0.0,0.09,68.4,40,20,0.51
5,0,34,140,68.4,0.0,0.06,68.33,40,20,0.53
5,0,33,118,68.33,0.0,0.08,68.26,40,20,0.52
5,0,35,286,68.26,0.0,0.08,68.18,40,20,0.5
5,0,35,187,68.18,0.0,0.07,68.11,40,20,0.49
5,0,27,114,68.11,0.0,0.05,68.06,40,20,0.5
5,0,33,257,68.06,0.0,0.07,67.99,40,20,0.48
5,0,36,310,67.99,0.0,0.07,67.92,40,20,0.48
5,0,31,139,67.92,0.0,0.06,67.86,40,20,0.48
5,0,42,186,67.86,0.0,0.08,67.78,40,20,0.48
5,0,41,139,67.78,0.0,0.08,67.7,40,20,0.47
5,0,34,260,67.7,0.0,0.06,67.63,40,20,0.51
5,0,43,323,67.63,0.0,0.09,67.54,40,20,0.5
5,0,30,322,67.54,0.0,0.06,67.48,40,20,0.5
5,0,37,288,67.48,0.0,0.07,67.41,40,20,0.54
5,0,46,291,67.41,0.0,0.1,67.31,40,20,0.55
5,0,43,290,67.31,0.0,0.09,67.22,40,20,0.55
5,0,38,152,67.22,0.0,0.08,67.14,40,20,0.54
5,0,26,222,67.14,0.0,0.05,67.09,40,20,0.53
5,0,40,233,67.09,0.0,0.08,67.01,40,20,0.57
5,0,48,156,67.01,0.0,0.1,66.91,40,20,0.61
5,0,42,182,66.91,0.0,0.11,66.8,40,20,0.62
5,0,50,102,66.8,0.0,0.11,66.69,40,20,0.59
5,0,27,222,66.69,0.0,0.06,66.63,40,20,0.58
5,0,33,326,66.63,0.0,0.07,66.56,40,20,0.6
5,0,35,286,66.56,0.0,0.07,66.49,40,20,0.61
5,0,44,164,66.49,0.0,0.09,66.4,40,20,0.58
5,0,34,209,66.4,0.0,0.07,66.33,40,20,0.54
5,0,32,167,66.33,0.0,0.07,66.26,40,20,0.51
5,0,37,325,66.26,0.0,0.08,66.18,40,20,0.51
5,0,30,129,66.18,0.0,0.06,66.12,40,20,0.49
5,0,28,123,66.12,0.0,0.05,66.06,40,20,0.53
5,0,50,345,66.06,0.0,0.11,65.95,40,20,0.54
5,0,48,128,65.95,0.0,0.1,65.86,40,20,0.56
5,0,45,231,65.86,0.0,0.09,65.77,40,20,0.58
5,0,39,94,65.77,0.0,0.09,65.68,40,20,0.59
5,0,41,178,65.68,0.0,0.09,65.59,40,20,0.62
5,0,42,321,65.59,0.0,0.09,65.5,40,20,0.64
5,0,32,348,65.5,0.0,0.07,65.42,40,20,0.63
5,0,47,102,65.42,0.0,0.1,65.33,40,20,0.6
5,0,35,207,65.33,0.0,0.07,65.26,40,20,0.59
5,0,39,291,65.26,0.0,0.08,65.18,40,20,0.56
5,0,25,219,65.18,0.0,0.06,65.12,40,20,0.55
5,0,42,138,65.12,0.0,0.08,65.04,40,20,0.54
5,0,36,159,65.04,0.0,0.08,64.97,40,20,0.53
5,0,26,151,64.97,0.0,0.06,64.91,40,20,0.52
5,0,39,245,64.91,0.0,0.09,64.82,40,20,0.51
5,0,30,317,64.82,0.0,0.06,64.76,40,20,0.54
5,0,50,225,64.76,0.0,0.11,64.65,40,20,0.59
5,0,49,355,64.65,0.0,0.11,64.54,40,20,0.59
5,0,41,266,64.54,0.0,0.08,64.46,40,20,0.58
5,0,28,159,64.46,0.0,0.07,64.39,40,20,0.6
5,0,34,136,64.39,0.0,0.08,64.32,40,20,0.62
5,0,48,314,64.32,0.0,0.11,64.2,40,20,0.61
5,0,27,353,64.2,0.0,0.05,64.15,40,20,0.57
5,0,31,159,64.15,0.0,0.07,64.08,40,20,0.52
5,0,27,158,64.08,0.0,0.06,64.02,40,20,0.54
5,0,46,157,64.02,0.0,0.1,63.92,40,20,0.53
5,0,26,101,63.92,0.0,0.06,63.86,40,20,0.52
5,0,34,259,63.86,0.0,0.07,63.79,40,20,0.51
5,0,44,99,63.79,0.0,0.1,63.69,40,20,0.57
5,0,50,317,63.69,0.0,0.11,63.58,40,20,0.59
5,0,46,265,63.58,0.0,0.09,63.49,40,20,0.63
5,0,46,170,63.49,0.0,0.1,63.39,40,20,0.62
5,0,39,207,63.39,0.0,0.09,63.3,40,20,0.63
5,0,31,285,63.3,0.0,0.07,63.23,40,20,0.64
5,0,43,148,63.23,0.0,0.08,63.14,40,20,0.61
5,0,27,233,63.14,0.0,0.07,63.08,40,20,0.59
5,0,41,145,63.08,0.0,0.09,62.99,40,20,0.6
5,0,45,288,62.99,0.0,0.1,62.88,40,20,0.56
5,0,27,128,62.88,0.0,0.06,62.82,40,20,0.53
5,0,25,151,62.82,0.0,0.06,62.76,40,20,0.55
5,0,38,314,62.76,0.0,0.09,62.67,40,20,0.55
5,0,35,162,62.67,0.0,0.08,62.59,40,20,0.53
5,0,29,244,62.59,0.0,0.05,62.54,40,20,0.54
5,0,43,348,62.54,0.0,0.1,62.44,40,20,0.53
5,0,42,240,62.44,0.0,0.09,62.35,40,20,0.54
5,0,31,133,62.35,0.0,0.07,62.28,40,20,0.55
5,0,30,311,62.28,0.0,0.07,62.21,40,20,0.57
5,0,49,115,62.21,0.0,0.11,62.09,40,20,0.58
5,0,34,242,62.09,0.0,0.09,62.01,40,20,0.64
5,0,50,274,62.01,0.0,0.11,61.9,40,20,0.61
5,0,31,223,61.9,0.0,0.07,61.83,40,20,0.59
5,0,32,170,61.83,0.0,0.07,61.76,40,20,0.62
5,0,45,251,61.76,0.0,0.1,61.65,40,20,0.61
5,0,27,193,61.65,0.0,0.06,61.59,40,20,0.57
5,0,29,270,61.59,0.0,0.07,61.52,40,20,0.56
5,0,34,91,61.52,0.0,0.08,61.45,40,20,0.56
5,0,48,105,61.45,0.0,0.11,61.34,40,20,0.58
5,0,34,140,61.34,0.0,0.09,61.25,40,20,0.58
5,0,30,285,61.25,0.0,0.07,61.18,40,20,0.56
5,0,35,197,61.18,0.0,0.08,61.11,40,20,0.57
5,0,33,149,61.11,0.0,0.07,61.03,40,20,0.6
5,0,45,254,61.03,0.0,0.1,60.93,40,20,0.6
5,0,33,267,60.93,0.0,0.08,60.86,40,20,0.56
5,0,36,236,60.86,0.0,0.07,60.78,40,20,0.54
5,0,31,235,60.78,0.0,0.07,60.72,40,20,0.53
5,0,28,343,60.72,0.0,0.06,60.66,40,20,0.53
5,0,31,219,60.66,0.0,0.08,60.58,40,20,0.53
5,0,30,271,60.58,0.0,0.07,60.5,40,20,0.49
5,0,26,270,60.5,0.0,0.06,60.44,40,20,0.52
5,0,44,170,60.44,0.0,0.11,60.33,40,20,0.53
5,0,34,337,60.33,0.0,0.08,60.25,40,20,0.57
5,0,49,130,60.25,0.0,0.11,60.14,40,20,0.58
5,0,31,338,60.14,0.0,0.07,60.07,40,20,0.57
5,0,27,108,60.07,0.0,0.07,60.0,40,20,0.58
5,0,31,219,60.0,0.0,0.08,59.92,40,20,0.62
5,0,42,194,59.92,0.0,0.1,59.82,40,20,0.61
5,0,45,229,59.82,0.0,0.1,59.72,40,20,0.6
5,0,31,304,59.72,0.0,0.07,59.65,40,20,0.57
5,0,33,102,59.65,0.0,0.08,59.57,40,20,0.59
5,0,45,173,59.57,0.0,0.09,59.47,40,20,0.63
5,0,40,206,59.47,0.0,0.11,59.36,40,20,0.65
5,0,40,291,59.36,0.0,0.1,59.27,40,20,0.64
5,0,38,217,59.27,0.0,0.09,59.17,40,20,0.6
5,0,32,196,59.17,0.0,0.06,59.11,40,20,0.59
5,0,26,293,59.11,0.0,0.06,59.05,40,20,0.63
5,0,49,333,59.05,0.0,0.12,58.93,40,20,0.63
5,0,41,311,58.93,0.0,0.09,58.84,40,20,0.59
5,0,33,242,58.84,0.0,0.07,58.76,40,20,0.6
5,0,47,169,58.76,0.0,0.11,58.65,40,20,0.62
5,0,44,188,58.65,0.0,0.11,58.54,40,20,0.64
5,0,36,121,58.54,0.0,0.08,58.46,40,20,0.67
5,0,33,229,58.46,0.0,0.09,58.37,40,20,0.62
5,0,27,117,58.37,0.0,0.07,58.31,40,20,0.63
5,0,46,343,58.31,0.0,0.1,58.21,40,20,0.69
5,0,47,214,58.21,0.0,0.13,58.08,40,20,0.7
5,0,50,155,58.08,0.0,0.12,57.95,40,20,0.71
5,0,48,300,57.95,0.0,0.12,57.83,40,20,0.72
5,0,34,192,57.83,0.0,0.09,57.74,40,20,0.69
5,0,26,285,57.74,0.0,0.06,57.68,40,20,0.72
5,0,43,115,57.68,0.0,0.1,57.58,40,20,0.7
5,0,32,272,57.58,0.0,0.08,57.5,40,20,0.68
5,0,42,167,57.5,0.0,0.11,57.4,40,20,0.67
5,0,44,360,57.4,0.0,0.11,57.28,40,20,0.64
5,0,35,227,57.28,0.0,0.09,57.2,40,20,0.62
5,0,29,284,57.2,0.0,0.07,57.12,40,20,0.63
5,0,31,216,57.12,0.0,0.07,57.06,40,20,0.65
5,0,47,147,57.06,0.0,0.12,56.93,40,20,0.66
5,0,42,240,56.93,0.0,0.09,56.84,40,20,0.63
5,0,38,171,56.84,0.0,0.08,56.77,40,20,0.58
5,0,25,239,56.77,0.0,0.06,56.71,40,20,0.59
5,0,40,195,56.71,0.0,0.1,56.61,40,20,0.65
5,0,50,184,56.61,0.0,0.13,56.48,40,20,0.63
5,0,27,305,56.48,0.0,0.05,56.43,40,20,0.6
5,0,41,98,56.43,0.0,0.09,56.34,40,20,0.58
5,0,30,322,56.34,0.0,0.07,56.26,40,20,0.62
5,0,46,152,56.26,0.0,0.12,56.14,40,20,0.64
5,0,39,113,56.14,0.0,0.08,56.06,40,20,0.65
5,0,44,146,56.06,0.0,0.11,55.95,40,20,0.64
5,0,47,295,55.95,0.0,0.12,55.83,40,20,0.66
5,0,25,192,55.83,0.0,0.07,55.76,40,20,0.67
5,0,41,149,55.76,0.0,0.1,55.66,40,20,0.68
5,0,30,301,55.66,0.0,0.08,55.57,40,20,0.63
5,0,29,196,55.57,0.0,0.07,55.5,40,20,0.63
5,0,35,317,55.5,0.0,0.08,55.42,40,20,0.6
5,0,37,218,55.42,0.0,0.08,55.34,40,20,0.58
5,0,42,228,55.34,0.0,0.1,55.24,40,20,0.61
5,0,38,238,55.24,0.0,0.1,55.15,40,20,0.6
5,0,40,245,55.15,0.0,0.09,55.05,40,20,0.63
5,0,43,331,55.05,0.0,0.11,54.94,40,20,0.69
5,0,50,233,54.94,0.0,0.13,54.82,40,20,0.7
5,0,36,335,54.82,0.0,0.09,54.73,40,20,0.71
5,0,42,124,54.73,0.0,0.09,54.64,40,20,0.7
5,0,36,204,54.64,0.0,0.09,54.55,40,20,0.71
5,0,39,344,54.55,0.0,0.11,54.44,40,20,0.72
5,0,39,150,54.44,0.0,0.1,54.34,40,20,0.69
5,0,31,133,54.34,0.0,0.08,54.26,40,20,0.62
5,0,25,190,54.26,0.0,0.06,54.2,40,20,0.61
5,0,33,220,54.2,0.0,0.08,54.12,40,20,0.62
5,0,45,348,54.12,0.0,0.1,54.01,40,20,0.62
5,0,40,128,54.01,47.51,0.09,101.44,40,20,0.61
5,0,37,303,101.44,0.0,0.1,101.34,40,20,0.65
5,0,49,220,101.34,0.0,0.14,101.2,40,20,0.64
5,0,30,168,101.2,54.83,0.07,155.96,40,20,0.71
5,0,49,113,155.96,0.0,0.13,155.83,40,20,0.73
5,0,45,198,155.83,0.0,0.1,155.73,40,20,0.75
5,0,49,316,155.73,0.0,0.12,155.61,40,20,0.73
5,0,25,270,155.61,0.0,0.07,155.54,40,20,0.72
5,0,36,156,155.54,0.0,0.09,155.46,40,20,0.67
5,0,40,166,155.46,0.0,0.09,155.36,40,20,0.69
5,0,33,289,155.36,0.0,0.09,155.27,40,20,0.67
5,0,44,147,155.27,0.0,0.11,155.15,40,20,0.65
5,0,31,94,155.15,0.0,0.08,155.07,40,20,0.6
5,0,35,119,155.07,0.0,0.07,155.0,40,20,0.63
5,0,38,209,155.0,0.0,0.1,154.9,40,20,0.64
5,0,40,320,154.9,0.0,0.1,154.8,40,20,0.65
5,0,42,327,154.8,0.0,0.1,154.7,40,20,0.67
5,0,46,285,154.7,0.0,0.11,154.59,40,20,0.65
5,0,40,161,154.59,0.0,0.09,154.5,40,20,0.67
5,0,39,105,154.5,0.0,0.1,154.4,40,20,0.72
5,0,47,105,154.4,0.0,0.12,154.28,40,20,0.72
5,0,39,278,154.28,0.0,0.1,154.18,40,20,0.7
5,0,32,93,154.18,0.0,0.08,154.09,40,20,0.69
5,0,39,349,154.09,31.86,0.09,185.85,40,20,0.65
5,0,31,95,185.85,0.0,0.07,185.79,40,20,0.69
5,0,48,179,185.79,0.0,0.13,185.66,40,20,0.67
5,0,32,181,185.66,0.0,0.08,185.58,40,20,0.64
5,0,33,301,185.58,0.0,0.09,185.5,40,20,0.64
5,0,41,330,185.5,0.0,0.1,185.39,40,20,0.64
5,0,31,126,185.39,0.0,0.08,185.31,40,20,0.62
5,0,29,114,185.31,0.0,0.07,185.24,40,20,0.67
5,0,50,249,185.24,0.0,0.12,185.12,40,20,0.61
5,0,30,279,185.12,0.0,0.07,185.05,40,20,0.63
5,0,41,191,185.05,0.0,0.1,184.95,40,20,0.62
5,0,34,119,184.95,0.0,0.08,184.87,40,20,0.59
5,0,29,156,184.87,0.0,0.07,184.8,40,20,0.61
5,0,33,114,184.8,0.0,0.1,184.7,40,20,0.61
5,0,29,330,184.7,0.0,0.07,184.63,40,20,0.58
5,0,34,116,184.63,0.0,0.09,184.54,40,20,0.62
5,0,42,213,184.54,0.0,0.11,184.43,40,20,0.58
5,0,26,171,184.43,0.0,0.06,184.38,40,20,0.59
5,0,38,212,184.38,40.06,0.09,224.34,40,20,0.58
5,0,30,277,224.34,0.0,0.06,224.28,40,20,0.56
5,0,29,182,224.28,0.0,0.08,224.2,40,20,0.56
5,0,27,354,224.2,0.0,0.07,224.13,40,20,0.55
5,0,33,292,224.13,0.0,0.08,224.05,40,20,0.52
5,0,29,326,224.05,0.0,0.08,223.97,40,20,0.54
5,0,35,329,223.97,0.0,0.08,223.88,40,20,0.55
5,0,39,333,223.88,0.0,0.1,223.79,40,20,0.55
5,0,26,269,223.79,0.0,0.06,223.73,40,20,0.57
5,0,44,166,223.73,0.0,0.1,223.62,40,20,0.59
5,0,40,163,223.62,0.0,0.09,223.53,40,20,0.58
5,0,31,168,223.53,0.0,0.07,223.46,40,20,0.61
5,0,40,115,223.46,0.0,0.11,223.34,40,20,0.62
5,0,36,153,223.34,0.0,0.09,223.25,40,20,0.61
5,0,35,305,223.25,0.0,0.09,223.16,40,20,0.64
5,0,37,148,223.16,0.0,0.09,223.07,40,20,0.63
5,0,50,103,223.07,0.0,0.09,222.98,40,20,0.64
5,0,41,209,222.98,0.0,0.1,222.88,40,20,0.67
5,0,43,169,222.88,0.0,0.1,222.78,40,20,0.63
5,0,31,279,222.78,0.0,0.07,222.71,40,20,0.62
5,0,33,122,222.71,0.0,0.08,222.63,40,20,0.61
5,0,34,214,222.63,0.0,0.08,222.55,40,20,0.63
5,0,50,307,222.55,0.0,0.11,222.44,40,20,0.61
5,0,29,293,222.44,0.0,0.07,222.36,40,20,0.61
5,0,43,347,222.36,0.0,0.1,222.27,40,20,0.62
5,0,48,138,222.27,0.0,0.11,222.16,40,20,0.65
5,0,39,147,222.16,0.0,0.1,222.06,40,20,0.66
5,0,33,214,222.06,0.0,0.09,221.97,40,20,0.64
5,0,30,350,221.97,0.0,0.06,221.91,40,20,0.61
5,0,32,301,221.91,0.0,0.08,221.83,40,20,0.65
5,0,48,319,221.83,0.0,0.11,221.72,40,20,0.66
5,0,44,219,221.72,0.0,0.11,221.62,40,20,0.6
5,0,31,249,221.62,0.0,0.05,221.57,40,20,0.6
5,0,42,178,221.57,0.0,0.1,221.47,40,20,0.58
5,0,35,276,221.47,27.29,0.07,248.69,40,20,0.6
5,0,40,93,248.69,0.0,0.08,248.61,40,20,0.61
5,0,36,293,248.61,0.0,0.09,248.53,40,20,0.56
5,0,33,137,248.53,0.0,0.06,248.46,40,20,0.55
5,0,44,252,248.46,0.0,0.1,248.36,40,20,0.6
5,0,39,180,248.36,0.0,0.1,248.25,40,20,0.55
5,0,26,235,248.25,0.0,0.05,248.2,40,20,0.54
5,0,25,194,248.2,0.0,0.06,248.14,40,20,0.53
5,0,31,160,248.14,0.0,0.07,248.07,40,20,0.51
5,0,27,261,248.07,0.0,0.07,248.0,40,20,0.55
5,0,41,231,248.0,0.0,0.1,247.9,40,20,0.51
5,0,25,256,247.9,0.0,0.06,247.84,40,20,0.52
5,0,47,324,247.84,0.0,0.11,247.73,40,20,0.55
5,0,31,239,247.73,0.0,0.08,247.65,40,20,0.55
5,0,25,316,247.65,0.0,0.06,247.6,40,20,0.57
5,0,36,286,247.6,0.0,0.09,247.5,40,20,0.57
5,0,34,116,247.5,0.0,0.07,247.43,40,20,0.53
5,0,29,249,247.43,0.0,0.06,247.37,40,20,0.55
5,0,37,199,247.37,0.0,0.08,247.29,40,20,0.52
5,0,32,217,247.29,0.0,0.08,247.21,40,20,0.54
5,0,47,148,247.21,0.0,0.1,247.11,40,20,0.54
5,0,29,324,247.11,0.0,0.06,247.06,40,20,0.55
5,0,45,153,247.06,0.0,0.1,246.95,40,20,0.6
5,0,49,220,246.95,0.0,0.12,246.83,40,20,0.63
5,0,43,97,246.83,0.0,0.09,246.74,40,20,0.63
5,0,31,242,246.74,0.0,0.08,246.66,40,20,0.63
5,0,36,132,246.66,0.0,0.08,246.58,40,20,0.65
5,0,48,219,246.58,0.0,0.12,246.46,40,20,0.7
5,0,50,204,246.46,0.0,0.11,246.34,40,20,0.69
5,0,45,274,246.34,0.0,0.09,246.25,40,20,0.62
5,0,27,176,246.25,0.0,0.05,246.2,40,20,0.62
5,0,45,113,246.2,0.0,0.09,246.11,40,20,0.62
5,0,31,346,246.11,0.0,0.08,246.03,40,20,0.63
5,0,46,260,246.03,0.0,0.09,245.94,40,20,0.58
5,0,27,305,245.94,0.0,0.07,245.87,40,20,0.58
5,0,48,193,245.87,0.0,0.11,245.76,40,20,0.56
5,0,34,268,245.76,0.0,0.07,245.69,40,20,0.59
5,0,35,98,245.69,0.0,0.08,245.6,40,20,0.58
5,0,41,281,245.6,0.0,0.08,245.52,40,20,0.57
5,0,28,174,245.52,0.0,0.07,245.46,40,20,0.56
5,0,45,259,245.46,0.0,0.08,245.38,40,20,0.54
5,0,25,117,245.38,0.0,0.05,245.32,40,20,0.52
5,0,39,141,245.32,0.0,0.09,245.24,40,20,0.55
5,0,46,179,245.24,0.0,0.1,245.14,40,20,0.53
5,0,26,244,245.14,0.0,0.06,245.08,40,20,0.55
5,0,46,175,245.08,0.0,0.1,244.98,40,20,0.58
5,0,46,107,244.98,0.0,0.1,244.88,40,20,0.56
5,0,27,328,244.88,0.0,0.06,244.83,40,20,0.6
5,0,35,225,244.83,0.0,0.09,244.74,40,20,0.58
5,0,30,270,244.74,0.0,0.07,244.67,40,20,0.58
5,0,46,269,244.67,0.0,0.1,244.57,40,20,0.63
5,0,49,312,244.57,0.0,0.11,244.46,40,20,0.59
5,0,28,320,244.46,0.0,0.06,244.41,40,20,0.58
5,0,41,179,244.41,0.0,0.09,244.32,40,20,0.58
5,0,30,148,244.32,0.0,0.06,244.26,40,20,0.56
5,0,32,265,244.26,0.0,0.07,244.19,40,20,0.58
5,0,47,117,244.19,0.0,0.09,244.1,40,20,0.55
5,0,31,245,244.1,0.0,0.07,244.03,40,20,0.5
5,0,26,98,244.03,0.0,0.06,243.97,40,20,0.54
5,0,47,253,243.97,0.0,0.1,243.87,40,20,0.55
5,0,41,329,243.87,0.0,0.1,243.77,40,20,0.59
5,0,48,128,243.77,0.0,0.1,243.68,40,20,0.58
5,0,25,317,243.68,0.0,0.06,243.62,40,20,0.57
5,0,38,164,243.62,0.0,0.08,243.53,40,20,0.61
5,0,49,108,243.53,0.0,0.11,243.43,40,20,0.65
5,0,49,132,243.43,0.0,0.1,243.32,40,20,0.64
5,0,45,150,243.32,0.0,0.09,243.24,40,20,0.65
5,0,49,111,243.24,0.0,0.11,243.12,40,20,0.63
5,0,45,291,243.12,0.0,0.08,243.05,40,20,0.67
5,0,42,141,243.05,0.0,0.1,242.95,40,20,0.68
5,0,39,332,242.95,0.0,0.09,242.86,40,20,0.64
5,0,28,234,242.86,0.0,0.07,242.78,40,20,0.62
5,0,43,198,242.78,0.0,0.08,242.7,40,20,0.63
5,0,48,273,242.7,0.0,0.1,242.6,40,20,0.59
5,0,31,101,242.6,0.0,0.07,242.53,40,20,0.61
5,0,48,104,242.53,0.0,0.1,242.44,40,20,0.58
5,0,32,203,242.44,0.0,0.07,242.37,40,20,0.58
5,0,40,166,242.37,0.0,0.09,242.28,40,20,0.59
5,0,39,215,242.28,0.0,0.08,242.2,40,20,0.56
5,0,27,199,242.2,0.0,0.05,242.15,40,20,0.52
5,0,31,325,242.15,0.0,0.06,242.08,40,20,0.53
5,0,39,164,242.08,0.0,0.08,242.0,40,20,0.5
5,0,37,136,242.0,0.0,0.07,241.94,40,20,0.53
5,0,44,264,241.94,0.0,0.1,241.84,40,20,0.5
5,0,26,134,241.84,0.0,0.06,241.78,40,20,0.53
5,0,49,290,241.78,0.0,0.11,241.67,40,20,0.53
5,0,27,258,241.67,0.0,0.05,241.62,40,20,0.55
5,0,40,253,241.62,0.0,0.08,241.53,40,20,0.51
5,0,25,178,241.53,0.0,0.04,241.49,40,20,0.55
5,0,47,253,241.49,0.0,0.11,241.38,40,20,0.56
5,0,49,279,241.38,0.0,0.11,241.27,40,20,0.56
5,0,29,107,241.27,0.0,0.06,241.21,40,20,0.5
5,0,26,162,241.21,0.0,0.05,241.16,40,20,0.54
5,0,40,124,241.16,0.0,0.09,241.07,40,20,0.55
5,0,41,228,241.07,0.0,0.09,240.98,40,20,0.6
5,0,41,227,240.98,0.0,0.09,240.89,40,20,0.55
5,0,27,295,240.89,0.0,0.06,240.84,40,20,0.5
5,0,30,148,240.84,0.0,0.06,240.78,40,20,0.54
5,0,49,203,240.78,0.0,0.1,240.68,40,20,0.56
5,0,37,326,240.68,0.0,0.07,240.61,40,20,0.55
5,0,39,334,240.61,0.0,0.08,240.52,40,20,0.51
5,0,26,115,240.52,0.0,0.05,240.47,40,20,0.49
5,0,37,262,240.47,0.0,0.07,240.4,40,20,0.48
5,0,27,167,240.4,0.0,0.05,240.35,40,20,0.51
5,0,39,214,240.35,0.0,0.09,240.26,40,20,0.49
5,0,41,96,240.26,0.0,0.08,240.18,40,20,0.49
5,0,33,320,240.18,0.0,0.07,240.12,40,20,0.5
5,0,47,300,240.12,0.0,0.09,240.02,40,20,0.52
5,0,34,142,240.02,0.0,0.07,239.95,40,20,0.52
5,0,32,210,239.95,0.0,0.07,239.88,40,20,0.57
5,0,46,218,239.88,0.0,0.1,239.78,40,20,0.54
5,0,30,170,239.78,0.0,0.06,239.72,40,20,0.54
5,0,38,119,239.72,0.0,0.08,239.64,40,20,0.53
5,0,29,354,239.64,0.0,0.06,239.59,40,20,0.5
5,0,33,130,239.59,0.0,0.06,239.53,40,20,0.52
5,0,36,276,239.53,0.0,0.09,239.44,40,20,0.52
5,0,36,308,239.44,0.0,0.07,239.37,40,20,0.52
5,0,48,118,239.37,0.0,0.1,239.27,40,20,0.55
5,0,39,124,239.27,0.0,0.09,239.18,40,20,0.52
5,0,25,176,239.18,0.0,0.05,239.13,40,20,0.54
5,0,35,250,239.13,0.0,0.08,239.05,40,20,0.54
5,0,26,180,239.05,0.0,0.06,238.99,40,20,0.54
5,0,41,146,238.99,0.0,0.09,238.91,40,20,0.54
5,0,35,149,238.91,0.0,0.07,238.84,40,20,0.54
5,0,49,126,238.84,0.0,0.1,238.73,40,20,0.53
5,0,39,147,238.73,0.0,0.08,238.66,40,20,0.58
5,0,44,150,238.66,0.0,0.1,238.56,40,20,0.58
5,0,41,338,238.56,0.0,0.08,238.49,40,20,0.6
5,0,35,98,238.49,0.0,0.08,238.4,40,20,0.61
5,0,50,346,238.4,0.0,0.1,238.3,40,20,0.64
5,0,49,250,238.3,0.0,0.1,238.2,40,20,0.6
5,0,28,108,238.2,0.0,0.06,238.14,40,20,0.6
5,0,38,225,238.14,0.0,0.08,238.07,40,20,0.58
5,0,40,124,238.07,0.0,0.08,237.99,40,20,0.56
5,0,30,98,237.99,0.0,0.06,237.93,40,20,0.56
5,0,44,360,237.93,0.0,0.08,237.85,40,20,0.52
5,0,31,224,237.85,0.0,0.06,237.79,40,20,0.5
5,0,41,227,237.79,0.0,0.08,237.71,40,20,0.53
5,0,43,108,237.71,0.0,0.09,237.62,40,20,0.53
5,0,34,314,237.62,0.0,0.08,237.54,40,20,0.55
5,0,41,245,237.54,0.0,0.1,237.44,40,20,0.57
5,0,39,216,237.44,0.0,0.08,237.36,40,20,0.62
5,0,48,146,237.36,0.0,0.13,237.24,40,20,0.66
5,0,48,259,237.24,0.0,0.1,237.14,40,20,0.68
5,0,47,184,237.14,0.0,0.1,237.03,40,20,0.7
5,0,49,215,237.03,0.0,0.11,236.92,40,20,0.69
5,0,37,349,236.92,0.0,0.07,236.85,40,20,0.68
5,0,34,152,236.85,0.0,0.09,236.77,40,20,0.65
5,0,25,286,236.77,0.0,0.05,236.71,40,20,0.61
5,0,45,128,236.71,0.0,0.09,236.62,40,20,0.57
5,0,35,343,236.62,0.0,0.06,236.56,40,20,0.53
5,0,26,209,236.56,0.0,0.06,236.5,40,20,0.49
5,0,33,182,236.5,0.0,0.07,236.42,40,20,0.53
5,0,46,232,236.42,0.0,0.11,236.32,40,20,0.53
5,0,40,265,236.32,0.0,0.09,236.23,40,20,0.57
5,0,42,207,236.23,0.0,0.09,236.14,40,20,0.57
5,0,41,359,236.14,0.0,0.09,236.05,40,20,0.61
5,0,48,244,236.05,0.0,0.1,235.95,40,20,0.66
5,0,49,327,235.95,0.0,0.11,235.83,40,20,0.66
5,0,35,305,235.83,0.0,0.07,235.76,40,20,0.63
5,0,40,172,235.76,0.0,0.08,235.68,40,20,0.65
5,0,50,111,235.68,0.0,0.11,235.57,40,20,0.67
5,0,49,339,235.57,0.0,0.11,235.46,40,20,0.64
5,0,30,184,235.46,0.0,0.06,235.4,40,20,0.6
5,0,29,248,235.4,0.0,0.06,235.34,40,20,0.59
5,0,46,297,235.34,0.0,0.1,235.24,40,20,0.57
5,0,28,309,235.24,0.0,0.05,235.18,40,20,0.55
5,0,33,253,235.18,0.0,0.06,235.12,40,20,0.49
5,0,25,225,235.12,0.0,0.05,235.06,40,20,0.45
5,0,40,236,235.06,0.0,0.07,235.0,40,20,0.51
5,0,49,155,235.0,0.0,0.12,234.88,40,20,0.53
5,0,46,145,234.88,0.0,0.08,234.8,40,20,0.48
5,0,25,184,234.8,0.0,0.05,234.75,40,20,0.51
5,0,37,189,234.75,0.0,0.08,234.66,40,20,0.53
5,0,38,234,234.66,0.0,0.08,234.58,40,20,0.55
5,0,30,116,234.58,0.0,0.07,234.51,40,20,0.54
5,0,26,243,234.51,0.0,0.06,234.45,40,20,0.5
5,0,40,268,234.45,0.0,0.08,234.37,40,20,0.53
5,0,50,219,234.37,0.0,0.11,234.26,40,20,0.55
5,0,33,160,234.26,0.0,0.07,234.18,40,20,0.56
5,0,49,133,234.18,0.0,0.09,234.09,40,20,0.59
5,0,49,186,234.09,0.0,0.11,233.98,40,20,0.6
5,0,37,173,233.98,0.0,0.08,233.9,40,20,0.63
5,0,50,179,233.9,0.0,0.09,233.8,40,20,0.62
5,0,31,194,233.8,0.0,0.07,233.73,40,20,0.57
5,0,27,329,233.73,0.0,0.06,233.67,40,20,0.57
5,0,33,349,233.67,0.0,0.07,233.6,40,20,0.56
5,0,31,357,233.6,0.0,0.08,233.53,40,20,0.55
5,0,45,222,233.53,0.0,0.1,233.43,40,20,0.53
5,0,27,174,233.43,0.0,0.06,233.37,40,20,0.51
5,0,33,119,233.37,0.0,0.07,233.3,40,20,0.51
5,0,40,267,233.3,0.0,0.07,233.23,40,20,0.54
5,0,37,264,233.23,0.0,0.09,233.14,40,20,0.57
5,0,46,315,233.14,0.0,0.1,233.04,40,20,0.55
5,0,30,325,233.04,0.0,0.06,232.98,40,20,0.55
5,0,50,92,232.98,0.0,0.1,232.89,40,20,0.58
5,0,37,328,232.89,0.0,0.09,232.8,40,20,0.58
5,0,31,287,232.8,0.0,0.07,232.73,40,20,0.59
5,0,36,122,232.73,0.0,0.08,232.65,40,20,0.58
5,0,36,347,232.65,0.0,0.08,232.57,40,20,0.57
5,0,40,357,232.57,0.0,0.09,232.48,40,20,0.6
5,0,44,296,232.48,0.0,0.09,232.39,40,20,0.57
5,0,35,359,232.39,0.0,0.07,232.32,40,20,0.58
5,0,45,353,232.32,0.0,0.1,232.22,40,20,0.59
5,0,35,214,232.22,0.0,0.08,232.13,40,20,0.56
5,0,25,256,232.13,0.0,0.05,232.09,40,20,0.58
5,0,42,327,232.09,0.0,0.1,231.99,40,20,0.6
3,0,34,247,254.77,0.0,0.14,254.63,80,25,1.22
3,0,44,241,254.63,0.0,0.21,254.42,80,25,1.21
3,0,41,151,254.42,0.0,0.19,254.22,80,25,1.17
3,0,28,159,254.22,0.0,0.11,254.11,80,25,1.07
3,0,28,179,254.11,0.0,0.11,254.01,80,25,1.08
3,0,28,123,254.01,0.0,0.14,253.87,80,25,1.12
3,0,50,140,253.87,0.0,0.22,253.65,80,25,1.19
3,0,44,114,253.65,0.0,0.21,253.45,80,25,1.15
3,0,37,348,253.45,0.0,0.17,253.27,80,25,1.1
3,0,32,193,253.27,0.0,0.14,253.14,80,25,1.23
3,0,50,230,253.14,0.0,0.24,252.89,80,25,1.33
3,0,46,152,252.89,0.0,0.21,252.68,80,25,1.35
3,0,35,254,252.68,0.0,0.16,252.51,80,25,1.32
3,0,49,165,252.51,0.0,0.19,252.32,80,25,1.27
3,0,36,191,252.32,0.0,0.16,252.16,80,25,1.26
3,0,37,299,252.16,0.0,0.16,252.0,80,25,1.31
3,0,43,196,252.0,0.0,0.19,251.81,80,25,1.21
3,0,30,305,251.81,0.0,0.14,251.67,80,25,1.18
3,0,48,299,251.67,0.0,0.18,251.49,80,25,1.2
3,0,38,139,251.49,0.0,0.18,251.31,80,25,1.18
3,0,37,205,251.31,0.0,0.17,251.14,80,25,1.25
3,0,46,296,251.14,0.0,0.23,250.91,80,25,1.28
3,0,48,253,250.91,0.0,0.19,250.71,80,25,1.22
3,0,30,240,250.71,0.0,0.13,250.59,80,25,1.22
3,0,33,218,250.59,0.0,0.14,250.45,80,25,1.16
3,0,27,225,250.45,0.0,0.12,250.33,80,25,1.13
3,0,36,315,250.33,0.0,0.15,250.17,80,25,1.09
3,0,32,239,250.17,0.0,0.13,250.04,80,25,1.02
3,0,37,247,250.04,0.0,0.16,249.88,80,25,0.99
3,0,33,188,249.88,0.0,0.16,249.72,80,25,1.0
3,0,33,310,249.72,0.0,0.14,249.59,80,25,1.05
3,0,42,138,249.59,0.0,0.19,249.4,80,25,1.14
3,0,46,239,249.4,0.0,0.21,249.19,80,25,1.11
3,0,30,300,249.19,89.57,0.12,338.64,80,25,1.18
3,0,39,287,338.64,0.0,0.2,338.44,80,25,1.18
3,0,35,237,338.44,0.0,0.16,338.28,80,25,1.23
3,0,44,303,338.28,0.0,0.21,338.07,80,25,1.22
3,0,30,335,338.07,0.0,0.13,337.94,80,25,1.21
3,0,40,155,337.94,0.0,0.18,337.76,80,25,1.1
3,0,25,178,337.76,0.0,0.1,337.66,80,25,1.1
3,0,26,346,337.66,0.0,0.12,337.54,80,25,1.04
3,0,37,179,337.54,0.0,0.14,337.4,80,25,1.01
3,0,27,162,337.4,0.0,0.13,337.27,80,25,0.98
3,0,39,334,337.27,0.0,0.18,337.09,80,25,1.06
3,0,46,236,337.09,0.0,0.21,336.88,80,25,1.11
3,0,46,260,336.88,0.0,0.23,336.65,80,25,1.13
3,0,25,322,336.65,0.0,0.12,336.53,80,25,1.25
3,0,48,264,336.53,0.0,0.24,336.29,80,25,1.22
3,0,27,102,336.29,0.0,0.11,336.18,80,25,1.28
3,0,48,134,336.18,0.0,0.19,335.99,80,25,1.24
3,0,30,151,335.99,0.0,0.14,335.85,80,25,1.17
3,0,34,341,335.85,112.11,0.14,447.82,80,25,1.08
3,0,31,243,447.82,0.0,0.14,447.68,80,25,1.16
3,0,38,274,447.68,0.0,0.2,447.48,80,25,1.06
3,0,41,165,447.48,0.0,0.14,447.34,80,25,1.09
3,0,30,186,447.34,0.0,0.14,447.2,80,25,1.07
3,0,39,223,447.2,0.0,0.17,447.03,80,25,1.14
3,0,47,200,447.03,0.0,0.21,446.83,80,25,1.21
3,0,46,228,446.83,0.0,0.21,446.61,80,25,1.32
3,0,46,328,446.61,0.0,0.25,446.37,80,25,1.35
3,0,50,96,446.37,0.0,0.23,446.14,80,25,1.36
3,0,32,148,446.14,0.0,0.15,445.99,80,25,1.34
3,0,26,183,445.99,0.0,0.12,445.87,80,25,1.3
3,0,26,353,445.87,0.0,0.13,445.74,80,25,1.22
3,0,28,335,445.74,0.0,0.13,445.61,80,25,1.24
3,0,50,298,445.61,0.0,0.23,445.38,80,25,1.22
3,0,50,175,445.38,0.0,0.23,445.16,80,25,1.14
3,0,32,318,445.16,0.0,0.15,445.01,80,25,1.14
3,0,32,353,445.01,0.0,0.15,444.85,80,25,1.22
3,0,42,191,444.85,0.0,0.2,444.65,80,25,1.26
3,0,34,162,444.65,57.0,0.17,501.48,80,25,1.38
3,0,48,326,501.48,0.0,0.25,501.23,80,25,1.31
3,0,37,330,501.23,0.0,0.16,501.06,80,25,1.25
3,0,32,360,501.06,0.0,0.17,500.9,80,25,1.23
3,0,34,92,500.9,0.0,0.13,500.77,80,25,1.23
3,0,32,101,500.77,0.0,0.15,500.62,80,25,1.19
3,0,30,159,500.62,0.0,0.16,500.46,80,25,1.16
3,0,32,314,500.46,0.0,0.14,500.32,80,25,1.03
3,0,29,238,500.32,0.0,0.12,500.2,80,25,1.0
3,0,27,277,500.2,0.0,0.13,500.07,80,25,0.97
3,0,29,135,500.07,0.0,0.14,499.93,80,25,0.97
3,0,28,221,499.93,0.0,0.13,499.8,80,25,1.0
3,0,44,261,499.8,0.0,0.18,499.62,80,25,1.03
3,0,43,174,499.62,0.0,0.19,499.43,80,25,1.02
3,0,29,114,499.43,0.0,0.13,499.3,80,25,1.13
3,0,45,321,499.3,0.0,0.23,499.07,80,25,1.21
3,0,48,326,499.07,0.0,0.21,498.86,80,25,1.2
3,0,28,198,498.86,0.0,0.13,498.73,80,25,1.21
3,0,28,104,498.73,0.0,0.14,498.59,80,25,1.24
3,0,46,326,498.59,0.0,0.21,498.38,80,25,1.26
3,0,47,281,498.38,0.0,0.21,498.17,80,25,1.3
3,0,34,194,498.17,0.0,0.17,498.0,80,25,1.27
3,0,46,301,498.0,0.0,0.2,497.8,80,25,1.21
3,0,30,134,497.8,0.0,0.15,497.65,80,25,1.24
3,0,38,276,497.65,0.0,0.16,497.49,80,25,1.33
3,0,47,108,497.49,0.0,0.23,497.26,80,25,1.29
3,0,36,138,497.26,43.14,0.17,540.24,80,25,1.29
3,0,49,356,540.24,0.0,0.21,540.03,80,25,1.26
3,0,31,109,540.03,0.0,0.14,539.89,80,25,1.16
3,0,28,250,539.89,0.0,0.1,539.78,80,25,1.14
3,0,27,344,539.78,0.0,0.13,539.66,80,25,1.14
3,0,34,93,539.66,0.0,0.16,539.49,80,25,1.1
3,0,39,116,539.49,0.0,0.19,539.3,80,25,1.16
3,0,45,138,539.3,0.0,0.23,539.08,80,25,1.15
3,0,44,106,539.08,0.0,0.2,538.88,80,25,1.14
3,0,29,309,538.88,0.0,0.13,538.74,80,25,1.17
3,0,34,308,538.74,0.0,0.13,538.61,80,25,1.18
3,0,31,234,538.61,0.0,0.14,538.47,80,25,1.2
3,0,40,236,538.47,0.0,0.18,538.29,80,25,1.15
3,0,35,238,538.29,0.0,0.14,538.15,80,25,1.05
3,0,25,176,538.15,0.0,0.13,538.02,80,25,0.98
3,0,27,293,538.02,0.0,0.13,537.89,80,25,0.98
3,0,29,171,537.89,0.0,0.13,537.76,80,25,1.02
3,0,42,293,537.76,0.0,0.17,537.59,80,25,1.06
3,0,32,187,537.59,73.81,0.18,611.23,80,25,1.06
3,0,36,188,611.23,0.0,0.18,611.06,80,25,1.15
3,0,48,304,611.06,0.0,0.23,610.83,80,25,1.19
3,0,36,137,610.83,0.0,0.17,610.65,80,25,1.28
3,0,43,270,610.65,0.0,0.22,610.44,80,25,1.31
3,0,38,271,610.44,0.0,0.16,610.27,80,25,1.32
3,0,38,207,610.27,0.0,0.18,610.09,80,25,1.32
3,0,36,245,610.09,0.0,0.18,609.92,80,25,1.35
3,0,43,128,609.92,0.0,0.21,609.7,80,25,1.31
3,0,44,331,609.7,0.0,0.19,609.51,80,25,1.32
3,0,36,269,609.51,0.0,0.18,609.34,80,25,1.31
3,0,46,141,609.34,0.0,0.21,609.12,80,25,1.28
3,0,29,226,609.12,0.0,0.13,608.99,80,25,1.22
3,0,31,266,608.99,0.0,0.12,608.88,80,25,1.27
3,0,49,192,608.88,0.0,0.23,608.65,80,25,1.26
3,0,43,155,608.65,0.0,0.2,608.45,80,25,1.18
3,0,25,125,608.45,0.0,0.11,608.34,80,25,1.18
3,0,38,292,608.34,0.0,0.18,608.16,80,25,1.16
3,0,40,126,608.16,40.88,0.19,648.86,80,25,1.16
3,0,28,297,648.86,0.0,0.13,648.73,80,25,1.2
3,0,35,163,648.73,0.0,0.16,648.57,80,25,1.08
3,0,25,221,648.57,0.0,0.11,648.46,80,25,1.01
3,0,30,195,648.46,0.0,0.13,648.33,80,25,1.14
3,0,49,141,648.33,0.0,0.24,648.09,80,25,1.12
3,0,34,237,648.09,0.0,0.16,647.93,80,25,1.06
3,0,25,192,647.93,0.0,0.13,647.8,80,25,1.07
3,0,31,331,647.8,0.0,0.14,647.65,80,25,1.11
3,0,48,115,647.65,0.0,0.2,647.45,80,25,1.17
3,0,37,179,647.45,0.0,0.17,647.28,80,25,1.16
3,0,25,154,647.28,0.0,0.12,647.16,80,25,1.09
3,0,38,121,647.16,0.0,0.17,646.99,80,25,1.13
3,0,40,100,646.99,0.0,0.2,646.79,80,25,1.12
3,0,27,156,646.79,0.0,0.12,646.66,80,25,1.18
3,0,43,176,646.66,0.0,0.2,646.46,80,25,1.14
3,0,35,174,646.46,0.0,0.16,646.3,80,25,1.16
3,0,41,97,646.3,0.0,0.19,646.12,80,25,1.24
3,0,47,183,646.12,0.0,0.2,645.92,80,25,1.28
3,0,42,309,645.92,0.0,0.21,645.71,80,25,1.23
3,0,36,145,645.71,0.0,0.15,645.56,80,25,1.28
3,0,37,342,645.56,0.0,0.17,645.39,80,25,1.27
3,0,41,295,645.39,0.0,0.19,645.2,80,25,1.29
3,0,40,296,645.2,0.0,0.18,645.02,80,25,1.22
3,0,30,296,645.02,0.0,0.12,644.9,80,25,1.17
3,0,32,121,644.9,0.0,0.15,644.75,80,25,1.1
3,0,32,160,644.75,0.0,0.14,644.62,80,25,1.08
3,0,33,203,644.62,0.0,0.13,644.49,80,25,1.07
3,0,33,182,644.49,0.0,0.16,644.32,80,25,1.13
3,0,50,99,644.32,0.0,0.25,644.08,80,25,1.13
3,0,39,286,644.08,0.0,0.18,643.9,80,25,1.21
3,0,44,139,643.9,0.0,0.2,643.7,80,25,1.2
3,0,35,106,643.7,0.0,0.14,643.56,80,25,1.22
3,0,36,266,643.56,0.0,0.16,643.4,80,25,1.22
3,0,32,121,643.4,0.0,0.13,643.27,80,25,1.25
3,0,45,118,643.27,0.0,0.19,643.08,80,25,1.13
3,0,31,232,643.08,0.0,0.13,642.95,80,25,1.05
3,0,26,284,642.95,0.0,0.1,642.85,80,25,0.97
3,0,26,185,642.85,0.0,0.12,642.73,80,25,1.05
3,0,50,355,642.73,0.0,0.22,642.51,80,25,1.08
3,0,45,314,642.51,0.0,0.19,642.32,80,25,1.14
3,0,46,101,642.32,0.0,0.19,642.14,80,25,1.13
3,0,39,96,642.14,0.0,0.18,641.96,80,25,1.22
3,0,46,135,641.96,0.0,0.22,641.74,80,25,1.32
3,0,50,139,641.74,0.0,0.2,641.54,80,25,1.33
3,0,29,157,641.54,0.0,0.13,641.41,80,25,1.3
3,0,42,168,641.41,0.0,0.19,641.22,80,25,1.32
3,0,50,123,641.22,0.0,0.21,641.01,80,25,1.34
3,0,47,239,641.01,0.0,0.21,640.8,80,25,1.28
3,0,34,110,640.8,0.0,0.12,640.68,80,25,1.27
3,0,49,215,640.68,0.0,0.21,640.47,80,25,1.26
3,0,45,325,640.47,0.0,0.19,640.28,80,25,1.26
3,0,30,329,640.28,0.0,0.13,640.15,80,25,1.24
3,0,39,201,640.15,0.0,0.17,639.98,80,25,1.16
3,0,28,138,639.98,0.0,0.13,639.85,80,25,1.07
3,0,31,146,639.85,0.0,0.12,639.73,80,25,1.09
3,0,34,252,639.73,0.0,0.14,639.6,80,25,1.05
3,0,43,253,639.6,0.0,0.17,639.42,80,25,1.07
3,0,48,129,639.42,0.0,0.21,639.22,80,25,1.05
3,0,32,291,639.22,0.0,0.11,639.1,80,25,1.08
3,0,48,330,639.1,0.0,0.2,638.9,80,25,1.09
3,0,30,107,638.9,0.0,0.14,638.77,80,25,1.17
3,0,44,198,638.77,0.0,0.2,638.56,80,25,1.15
3,0,26,145,638.56,0.0,0.12,638.44,80,25,1.08
3,0,25,283,638.44,0.0,0.1,638.35,80,25,1.07
3,0,49,134,638.35,0.0,0.2,638.15,80,25,1.07
3,0,27,264,638.15,0.0,0.11,638.04,80,25,1.08
3,0,50,309,638.04,0.0,0.21,637.83,80,25,1.1
3,0,40,113,637.83,0.0,0.16,637.67,80,25,1.05
3,0,31,299,637.67,0.0,0.15,637.52,80,25,1.1
3,0,43,128,637.52,0.0,0.17,637.35,80,25,1.1
3,0,25,197,637.35,0.0,0.1,637.25,80,25,1.03
3,0,29,244,637.25,0.0,0.13,637.12,80,25,1.05
3,0,30,211,637.12,0.0,0.13,636.99,80,25,0.94
3,0,27,103,636.99,0.0,0.1,636.88,80,25,0.95
3,0,42,349,636.88,0.0,0.17,636.71,80,25,1.01
3,0,49,170,636.71,0.0,0.21,636.5,80,25,0.95
3,0,30,262,636.5,0.0,0.11,636.39,80,25,1.01
3,0,45,132,636.39,0.0,0.16,636.23,80,25,1.02
3,0,40,301,636.23,0.0,0.14,636.09,80,25,1.03
3,0,34,337,636.09,0.0,0.14,635.95,80,25,1.07
3,0,38,339,635.95,0.0,0.14,635.81,80,25,1.03
3,0,30,243,635.81,0.0,0.13,635.69,80,25,1.01
3,0,47,292,635.69,0.0,0.19,635.49,80,25,1.11
3,0,49,299,635.49,0.0,0.21,635.28,80,25,1.11
3,0,36,325,635.28,0.0,0.16,635.12,80,25,1.18
3,0,50,267,635.12,0.0,0.21,634.91,80,25,1.18
3,0,34,238,634.91,0.0,0.14,634.77,80,25,1.23
3,0,48,234,634.77,0.0,0.19,634.59,80,25,1.26
3,0,39,246,634.59,0.0,0.16,634.42,80,25,1.23
3,0,39,331,634.42,0.0,0.16,634.26,80,25,1.18
3,0,42,158,634.26,0.0,0.16,634.1,80,25,1.17
3,0,38,255,634.1,0.0,0.15,633.95,80,25,1.08
3,0,33,226,633.95,0.0,0.12,633.83,80,25,1.12
3,0,46,105,633.83,0.0,0.18,633.65,80,25,1.04
3,0,26,184,633.65,0.0,0.11,633.54,80,25,1.08
3,0,46,126,633.54,0.0,0.2,633.34,80,25,1.12
3,0,50,246,633.34,0.0,0.2,633.14,80,25,1.08
3,0,28,275,633.14,0.0,0.12,633.03,80,25,1.09
3,0,39,141,633.03,0.0,0.16,632.87,80,25,1.14
3,0,40,336,632.87,0.0,0.17,632.7,80,25,1.11
3,0,42,103,632.7,0.0,0.15,632.55,80,25,1.15
3,0,35,251,632.55,0.0,0.15,632.4,80,25,1.11
3,0,40,330,632.4,0.0,0.16,632.25,80,25,1.08
3,0,42,242,632.25,0.0,0.17,632.08,80,25,1.15
3,0,45,177,632.08,0.0,0.19,631.89,80,25,1.09
3,0,25,214,631.89,0.0,0.1,631.79,80,25,1.07
3,0,39,102,631.79,0.0,0.15,631.64,80,25,1.1
3,0,47,283,631.64,0.0,0.18,631.46,80,25,1.1
3,0,41,208,631.46,0.0,0.15,631.31,80,25,1.07
3,0,31,188,631.31,0.0,0.13,631.18,80,25,1.11
3,0,50,144,631.18,0.0,0.21,630.96,80,25,1.07
3,0,40,298,630.96,0.0,0.15,630.81,80,25,1.07
3,0,26,232,630.81,0.0,0.1,630.7,80,25,1.08
3,0,46,204,630.7,0.0,0.16,630.54,80,25,1.01
3,0,26,210,630.54,0.0,0.11,630.43,80,25,0.99
3,0,34,254,630.43,0.0,0.13,630.3,80,25,1.06
3,0,47,242,630.3,0.0,0.2,630.1,80,25,0.96
3,0,29,338,630.1,0.0,0.11,629.99,80,25,0.92
3,0,26,127,629.99,0.0,0.11,629.88,80,25,0.98
3,0,44,116,629.88,0.0,0.16,629.72,80,25,0.95
3,0,31,214,629.72,0.0,0.13,629.59,80,25,1.0
3,0,42,132,629.59,0.0,0.16,629.43,80,25,0.97
3,0,28,234,629.43,0.0,0.1,629.33,80,25,0.9
3,0,31,186,629.33,0.0,0.13,629.2,80,25,0.92
3,0,36,119,629.2,0.0,0.13,629.07,80,25,0.93
3,0,34,319,629.07,0.0,0.12,628.95,80,25,0.92
3,0,34,309,628.95,0.0,0.15,628.8,80,25,0.88
3,0,25,346,628.8,0.0,0.09,628.72,80,25,0.84
3,0,27,115,628.72,0.0,0.12,628.6,80,25,0.93
3,0,43,288,628.6,0.0,0.19,628.41,80,25,0.96
3,0,45,275,628.41,0.0,0.16,628.25,80,25,1.03
3,0,49,130,628.25,0.0,0.2,628.05,80,25,1.04
3,0,32,199,628.05,0.0,0.13,627.92,80,25,1.0
3,0,28,302,627.92,0.0,0.11,627.81,80,25,1.1
3,0,42,117,627.81,0.0,0.19,627.62,80,25,1.18
3,0,45,327,627.62,0.0,0.2,627.42,80,25,1.12
3,0,30,208,627.42,0.0,0.13,627.3,80,25,1.08
3,0,26,199,627.3,0.0,0.12,627.18,80,25,1.04
3,0,43,135,627.18,0.0,0.16,627.02,80,25,1.03
3,0,34,140,627.02,0.0,0.12,626.89,80,25,1.04
3,0,33,118,626.89,0.0,0.12,626.77,80,25,0.98
3,0,35,286,626.77,0.0,0.13,626.64,80,25,0.92
3,0,35,187,626.64,0.0,0.14,626.5,80,25,0.87
3,0,27,114,626.5,0.0,0.08,626.41,80,25,0.87
3,0,33,257,626.41,0.0,0.12,626.3,80,25,0.85
3,0,36,310,626.3,0.0,0.14,626.16,80,25,0.84
3,0,31,139,626.16,0.0,0.11,626.05,80,25,0.89
3,0,42,186,626.05,0.0,0.17,625.88,80,25,0.92
3,0,41,139,625.88,0.0,0.16,625.72,80,25,0.9
3,0,34,260,625.72,0.0,0.12,625.6,80,25,0.99
3,0,43,323,625.6,0.0,0.17,625.43,80,25,0.98
3,0,30,322,625.43,0.0,0.11,625.32,80,25,1.0
3,0,37,288,625.32,0.0,0.16,625.16,80,25,1.07
3,0,46,291,625.16,0.0,0.18,624.98,80,25,1.07
3,0,43,290,624.98,0.0,0.17,624.81,80,25,1.07
3,0,38,152,624.81,0.0,0.16,624.65,80,25,1.06
3,0,26,222,624.65,0.0,0.11,624.54,80,25,1.03
3,0,40,233,624.54,0.0,0.14,624.4,80,25,1.08
3,0,48,156,624.4,0.0,0.16,624.24,80,25,1.05
3,0,42,182,624.24,0.0,0.13,624.11,80,25,1.05
3,0,50,102,624.11,0.0,0.18,623.93,80,25,0.98
3,0,27,222,623.93,0.0,0.1,623.83,80,25,0.97
3,0,33,326,623.83,0.0,0.15,623.68,80,25,0.98
3,0,35,286,623.68,0.0,0.12,623.56,80,25,1.03
3,0,44,164,623.56,0.0,0.19,623.37,80,25,1.01
3,0,34,209,623.37,0.0,0.14,623.23,80,25,0.99
3,0,32,167,623.23,0.0,0.11,623.12,80,25,0.95
3,0,37,325,623.12,0.0,0.14,622.98,80,25,0.98
3,0,30,129,622.98,0.0,0.13,622.85,80,25,0.93
3,0,28,123,622.85,0.0,0.1,622.75,80,25,1.02
3,0,50,345,622.75,0.0,0.21,622.54,80,25,0.99
3,0,48,128,622.54,0.0,0.16,622.38,80,25,1.02
3,0,45,231,622.38,0.0,0.17,622.2,80,25,1.06
3,0,39,94,622.2,0.0,0.15,622.06,80,25,1.09
3,0,41,178,622.06,0.0,0.17,621.89,80,25,1.14
3,0,42,321,621.89,0.0,0.18,621.71,80,25,1.16
3,0,32,348,621.71,0.0,0.12,621.6,80,25,1.16
3,0,47,102,621.6,0.0,0.21,621.39,80,25,1.14
3,0,35,207,621.39,0.0,0.14,621.25,80,25,1.13
3,0,39,291,621.25,0.0,0.16,621.09,80,25,1.08
3,0,25,219,621.09,0.0,0.1,620.99,80,25,1.07
3,0,42,138,620.99,0.0,0.16,620.83,80,25,1.03
3,0,36,159,620.83,0.0,0.14,620.69,80,25,1.02
3,0,26,151,620.69,0.0,0.11,620.58,80,25,0.98
3,0,39,245,620.58,0.0,0.17,620.41,80,25,0.97
3,0,30,317,620.41,0.0,0.13,620.28,80,25,1.02
3,0,50,225,620.28,0.0,0.21,620.07,80,25,1.11
3,0,49,355,620.07,0.0,0.19,619.88,80,25,1.15
3,0,41,266,619.88,0.0,0.2,619.68,80,25,1.13
3,0,28,159,619.68,0.0,0.12,619.56,80,25,1.16
3,0,34,136,619.56,0.0,0.14,619.42,80,25,1.19
3,0,48,314,619.42,0.0,0.2,619.22,80,25,1.17
3,0,27,353,619.22,0.0,0.11,619.11,80,25,1.09
3,0,31,159,619.11,0.0,0.13,618.97,80,25,1.02
3,0,27,158,618.97,0.0,0.12,618.86,80,25,1.02
3,0,46,157,618.86,0.0,0.2,618.66,80,25,1.01
3,0,26,101,618.66,0.0,0.11,618.55,80,25,1.0
3,0,34,259,618.55,0.0,0.13,618.42,80,25,0.98
3,0,44,99,618.42,0.0,0.18,618.24,80,25,1.1
3,0,50,317,618.24,0.0,0.23,618.01,80,25,1.16
3,0,46,265,618.01,0.0,0.19,617.82,80,25,1.23
3,0,46,170,617.82,0.0,0.19,617.63,80,25,1.19
3,0,39,207,617.63,0.0,0.16,617.47,80,25,1.19
3,0,31,285,617.47,0.0,0.11,617.35,80,25,1.22
3,0,43,148,617.35,0.0,0.16,617.19,80,25,1.14
3,0,27,233,617.19,0.0,0.1,617.09,80,25,1.08
3,0,41,145,617.09,0.0,0.17,616.91,80,25,1.08
3,0,45,288,616.91,0.0,0.19,616.73,80,25,1.02
3,0,27,128,616.73,0.0,0.13,616.6,80,25,0.97
3,0,25,151,616.6,0.0,0.11,616.48,80,25,1.02
3,0,38,314,616.48,0.0,0.16,616.32,80,25,1.01
3,0,35,162,616.32,0.0,0.15,616.17,80,25,1.04
3,0,29,244,616.17,0.0,0.13,616.04,80,25,1.04
3,0,43,348,616.04,0.0,0.17,615.87,80,25,1.03
3,0,42,240,615.87,0.0,0.18,615.69,80,25,1.03
3,0,31,133,615.69,0.0,0.13,615.55,80,25,1.06
3,0,30,311,615.55,0.0,0.14,615.42,80,25,1.11
3,0,49,115,615.42,0.0,0.21,615.21,80,25,1.09
3,0,34,242,615.21,0.0,0.13,615.08,80,25,1.17
3,0,50,274,615.08,0.0,0.21,614.87,80,25,1.16
3,0,31,223,614.87,0.0,0.16,614.71,80,25,1.12
3,0,32,170,614.71,0.0,0.14,614.58,80,25,1.18
3,0,45,251,614.58,0.0,0.19,614.39,80,25,1.17
3,0,27,193,614.39,0.0,0.13,614.26,80,25,1.07
3,0,29,270,614.26,0.0,0.11,614.15,80,25,1.07
3,0,34,91,614.15,0.0,0.13,614.01,80,25,1.07
3,0,48,105,614.01,0.0,0.21,613.8,80,25,1.06
3,0,34,140,613.8,0.0,0.15,613.65,80,25,1.04
3,0,30,285,613.65,0.0,0.12,613.53,80,25,1.01
3,0,35,197,613.53,0.0,0.16,613.37,80,25,1.03
3,0,33,149,613.37,0.0,0.15,613.22,80,25,1.15
3,0,45,254,613.22,0.0,0.23,612.99,80,25,1.19
3,0,33,267,612.99,0.0,0.17,612.82,80,25,1.15
3,0,36,236,612.82,0.0,0.17,612.65,80,25,1.16
3,0,31,235,612.65,0.0,0.16,612.49,80,25,1.17
3,0,28,343,612.49,0.0,0.13,612.36,80,25,1.15
3,0,31,219,612.36,0.0,0.14,612.22,80,25,1.14
3,0,30,271,612.22,0.0,0.14,612.08,80,25,1.02
3,0,26,270,612.08,0.0,0.11,611.97,80,25,1.06
3,0,44,170,611.97,0.0,0.21,611.76,80,25,1.03
3,0,34,337,611.76,0.0,0.14,611.63,80,25,1.1
3,0,49,130,611.63,0.0,0.23,611.4,80,25,1.1
3,0,31,338,611.4,0.0,0.13,611.26,80,25,1.07
3,0,27,108,611.26,0.0,0.11,611.15,80,25,1.08
3,0,31,219,611.15,0.0,0.15,611.0,80,25,1.14
3,0,42,194,611.0,0.0,0.17,610.83,80,25,1.12
3,0,45,229,610.83,0.0,0.19,610.64,80,25,1.11
3,0,31,304,610.64,0.0,0.13,610.51,80,25,1.05
3,0,33,102,610.51,0.0,0.17,610.34,80,25,1.12
3,0,45,173,610.34,0.0,0.2,610.15,80,25,1.19
3,0,40,206,610.15,0.0,0.18,609.97,80,25,1.22
3,0,40,291,609.97,0.0,0.18,609.78,80,25,1.23
3,0,38,217,609.78,0.0,0.18,609.61,80,25,1.19
3,0,32,196,609.61,0.0,0.15,609.45,80,25,1.18
3,0,26,293,609.45,0.0,0.12,609.33,80,25,1.21
3,0,49,333,609.33,0.0,0.2,609.13,80,25,1.18
3,0,41,311,609.13,0.0,0.17,608.97,80,25,1.14
3,0,33,242,608.97,0.0,0.14,608.83,80,25,1.16
3,0,47,169,608.83,0.0,0.2,608.62,80,25,1.19
3,0,44,188,608.62,0.0,0.21,608.42,80,25,1.19
3,0,36,121,608.42,0.0,0.15,608.27,80,25,1.21
3,0,33,229,608.27,0.0,0.14,608.13,80,25,1.15
3,0,27,117,608.13,0.0,0.14,607.99,80,25,1.18
3,0,46,343,607.99,0.0,0.2,607.79,80,25,1.25
3,0,47,214,607.79,0.0,0.21,607.59,80,25,1.29
3,0,50,155,607.59,0.0,0.24,607.35,80,25,1.31
3,0,48,300,607.35,0.0,0.23,607.12,80,25,1.31
3,0,34,192,607.12,0.0,0.15,606.97,80,25,1.3
3,0,26,285,606.97,0.0,0.13,606.84,80,25,1.35
3,0,43,115,606.84,0.0,0.19,606.65,80,25,1.3
3,0,32,272,606.65,0.0,0.15,606.5,80,25,1.31
3,0,42,167,606.5,0.0,0.22,606.28,80,25,1.24
3,0,44,360,606.28,0.0,0.17,606.11,80,25,1.16
3,0,35,227,606.11,0.0,0.15,605.96,80,25,1.14
3,0,29,284,605.96,0.0,0.13,605.83,80,25,1.14
3,0,31,216,605.83,0.0,0.13,605.69,80,25,1.19
3,0,47,147,605.69,0.0,0.24,605.45,80,25,1.25
3,0,42,240,605.45,0.0,0.21,605.24,80,25,1.21
3,0,38,171,605.24,113.06,0.18,718.12,80,25,1.17
3,0,25,239,718.12,0.0,0.13,717.99,80,25,1.21
3,0,40,195,717.99,0.0,0.19,717.8,80,25,1.34
3,0,50,184,717.8,0.0,0.26,717.55,80,25,1.34
3,0,27,305,717.55,0.0,0.13,717.41,80,25,1.28
3,0,41,98,717.41,0.0,0.18,717.23,80,25,1.21
3,0,30,322,717.23,0.0,0.14,717.09,80,25,1.27
3,0,46,152,717.09,0.0,0.24,716.86,80,25,1.32
3,0,39,113,716.86,0.0,0.18,716.68,80,25,1.34
3,0,44,146,716.68,0.0,0.21,716.47,80,25,1.3
3,0,47,295,716.47,0.0,0.22,716.25,80,25,1.29
3,0,25,192,716.25,0.0,0.12,716.13,80,25,1.31
3,0,41,149,716.13,0.0,0.2,715.93,80,25,1.29
3,0,30,301,715.93,0.0,0.12,715.8,80,25,1.19
3,0,29,196,715.8,0.0,0.14,715.66,80,25,1.16
3,0,35,317,715.66,0.0,0.15,715.52,80,25,1.14
3,0,37,218,715.52,0.0,0.19,715.33,80,25,1.1
3,0,42,228,715.33,0.0,0.18,715.15,80,25,1.16
3,0,38,238,715.15,0.0,0.18,714.97,80,25,1.17
3,0,40,245,714.97,0.0,0.21,714.76,80,25,1.27
3,0,43,331,714.76,0.0,0.22,714.54,80,25,1.32
3,0,50,233,714.54,0.0,0.19,714.35,80,25,1.34
3,0,36,335,714.35,0.0,0.17,714.18,80,25,1.36
3,0,42,124,714.18,0.0,0.21,713.97,80,25,1.35
3,0,36,204,713.97,0.0,0.17,713.8,80,25,1.38
3,0,39,344,713.8,0.0,0.21,713.59,80,25,1.35
3,0,39,150,713.59,0.0,0.18,713.41,80,25,1.27
3,0,31,133,713.41,0.0,0.14,713.27,80,25,1.21
3,0,25,190,713.27,0.0,0.13,713.14,80,25,1.19
3,0,33,220,713.14,0.0,0.15,712.99,80,25,1.21
3,0,45,348,712.99,0.0,0.23,712.76,80,25,1.23
3,0,40,128,712.76,0.0,0.19,712.57,80,25,1.17
3,0,37,303,712.57,0.0,0.15,712.42,80,25,1.25
3,0,49,220,712.42,0.0,0.26,712.16,80,25,1.26
3,0,30,168,712.16,0.0,0.15,712.01,80,25,1.36
3,0,49,113,712.01,0.0,0.23,711.79,80,25,1.4
3,0,45,198,711.79,0.0,0.19,711.6,80,25,1.37
3,0,49,316,711.6,0.0,0.2,711.4,80,25,1.31
3,0,25,270,711.4,0.0,0.13,711.27,80,25,1.35
3,0,36,156,711.27,0.0,0.19,711.08,80,25,1.26
3,0,40,166,711.08,0.0,0.17,710.91,80,25,1.28
3,0,33,289,710.91,0.0,0.17,710.74,80,25,1.27
3,0,44,147,710.74,0.0,0.22,710.52,80,25,1.22
3,0,31,94,710.52,0.0,0.14,710.38,80,25,1.19
3,0,35,119,710.38,0.0,0.17,710.21,80,25,1.24
3,0,38,209,710.21,0.0,0.18,710.03,80,25,1.27
3,0,40,320,710.03,0.0,0.22,709.81,80,25,1.28
3,0,42,327,709.81,0.0,0.18,709.63,80,25,1.31
3,0,46,285,709.63,0.0,0.2,709.42,80,25,1.26
3,0,40,161,709.42,0.0,0.17,709.25,80,25,1.3
3,0,39,105,709.25,0.0,0.18,709.07,80,25,1.35
3,0,47,105,709.07,0.0,0.22,708.84,80,25,1.36
3,0,39,278,708.84,0.0,0.19,708.65,80,25,1.28
3,0,32,93,708.65,0.0,0.14,708.51,80,25,1.28
3,0,39,349,708.51,0.0,0.18,708.34,80,25,1.24
3,0,31,95,708.34,0.0,0.16,708.17,80,25,1.3
3,0,48,179,708.17,0.0,0.23,707.94,80,25,1.27
3,0,32,181,707.94,0.0,0.15,707.79,80,25,1.2
3,0,33,301,707.79,0.0,0.15,707.64,80,25,1.2
3,0,41,330,707.64,0.0,0.19,707.45,80,25,1.21
3,0,31,126,707.45,0.0,0.15,707.3,80,25,1.16
3,0,29,114,707.3,0.0,0.13,707.18,80,25,1.23
3,0,50,249,707.18,0.0,0.23,706.95,80,25,1.16
3,0,30,279,706.95,0.0,0.16,706.79,80,25,1.18
3,0,41,191,706.79,0.0,0.17,706.62,80,25,1.19
3,0,34,119,706.62,0.0,0.16,706.46,80,25,1.13
3,0,29,156,706.46,0.0,0.13,706.33,80,25,1.14
3,0,33,114,706.33,0.0,0.16,706.17,80,25,1.16
3,0,29,330,706.17,0.0,0.15,706.02,80,25,1.09
3,0,34,116,706.02,0.0,0.16,705.86,80,25,1.11
3,0,42,213,705.86,0.0,0.18,705.68,80,25,1.06
3,0,26,171,705.68,0.0,0.12,705.56,80,25,1.09
3,0,38,212,705.56,0.0,0.19,705.36,80,25,1.09
3,0,30,277,705.36,0.0,0.13,705.23,80,25,1.07
3,0,29,182,705.23,0.0,0.14,705.09,80,25,1.05
3,0,27,354,705.09,0.0,0.13,704.96,80,25,1.03
3,0,33,292,704.96,0.0,0.14,704.82,80,25,0.98
3,0,29,326,704.82,0.0,0.13,704.69,80,25,1.0
3,0,35,329,704.69,0.0,0.14,704.54,80,25,0.99
3,0,39,333,704.54,0.0,0.18,704.37,80,25,0.98
3,0,26,269,704.37,0.0,0.12,704.25,80,25,1.08
3,0,44,166,704.25,0.0,0.24,704.01,80,25,1.15
3,0,40,163,704.01,0.0,0.2,703.81,80,25,1.16
3,0,31,168,703.81,0.0,0.15,703.66,80,25,1.23
3,0,40,115,703.66,0.0,0.2,703.46,80,25,1.24
3,0,36,153,703.46,0.0,0.15,703.32,80,25,1.22
3,0,35,305,703.32,0.0,0.16,703.15,80,25,1.27
3,0,37,148,703.15,0.0,0.17,702.98,80,25,1.28
3,0,50,103,702.98,0.0,0.25,702.73,80,25,1.25
3,0,41,209,702.73,0.0,0.17,702.56,80,25,1.3
3,0,43,169,702.56,0.0,0.2,702.36,80,25,1.25
3,0,31,279,702.36,0.0,0.15,702.21,80,25,1.25
3,0,33,122,702.21,0.0,0.15,702.06,80,25,1.22
3,0,34,214,702.06,0.0,0.13,701.93,80,25,1.27
3,0,50,307,701.93,0.0,0.22,701.7,80,25,1.15
3,0,29,293,701.7,0.0,0.13,701.57,80,25,1.18
3,0,43,347,701.57,0.0,0.2,701.37,80,25,1.21
3,0,48,138,701.37,0.0,0.23,701.14,80,25,1.23
3,0,39,147,701.14,0.0,0.17,700.96,80,25,1.23
3,0,33,214,700.96,0.0,0.15,700.82,80,25,1.23
3,0,30,350,700.82,0.0,0.13,700.68,80,25,1.15
3,0,32,301,700.68,0.0,0.14,700.55,80,25,1.22
3,0,48,319,700.55,0.0,0.2,700.34,80,25,1.2
3,0,44,219,700.34,0.0,0.18,700.16,80,25,1.09
3,0,31,249,700.16,0.0,0.12,700.04,80,25,1.14
3,0,42,178,700.04,0.0,0.22,699.82,80,25,1.16
3,0,35,276,699.82,0.0,0.17,699.65,80,25,1.23
3,0,40,93,699.65,0.0,0.2,699.45,80,25,1.25
3,0,36,293,699.45,0.0,0.16,699.29,80,25,1.19
3,0,33,137,699.29,0.0,0.14,699.15,80,25,1.18
3,0,44,252,699.15,0.0,0.17,698.98,80,25,1.25
3,0,39,180,698.98,0.0,0.19,698.79,80,25,1.14
3,0,26,235,698.79,0.0,0.11,698.68,80,25,1.07
3,0,25,194,698.68,0.0,0.1,698.58,80,25,1.01
3,0,31,160,698.58,0.0,0.14,698.44,80,25,0.97
3,0,27,261,698.44,0.0,0.12,698.32,80,25,1.03
3,0,41,231,698.32,0.0,0.2,698.12,80,25,0.97
3,0,25,256,698.12,0.0,0.11,698.01,80,25,0.98
3,0,47,324,698.01,0.0,0.2,697.81,80,25,1.01
3,0,31,239,697.81,0.0,0.14,697.67,80,25,1.02
3,0,25,316,697.67,0.0,0.11,697.56,80,25,1.02
3,0,36,286,697.56,0.0,0.14,697.42,80,25,1.05
3,0,34,116,697.42,0.0,0.15,697.26,80,25,0.98
3,0,29,249,697.26,0.0,0.13,697.13,80,25,1.02
3,0,37,199,697.13,0.0,0.15,696.98,80,25,0.96
3,0,32,217,696.98,0.0,0.14,696.85,80,25,1.04
3,0,47,148,696.85,0.0,0.22,696.63,80,25,1.05
3,0,29,324,696.63,0.0,0.12,696.51,80,25,1.09
3,0,45,153,696.51,0.0,0.18,696.33,80,25,1.14
3,0,49,220,696.33,0.0,0.2,696.12,80,25,1.18
3,0,43,97,696.12,0.0,0.17,695.95,80,25,1.16
3,0,31,242,695.95,0.0,0.13,695.82,80,25,1.18
3,0,36,132,695.82,0.0,0.16,695.66,80,25,1.16
3,0,48,219,695.66,0.0,0.2,695.47,80,25,1.26
3,0,50,204,695.47,0.0,0.22,695.25,80,25,1.28
3,0,45,274,695.25,0.0,0.2,695.05,80,25,1.21
3,0,27,176,695.05,0.0,0.13,694.92,80,25,1.23
3,0,45,113,694.92,0.0,0.19,694.74,80,25,1.25
3,0,31,346,694.74,0.0,0.15,694.59,80,25,1.31
3,0,46,260,694.59,0.0,0.22,694.37,80,25,1.23
3,0,27,305,694.37,0.0,0.12,694.25,80,25,1.18
3,0,48,193,694.25,0.0,0.17,694.08,80,25,1.11
3,0,34,268,694.08,0.0,0.13,693.95,80,25,1.14
3,0,35,98,693.95,0.0,0.16,693.79,80,25,1.12
3,0,41,281,693.79,0.0,0.17,693.62,80,25,1.1
3,0,28,174,693.62,0.0,0.13,693.5,80,25,1.09
3,0,45,259,693.5,0.0,0.21,693.29,80,25,1.07
3,0,25,117,693.29,0.0,0.1,693.19,80,25,1.06
3,0,39,141,693.19,0.0,0.16,693.02,80,25,1.11
3,0,46,179,693.02,0.0,0.18,692.84,80,25,1.05
3,0,26,244,692.84,0.0,0.1,692.74,80,25,1.07
3,0,46,175,692.74,0.0,0.19,692.55,80,25,1.16
3,0,46,107,692.55,0.0,0.22,692.34,80,25,1.07
3,0,27,328,692.34,0.0,0.12,692.22,80,25,1.11
3,0,35,225,692.22,0.0,0.14,692.08,80,25,1.06
3,0,30,270,692.08,0.0,0.11,691.97,80,25,1.08
3,0,46,269,691.97,0.0,0.2,691.77,80,25,1.17
3,0,49,312,691.77,0.0,0.19,691.57,80,25,1.1
3,0,28,320,691.57,0.0,0.12,691.45,80,25,1.02
3,0,41,179,691.45,0.0,0.14,691.3,80,25,1.02
3,0,30,148,691.3,0.0,0.12,691.18,80,25,1.01
3,0,32,265,691.18,0.0,0.13,691.06,80,25,1.09
3,0,47,117,691.06,0.0,0.19,690.86,80,25,1.01
3,0,31,245,690.86,0.0,0.12,690.74,80,25,0.92
3,0,26,98,690.74,0.0,0.1,690.64,80,25,0.96
3,0,47,253,690.64,0.0,0.16,690.47,80,25,1.01
3,0,41,329,690.47,0.0,0.19,690.28,80,25,1.09
3,0,48,128,690.28,0.0,0.2,690.08,80,25,1.05
3,0,25,317,690.08,0.0,0.09,690.0,80,25,1.01
3,0,38,164,690.0,0.0,0.15,689.84,80,25,1.09
3,0,49,108,689.84,0.0,0.2,689.64,80,25,1.17
3,0,49,132,689.64,0.0,0.18,689.46,80,25,1.19
3,0,45,150,689.46,0.0,0.18,689.28,80,25,1.18
3,0,49,111,689.28,0.0,0.18,689.1,80,25,1.17
3,0,45,291,689.1,0.0,0.19,688.91,80,25,1.24
3,0,42,141,688.91,0.0,0.16,688.76,80,25,1.25
3,0,39,332,688.76,0.0,0.16,688.6,80,25,1.15
3,0,28,234,688.6,0.0,0.1,688.5,80,25,1.17
3,0,43,198,688.5,0.0,0.2,688.29,80,25,1.17
3,0,48,273,688.29,0.0,0.18,688.11,80,25,1.11
3,0,31,101,688.11,0.0,0.12,687.99,80,25,1.1
3,0,48,104,687.99,0.0,0.18,687.8,80,25,1.08
3,0,32,203,687.8,0.0,0.14,687.66,80,25,1.07
3,0,40,166,687.66,0.0,0.15,687.51,80,25,1.12
3,0,39,215,687.51,0.0,0.15,687.35,80,25,1.04
3,0,27,199,687.35,0.0,0.12,687.24,80,25,0.99
3,0,31,325,687.24,0.0,0.13,687.11,80,25,1.01
3,0,39,164,687.11,0.0,0.14,686.97,80,25,0.96
3,0,37,136,686.97,0.0,0.13,686.84,80,25,1.01
3,0,44,264,686.84,0.0,0.19,686.64,80,25,0.96
3,0,26,134,686.64,0.0,0.1,686.55,80,25,1.03
3,0,49,290,686.55,0.0,0.22,686.33,80,25,1.01
3,0,27,258,686.33,0.0,0.1,686.23,80,25,1.03
3,0,40,253,686.23,0.0,0.15,686.08,80,25,1.0
3,0,25,178,686.08,0.0,0.11,685.98,80,25,1.04
3,0,47,253,685.98,0.0,0.17,685.81,80,25,1.05
3,0,49,279,685.81,0.0,0.2,685.61,80,25,1.05
3,0,29,107,685.61,0.0,0.1,685.51,80,25,0.92
3,0,26,162,685.51,0.0,0.09,685.42,80,25,0.97
3,0,40,124,685.42,0.0,0.15,685.27,80,25,0.97
3,0,41,228,685.27,0.0,0.15,685.12,80,25,1.02
3,0,41,227,685.12,0.0,0.16,684.96,80,25,0.95
3,0,27,295,684.96,0.0,0.1,684.86,80,25,0.86
3,0,30,148,684.86,0.0,0.11,684.75,80,25,0.94
3,0,49,203,684.75,0.0,0.18,684.57,80,25,0.99
3,0,37,326,684.57,0.0,0.14,684.43,80,25,0.98
3,0,39,334,684.43,0.0,0.14,684.28,80,25,0.93
3,0,26,115,684.28,0.0,0.1,684.18,80,25,0.9
3,0,37,262,684.18,0.0,0.13,684.05,80,25,0.9
3,0,27,167,684.05,0.0,0.1,683.95,80,25,0.94
3,0,39,214,683.95,0.0,0.15,683.8,80,25,0.9
3,0,41,96,683.8,0.0,0.14,683.66,80,25,0.89
3,0,33,320,683.66,0.0,0.13,683.52,80,25,0.93
3,0,47,300,683.52,0.0,0.18,683.34,80,25,0.95
3,0,34,142,683.34,0.0,0.12,683.22,80,25,0.97
3,0,32,210,683.22,0.0,0.15,683.08,80,25,1.03
3,0,46,218,683.08,0.0,0.16,682.91,80,25,1.0
3,0,30,170,682.91,0.0,0.12,682.79,80,25,1.01
3,0,38,119,682.79,0.0,0.15,682.64,80,25,0.98
3,0,29,354,682.64,0.0,0.1,682.54,80,25,0.94
3,0,33,130,682.54,0.0,0.14,682.4,80,25,0.96
3,0,36,276,682.4,0.0,0.14,682.26,80,25,0.94
3,0,36,308,682.26,0.0,0.13,682.13,80,25,0.96
3,0,48,118,682.13,0.0,0.18,681.96,80,25,0.98
3,0,39,124,681.96,0.0,0.14,681.82,80,25,0.92
3,0,25,176,681.82,0.0,0.09,681.72,80,25,0.96
3,0,35,250,681.72,0.0,0.14,681.58,80,25,0.92
3,0,26,180,681.58,0.0,0.1,681.49,80,25,0.94
3,0,41,146,681.49,0.0,0.16,681.33,80,25,0.95
3,0,35,149,681.33,0.0,0.14,681.19,80,25,0.93
3,0,49,126,681.19,0.0,0.16,681.02,80,25,0.95
3,0,39,147,681.02,0.0,0.16,680.86,80,25,1.03
3,0,44,150,680.86,0.0,0.17,680.69,80,25,1.06
3,0,41,338,680.69,0.0,0.17,680.52,80,25,1.1
3,0,35,98,680.52,0.0,0.14,680.38,80,25,1.14
3,0,50,346,680.38,0.0,0.2,680.19,80,25,1.19
3,0,49,250,680.19,0.0,0.19,680.0,80,25,1.14
3,0,28,108,680.0,0.0,0.11,679.89,80,25,1.13
3,0,38,225,679.89,0.0,0.15,679.74,80,25,1.12
3,0,40,124,679.74,0.0,0.16,679.59,80,25,1.06
3,0,30,98,679.59,0.0,0.11,679.47,80,25,1.1
3,0,44,360,679.47,0.0,0.18,679.3,80,25,1.03
3,0,31,224,679.3,0.0,0.13,679.17,80,25,1.0
3,0,41,227,679.17,0.0,0.16,679.01,80,25,1.06
3,0,43,108,679.01,60.2,0.17,739.04,80,25,1.05
3,0,34,314,739.04,0.0,0.14,738.91,80,25,1.05
3,0,41,245,738.91,0.0,0.16,738.75,80,25,1.1
3,0,39,216,738.75,0.0,0.16,738.58,80,25,1.08
3,0,48,146,738.58,0.0,0.16,738.42,80,25,1.13
3,0,48,259,738.42,0.0,0.18,738.24,80,25,1.17
3,0,47,184,738.24,0.0,0.2,738.04,80,25,1.2
3,0,49,215,738.04,0.0,0.2,737.84,80,25,1.21
3,0,37,349,737.84,0.0,0.15,737.69,80,25,1.18
3,0,34,152,737.69,0.0,0.13,737.57,80,25,1.12
3,0,25,286,737.57,0.0,0.1,737.47,80,25,1.13
3,0,45,128,737.47,0.0,0.17,737.29,80,25,1.1
3,0,35,343,737.29,0.0,0.15,737.15,80,25,1.01
3,0,26,209,737.15,0.0,0.11,737.04,80,25,0.96
3,0,33,182,737.04,0.0,0.15,736.88,80,25,0.98
3,0,46,232,736.88,0.0,0.17,736.71,80,25,1.0
3,0,40,265,736.71,0.0,0.15,736.57,80,25,1.1
3,0,42,207,736.57,0.0,0.2,736.37,80,25,1.1
3,0,41,359,736.37,0.0,0.17,736.19,80,25,1.14
3,0,48,244,736.19,0.0,0.19,736.01,80,25,1.21
3,0,49,327,736.01,0.0,0.18,735.83,80,25,1.2
3,0,35,305,735.83,0.0,0.14,735.69,80,25,1.19
3,0,40,172,735.69,0.0,0.16,735.53,80,25,1.23
3,0,50,111,735.53,0.0,0.19,735.34,80,25,1.21
3,0,49,339,735.34,0.0,0.18,735.16,80,25,1.16
3,0,30,184,735.16,0.0,0.12,735.04,80,25,1.09
3,0,29,248,735.04,0.0,0.12,734.92,80,25,1.14
3,0,46,297,734.92,0.0,0.23,734.69,80,25,1.12
3,0,28,309,734.69,0.0,0.12,734.57,80,25,1.1
3,0,33,253,734.57,0.0,0.14,734.43,80,25,1.02
3,0,25,225,734.43,0.0,0.11,734.32,80,25,1.02
3,0,40,236,734.32,0.0,0.18,734.14,80,25,1.1
3,0,49,155,734.14,0.0,0.2,733.95,80,25,1.17
3,0,46,145,733.95,0.0,0.19,733.76,80,25,1.04
3,0,25,184,733.76,0.0,0.1,733.66,80,25,1.08
3,0,37,189,733.66,0.0,0.16,733.51,80,25,1.1
3,0,38,234,733.51,96.88,0.16,830.22,80,25,1.11
3,0,30,116,830.22,0.0,0.12,830.1,80,25,1.05
3,0,26,243,830.1,0.0,0.12,829.98,80,25,1.0
3,0,40,268,829.98,0.0,0.15,829.83,80,25,0.99
3,0,50,219,829.83,0.0,0.18,829.65,80,25,1.01
3,0,33,160,829.65,0.0,0.12,829.52,80,25,1.05
3,0,49,133,829.52,0.0,0.2,829.33,80,25,1.11
3,0,49,186,829.33,0.0,0.22,829.1,80,25,1.15
3,0,37,173,829.1,0.0,0.16,828.95,80,25,1.25
3,0,50,179,828.95,0.0,0.22,828.73,80,25,1.22
3,0,31,194,828.73,0.0,0.12,828.6,80,25,1.16
3,0,27,329,828.6,0.0,0.12,828.49,80,25,1.18
3,0,33,349,828.49,0.0,0.14,828.35,80,25,1.1
3,0,31,357,828.35,0.0,0.12,828.23,80,25,1.06
3,0,45,222,828.23,0.0,0.18,828.04,80,25,1.02
3,0,27,174,828.04,0.0,0.12,827.93,80,25,0.94
3,0,33,119,827.93,0.0,0.14,827.79,80,25,0.98
3,0,40,267,827.79,0.0,0.16,827.63,80,25,1.01
3,0,37,264,827.63,0.0,0.15,827.48,80,25,1.05
3,0,46,315,827.48,0.0,0.18,827.3,80,25,1.05
3,0,30,325,827.3,0.0,0.12,827.19,80,25,1.06
3,0,50,92,827.19,0.0,0.19,827.0,80,25,1.11
3,0,37,328,827.0,0.0,0.17,826.83,80,25,1.08
3,0,31,287,826.83,0.0,0.11,826.73,80,25,1.07
3,0,36,122,826.73,0.0,0.15,826.58,80,25,1.08
3,0,36,347,826.58,0.0,0.16,826.41,80,25,1.05
3,0,40,357,826.41,0.0,0.15,826.26,80,25,1.14
3,0,44,296,826.26,0.0,0.21,826.05,80,25,1.11
3,0,35,359,826.05,0.0,0.16,825.89,80,25,1.11
3,0,45,353,825.89,0.0,0.17,825.71,80,25,1.16
3,0,35,214,825.71,0.0,0.16,825.56,80,25,1.11
3,0,25,256,825.56,0.0,0.1,825.46,80,25,1.12
3,0,42,327,825.46,0.0,0.17,825.28,80,25,1.15
0,0,34,247,818.07,0.0,0.97,817.09,300,30,8.06
0,0,44,241,817.09,0.0,1.35,815.74,300,30,7.58
0,0,41,151,815.74,0.0,0.96,814.79,300,30,7.27
0,0,28,159,814.79,0.0,0.8,813.98,300,30,6.72
0,0,28,179,813.98,0.0,0.73,813.26,300,30,6.67
0,0,28,123,813.26,0.0,0.76,812.49,300,30,6.94
0,0,50,140,812.49,0.0,1.37,811.13,300,30,7.37
0,0,44,114,811.13,0.0,1.4,809.73,300,30,7.09
0,0,37,348,809.73,0.0,1.07,808.66,300,30,7.0
0,0,32,193,808.66,0.0,0.87,807.79,300,30,7.77
0,0,50,230,807.79,0.0,1.57,806.22,300,30,8.39
0,0,46,152,806.22,0.0,1.35,804.86,300,30,8.64
0,0,35,254,804.86,0.0,1.01,803.85,300,30,8.75
0,0,49,165,803.85,0.0,1.48,802.38,300,30,8.26
0,0,36,191,802.38,0.0,0.91,801.46,300,30,8.05
0,0,37,299,801.46,0.0,0.86,800.6,300,30,8.4
0,0,43,196,800.6,0.0,1.22,799.37,300,30,7.76
0,0,30,305,799.37,0.0,0.93,798.44,300,30,7.88
0,0,48,299,798.44,0.0,1.47,796.97,300,30,8.06
0,0,38,139,796.97,0.0,1.19,795.78,300,30,7.56
0,0,37,205,795.78,0.0,0.98,794.8,300,30,8.0
0,0,46,296,794.8,0.0,1.35,793.45,300,30,8.57
0,0,48,253,793.45,0.0,1.43,792.02,300,30,8.18
0,0,30,240,792.02,0.0,0.83,791.19,300,30,8.25
0,0,33,218,791.19,247.38,1.0,1037.56,300,30,7.65
0,0,27,225,1037.56,0.0,0.87,1036.69,300,30,7.76
0,0,36,315,1036.69,0.0,1.3,1035.39,300,30,7.79
0,0,32,239,1035.39,0.0,1.01,1034.38,300,30,7.61
0,0,37,247,1034.38,0.0,1.17,1033.22,300,30,7.12
0,0,33,188,1033.22,0.0,0.94,1032.28,300,30,7.22
0,0,33,310,1032.28,0.0,0.93,1031.35,300,30,7.41
0,0,42,138,1031.35,0.0,1.19,1030.17,300,30,7.98
0,0,46,239,1030.17,0.0,1.44,1028.73,300,30,7.72
0,0,30,300,1028.73,0.0,1.04,1027.69,300,30,7.93
0,0,39,287,1027.69,0.0,1.22,1026.47,300,30,7.93
0,0,35,237,1026.47,0.0,1.17,1025.31,300,30,8.23
0,0,44,303,1025.31,0.0,1.24,1024.07,300,30,8.15
0,0,30,335,1024.07,0.0,0.85,1023.22,300,30,8.09
0,0,40,155,1023.22,0.0,1.13,1022.08,300,30,7.46
0,0,25,178,1022.08,0.0,0.81,1021.27,300,30,7.18
0,0,26,346,1021.27,0.0,0.76,1020.52,300,30,7.11
0,0,37,179,1020.52,0.0,1.15,1019.37,300,30,6.84
0,0,27,162,1019.37,0.0,0.9,1018.47,300,30,6.85
0,0,39,334,1018.47,0.0,1.25,1017.22,300,30,7.44
0,0,46,236,1017.22,0.0,1.44,1015.78,300,30,7.74
0,0,46,260,1015.78,0.0,1.43,1014.35,300,30,7.68
0,0,25,322,1014.35,0.0,0.75,1013.6,300,30,8.46
0,0,48,264,1013.6,0.0,1.54,1012.06,300,30,8.03
0,0,27,102,1012.06,0.0,0.72,1011.34,300,30,8.42
0,0,48,134,1011.34,0.0,1.29,1010.05,300,30,8.08
0,0,30,151,1010.05,0.0,0.91,1009.13,300,30,7.7
0,0,34,341,1009.13,0.0,1.06,1008.08,300,30,7.22
0,0,31,243,1008.08,0.0,0.95,1007.13,300,30,7.72
0,0,38,274,1007.13,0.0,1.25,1005.88,300,30,7.38
0,0,41,165,1005.88,0.0,1.2,1004.68,300,30,7.67
0,0,30,186,1004.68,0.0,1.01,1003.67,300,30,7.67
0,0,39,223,1003.67,0.0,1.29,1002.38,300,30,8.13
0,0,47,200,1002.38,0.0,1.37,1001.01,300,30,8.35
0,0,46,228,1001.01,0.0,1.28,999.72,300,30,8.72
0,0,46,328,999.72,0.0,1.32,998.4,300,30,9.1
0,0,50,96,998.4,0.0,1.63,996.78,300,30,8.83
0,0,32,148,996.78,0.0,0.93,995.85,300,30,8.66
0,0,26,183,995.85,0.0,0.84,995.01,300,30,8.21
0,0,26,353,995.01,0.0,0.84,994.17,300,30,7.76
0,0,28,335,994.17,0.0,0.92,993.25,300,30,8.16
0,0,50,298,993.25,0.0,1.68,991.57,300,30,8.43
0,0,50,175,991.57,0.0,1.59,989.98,300,30,7.94
0,0,32,318,989.98,0.0,1.14,988.84,300,30,8.07
0,0,32,353,988.84,0.0,1.06,987.78,300,30,8.71
0,0,42,191,987.78,0.0,1.48,986.3,300,30,9.01
0,0,34,162,986.3,0.0,1.14,985.16,300,30,9.42
0,0,48,326,985.16,0.0,1.33,983.83,300,30,8.82
0,0,37,330,983.83,0.0,1.08,982.75,300,30,8.26
0,0,32,360,982.75,0.0,1.03,981.72,300,30,7.99
0,0,34,92,981.72,0.0,0.87,980.85,300,30,7.84
0,0,32,101,980.85,0.0,0.91,979.94,300,30,7.32
0,0,30,159,979.94,0.0,0.96,978.98,300,30,7.3
0,0,32,314,978.98,0.0,1.12,977.86,300,30,6.97
0,0,29,238,977.86,0.0,1.0,976.86,300,30,6.75
0,0,27,277,976.86,0.0,0.86,976.0,300,30,6.65
0,0,29,135,976.0,0.0,0.93,975.06,300,30,6.81
0,0,28,221,975.06,0.0,1.03,974.03,300,30,7.3
0,0,44,261,974.03,0.0,1.4,972.63,300,30,7.7
0,0,43,174,972.63,0.0,1.36,971.28,300,30,7.5
0,0,29,114,971.28,0.0,0.92,970.36,300,30,7.89
0,0,45,321,970.36,0.0,1.39,968.97,300,30,8.63
0,0,48,326,968.97,0.0,1.6,967.37,300,30,8.51
0,0,28,198,967.37,0.0,0.81,966.56,300,30,8.39
0,0,28,104,966.56,0.0,0.91,965.65,300,30,8.44
0,0,46,326,965.65,0.0,1.45,964.2,300,30,8.42
0,0,47,281,964.2,0.0,1.34,962.85,300,30,8.59
0,0,34,194,962.85,0.0,1.09,961.76,300,30,8.72
0,0,46,301,961.76,0.0,1.52,960.25,300,30,8.01
0,0,30,134,960.25,0.0,0.89,959.36,300,30,8.34
0,0,38,276,959.36,0.0,1.14,958.21,300,30,8.9
0,0,47,108,958.21,0.0,1.47,956.74,300,30,8.58
0,0,36,138,956.74,0.0,1.13,955.61,300,30,8.83
0,0,49,356,955.61,0.0,1.59,954.02,300,30,8.71
0,0,31,109,954.02,0.0,0.97,953.05,300,30,8.18
0,0,28,250,953.05,0.0,0.99,952.06,300,30,8.07
0,0,27,344,952.06,0.0,0.78,951.28,300,30,7.91
0,0,34,93,951.28,0.0,0.98,950.3,300,30,7.51
0,0,39,116,950.3,0.0,1.07,949.23,300,30,7.78
0,0,45,138,949.23,0.0,1.4,947.84,300,30,7.57
0,0,44,106,947.84,0.0,1.38,946.46,300,30,7.57
0,0,29,309,946.46,0.0,0.97,945.49,300,30,7.54
0,0,34,308,945.49,0.0,0.96,944.52,300,30,7.63
0,0,31,234,944.52,0.0,0.87,943.65,300,30,7.81
0,0,40,236,943.65,0.0,1.16,942.49,300,30,7.87
0,0,35,238,942.49,0.0,1.13,941.37,300,30,7.18
0,0,25,176,941.37,0.0,0.71,940.66,300,30,6.67
0,0,27,293,940.66,0.0,0.87,939.79,300,30,6.71
0,0,29,171,939.79,0.0,1.01,938.77,300,30,6.99
0,0,42,293,938.77,0.0,1.24,937.54,300,30,7.23
0,0,32,187,937.54,0.0,1.11,936.43,300,30,7.26
0,0,36,188,936.43,0.0,1.19,935.24,300,30,7.65
0,0,48,304,935.24,0.0,1.52,933.72,300,30,7.98
0,0,36,137,933.72,0.0,1.04,932.67,300,30,8.09
0,0,43,270,932.67,0.0,0.98,931.69,300,30,8.3
0,0,38,271,931.69,0.0,1.22,930.47,300,30,8.28
0,0,38,207,930.47,0.0,1.22,929.25,300,30,8.29
0,0,36,245,929.25,0.0,1.12,928.13,300,30,8.37
0,0,43,128,928.13,0.0,1.27,926.86,300,30,8.17
0,0,44,331,926.86,0.0,1.32,925.54,300,30,8.33
0,0,36,269,925.54,0.0,1.2,924.34,300,30,8.86
0,0,46,141,924.34,0.0,1.51,922.83,300,30,8.6
0,0,29,226,922.83,0.0,0.96,921.86,300,30,8.31
0,0,31,266,921.86,0.0,0.93,920.93,300,30,8.69
0,0,49,192,920.93,0.0,1.5,919.43,300,30,8.7
0,0,43,155,919.43,0.0,1.28,918.15,300,30,8.12
0,0,25,125,918.15,0.0,0.74,917.41,300,30,8.11
0,0,38,292,917.41,0.0,1.19,916.22,300,30,7.85
0,0,40,126,916.22,0.0,1.25,914.97,300,30,7.73
0,0,28,297,914.97,0.0,0.84,914.13,300,30,7.82
0,0,35,163,914.13,0.0,1.02,913.11,300,30,7.12
0,0,25,221,913.11,0.0,0.8,912.31,300,30,6.74
0,0,30,195,912.31,0.0,0.9,911.41,300,30,7.51
0,0,49,141,911.41,0.0,1.51,909.9,300,30,7.29
0,0,34,237,909.9,0.0,0.97,908.93,300,30,6.87
0,0,25,192,908.93,0.0,0.83,908.1,300,30,7.12
0,0,31,331,908.1,0.0,1.09,907.02,300,30,7.56
0,0,48,115,907.02,0.0,1.46,905.56,300,30,7.87
0,0,37,179,905.56,282.72,1.11,1187.17,300,30,7.8
0,0,25,154,1187.17,0.0,0.83,1186.34,300,30,7.31
0,0,38,121,1186.34,0.0,1.02,1185.32,300,30,7.48
0,0,40,100,1185.32,0.0,1.14,1184.18,300,30,7.42
0,0,27,156,1184.18,0.0,0.77,1183.41,300,30,7.52
0,0,43,176,1183.41,0.0,1.19,1182.22,300,30,7.06
0,0,35,174,1182.22,0.0,1.0,1181.23,300,30,7.23
0,0,41,97,1181.23,0.0,1.28,1179.95,300,30,7.91
0,0,47,183,1179.95,0.0,1.51,1178.44,300,30,8.11
0,0,42,309,1178.44,0.0,1.22,1177.23,300,30,7.96
0,0,36,145,1177.23,0.0,0.99,1176.23,300,30,8.2
0,0,37,342,1176.23,0.0,1.01,1175.22,300,30,8.08
0,0,41,295,1175.22,0.0,1.07,1174.15,300,30,8.11
0,0,40,296,1174.15,0.0,1.03,1173.12,300,30,7.56
0,0,30,296,1173.12,0.0,0.73,1172.39,300,30,7.1
0,0,32,121,1172.39,0.0,1.05,1171.34,300,30,6.78
0,0,32,160,1171.34,0.0,0.9,1170.44,300,30,6.78
0,0,33,203,1170.44,0.0,0.99,1169.44,300,30,6.6
0,0,33,182,1169.44,0.0,0.83,1168.62,300,30,6.91
0,0,50,99,1168.62,0.0,1.38,1167.23,300,30,7.15
0,0,39,286,1167.23,0.0,1.27,1165.97,300,30,7.69
0,0,44,139,1165.97,0.0,1.27,1164.7,300,30,7.78
0,0,35,106,1164.7,0.0,1.14,1163.56,300,30,7.92
0,0,36,266,1163.56,0.0,1.04,1162.52,300,30,7.83
0,0,32,121,1162.52,0.0,0.9,1161.62,300,30,8.4
0,0,45,118,1161.62,0.0,1.4,1160.21,300,30,7.92
0,0,31,232,1160.21,0.0,0.9,1159.31,300,30,7.47
0,0,26,284,1159.31,0.0,0.82,1158.49,300,30,6.99
0,0,26,185,1158.49,0.0,0.79,1157.7,300,30,7.63
0,0,50,355,1157.7,0.0,1.78,1155.92,300,30,8.04
0,0,45,314,1155.92,0.0,1.45,1154.47,300,30,8.65
0,0,46,101,1154.47,0.0,1.51,1152.95,300,30,8.2
0,0,39,96,1152.95,0.0,0.95,1152.0,300,30,8.7
0,0,46,135,1152.0,0.0,1.4,1150.6,300,30,9.41
0,0,50,139,1150.6,0.0,1.53,1149.08,300,30,9.45
0,0,29,157,1149.08,0.0,0.83,1148.25,300,30,8.94
0,0,42,168,1148.25,0.0,1.27,1146.97,300,30,8.89
0,0,50,123,1146.97,0.0,1.4,1145.58,300,30,8.84
0,0,47,239,1145.58,0.0,1.46,1144.12,300,30,8.81
0,0,34,110,1144.12,0.0,0.92,1143.2,300,30,8.85
0,0,49,215,1143.2,0.0,1.44,1141.76,300,30,8.72
0,0,45,325,1141.76,0.0,1.4,1140.36,300,30,8.76
0,0,30,329,1140.36,0.0,0.87,1139.49,300,30,8.59
0,0,39,201,1139.49,0.0,1.1,1138.39,300,30,8.03
0,0,28,138,1138.39,0.0,0.84,1137.55,300,30,7.47
0,0,31,146,1137.55,0.0,0.9,1136.65,300,30,7.67
0,0,34,252,1136.65,0.0,1.12,1135.52,300,30,7.31
0,0,43,253,1135.52,0.0,1.08,1134.45,300,30,7.18
0,0,48,129,1134.45,0.0,1.27,1133.18,300,30,7.2
0,0,32,291,1133.18,0.0,0.89,1132.29,300,30,7.47
0,0,48,330,1132.29,0.0,1.37,1130.92,300,30,7.47
0,0,30,107,1130.92,0.0,0.84,1130.09,300,30,7.91
0,0,44,198,1130.09,0.0,1.34,1128.75,300,30,7.56
0,0,26,145,1128.75,0.0,0.77,1127.98,300,30,7.24
0,0,25,283,1127.98,0.0,0.76,1127.22,300,30,7.21
0,0,49,134,1127.22,0.0,1.24,1125.98,300,30,7.05
0,0,27,264,1125.98,0.0,0.73,1125.25,300,30,6.98
0,0,50,309,1125.25,0.0,1.3,1123.95,300,30,7.19
0,0,40,113,1123.95,0.0,1.05,1122.9,300,30,6.74
0,0,31,299,1122.9,0.0,0.89,1122.01,300,30,6.99
0,0,43,128,1122.01,0.0,1.02,1120.99,300,30,6.83
0,0,25,197,1120.99,0.0,0.6,1120.39,300,30,6.39
0,0,29,244,1120.39,0.0,0.8,1119.59,300,30,6.44
0,0,30,211,1119.59,0.0,0.78,1118.82,300,30,5.9
0,0,27,103,1118.82,0.0,0.76,1118.06,300,30,5.96
0,0,42,349,1118.06,0.0,1.11,1116.95,300,30,6.39
0,0,49,170,1116.95,0.0,1.32,1115.62,300,30,6.2
0,0,30,262,1115.62,0.0,0.83,1114.79,300,30,6.83
0,0,45,132,1114.79,0.0,1.23,1113.56,300,30,7.12
0,0,40,301,1113.56,0.0,1.09,1112.48,300,30,7.24
0,0,34,337,1112.48,0.0,0.9,1111.57,300,30,7.5
0,0,38,339,1111.57,0.0,1.02,1110.55,300,30,7.29
0,0,30,243,1110.55,416.62,0.9,1526.27,300,30,7.13
0,0,47,292,1526.27,0.0,1.16,1525.11,300,30,7.37
0,0,49,299,1525.11,0.0,1.07,1524.04,300,30,7.1
0,0,36,325,1524.04,0.0,0.96,1523.08,300,30,7.54
0,0,50,267,1523.08,0.0,1.53,1521.55,300,30,7.56
0,0,34,238,1521.55,0.0,0.92,1520.63,300,30,7.78
0,0,48,234,1520.63,0.0,1.24,1519.38,300,30,7.93
0,0,39,246,1519.38,0.0,1.05,1518.33,300,30,7.91
0,0,39,331,1518.33,0.0,1.14,1517.2,300,30,7.96
0,0,42,158,1517.2,0.0,1.12,1516.08,300,30,8.15
0,0,38,255,1516.08,0.0,1.15,1514.93,300,30,7.52
0,0,33,226,1514.93,0.0,0.9,1514.04,300,30,7.78
0,0,46,105,1514.04,0.0,1.18,1512.85,300,30,7.22
0,0,26,184,1512.85,0.0,0.68,1512.17,300,30,7.46
0,0,46,126,1512.17,0.0,1.29,1510.88,300,30,7.56
0,0,50,246,1510.88,0.0,1.24,1509.63,300,30,7.01
0,0,28,275,1509.63,0.0,0.57,1509.06,300,30,6.95
0,0,39,141,1509.06,0.0,1.09,1507.97,300,30,7.14
0,0,40,336,1507.97,0.0,1.09,1506.88,300,30,6.9
0,0,42,103,1506.88,0.0,0.94,1505.95,300,30,6.95
0,0,35,251,1505.95,0.0,0.73,1505.22,300,30,6.69
0,0,40,330,1505.22,0.0,1.03,1504.19,300,30,6.57
0,0,42,242,1504.19,0.0,1.12,1503.07,300,30,6.97
0,0,45,177,1503.07,0.0,0.97,1502.1,300,30,6.51
0,0,25,214,1502.1,0.0,0.63,1501.47,300,30,6.4
0,0,39,102,1501.47,0.0,0.98,1500.49,300,30,6.74
0,0,47,283,1500.49,0.0,1.28,1499.21,300,30,6.98
0,0,41,208,1499.21,0.0,0.97,1498.24,300,30,6.78
0,0,31,188,1498.24,0.0,0.83,1497.41,300,30,6.86
0,0,50,144,1497.41,0.0,1.2,1496.22,300,30,6.89
0,0,40,298,1496.22,0.0,1.0,1495.21,300,30,6.98
0,0,26,232,1495.21,0.0,0.72,1494.49,300,30,7.33
0,0,46,204,1494.49,0.0,1.33,1493.16,300,30,6.51
0,0,26,210,1493.16,0.0,0.46,1492.7,300,30,6.48
0,0,34,254,1492.7,0.0,0.94,1491.76,300,30,6.8
0,0,47,242,1491.76,0.0,1.15,1490.61,300,30,6.29
0,0,29,338,1490.61,0.0,0.69,1489.91,300,30,6.0
0,0,26,127,1489.91,0.0,0.71,1489.2,300,30,6.33
0,0,44,116,1489.2,0.0,1.05,1488.14,300,30,5.76
0,0,31,214,1488.14,0.0,0.76,1487.39,300,30,6.43
0,0,42,132,1487.39,0.0,1.13,1486.26,300,30,6.28
0,0,28,234,1486.26,0.0,0.79,1485.47,300,30,5.94
0,0,31,186,1485.47,0.0,0.81,1484.66,300,30,6.14
0,0,36,119,1484.66,0.0,0.89,1483.77,300,30,6.12
0,0,34,319,1483.77,0.0,0.69,1483.08,300,30,6.01
0,0,34,309,1483.08,0.0,0.94,1482.14,300,30,5.9
0,0,25,346,1482.14,0.0,0.65,1481.49,300,30,5.54
0,0,27,115,1481.49,0.0,0.77,1480.72,300,30,5.84
0,0,43,288,1480.72,0.0,1.09,1479.62,300,30,6.21
0,0,45,275,1479.62,0.0,1.18,1478.44,300,30,6.51
0,0,49,130,1478.44,0.0,1.19,1477.25,300,30,6.72
0,0,32,199,1477.25,0.0,0.9,1476.35,300,30,6.48
0,0,28,302,1476.35,0.0,0.7,1475.65,300,30,6.94
0,0,42,117,1475.65,0.0,1.11,1474.55,300,30,7.39
0,0,45,327,1474.55,0.0,1.22,1473.33,300,30,7.17
0,0,30,208,1473.33,0.0,0.87,1472.46,300,30,6.66
0,0,26,199,1472.46,0.0,0.67,1471.79,300,30,6.55
0,0,43,135,1471.79,0.0,1.08,1470.7,300,30,6.59
0,0,34,140,1470.7,0.0,0.94,1469.76,300,30,6.69
0,0,33,118,1469.76,0.0,0.8,1468.97,300,30,6.47
0,0,35,286,1468.97,0.0,0.89,1468.08,300,30,6.08
0,0,35,187,1468.08,0.0,0.83,1467.25,300,30,5.81
0,0,27,114,1467.25,0.0,0.6,1466.64,300,30,5.99
0,0,33,257,1466.64,0.0,0.85,1465.79,300,30,5.87
0,0,36,310,1465.79,0.0,0.96,1464.83,300,30,5.79
0,0,31,139,1464.83,0.0,0.86,1463.97,300,30,6.06
0,0,42,186,1463.97,0.0,1.07,1462.9,300,30,6.21
0,0,41,139,1462.9,0.0,1.04,1461.86,300,30,6.22
0,0,34,260,1461.86,0.0,0.84,1461.02,300,30,6.84
0,0,43,323,1461.02,0.0,1.22,1459.8,300,30,6.75
0,0,30,322,1459.8,0.0,0.76,1459.05,300,30,6.88
0,0,37,288,1459.05,0.0,1.09,1457.95,300,30,7.24
0,0,46,291,1457.95,0.0,1.22,1456.73,300,30,7.34
0,0,43,290,1456.73,0.0,1.17,1455.56,300,30,7.39
0,0,38,152,1455.56,0.0,1.09,1454.47,300,30,7.24
0,0,26,222,1454.47,0.0,0.69,1453.78,300,30,6.99
0,0,40,233,1453.78,0.0,0.97,1452.81,300,30,7.4
0,0,48,156,1452.81,0.0,1.17,1451.63,300,30,7.47
0,0,42,182,1451.63,0.0,1.16,1450.48,300,30,7.57
0,0,50,102,1450.48,0.0,1.32,1449.16,300,30,7.06
0,0,27,222,1449.16,0.0,0.66,1448.5,300,30,6.87
0,0,33,326,1448.5,0.0,0.9,1447.6,300,30,7.06
0,0,35,286,1447.6,0.0,0.88,1446.72,300,30,7.25
0,0,44,164,1446.72,0.0,1.16,1445.56,300,30,6.85
0,0,34,209,1445.56,0.0,0.77,1444.79,300,30,6.51
0,0,32,167,1444.79,0.0,0.82,1443.97,300,30,6.21
0,0,37,325,1443.97,0.0,1.02,1442.96,300,30,6.26
0,0,30,129,1442.96,0.0,0.71,1442.24,300,30,6.06
0,0,28,123,1442.24,0.0,0.7,1441.54,300,30,6.56
0,0,50,345,1441.54,0.0,1.38,1440.16,300,30,6.69
0,0,48,128,1440.16,0.0,1.29,1438.88,300,30,7.21
0,0,45,231,1438.88,0.0,1.29,1437.59,300,30,7.44
0,0,39,94,1437.59,0.0,1.05,1436.54,300,30,7.57
0,0,41,178,1436.54,0.0,1.15,1435.39,300,30,7.96
0,0,42,321,1435.39,0.0,1.1,1434.29,300,30,8.08
0,0,32,348,1434.29,0.0,0.82,1433.47,300,30,8.02
0,0,47,102,1433.47,0.0,1.32,1432.15,300,30,7.73
0,0,35,207,1432.15,0.0,1.0,1431.15,300,30,7.57
0,0,39,291,1431.15,0.0,1.13,1430.02,300,30,7.14
0,0,25,219,1430.02,0.0,0.62,1429.4,300,30,7.06
0,0,42,138,1429.4,0.0,1.07,1428.32,300,30,6.97
0,0,36,159,1428.32,0.0,1.01,1427.31,300,30,6.85
0,0,26,151,1427.31,0.0,0.7,1426.61,300,30,6.66
0,0,39,245,1426.61,0.0,1.13,1425.48,300,30,6.4
0,0,30,317,1425.48,0.0,0.74,1424.73,300,30,6.61
0,0,50,225,1424.73,0.0,1.34,1423.39,300,30,7.3
0,0,49,355,1423.39,0.0,1.31,1422.08,300,30,7.17
0,0,41,266,1422.08,0.0,0.94,1421.14,300,30,6.93
0,0,28,159,1421.14,0.0,0.77,1420.37,300,30,7.27
0,0,34,136,1420.37,0.0,1.04,1419.33,300,30,7.42
0,0,48,314,1419.33,0.0,1.28,1418.05,300,30,7.47
0,0,27,353,1418.05,0.0,0.79,1417.26,300,30,6.91
0,0,31,159,1417.26,0.0,0.78,1416.47,300,30,6.44
0,0,27,158,1416.47,0.0,0.84,1415.64,300,30,6.62
0,0,46,157,1415.64,0.0,1.12,1414.51,300,30,6.52
0,0,26,101,1414.51,0.0,0.67,1413.85,300,30,6.43
0,0,34,259,1413.85,0.0,0.95,1412.89,300,30,6.49
0,0,44,99,1412.89,0.0,1.34,1411.56,300,30,6.91
0,0,50,317,1411.56,0.0,1.21,1410.35,300,30,7.59
0,0,46,265,1410.35,0.0,1.46,1408.89,300,30,7.97
0,0,46,170,1408.89,0.0,1.22,1407.67,300,30,8.01
0,0,39,207,1407.67,0.0,1.16,1406.51,300,30,8.14
0,0,31,285,1406.51,0.0,0.8,1405.71,300,30,8.4
0,0,43,148,1405.71,0.0,1.21,1404.5,300,30,7.72
0,0,27,233,1404.5,0.0,0.66,1403.84,300,30,7.59
0,0,41,145,1403.84,0.0,1.08,1402.76,300,30,7.33
0,0,45,288,1402.76,0.0,1.2,1401.56,300,30,6.82
0,0,27,128,1401.56,0.0,0.71,1400.85,300,30,6.37
0,0,25,151,1400.85,0.0,0.71,1400.14,300,30,6.59
0,0,38,314,1400.14,0.0,1.02,1399.12,300,30,6.28
0,0,35,162,1399.12,0.0,0.9,1398.22,300,30,6.46
0,0,29,244,1398.22,0.0,0.84,1397.38,300,30,6.43
0,0,43,348,1397.38,0.0,1.05,1396.32,300,30,6.46
0,0,42,240,1396.32,0.0,1.23,1395.1,300,30,6.55
0,0,31,133,1395.1,0.0,0.8,1394.3,300,30,6.63
0,0,30,311,1394.3,0.0,0.79,1393.51,300,30,7.05
0,0,49,115,1393.51,0.0,1.44,1392.06,300,30,7.06
0,0,34,242,1392.06,0.0,0.91,1391.15,300,30,7.81
0,0,50,274,1391.15,0.0,1.59,1389.56,300,30,7.57
0,0,31,223,1389.56,0.0,0.81,1388.75,300,30,7.28
0,0,32,170,1388.75,0.0,0.94,1387.81,300,30,7.86
0,0,45,251,1387.81,0.0,1.38,1386.43,300,30,7.95
0,0,27,193,1386.43,0.0,0.88,1385.55,300,30,7.42
0,0,29,270,1385.55,0.0,0.91,1384.64,300,30,7.41
0,0,34,91,1384.64,0.0,0.9,1383.74,300,30,7.11
0,0,48,105,1383.74,0.0,1.29,1382.45,300,30,7.26
0,0,34,140,1382.45,0.0,0.96,1381.49,300,30,7.07
0,0,30,285,1381.49,0.0,0.75,1380.74,300,30,6.68
0,0,35,197,1380.74,0.0,0.99,1379.75,300,30,6.75
0,0,33,149,1379.75,0.0,0.95,1378.8,300,30,7.14
0,0,45,254,1378.8,0.0,1.3,1377.49,300,30,7.13
0,0,33,267,1377.49,0.0,0.89,1376.6,300,30,7.05
0,0,36,236,1376.6,0.0,1.21,1375.39,300,30,7.0
0,0,31,235,1375.39,0.0,0.91,1374.48,300,30,7.06
0,0,28,343,1374.48,0.0,0.81,1373.68,300,30,7.03
0,0,31,219,1373.68,0.0,0.96,1372.71,300,30,7.01
0,0,30,271,1372.71,0.0,0.93,1371.79,300,30,6.55
0,0,26,270,1371.79,0.0,0.84,1370.95,300,30,7.14
0,0,44,170,1370.95,0.0,1.48,1369.47,300,30,6.98
0,0,34,337,1369.47,0.0,1.05,1368.42,300,30,7.71
0,0,49,130,1368.42,0.0,1.64,1366.78,300,30,7.83
0,0,31,338,1366.78,0.0,0.93,1365.85,300,30,7.73
0,0,27,108,1365.85,0.0,0.86,1364.99,300,30,7.7
0,0,31,219,1364.99,0.0,0.9,1364.09,300,30,8.23
0,0,42,194,1364.09,0.0,1.37,1362.72,300,30,7.95
0,0,45,229,1362.72,0.0,1.2,1361.52,300,30,7.8
0,0,31,304,1361.52,0.0,0.9,1360.62,300,30,7.24
0,0,33,102,1360.62,0.0,1.08,1359.54,300,30,7.67
0,0,45,173,1359.54,0.0,1.36,1358.18,300,30,8.0
0,0,40,206,1358.18,0.0,1.19,1356.99,300,30,8.29
0,0,40,291,1356.99,0.0,1.19,1355.8,300,30,8.04
0,0,38,217,1355.8,0.0,1.12,1354.68,300,30,7.78
0,0,32,196,1354.68,0.0,0.94,1353.74,300,30,7.61
0,0,26,293,1353.74,0.0,0.73,1353.02,300,30,7.92
0,0,49,333,1353.02,0.0,1.39,1351.63,300,30,7.83
0,0,41,311,1351.63,0.0,1.27,1350.36,300,30,7.67
0,0,33,242,1350.36,0.0,1.03,1349.33,300,30,7.89
0,0,47,169,1349.33,0.0,1.41,1347.91,300,30,8.05
0,0,44,188,1347.91,0.0,1.28,1346.63,300,30,8.31
0,0,36,121,1346.63,0.0,1.2,1345.43,300,30,8.56
0,0,33,229,1345.43,0.0,0.98,1344.45,300,30,7.93
0,0,27,117,1344.45,0.0,0.76,1343.69,300,30,8.18
0,0,46,343,1343.69,0.0,1.52,1342.16,300,30,8.6
0,0,47,214,1342.16,0.0,1.45,1340.72,300,30,8.81
0,0,50,155,1340.72,0.0,1.62,1339.09,300,30,8.9
0,0,48,300,1339.09,0.0,1.37,1337.72,300,30,8.72
0,0,34,192,1337.72,0.0,1.02,1336.7,300,30,8.56
0,0,26,285,1336.7,0.0,0.82,1335.89,300,30,9.04
0,0,43,115,1335.89,0.0,1.24,1334.64,300,30,8.54
0,0,32,272,1334.64,0.0,1.02,1333.62,300,30,8.2
0,0,42,167,1333.62,0.0,1.11,1332.51,300,30,7.93
0,0,44,360,1332.51,0.0,1.35,1331.16,300,30,7.55
0,0,35,227,1331.16,0.0,0.99,1330.17,300,30,7.5
0,0,29,284,1330.17,0.0,0.97,1329.2,300,30,7.61
0,0,31,216,1329.2,0.0,0.93,1328.27,300,30,7.79
0,0,47,147,1328.27,0.0,1.42,1326.85,300,30,8.28
0,0,42,240,1326.85,0.0,1.51,1325.34,300,30,8.45
0,0,38,171,1325.34,0.0,1.28,1324.07,300,30,7.86
0,0,25,239,1324.07,0.0,0.76,1323.31,300,30,8.14
0,0,40,195,1323.31,0.0,1.27,1322.04,300,30,8.89
0,0,50,184,1322.04,0.0,1.72,1320.32,300,30,8.83
0,0,27,305,1320.32,0.0,0.87,1319.45,300,30,8.73
0,0,41,98,1319.45,0.0,1.32,1318.13,300,30,8.28
0,0,30,322,1318.13,0.0,1.06,1317.07,300,30,8.22
0,0,46,152,1317.07,0.0,1.22,1315.84,300,30,8.64
0,0,39,113,1315.84,0.0,1.18,1314.67,300,30,8.82
0,0,44,146,1314.67,0.0,1.45,1313.22,300,30,8.63
0,0,47,295,1313.22,0.0,1.53,1311.68,300,30,8.53
0,0,25,192,1311.68,0.0,0.77,1310.91,300,30,8.58
0,0,41,149,1310.91,0.0,1.37,1309.54,300,30,8.42
0,0,30,301,1309.54,0.0,0.9,1308.64,300,30,8.25
0,0,29,196,1308.64,0.0,1.05,1307.59,300,30,8.11
0,0,35,317,1307.59,0.0,1.04,1306.55,300,30,7.84
0,0,37,218,1306.55,0.0,1.18,1305.37,300,30,7.63
0,0,42,228,1305.37,0.0,1.32,1304.05,300,30,8.18
0,0,38,238,1304.05,0.0,1.32,1302.73,300,30,8.16
0,0,40,245,1302.73,0.0,1.35,1301.38,300,30,8.5
0,0,43,331,1301.38,0.0,1.24,1300.14,300,30,9.05
0,0,50,233,1300.14,0.0,1.6,1298.54,300,30,9.07
0,0,36,335,1298.54,0.0,1.06,1297.48,300,30,9.34
0,0,42,124,1297.48,0.0,1.45,1296.04,300,30,9.09
0,0,36,204,1296.04,0.0,1.07,1294.96,300,30,8.9
0,0,39,344,1294.96,0.0,1.13,1293.84,300,30,8.81
0,0,39,150,1293.84,0.0,1.26,1292.57,300,30,8.69
0,0,31,133,1292.57,0.0,1.12,1291.45,300,30,7.78
0,0,25,190,1291.45,0.0,0.69,1290.76,300,30,7.75
0,0,33,220,1290.76,0.0,1.03,1289.73,300,30,7.62
0,0,45,348,1289.73,0.0,1.32,1288.41,300,30,7.79
0,0,40,128,1288.41,0.0,1.24,1287.18,300,30,7.96
0,0,37,303,1287.18,0.0,1.3,1285.88,300,30,8.18
0,0,49,220,1285.88,0.0,1.48,1284.4,300,30,8.06
0,0,30,168,1284.4,0.0,1.0,1283.4,300,30,8.78
0,0,49,113,1283.4,0.0,1.41,1281.99,300,30,9.38
0,0,45,198,1281.99,0.0,1.63,1280.36,300,30,9.66
0,0,49,316,1280.36,0.0,1.6,1278.76,300,30,9.3
0,0,25,270,1278.76,0.0,0.88,1277.88,300,30,9.05
0,0,36,156,1277.88,0.0,1.05,1276.83,300,30,8.9
0,0,40,166,1276.83,0.0,1.33,1275.5,300,30,8.92
0,0,33,289,1275.5,0.0,1.02,1274.48,300,30,8.69
0,0,44,147,1274.48,0.0,1.18,1273.3,300,30,8.02
0,0,31,94,1273.3,0.0,0.96,1272.33,300,30,7.49
0,0,35,119,1272.33,0.0,1.07,1271.26,300,30,7.72
0,0,38,209,1271.26,0.0,1.11,1270.16,300,30,7.85
0,0,40,320,1270.16,0.0,1.18,1268.97,300,30,7.88
0,0,42,327,1268.97,0.0,1.36,1267.61,300,30,8.16
0,0,46,285,1267.61,410.76,1.3,1677.07,300,30,8.05
0,0,40,161,1677.07,0.0,1.07,1676.0,300,30,8.18
0,0,39,105,1676.0,0.0,1.09,1674.91,300,30,8.71
0,0,47,105,1674.91,0.0,1.6,1673.31,300,30,9.03
0,0,39,278,1673.31,0.0,1.43,1671.88,300,30,8.83
0,0,32,93,1671.88,0.0,0.98,1670.89,300,30,8.86
0,0,39,349,1670.89,0.0,1.39,1669.5,300,30,8.53
0,0,31,95,1669.5,0.0,0.97,1668.53,300,30,8.92
0,0,48,179,1668.53,0.0,1.46,1667.07,300,30,8.72
0,0,32,181,1667.07,0.0,0.89,1666.18,300,30,8.17
0,0,33,301,1666.18,0.0,1.05,1665.12,300,30,8.08
0,0,41,330,1665.12,0.0,1.34,1663.78,300,30,8.1
0,0,31,126,1663.78,0.0,1.0,1662.79,300,30,7.62
0,0,29,114,1662.79,0.0,0.91,1661.88,300,30,8.43
0,0,50,249,1661.88,0.0,1.78,1660.1,300,30,7.86
0,0,30,279,1660.1,0.0,0.89,1659.21,300,30,8.24
0,0,41,191,1659.21,0.0,1.27,1657.95,300,30,8.22
0,0,34,119,1657.95,0.0,1.03,1656.92,300,30,7.74
0,0,29,156,1656.92,0.0,0.86,1656.06,300,30,7.87
0,0,33,114,1656.06,0.0,1.13,1654.93,300,30,7.86
0,0,29,330,1654.93,0.0,0.9,1654.03,300,30,7.04
0,0,34,116,1654.03,0.0,0.96,1653.07,300,30,7.57
0,0,42,213,1653.07,0.0,1.42,1651.65,300,30,7.1
0,0,26,171,1651.65,0.0,0.8,1650.85,300,30,7.3
0,0,38,212,1650.85,0.0,1.23,1649.62,300,30,7.39
0,0,30,277,1649.62,0.0,0.95,1648.67,300,30,7.15
0,0,29,182,1648.67,0.0,0.89,1647.78,300,30,7.08
0,0,27,354,1647.78,0.0,0.83,1646.94,300,30,7.21
0,0,33,292,1646.94,0.0,1.09,1645.85,300,30,6.67
0,0,29,326,1645.85,0.0,0.88,1644.97,300,30,7.04
0,0,35,329,1644.97,0.0,1.17,1643.8,300,30,7.06
0,0,39,333,1643.8,0.0,1.25,1642.55,300,30,6.83
0,0,26,269,1642.55,0.0,0.72,1641.83,300,30,7.43
0,0,44,166,1641.83,0.0,1.49,1640.34,300,30,7.8
0,0,40,163,1640.34,0.0,1.2,1639.13,300,30,7.68
0,0,31,168,1639.13,0.0,0.97,1638.16,300,30,8.06
0,0,40,115,1638.16,0.0,1.26,1636.9,300,30,8.0
0,0,36,153,1636.9,0.0,1.11,1635.79,300,30,7.81
0,0,35,305,1635.79,0.0,1.06,1634.73,300,30,8.3
0,0,37,148,1634.73,0.0,1.21,1633.52,300,30,8.32
0,0,50,103,1633.52,0.0,1.51,1632.01,300,30,8.45
0,0,41,209,1632.01,0.0,1.33,1630.68,300,30,8.85
0,0,43,169,1630.68,0.0,1.37,1629.31,300,30,8.56
0,0,31,279,1629.31,0.0,0.97,1628.34,300,30,8.67
0,0,33,122,1628.34,0.0,1.22,1627.12,300,30,8.61
0,0,34,214,1627.12,0.0,1.0,1626.12,300,30,9.1
0,0,50,307,1626.12,0.0,1.7,1624.42,300,30,8.41
0,0,29,293,1624.42,0.0,0.82,1623.6,300,30,8.39
0,0,43,347,1623.6,0.0,1.31,1622.29,300,30,8.35
0,0,48,138,1622.29,0.0,1.33,1620.96,300,30,8.57
0,0,39,147,1620.96,0.0,1.19,1619.77,300,30,8.54
0,0,33,214,1619.77,0.0,1.19,1618.58,300,30,8.41
0,0,30,350,1618.58,0.0,0.87,1617.7,300,30,7.75
0,0,32,301,1617.7,0.0,1.04,1616.66,300,30,8.31
0,0,48,319,1616.66,0.0,1.38,1615.28,300,30,8.41
0,0,44,219,1615.28,0.0,1.41,1613.87,300,30,7.94
0,0,31,249,1613.87,0.0,0.86,1613.01,300,30,8.0
0,0,42,178,1613.01,0.0,1.25,1611.75,300,30,7.98
0,0,35,276,1611.75,0.0,1.17,1610.59,300,30,8.14
0,0,40,93,1610.59,0.0,1.03,1609.55,300,30,7.99
0,0,36,293,1609.55,0.0,0.89,1608.66,300,30,7.72
0,0,33,137,1608.66,195.56,1.11,1803.11,300,30,7.65
0,0,44,252,1803.11,0.0,1.34,1801.77,300,30,8.07
0,0,39,180,1801.77,0.0,1.28,1800.49,300,30,7.54
0,0,26,235,1800.49,0.0,0.72,1799.77,300,30,7.16
0,0,25,194,1799.77,0.0,0.79,1798.98,300,30,7.06
0,0,31,160,1798.98,0.0,0.93,1798.05,300,30,6.92
0,0,27,261,1798.05,0.0,0.75,1797.29,300,30,6.86
0,0,41,231,1797.29,0.0,1.05,1796.24,300,30,6.23
0,0,25,256,1796.24,0.0,0.71,1795.53,300,30,6.45
0,0,47,324,1795.53,0.0,1.5,1794.03,300,30,6.7
0,0,31,239,1794.03,0.0,0.97,1793.07,300,30,6.68
0,0,25,316,1793.07,0.0,0.77,1792.3,300,30,6.79
0,0,36,286,1792.3,0.0,1.04,1791.25,300,30,7.08
0,0,34,116,1791.25,0.0,1.04,1790.21,300,30,6.75
0,0,29,249,1790.21,0.0,0.72,1789.49,300,30,7.08
0,0,37,199,1789.49,0.0,1.04,1788.45,300,30,6.45
0,0,32,217,1788.45,0.0,0.87,1787.58,300,30,6.72
0,0,47,148,1787.58,0.0,1.24,1786.35,300,30,6.76
0,0,29,324,1786.35,0.0,0.81,1785.54,300,30,6.96
0,0,45,153,1785.54,0.0,1.24,1784.3,300,30,7.38
0,0,49,220,1784.3,0.0,1.46,1782.84,300,30,7.96
0,0,43,97,1782.84,0.0,1.3,1781.54,300,30,7.69
0,0,31,242,1781.54,0.0,0.77,1780.77,300,30,7.84
0,0,36,132,1780.77,0.0,1.02,1779.75,300,30,7.83
0,0,48,219,1779.75,0.0,1.23,1778.52,300,30,8.33
0,0,50,204,1778.52,0.0,1.31,1777.21,300,30,8.26
0,0,45,274,1777.21,0.0,1.17,1776.04,300,30,7.52
0,0,27,176,1776.04,0.0,0.72,1775.32,300,30,7.46
0,0,45,113,1775.32,0.0,1.24,1774.08,300,30,7.56
0,0,31,346,1774.08,0.0,0.87,1773.22,300,30,7.92
0,0,46,260,1773.22,0.0,1.38,1771.84,300,30,7.48
0,0,27,305,1771.84,0.0,0.79,1771.05,300,30,7.46
0,0,48,193,1771.05,0.0,1.29,1769.76,300,30,7.34
0,0,34,268,1769.76,0.0,1.05,1768.71,300,30,7.64
0,0,35,98,1768.71,0.0,1.02,1767.69,300,30,7.53
0,0,41,281,1767.69,0.0,1.13,1766.56,300,30,7.45
0,0,28,174,1766.56,0.0,0.79,1765.77,300,30,7.29
0,0,45,259,1765.77,0.0,1.22,1764.55,300,30,7.1
0,0,25,117,1764.55,0.0,0.6,1763.95,300,30,6.85
0,0,39,141,1763.95,0.0,1.04,1762.92,300,30,7.07
0,0,46,179,1762.92,0.0,1.27,1761.65,300,30,6.72
0,0,26,244,1761.65,0.0,0.67,1760.98,300,30,6.75
0,0,46,175,1760.98,0.0,1.16,1759.81,300,30,7.16
0,0,46,107,1759.81,0.0,1.2,1758.62,300,30,6.76
0,0,27,328,1758.62,0.0,0.82,1757.8,300,30,7.08
0,0,35,225,1757.8,0.0,0.92,1756.88,300,30,6.94
0,0,30,270,1756.88,0.0,0.9,1755.99,300,30,6.95
0,0,46,269,1755.99,0.0,1.28,1754.71,300,30,7.54
0,0,49,312,1754.71,0.0,1.26,1753.44,300,30,7.15
0,0,28,320,1753.44,0.0,0.77,1752.67,300,30,7.03
0,0,41,179,1752.67,0.0,1.08,1751.59,300,30,7.12
0,0,30,148,1751.59,0.0,0.91,1750.68,300,30,7.06
0,0,32,265,1750.68,0.0,0.86,1749.82,300,30,7.36
0,0,47,117,1749.82,0.0,1.2,1748.62,300,30,6.95
0,0,31,245,1748.62,0.0,0.87,1747.75,300,30,6.42
0,0,26,98,1747.75,0.0,0.73,1747.02,300,30,6.87
0,0,47,253,1747.02,0.0,1.22,1745.8,300,30,6.9
0,0,41,329,1745.8,0.0,1.11,1744.69,300,30,7.15
0,0,48,128,1744.69,0.0,1.16,1743.54,300,30,6.95
0,0,25,317,1743.54,0.0,0.66,1742.87,300,30,6.7
0,0,38,164,1742.87,0.0,0.95,1741.92,300,30,7.14
0,0,49,108,1741.92,0.0,1.31,1740.61,300,30,7.79
0,0,49,132,1740.61,0.0,1.38,1739.22,300,30,7.5
0,0,45,150,1739.22,0.0,0.93,1738.3,300,30,7.55
0,0,49,111,1738.3,0.0,1.16,1737.14,300,30,7.59
0,0,45,291,1737.14,0.0,1.2,1735.94,300,30,7.94
0,0,42,141,1735.94,0.0,1.01,1734.92,300,30,8.16
0,0,39,332,1734.92,0.0,1.17,1733.75,300,30,7.72
0,0,28,234,1733.75,0.0,0.87,1732.89,300,30,7.45
0,0,43,198,1732.89,0.0,1.11,1731.78,300,30,7.85
0,0,48,273,1731.78,0.0,1.33,1730.45,300,30,7.39
0,0,31,101,1730.45,0.0,0.7,1729.75,300,30,7.56
0,0,48,104,1729.75,0.0,1.37,1728.38,300,30,7.41
0,0,32,203,1728.38,0.0,0.86,1727.52,300,30,7.12
0,0,40,166,1727.52,0.0,0.88,1726.64,300,30,7.26
0,0,39,215,1726.64,0.0,1.01,1725.63,300,30,6.79
0,0,27,199,1725.63,0.0,0.64,1724.99,300,30,6.35
0,0,31,325,1724.99,0.0,0.89,1724.1,300,30,6.77
0,0,39,164,1724.1,0.0,1.12,1722.98,300,30,6.35
0,0,37,136,1722.98,0.0,0.95,1722.03,300,30,6.7
0,0,44,264,1722.03,0.0,1.21,1720.82,300,30,6.56
0,0,26,134,1720.82,0.0,0.74,1720.08,300,30,6.72
0,0,49,290,1720.08,0.0,1.17,1718.91,300,30,6.75
0,0,27,258,1718.91,0.0,0.67,1718.23,300,30,6.9
0,0,40,253,1718.23,0.0,1.04,1717.2,300,30,6.4
0,0,25,178,1717.2,0.0,0.62,1716.58,300,30,6.63
0,0,47,253,1716.58,0.0,1.18,1715.4,300,30,6.72
0,0,49,279,1715.4,0.0,1.3,1714.1,300,30,6.66
0,0,29,107,1714.1,0.0,0.68,1713.43,300,30,6.17
0,0,26,162,1713.43,0.0,0.68,1712.74,300,30,6.49
0,0,40,124,1712.74,0.0,0.99,1711.76,300,30,6.44
0,0,41,228,1711.76,0.0,0.99,1710.77,300,30,6.82
0,0,41,227,1710.77,0.0,1.0,1709.76,300,30,6.32
0,0,27,295,1709.76,0.0,0.68,1709.08,300,30,5.92
0,0,30,148,1709.08,0.0,0.9,1708.18,300,30,6.45
0,0,49,203,1708.18,0.0,1.21,1706.97,300,30,6.66
0,0,37,326,1706.97,0.0,0.89,1706.08,300,30,6.62
0,0,39,334,1706.08,0.0,0.95,1705.12,300,30,6.3
0,0,26,115,1705.12,0.0,0.67,1704.46,300,30,6.19
0,0,37,262,1704.46,0.0,0.89,1703.57,300,30,6.2
0,0,27,167,1703.57,0.0,0.69,1702.88,300,30,6.3
0,0,39,214,1702.88,0.0,1.0,1701.87,300,30,6.23
0,0,41,96,1701.87,0.0,1.14,1700.73,300,30,6.21
0,0,33,320,1700.73,0.0,0.87,1699.86,300,30,6.53
0,0,47,300,1699.86,0.0,1.27,1698.59,300,30,6.65
0,0,34,142,1698.59,0.0,0.79,1697.8,300,30,6.57
0,0,32,210,1697.8,0.0,0.81,1696.99,300,30,7.13
0,0,46,218,1696.99,0.0,1.25,1695.74,300,30,6.98
0,0,30,170,1695.74,0.0,0.85,1694.89,300,30,6.75
0,0,38,119,1694.89,0.0,0.91,1693.98,300,30,6.62
0,0,29,354,1693.98,0.0,0.74,1693.24,300,30,6.18
0,0,33,130,1693.24,0.0,0.83,1692.41,300,30,6.26
0,0,36,276,1692.41,0.0,0.87,1691.54,300,30,6.41
0,0,36,308,1691.54,0.0,0.96,1690.58,300,30,6.44
0,0,48,118,1690.58,0.0,1.28,1689.29,300,30,6.61
0,0,39,124,1689.29,0.0,1.02,1688.27,300,30,6.33
0,0,25,176,1688.27,0.0,0.63,1687.64,300,30,6.43
0,0,35,250,1687.64,0.0,0.84,1686.8,300,30,6.19
0,0,26,180,1686.8,238.82,0.59,1925.03,300,30,6.44
0,0,41,146,1925.03,0.0,1.12,1923.91,300,30,6.42
0,0,35,149,1923.91,0.0,0.94,1922.97,300,30,6.49
0,0,49,126,1922.97,0.0,1.35,1921.62,300,30,6.35
0,0,39,147,1921.62,0.0,0.88,1920.75,300,30,6.74
0,0,44,150,1920.75,0.0,1.02,1919.73,300,30,6.93
0,0,41,338,1919.73,0.0,1.03,1918.7,300,30,7.2
0,0,35,98,1918.7,0.0,0.86,1917.84,300,30,7.4
0,0,50,346,1917.84,0.0,1.32,1916.52,300,30,7.57
0,0,49,250,1916.52,0.0,1.11,1915.41,300,30,6.95
0,0,28,108,1915.41,0.0,0.73,1914.68,300,30,7.09
0,0,38,225,1914.68,0.0,1.02,1913.66,300,30,7.16
0,0,40,124,1913.66,0.0,1.09,1912.57,300,30,6.77
0,0,30,98,1912.57,0.0,0.64,1911.93,300,30,7.15
0,0,44,360,1911.93,0.0,1.24,1910.69,300,30,6.85
0,0,31,224,1910.69,0.0,1.02,1909.67,300,30,6.62
0,0,41,227,1909.67,0.0,0.88,1908.79,300,30,6.92
0,0,43,108,1908.79,0.0,1.03,1907.76,300,30,6.88
0,0,34,314,1907.76,0.0,0.98,1906.78,300,30,6.84
0,0,41,245,1906.78,0.0,1.05,1905.73,300,30,7.29
0,0,39,216,1905.73,0.0,1.09,1904.64,300,30,7.21
0,0,48,146,1904.64,0.0,1.16,1903.49,300,30,7.38
0,0,48,259,1903.49,0.0,1.19,1902.29,300,30,7.85
0,0,47,184,1902.29,0.0,1.35,1900.94,300,30,8.19
0,0,49,215,1900.94,0.0,1.37,1899.58,300,30,8.22
0,0,37,349,1899.58,0.0,1.01,1898.56,300,30,8.0
0,0,34,152,1898.56,0.0,0.83,1897.74,300,30,7.58
0,0,25,286,1897.74,0.0,0.67,1897.07,300,30,7.44
0,0,45,128,1897.07,0.0,1.02,1896.05,300,30,7.09
0,0,35,343,1896.05,0.0,0.84,1895.21,300,30,6.43
0,0,26,209,1895.21,0.0,0.69,1894.52,300,30,6.04
0,0,33,182,1894.52,0.0,0.98,1893.54,300,30,6.23
0,0,46,232,1893.54,0.0,1.2,1892.34,300,30,6.54
0,0,40,265,1892.34,0.0,1.14,1891.2,300,30,6.94
0,0,42,207,1891.2,0.0,1.07,1890.13,300,30,6.96
0,0,41,359,1890.13,0.0,1.04,1889.09,300,30,7.32
0,0,48,244,1889.09,0.0,1.2,1887.89,300,30,7.84
0,0,49,327,1887.89,0.0,1.21,1886.68,300,30,7.85
0,0,35,305,1886.68,0.0,0.99,1885.69,300,30,7.72
0,0,40,172,1885.69,0.0,1.07,1884.62,300,30,7.77
0,0,50,111,1884.62,0.0,1.19,1883.43,300,30,8.17
0,0,49,339,1883.43,0.0,1.47,1881.95,300,30,7.95
0,0,30,184,1881.95,0.0,0.82,1881.13,300,30,7.6
0,0,29,248,1881.13,0.0,0.85,1880.28,300,30,7.71
0,0,46,297,1880.28,0.0,1.32,1878.95,300,30,7.46
0,0,28,309,1878.95,0.0,0.74,1878.22,300,30,7.39
0,0,33,253,1878.22,0.0,1.0,1877.21,300,30,6.88
0,0,25,225,1877.21,0.0,0.68,1876.53,300,30,6.59
0,0,40,236,1876.53,0.0,1.18,1875.35,300,30,7.11
0,0,49,155,1875.35,0.0,1.34,1874.01,300,30,7.52
0,0,46,145,1874.01,0.0,1.26,1872.75,300,30,6.86
0,0,25,184,1872.75,0.0,0.66,1872.09,300,30,7.18
0,0,37,189,1872.09,0.0,1.06,1871.03,300,30,7.27
0,0,38,234,1871.03,0.0,1.09,1869.94,300,30,7.26
0,0,30,116,1869.94,0.0,0.67,1869.28,300,30,6.85
0,0,26,243,1869.28,0.0,0.77,1868.51,300,30,6.66
0,0,40,268,1868.51,0.0,1.15,1867.35,300,30,6.56
0,0,50,219,1867.35,0.0,1.16,1866.2,300,30,6.84
0,0,33,160,1866.2,0.0,0.94,1865.26,300,30,7.22
0,0,49,133,1865.26,0.0,1.44,1863.82,300,30,7.42
0,0,49,186,1863.82,0.0,1.29,1862.53,300,30,7.72
0,0,37,173,1862.53,0.0,0.97,1861.56,300,30,8.44
0,0,50,179,1861.56,0.0,1.49,1860.07,300,30,8.12
0,0,31,194,1860.07,0.0,0.83,1859.24,300,30,7.72
0,0,27,329,1859.24,0.0,0.76,1858.48,300,30,7.67
0,0,33,349,1858.48,0.0,0.89,1857.59,300,30,7.04
0,0,31,357,1857.59,0.0,0.81,1856.79,300,30,6.97
0,0,45,222,1856.79,0.0,1.22,1855.57,300,30,6.69
0,0,27,174,1855.57,0.0,0.69,1854.88,300,30,6.11
0,0,33,119,1854.88,0.0,0.91,1853.97,300,30,6.38
0,0,40,267,1853.97,0.0,1.1,1852.87,300,30,6.64
0,0,37,264,1852.87,0.0,1.02,1851.85,300,30,6.81
0,0,46,315,1851.85,0.0,1.06,1850.78,300,30,6.82
0,0,30,325,1850.78,0.0,0.82,1849.97,300,30,7.03
0,0,50,92,1849.97,0.0,1.43,1848.54,300,30,7.45
0,0,37,328,1848.54,0.0,1.11,1847.43,300,30,7.28
0,0,31,287,1847.43,0.0,0.74,1846.69,300,30,7.1
0,0,36,122,1846.69,0.0,0.92,1845.77,300,30,7.11
0,0,36,347,1845.77,0.0,1.03,1844.74,300,30,7.23
0,0,40,357,1844.74,0.0,1.18,1843.56,300,30,7.75
0,0,44,296,1843.56,0.0,1.34,1842.22,300,30,7.4
0,0,35,359,1842.22,0.0,1.08,1841.15,300,30,7.44
0,0,45,353,1841.15,0.0,1.15,1839.99,300,30,7.73
0,0,35,214,1839.99,0.0,1.03,1838.96,300,30,7.5
0,0,25,256,1838.96,0.0,0.69,1838.27,300,30,7.76
0,0,42,327,1838.27,0.0,1.29,1836.98,300,30,7.94
9,0,34,247,68.13,0.0,0.03,68.09,20,60,0.23
9,0,44,241,68.09,0.0,0.04,68.06,20,60,0.23
9,0,41,151,68.06,0.0,0.04,68.02,20,60,0.22
9,0,28,159,68.02,0.0,0.02,68.0,20,60,0.21
9,0,28,179,68.0,0.0,0.03,67.97,20,60,0.22
9,0,28,123,67.97,0.0,0.03,67.95,20,60,0.23
9,0,50,140,67.95,0.0,0.04,67.91,20,60,0.24
9,0,44,114,67.91,0.0,0.04,67.87,20,60,0.24
9,0,37,348,67.87,0.0,0.04,67.83,20,60,0.23
9,0,32,193,67.83,0.0,0.03,67.8,20,60,0.25
9,0,50,230,67.8,0.0,0.04,67.76,20,60,0.26
9,0,46,152,67.76,0.0,0.04,67.72,20,60,0.26
9,0,35,254,67.72,0.0,0.03,67.69,20,60,0.27
9,0,49,165,67.69,0.0,0.05,67.64,20,60,0.26
9,0,36,191,67.64,0.0,0.03,67.61,20,60,0.25
9,0,37,299,67.61,0.0,0.03,67.58,20,60,0.26
9,0,43,196,67.58,0.0,0.04,67.54,20,60,0.25
9,0,30,305,67.54,0.0,0.03,67.51,20,60,0.26
9,0,48,299,67.51,0.0,0.05,67.46,20,60,0.26
9,0,38,139,67.46,0.0,0.03,67.44,20,60,0.25
9,0,37,205,67.44,0.0,0.04,67.4,20,60,0.26
9,0,46,296,67.4,0.0,0.04,67.36,20,60,0.28
9,0,48,253,67.36,0.0,0.05,67.31,20,60,0.27
9,0,30,240,67.31,0.0,0.03,67.29,20,60,0.27
9,0,33,218,67.29,0.0,0.03,67.26,20,60,0.25
9,0,27,225,67.26,0.0,0.03,67.23,20,60,0.25
9,0,36,315,67.23,0.0,0.03,67.2,20,60,0.24
9,0,32,239,67.2,0.0,0.03,67.17,20,60,0.23
9,0,37,247,67.17,0.0,0.03,67.14,20,60,0.22
9,0,33,188,67.14,0.0,0.04,67.1,20,60,0.22
9,0,33,310,67.1,0.0,0.03,67.07,20,60,0.23
9,0,42,138,67.07,0.0,0.04,67.03,20,60,0.24
9,0,46,239,67.03,0.0,0.04,67.0,20,60,0.24
9,0,30,300,67.0,0.0,0.03,66.96,20,60,0.25
9,0,39,287,66.96,0.0,0.04,66.93,20,60,0.25
9,0,35,237,66.93,0.0,0.03,66.9,20,60,0.25
9,0,44,303,66.9,0.0,0.04,66.87,20,60,0.25
9,0,30,335,66.87,0.0,0.03,66.84,20,60,0.24
9,0,40,155,66.84,0.0,0.03,66.81,20,60,0.22
9,0,25,178,66.81,0.0,0.02,66.79,20,60,0.21
9,0,26,346,66.79,0.0,0.02,66.76,20,60,0.2
9,0,37,179,66.76,0.0,0.03,66.73,20,60,0.19
9,0,27,162,66.73,0.0,0.02,66.71,20,60,0.19
9,0,39,334,66.71,0.0,0.04,66.67,20,60,0.2
9,0,46,236,66.67,0.0,0.04,66.63,20,60,0.21
9,0,46,260,66.63,0.0,0.04,66.59,20,60,0.22
9,0,25,322,66.59,0.0,0.03,66.57,20,60,0.24
9,0,48,264,66.57,0.0,0.04,66.53,20,60,0.24
9,0,27,102,66.53,0.0,0.03,66.5,20,60,0.27
9,0,48,134,66.5,0.0,0.05,66.46,20,60,0.26
9,0,30,151,66.46,0.0,0.03,66.43,20,60,0.25
9,0,34,341,66.43,0.0,0.03,66.4,20,60,0.24
9,0,31,243,66.4,0.0,0.03,66.37,20,60,0.24
9,0,38,274,66.37,0.0,0.03,66.34,20,60,0.24
9,0,41,165,66.34,0.0,0.04,66.3,20,60,0.24
9,0,30,186,66.3,0.0,0.03,66.27,20,60,0.23
9,0,39,223,66.27,0.0,0.04,66.23,20,60,0.24
9,0,47,200,66.23,0.0,0.04,66.19,20,60,0.26
9,0,46,228,66.19,0.0,0.05,66.15,20,60,0.27
9,0,46,328,66.15,0.0,0.04,66.11,20,60,0.28
9,0,50,96,66.11,0.0,0.04,66.07,20,60,0.27
9,0,32,148,66.07,0.0,0.03,66.04,20,60,0.27
9,0,26,183,66.04,0.0,0.03,66.01,20,60,0.26
9,0,26,353,66.01,0.0,0.03,65.99,20,60,0.24
9,0,28,335,65.99,0.0,0.02,65.96,20,60,0.24
9,0,50,298,65.96,0.0,0.05,65.92,20,60,0.25
9,0,50,175,65.92,0.0,0.05,65.87,20,60,0.24
9,0,32,318,65.87,0.0,0.03,65.84,20,60,0.24
9,0,32,353,65.84,0.0,0.03,65.81,20,60,0.25
9,0,42,191,65.81,0.0,0.04,65.76,20,60,0.25
9,0,34,162,65.76,0.0,0.03,65.73,20,60,0.28
9,0,48,326,65.73,0.0,0.05,65.69,20,60,0.26
9,0,37,330,65.69,0.0,0.03,65.66,20,60,0.24
9,0,32,360,65.66,0.0,0.03,65.62,20,60,0.24
9,0,34,92,65.62,0.0,0.03,65.59,20,60,0.24
9,0,32,101,65.59,0.0,0.03,65.56,20,60,0.22
9,0,30,159,65.56,0.0,0.02,65.53,20,60,0.22
9,0,32,314,65.53,0.0,0.03,65.5,20,60,0.2
9,0,29,238,65.5,0.0,0.03,65.47,20,60,0.19
9,0,27,277,65.47,0.0,0.02,65.45,20,60,0.19
9,0,29,135,65.45,0.0,0.03,65.42,20,60,0.19
9,0,28,221,65.42,0.0,0.03,65.39,20,60,0.21
9,0,44,261,65.39,0.0,0.05,65.34,20,60,0.23
9,0,43,174,65.34,0.0,0.04,65.3,20,60,0.23
9,0,29,114,65.3,0.0,0.03,65.28,20,60,0.24
9,0,45,321,65.28,0.0,0.04,65.24,20,60,0.26
9,0,48,326,65.24,0.0,0.04,65.2,20,60,0.26
9,0,28,198,65.2,0.0,0.03,65.17,20,60,0.26
9,0,28,104,65.17,0.0,0.03,65.15,20,60,0.26
9,0,46,326,65.15,0.0,0.05,65.1,20,60,0.27
9,0,47,281,65.1,0.0,0.05,65.05,20,60,0.27
9,0,34,194,65.05,0.0,0.03,65.02,20,60,0.27
9,0,46,301,65.02,0.0,0.04,64.97,20,60,0.26
9,0,30,134,64.97,0.0,0.03,64.94,20,60,0.27
9,0,38,276,64.94,0.0,0.04,64.91,20,60,0.29
9,0,47,108,64.91,0.0,0.05,64.86,20,60,0.27
9,0,36,138,64.86,0.0,0.03,64.82,20,60,0.27
9,0,49,356,64.82,0.0,0.05,64.77,20,60,0.27
9,0,31,109,64.77,0.0,0.03,64.74,20,60,0.26
9,0,28,250,64.74,0.0,0.03,64.72,20,60,0.26
9,0,27,344,64.72,0.0,0.03,64.69,20,60,0.25
9,0,34,93,64.69,0.0,0.03,64.66,20,60,0.24
9,0,39,116,64.66,0.0,0.04,64.62,20,60,0.25
9,0,45,138,64.62,0.0,0.04,64.58,20,60,0.23
9,0,44,106,64.58,0.0,0.03,64.55,20,60,0.23
9,0,29,309,64.55,0.0,0.03,64.52,20,60,0.23
9,0,34,308,64.52,0.0,0.03,64.49,20,60,0.23
9,0,31,234,64.49,0.0,0.03,64.46,20,60,0.24
9,0,40,236,64.46,0.0,0.04,64.42,20,60,0.23
9,0,35,238,64.42,0.0,0.03,64.38,20,60,0.21
9,0,25,176,64.38,0.0,0.02,64.36,20,60,0.21
9,0,27,293,64.36,0.0,0.03,64.34,20,60,0.21
9,0,29,171,64.34,0.0,0.03,64.31,20,60,0.22
9,0,42,293,64.31,0.0,0.04,64.27,20,60,0.22
9,0,32,187,64.27,0.0,0.03,64.24,20,60,0.22
9,0,36,188,64.24,0.0,0.04,64.2,20,60,0.24
9,0,48,304,64.2,0.0,0.05,64.15,20,60,0.25
9,0,36,137,64.15,0.0,0.03,64.12,20,60,0.26
9,0,43,270,64.12,0.0,0.04,64.08,20,60,0.27
9,0,38,271,64.08,0.0,0.04,64.05,20,60,0.26
9,0,38,207,64.05,0.0,0.03,64.02,20,60,0.27
9,0,36,245,64.02,0.0,0.04,63.98,20,60,0.27
9,0,43,128,63.98,0.0,0.04,63.94,20,60,0.26
9,0,44,331,63.94,0.0,0.04,63.9,20,60,0.26
9,0,36,269,63.9,0.0,0.03,63.86,20,60,0.26
9,0,46,141,63.86,0.0,0.04,63.82,20,60,0.24
9,0,29,226,63.82,0.0,0.02,63.8,20,60,0.24
9,0,31,266,63.8,0.0,0.03,63.77,20,60,0.24
9,0,49,192,63.77,0.0,0.04,63.73,20,60,0.24
9,0,43,155,63.73,0.0,0.04,63.69,20,60,0.22
9,0,25,125,63.69,0.0,0.02,63.66,20,60,0.22
9,0,38,292,63.66,0.0,0.03,63.63,20,60,0.22
9,0,40,126,63.63,0.0,0.04,63.59,20,60,0.22
9,0,28,297,63.59,0.0,0.02,63.57,20,60,0.22
9,0,35,163,63.57,0.0,0.03,63.54,20,60,0.2
9,0,25,221,63.54,0.0,0.02,63.52,20,60,0.19
9,0,30,195,63.52,0.0,0.03,63.49,20,60,0.22
9,0,49,141,63.49,0.0,0.05,63.45,20,60,0.22
9,0,34,237,63.45,0.0,0.03,63.42,20,60,0.2
9,0,25,192,63.42,0.0,0.02,63.39,20,60,0.21
9,0,31,331,63.39,0.0,0.03,63.36,20,60,0.22
9,0,48,115,63.36,0.0,0.04,63.32,20,60,0.23
9,0,37,179,63.32,0.0,0.03,63.29,20,60,0.22
9,0,25,154,63.29,0.0,0.02,63.27,20,60,0.21
9,0,38,121,63.27,0.0,0.04,63.23,20,60,0.21
9,0,40,100,63.23,0.0,0.03,63.2,20,60,0.21
9,0,27,156,63.2,0.0,0.02,63.18,20,60,0.22
9,0,43,176,63.18,0.0,0.04,63.13,20,60,0.22
9,0,35,174,63.13,0.0,0.04,63.1,20,60,0.23
9,0,41,97,63.1,0.0,0.04,63.06,20,60,0.25
9,0,47,183,63.06,0.0,0.04,63.02,20,60,0.25
9,0,42,309,63.02,0.0,0.04,62.98,20,60,0.25
9,0,36,145,62.98,0.0,0.03,62.95,20,60,0.26
9,0,37,342,62.95,0.0,0.03,62.92,20,60,0.26
9,0,41,295,62.92,0.0,0.04,62.89,20,60,0.26
9,0,40,296,62.89,0.0,0.04,62.85,20,60,0.25
9,0,30,296,62.85,0.0,0.03,62.82,20,60,0.24
9,0,32,121,62.82,0.0,0.03,62.79,20,60,0.23
9,0,32,160,62.79,0.0,0.03,62.76,20,60,0.23
9,0,33,203,62.76,0.0,0.03,62.73,20,60,0.23
9,0,33,182,62.73,0.0,0.03,62.7,20,60,0.24
9,0,50,99,62.7,0.0,0.05,62.65,20,60,0.24
9,0,39,286,62.65,0.0,0.04,62.61,20,60,0.25
9,0,44,139,62.61,0.0,0.04,62.57,20,60,0.25
9,0,35,106,62.57,0.0,0.03,62.54,20,60,0.25
9,0,36,266,62.54,0.0,0.03,62.51,20,60,0.25
9,0,32,121,62.51,0.0,0.03,62.48,20,60,0.26
9,0,45,118,62.48,0.0,0.04,62.44,20,60,0.23
9,0,31,232,62.44,0.0,0.02,62.42,20,60,0.21
9,0,26,284,62.42,0.0,0.02,62.4,20,60,0.19
9,0,26,185,62.4,0.0,0.02,62.37,20,60,0.2
9,0,50,355,62.37,0.0,0.04,62.33,20,60,0.21
9,0,45,314,62.33,0.0,0.04,62.29,20,60,0.22
9,0,46,101,62.29,0.0,0.04,62.25,20,60,0.21
9,0,39,96,62.25,0.0,0.03,62.22,20,60,0.23
9,0,46,135,62.22,11.22,0.04,73.39,20,60,0.25
9,0,50,139,73.39,0.0,0.04,73.35,20,60,0.25
9,0,29,157,73.35,0.0,0.02,73.33,20,60,0.25
9,0,42,168,73.33,0.0,0.04,73.29,20,60,0.25
9,0,50,123,73.29,0.0,0.04,73.24,20,60,0.25
9,0,47,239,73.24,0.0,0.04,73.21,20,60,0.25
9,0,34,110,73.21,0.0,0.03,73.18,20,60,0.25
9,0,49,215,73.18,0.0,0.04,73.13,20,60,0.25
9,0,45,325,73.13,0.0,0.04,73.1,20,60,0.26
9,0,30,329,73.1,0.0,0.03,73.07,20,60,0.25
9,0,39,201,73.07,0.0,0.03,73.04,20,60,0.23
9,0,28,138,73.04,0.0,0.02,73.02,20,60,0.21
9,0,31,146,73.02,0.0,0.02,72.99,20,60,0.21
9,0,34,252,72.99,0.0,0.03,72.96,20,60,0.2
9,0,43,253,72.96,0.0,0.03,72.93,20,60,0.2
9,0,48,129,72.93,0.0,0.04,72.89,20,60,0.19
9,0,32,291,72.89,0.0,0.02,72.87,20,60,0.2
9,0,48,330,72.87,0.0,0.04,72.83,20,60,0.2
9,0,30,107,72.83,0.0,0.02,72.8,20,60,0.22
9,0,44,198,72.8,0.0,0.04,72.77,20,60,0.21
9,0,26,145,72.77,0.0,0.02,72.74,20,60,0.2
9,0,25,283,72.74,0.0,0.02,72.72,20,60,0.2
9,0,49,134,72.72,0.0,0.04,72.68,20,60,0.2
9,0,27,264,72.68,0.0,0.02,72.66,20,60,0.21
9,0,50,309,72.66,0.0,0.05,72.61,20,60,0.22
9,0,40,113,72.61,0.0,0.03,72.58,20,60,0.2
9,0,31,299,72.58,0.0,0.02,72.55,20,60,0.21
9,0,43,128,72.55,0.0,0.03,72.52,20,60,0.21
9,0,25,197,72.52,0.0,0.02,72.5,20,60,0.2
9,0,29,244,72.5,0.0,0.03,72.47,20,60,0.2
9,0,30,211,72.47,0.0,0.02,72.45,20,60,0.17
9,0,27,103,72.45,0.0,0.02,72.43,20,60,0.18
9,0,42,349,72.43,0.0,0.04,72.39,20,60,0.2
9,0,49,170,72.39,0.0,0.04,72.35,20,60,0.2
9,0,30,262,72.35,0.0,0.03,72.32,20,60,0.22
9,0,45,132,72.32,0.0,0.04,72.28,20,60,0.22
9,0,40,301,72.28,0.0,0.03,72.25,20,60,0.23
9,0,34,337,72.25,0.0,0.03,72.22,20,60,0.24
9,0,38,339,72.22,0.0,0.03,72.19,20,60,0.22
9,0,30,243,72.19,0.0,0.02,72.17,20,60,0.22
9,0,47,292,72.17,0.0,0.04,72.13,20,60,0.23
9,0,49,299,72.13,0.0,0.04,72.09,20,60,0.22
9,0,36,325,72.09,0.0,0.03,72.06,20,60,0.23
9,0,50,267,72.06,0.0,0.04,72.02,20,60,0.23
9,0,34,238,72.02,0.0,0.03,71.99,20,60,0.24
9,0,48,234,71.99,0.0,0.04,71.95,20,60,0.25
9,0,39,246,71.95,0.0,0.03,71.93,20,60,0.24
9,0,39,331,71.93,0.0,0.03,71.9,20,60,0.24
9,0,42,158,71.9,0.0,0.04,71.86,20,60,0.24
9,0,38,255,71.86,0.0,0.03,71.83,20,60,0.23
9,0,33,226,71.83,0.0,0.03,71.8,20,60,0.24
9,0,46,105,71.8,0.0,0.04,71.76,20,60,0.22
9,0,26,184,71.76,0.0,0.02,71.74,20,60,0.22
9,0,46,126,71.74,0.0,0.03,71.71,20,60,0.23
9,0,50,246,71.71,0.0,0.04,71.67,20,60,0.21
9,0,28,275,71.67,0.0,0.02,71.64,20,60,0.21
9,0,39,141,71.64,0.0,0.03,71.61,20,60,0.21
9,0,40,336,71.61,0.0,0.03,71.59,20,60,0.21
9,0,42,103,71.59,0.0,0.04,71.55,20,60,0.22
9,0,35,251,71.55,0.0,0.03,71.51,20,60,0.22
9,0,40,330,71.51,0.0,0.03,71.49,20,60,0.22
9,0,42,242,71.49,0.0,0.04,71.45,20,60,0.24
9,0,45,177,71.45,0.0,0.04,71.41,20,60,0.23
9,0,25,214,71.41,0.0,0.02,71.39,20,60,0.23
9,0,39,102,71.39,0.0,0.03,71.36,20,60,0.22
9,0,47,283,71.36,0.0,0.03,71.33,20,60,0.22
9,0,41,208,71.33,0.0,0.03,71.3,20,60,0.22
9,0,31,188,71.3,0.0,0.03,71.27,20,60,0.21
9,0,50,144,71.27,0.0,0.03,71.24,20,60,0.2
9,0,40,298,71.24,0.0,0.03,71.21,20,60,0.2
9,0,26,232,71.21,0.0,0.02,71.19,20,60,0.2
9,0,46,204,71.19,0.0,0.03,71.16,20,60,0.19
9,0,26,210,71.16,0.0,0.02,71.14,20,60,0.18
9,0,34,254,71.14,0.0,0.02,71.12,20,60,0.19
9,0,47,242,71.12,0.0,0.04,71.08,20,60,0.18
9,0,29,338,71.08,0.0,0.02,71.06,20,60,0.17
9,0,26,127,71.06,0.0,0.02,71.04,20,60,0.18
9,0,44,116,71.04,0.0,0.03,71.0,20,60,0.17
9,0,31,214,71.0,0.0,0.02,70.98,20,60,0.18
9,0,42,132,70.98,0.0,0.03,70.95,20,60,0.18
9,0,28,234,70.95,0.0,0.02,70.93,20,60,0.16
9,0,31,186,70.93,0.0,0.02,70.9,20,60,0.17
9,0,36,119,70.9,0.0,0.03,70.88,20,60,0.17
9,0,34,319,70.88,0.0,0.02,70.85,20,60,0.16
9,0,34,309,70.85,0.0,0.02,70.83,20,60,0.16
9,0,25,346,70.83,0.0,0.02,70.81,20,60,0.15
9,0,27,115,70.81,0.0,0.02,70.79,20,60,0.17
9,0,43,288,70.79,0.0,0.04,70.75,20,60,0.18
9,0,45,275,70.75,0.0,0.03,70.72,20,60,0.19
9,0,49,130,70.72,0.0,0.04,70.68,20,60,0.19
9,0,32,199,70.68,0.0,0.02,70.66,20,60,0.19
9,0,28,302,70.66,0.0,0.02,70.64,20,60,0.2
9,0,42,117,70.64,0.0,0.03,70.6,20,60,0.21
9,0,45,327,70.6,0.0,0.03,70.57,20,60,0.2
9,0,30,208,70.57,0.0,0.03,70.55,20,60,0.19
9,0,26,199,70.55,0.0,0.02,70.53,20,60,0.18
9,0,43,135,70.53,0.0,0.03,70.49,20,60,0.19
9,0,34,140,70.49,0.0,0.03,70.46,20,60,0.2
9,0,33,118,70.46,0.0,0.03,70.44,20,60,0.2
9,0,35,286,70.44,0.0,0.03,70.41,20,60,0.19
9,0,35,187,70.41,0.0,0.02,70.38,20,60,0.18
9,0,27,114,70.38,0.0,0.02,70.36,20,60,0.19
9,0,33,257,70.36,0.0,0.03,70.33,20,60,0.19
9,0,36,310,70.33,0.0,0.03,70.31,20,60,0.19
9,0,31,139,70.31,0.0,0.03,70.28,20,60,0.19
9,0,42,186,70.28,0.0,0.03,70.25,20,60,0.19
9,0,41,139,70.25,0.0,0.03,70.22,20,60,0.2
9,0,34,260,70.22,0.0,0.03,70.19,20,60,0.22
9,0,43,323,70.19,0.0,0.04,70.16,20,60,0.21
9,0,30,322,70.16,0.0,0.02,70.14,20,60,0.21
9,0,37,288,70.14,0.0,0.03,70.11,20,60,0.22
9,0,46,291,70.11,0.0,0.04,70.07,20,60,0.23
9,0,43,290,70.07,0.0,0.04,70.04,20,60,0.23
9,0,38,152,70.04,0.0,0.03,70.01,20,60,0.22
9,0,26,222,70.01,0.0,0.02,69.98,20,60,0.21
9,0,40,233,69.98,0.0,0.03,69.96,20,60,0.23
9,0,48,156,69.96,0.0,0.04,69.92,20,60,0.23
9,0,42,182,69.92,0.0,0.03,69.89,20,60,0.23
9,0,50,102,69.89,0.0,0.04,69.85,20,60,0.21
9,0,27,222,69.85,0.0,0.02,69.83,20,60,0.2
9,0,33,326,69.83,0.0,0.02,69.81,20,60,0.21
9,0,35,286,69.81,0.0,0.03,69.78,20,60,0.21
9,0,44,164,69.78,0.0,0.03,69.75,20,60,0.19
9,0,34,209,69.75,0.0,0.02,69.73,20,60,0.19
9,0,32,167,69.73,0.0,0.03,69.7,20,60,0.18
9,0,37,325,69.7,0.0,0.03,69.67,20,60,0.18
9,0,30,129,69.67,0.0,0.02,69.65,20,60,0.18
9,0,28,123,69.65,0.0,0.02,69.62,20,60,0.19
9,0,50,345,69.62,0.0,0.04,69.58,20,60,0.2
9,0,48,128,69.58,0.0,0.04,69.54,20,60,0.21
9,0,45,231,69.54,0.0,0.03,69.51,20,60,0.21
9,0,39,94,69.51,0.0,0.03,69.49,20,60,0.21
9,0,41,178,69.49,0.0,0.03,69.46,20,60,0.22
9,0,42,321,69.46,0.0,0.03,69.42,20,60,0.23
9,0,32,348,69.42,0.0,0.03,69.4,20,60,0.23
9,0,47,102,69.4,0.0,0.04,69.36,20,60,0.22
9,0,35,207,69.36,0.0,0.03,69.33,20,60,0.22
9,0,39,291,69.33,0.0,0.03,69.29,20,60,0.21
9,0,25,219,69.29,0.0,0.02,69.27,20,60,0.21
9,0,42,138,69.27,0.0,0.03,69.24,20,60,0.21
9,0,36,159,69.24,0.0,0.03,69.21,20,60,0.2
9,0,26,151,69.21,0.0,0.02,69.18,20,60,0.19
9,0,39,245,69.18,0.0,0.03,69.15,20,60,0.18
9,0,30,317,69.15,0.0,0.02,69.13,20,60,0.19
9,0,50,225,69.13,0.0,0.04,69.09,20,60,0.21
9,0,49,355,69.09,0.0,0.04,69.05,20,60,0.21
9,0,41,266,69.05,0.0,0.03,69.02,20,60,0.2
9,0,28,159,69.02,0.0,0.02,68.99,20,60,0.21
9,0,34,136,68.99,0.0,0.03,68.97,20,60,0.22
9,0,48,314,68.97,0.0,0.04,68.93,20,60,0.22
9,0,27,353,68.93,0.0,0.02,68.91,20,60,0.2
9,0,31,159,68.91,0.0,0.02,68.89,20,60,0.18
9,0,27,158,68.89,13.25,0.02,82.12,20,60,0.19
9,0,46,157,82.12,0.0,0.04,82.08,20,60,0.19
9,0,26,101,82.08,0.0,0.02,82.06,20,60,0.19
9,0,34,259,82.06,0.0,0.03,82.03,20,60,0.19
9,0,44,99,82.03,0.0,0.04,82.0,20,60,0.21
9,0,50,317,82.0,0.0,0.04,81.96,20,60,0.23
9,0,46,265,81.96,0.0,0.04,81.92,20,60,0.25
9,0,46,170,81.92,0.0,0.04,81.87,20,60,0.25
9,0,39,207,81.87,0.0,0.04,81.84,20,60,0.26
9,0,31,285,81.84,0.0,0.03,81.81,20,60,0.27
9,0,43,148,81.81,0.0,0.04,81.77,20,60,0.25
9,0,27,233,81.77,0.0,0.02,81.75,20,60,0.25
9,0,41,145,81.75,0.0,0.04,81.71,20,60,0.25
9,0,45,288,81.71,0.0,0.04,81.68,20,60,0.23
9,0,27,128,81.68,0.0,0.02,81.65,20,60,0.21
9,0,25,151,81.65,0.0,0.02,81.63,20,60,0.21
9,0,38,314,81.63,0.0,0.03,81.6,20,60,0.2
9,0,35,162,81.6,0.0,0.03,81.57,20,60,0.2
9,0,29,244,81.57,0.0,0.02,81.55,20,60,0.2
9,0,43,348,81.55,0.0,0.04,81.51,20,60,0.19
9,0,42,240,81.51,0.0,0.03,81.48,20,60,0.19
9,0,31,133,81.48,0.0,0.02,81.45,20,60,0.2
9,0,30,311,81.45,0.0,0.03,81.43,20,60,0.21
9,0,49,115,81.43,0.0,0.04,81.38,20,60,0.21
9,0,34,242,81.38,0.0,0.03,81.36,20,60,0.24
9,0,50,274,81.36,0.0,0.05,81.31,20,60,0.23
9,0,31,223,81.31,0.0,0.03,81.28,20,60,0.23
9,0,32,170,81.28,0.0,0.03,81.26,20,60,0.25
9,0,45,251,81.26,0.0,0.04,81.22,20,60,0.24
9,0,27,193,81.22,0.0,0.02,81.2,20,60,0.23
9,0,29,270,81.2,0.0,0.03,81.17,20,60,0.23
9,0,34,91,81.17,0.0,0.03,81.14,20,60,0.23
9,0,48,105,81.14,0.0,0.05,81.09,20,60,0.23
9,0,34,140,81.09,0.0,0.03,81.07,20,60,0.22
9,0,30,285,81.07,0.0,0.02,81.04,20,60,0.21
9,0,35,197,81.04,0.0,0.03,81.01,20,60,0.22
9,0,33,149,81.01,0.0,0.03,80.99,20,60,0.23
9,0,45,254,80.99,0.0,0.04,80.95,20,60,0.23
9,0,33,267,80.95,0.0,0.03,80.92,20,60,0.21
9,0,36,236,80.92,0.0,0.03,80.89,20,60,0.21
9,0,31,235,80.89,0.0,0.03,80.86,20,60,0.21
9,0,28,343,80.86,0.0,0.02,80.84,20,60,0.21
9,0,31,219,80.84,0.0,0.03,80.81,20,60,0.21
9,0,30,271,80.81,0.0,0.03,80.79,20,60,0.19
9,0,26,270,80.79,0.0,0.02,80.76,20,60,0.2
9,0,44,170,80.76,0.0,0.04,80.73,20,60,0.2
9,0,34,337,80.73,0.0,0.03,80.7,20,60,0.22
9,0,49,130,80.7,0.0,0.05,80.65,20,60,0.23
9,0,31,338,80.65,0.0,0.03,80.62,20,60,0.22
9,0,27,108,80.62,21.09,0.02,101.69,20,60,0.22
9,0,31,219,101.69,0.0,0.03,101.67,20,60,0.24
9,0,42,194,101.67,0.0,0.04,101.63,20,60,0.24
9,0,45,229,101.63,0.0,0.04,101.59,20,60,0.24
9,0,31,304,101.59,0.0,0.03,101.56,20,60,0.22
9,0,33,102,101.56,0.0,0.03,101.53,20,60,0.23
9,0,45,173,101.53,0.0,0.04,101.49,20,60,0.25
9,0,40,206,101.49,0.0,0.04,101.45,20,60,0.26
9,0,40,291,101.45,0.0,0.04,101.41,20,60,0.26
9,0,38,217,101.41,0.0,0.04,101.37,20,60,0.25
9,0,32,196,101.37,0.0,0.03,101.35,20,60,0.24
9,0,26,293,101.35,0.0,0.02,101.32,20,60,0.25
9,0,49,333,101.32,0.0,0.04,101.28,20,60,0.25
9,0,41,311,101.28,0.0,0.04,101.24,20,60,0.24
9,0,33,242,101.24,0.0,0.03,101.21,20,60,0.24
9,0,47,169,101.21,0.0,0.04,101.17,20,60,0.24
9,0,44,188,101.17,0.0,0.04,101.12,20,60,0.24
9,0,36,121,101.12,0.0,0.03,101.09,20,60,0.25
9,0,33,229,101.09,0.0,0.03,101.06,20,60,0.24
9,0,27,117,101.06,0.0,0.03,101.04,20,60,0.24
9,0,46,343,101.04,0.0,0.04,100.99,20,60,0.26
9,0,47,214,100.99,0.0,0.05,100.95,20,60,0.27
9,0,50,155,100.95,0.0,0.05,100.9,20,60,0.27
9,0,48,300,100.9,0.0,0.04,100.87,20,60,0.27
9,0,34,192,100.87,0.0,0.03,100.83,20,60,0.26
9,0,26,285,100.83,0.0,0.02,100.81,20,60,0.27
9,0,43,115,100.81,0.0,0.04,100.78,20,60,0.26
9,0,32,272,100.78,0.0,0.03,100.75,20,60,0.25
9,0,42,167,100.75,0.0,0.04,100.71,20,60,0.24
9,0,44,360,100.71,0.0,0.04,100.67,20,60,0.23
9,0,35,227,100.67,0.0,0.03,100.64,20,60,0.23
9,0,29,284,100.64,0.0,0.03,100.61,20,60,0.24
9,0,31,216,100.61,0.0,0.03,100.58,20,60,0.24
9,0,47,147,100.58,0.0,0.04,100.55,20,60,0.25
9,0,42,240,100.55,0.0,0.04,100.51,20,60,0.24
9,0,38,171,100.51,0.0,0.03,100.48,20,60,0.22
9,0,25,239,100.48,0.0,0.02,100.45,20,60,0.22
9,0,40,195,100.45,0.0,0.03,100.42,20,60,0.24
9,0,50,184,100.42,0.0,0.05,100.37,20,60,0.24
9,0,27,305,100.37,0.0,0.03,100.34,20,60,0.23
9,0,41,98,100.34,0.0,0.03,100.31,20,60,0.22
9,0,30,322,100.31,0.0,0.03,100.28,20,60,0.23
9,0,46,152,100.28,0.0,0.04,100.24,20,60,0.24
9,0,39,113,100.24,0.0,0.03,100.21,20,60,0.26
9,0,44,146,100.21,0.0,0.05,100.16,20,60,0.25
9,0,47,295,100.16,0.0,0.04,100.12,20,60,0.24
9,0,25,192,100.12,0.0,0.02,100.1,20,60,0.25
9,0,41,149,100.1,0.0,0.04,100.06,20,60,0.25
9,0,30,301,100.06,0.0,0.03,100.03,20,60,0.24
9,0,29,196,100.03,0.0,0.03,100.01,20,60,0.24
9,0,35,317,100.01,0.0,0.03,99.97,20,60,0.22
9,0,37,218,99.97,0.0,0.03,99.94,20,60,0.22
9,0,42,228,99.94,0.0,0.04,99.9,20,60,0.24
9,0,38,238,99.9,0.0,0.04,99.86,20,60,0.24
9,0,40,245,99.86,0.0,0.04,99.82,20,60,0.25
9,0,43,331,99.82,0.0,0.04,99.78,20,60,0.27
9,0,50,233,99.78,0.0,0.05,99.73,20,60,0.28
9,0,36,335,99.73,0.0,0.04,99.7,20,60,0.29
9,0,42,124,99.7,0.0,0.04,99.66,20,60,0.28
9,0,36,204,99.66,0.0,0.03,99.62,20,60,0.28
9,0,39,344,99.62,0.0,0.04,99.58,20,60,0.27
9,0,39,150,99.58,0.0,0.03,99.55,20,60,0.26
9,0,31,133,99.55,0.0,0.03,99.52,20,60,0.24
9,0,25,190,99.52,0.0,0.03,99.5,20,60,0.23
9,0,33,220,99.5,0.0,0.03,99.47,20,60,0.24
9,0,45,348,99.47,0.0,0.05,99.42,20,60,0.25
9,0,40,128,99.42,0.0,0.04,99.38,20,60,0.24
9,0,37,303,99.38,0.0,0.03,99.35,20,60,0.25
9,0,49,220,99.35,0.0,0.04,99.3,20,60,0.25
9,0,30,168,99.3,0.0,0.03,99.28,20,60,0.27
9,0,49,113,99.28,0.0,0.05,99.23,20,60,0.29
9,0,45,198,99.23,0.0,0.05,99.18,20,60,0.29
9,0,49,316,99.18,0.0,0.05,99.13,20,60,0.27
9,0,25,270,99.13,0.0,0.02,99.11,20,60,0.27
9,0,36,156,99.11,0.0,0.03,99.08,20,60,0.27
9,0,40,166,99.08,0.0,0.04,99.04,20,60,0.27
9,0,33,289,99.04,0.0,0.03,99.01,20,60,0.26
9,0,44,147,99.01,0.0,0.04,98.97,20,60,0.24
9,0,31,94,98.97,0.0,0.03,98.94,20,60,0.22
9,0,35,119,98.94,0.0,0.03,98.91,20,60,0.23
9,0,38,209,98.91,0.0,0.03,98.88,20,60,0.24
9,0,40,320,98.88,0.0,0.04,98.84,20,60,0.24
9,0,42,327,98.84,0.0,0.04,98.8,20,60,0.26
9,0,46,285,98.8,22.68,0.05,121.43,20,60,0.26
9,0,40,161,121.43,0.0,0.04,121.39,20,60,0.27
9,0,39,105,121.39,0.0,0.04,121.36,20,60,0.28
9,0,47,105,121.36,0.0,0.04,121.32,20,60,0.29
9,0,39,278,121.32,0.0,0.04,121.28,20,60,0.28
9,0,32,93,121.28,0.0,0.03,121.24,20,60,0.28
9,0,39,349,121.24,0.0,0.04,121.2,20,60,0.26
9,0,31,95,121.2,0.0,0.03,121.18,20,60,0.26
9,0,48,179,121.18,0.0,0.04,121.14,20,60,0.25
9,0,32,181,121.14,0.0,0.03,121.11,20,60,0.24
9,0,33,301,121.11,0.0,0.03,121.08,20,60,0.24
9,0,41,330,121.08,0.0,0.04,121.04,20,60,0.23
9,0,31,126,121.04,0.0,0.02,121.02,20,60,0.22
9,0,29,114,121.02,0.0,0.03,120.99,20,60,0.24
9,0,50,249,120.99,0.0,0.05,120.94,20,60,0.23
9,0,30,279,120.94,0.0,0.03,120.91,20,60,0.23
9,0,41,191,120.91,0.0,0.03,120.88,20,60,0.23
9,0,34,119,120.88,0.0,0.03,120.85,20,60,0.22
9,0,29,156,120.85,0.0,0.03,120.82,20,60,0.23
9,0,33,114,120.82,0.0,0.03,120.79,20,60,0.22
9,0,29,330,120.79,0.0,0.02,120.77,20,60,0.2
9,0,34,116,120.77,0.0,0.03,120.73,20,60,0.21
9,0,42,213,120.73,0.0,0.04,120.7,20,60,0.2
9,0,26,171,120.7,0.0,0.02,120.67,20,60,0.2
9,0,38,212,120.67,0.0,0.03,120.64,20,60,0.2
9,0,30,277,120.64,0.0,0.03,120.61,20,60,0.2
9,0,29,182,120.61,0.0,0.03,120.58,20,60,0.21
9,0,27,354,120.58,0.0,0.03,120.55,20,60,0.21
9,0,33,292,120.55,0.0,0.03,120.52,20,60,0.2
9,0,29,326,120.52,0.0,0.03,120.49,20,60,0.21
9,0,35,329,120.49,0.0,0.03,120.46,20,60,0.22
9,0,39,333,120.46,0.0,0.04,120.42,20,60,0.21
9,0,26,269,120.42,0.0,0.02,120.39,20,60,0.22
9,0,44,166,120.39,0.0,0.04,120.36,20,60,0.23
9,0,40,163,120.36,0.0,0.04,120.32,20,60,0.23
9,0,31,168,120.32,0.0,0.03,120.29,20,60,0.24
9,0,40,115,120.29,0.0,0.04,120.25,20,60,0.25
9,0,36,153,120.25,0.0,0.04,120.21,20,60,0.24
9,0,35,305,120.21,0.0,0.03,120.18,20,60,0.25
9,0,37,148,120.18,0.0,0.03,120.15,20,60,0.26
9,0,50,103,120.15,0.0,0.05,120.1,20,60,0.26
9,0,41,209,120.1,0.0,0.04,120.06,20,60,0.27
9,0,43,169,120.06,0.0,0.04,120.02,20,60,0.26
9,0,31,279,120.02,0.0,0.03,119.99,20,60,0.25
9,0,33,122,119.99,0.0,0.03,119.96,20,60,0.25
9,0,34,214,119.96,0.0,0.03,119.93,20,60,0.27
9,0,50,307,119.93,0.0,0.05,119.88,20,60,0.24
9,0,29,293,119.88,0.0,0.02,119.86,20,60,0.24
9,0,43,347,119.86,0.0,0.04,119.82,20,60,0.25
9,0,48,138,119.82,0.0,0.05,119.77,20,60,0.26
9,0,39,147,119.77,0.0,0.04,119.74,20,60,0.26
9,0,33,214,119.74,0.0,0.03,119.71,20,60,0.26
9,0,30,350,119.71,0.0,0.03,119.68,20,60,0.24
9,0,32,301,119.68,0.0,0.03,119.65,20,60,0.26
9,0,48,319,119.65,0.0,0.04,119.61,20,60,0.26
9,0,44,219,119.61,0.0,0.04,119.57,20,60,0.24
9,0,31,249,119.57,0.0,0.03,119.54,20,60,0.24
9,0,42,178,119.54,0.0,0.04,119.51,20,60,0.24
9,0,35,276,119.51,0.0,0.03,119.47,20,60,0.24
9,0,40,93,119.47,0.0,0.03,119.44,20,60,0.24
9,0,36,293,119.44,0.0,0.03,119.41,20,60,0.23
9,0,33,137,119.41,0.0,0.03,119.38,20,60,0.23
9,0,44,252,119.38,0.0,0.04,119.34,20,60,0.24
9,0,39,180,119.34,0.0,0.04,119.3,20,60,0.22
9,0,26,235,119.3,29.62,0.02,148.9,20,60,0.21
9,0,25,194,148.9,0.0,0.02,148.88,20,60,0.21
9,0,31,160,148.88,0.0,0.03,148.85,20,60,0.21
9,0,27,261,148.85,0.0,0.03,148.82,20,60,0.21
9,0,41,231,148.82,0.0,0.03,148.79,20,60,0.19
9,0,25,256,148.79,0.0,0.02,148.77,20,60,0.19
9,0,47,324,148.77,0.0,0.04,148.73,20,60,0.2
9,0,31,239,148.73,0.0,0.03,148.71,20,60,0.2
9,0,25,316,148.71,0.0,0.02,148.68,20,60,0.2
9,0,36,286,148.68,0.0,0.03,148.66,20,60,0.2
9,0,34,116,148.66,0.0,0.03,148.62,20,60,0.19
9,0,29,249,148.62,0.0,0.02,148.6,20,60,0.2
9,0,37,199,148.6,0.0,0.03,148.57,20,60,0.19
9,0,32,217,148.57,0.0,0.03,148.54,20,60,0.21
9,0,47,148,148.54,0.0,0.05,148.49,20,60,0.22
9,0,29,324,148.49,0.0,0.03,148.46,20,60,0.22
9,0,45,153,148.46,0.0,0.03,148.42,20,60,0.23
9,0,49,220,148.42,0.0,0.04,148.38,20,60,0.25
9,0,43,97,148.38,0.0,0.04,148.34,20,60,0.25
9,0,31,242,148.34,0.0,0.03,148.31,20,60,0.25
9,0,36,132,148.31,0.0,0.03,148.29,20,60,0.24
9,0,48,219,148.29,0.0,0.04,148.25,20,60,0.25
9,0,50,204,148.25,0.0,0.04,148.21,20,60,0.26
9,0,45,274,148.21,0.0,0.04,148.17,20,60,0.24
9,0,27,176,148.17,0.0,0.02,148.15,20,60,0.24
9,0,45,113,148.15,0.0,0.04,148.11,20,60,0.24
9,0,31,346,148.11,0.0,0.03,148.09,20,60,0.25
9,0,46,260,148.09,0.0,0.04,148.04,20,60,0.23
9,0,27,305,148.04,0.0,0.02,148.02,20,60,0.23
9,0,48,193,148.02,0.0,0.04,147.99,20,60,0.22
9,0,34,268,147.99,0.0,0.03,147.96,20,60,0.22
9,0,35,98,147.96,0.0,0.02,147.93,20,60,0.21
9,0,41,281,147.93,0.0,0.03,147.9,20,60,0.2
9,0,28,174,147.9,0.0,0.02,147.88,20,60,0.2
9,0,45,259,147.88,0.0,0.04,147.84,20,60,0.2
9,0,25,117,147.84,0.0,0.02,147.82,20,60,0.19
9,0,39,141,147.82,0.0,0.03,147.79,20,60,0.2
9,0,46,179,147.79,0.0,0.04,147.75,20,60,0.2
9,0,26,244,147.75,0.0,0.02,147.73,20,60,0.21
9,0,46,175,147.73,0.0,0.04,147.69,20,60,0.23
9,0,46,107,147.69,0.0,0.04,147.65,20,60,0.21
9,0,27,328,147.65,0.0,0.02,147.63,20,60,0.22
9,0,35,225,147.63,0.0,0.03,147.6,20,60,0.21
9,0,30,270,147.6,0.0,0.02,147.58,20,60,0.21
9,0,46,269,147.58,0.0,0.04,147.54,20,60,0.23
9,0,49,312,147.54,0.0,0.04,147.49,20,60,0.21
9,0,28,320,147.49,0.0,0.02,147.47,20,60,0.21
9,0,41,179,147.47,0.0,0.04,147.43,20,60,0.21
9,0,30,148,147.43,0.0,0.02,147.41,20,60,0.2
9,0,32,265,147.41,0.0,0.02,147.38,20,60,0.22
9,0,47,117,147.38,0.0,0.04,147.35,20,60,0.21
9,0,31,245,147.35,0.0,0.03,147.32,20,60,0.2
9,0,26,98,147.32,0.0,0.03,147.29,20,60,0.21
9,0,47,253,147.29,0.0,0.03,147.26,20,60,0.2
9,0,41,329,147.26,0.0,0.03,147.23,20,60,0.21
9,0,48,128,147.23,0.0,0.03,147.2,20,60,0.21
9,0,25,317,147.2,0.0,0.02,147.18,20,60,0.2
9,0,38,164,147.18,0.0,0.03,147.14,20,60,0.21
9,0,49,108,147.14,0.0,0.04,147.1,20,60,0.22
9,0,49,132,147.1,0.0,0.04,147.06,20,60,0.23
9,0,45,150,147.06,0.0,0.04,147.02,20,60,0.24
9,0,49,111,147.02,0.0,0.04,146.98,20,60,0.25
9,0,45,291,146.98,0.0,0.04,146.94,20,60,0.26
9,0,42,141,146.94,0.0,0.03,146.91,20,60,0.26
9,0,39,332,146.91,0.0,0.03,146.88,20,60,0.24
9,0,28,234,146.88,0.0,0.02,146.86,20,60,0.23
9,0,43,198,146.86,0.0,0.03,146.83,20,60,0.22
9,0,48,273,146.83,0.0,0.03,146.79,20,60,0.2
9,0,31,101,146.79,0.0,0.02,146.77,20,60,0.2
9,0,48,104,146.77,0.0,0.04,146.73,20,60,0.19
9,0,32,203,146.73,0.0,0.02,146.71,20,60,0.19
9,0,40,166,146.71,0.0,0.03,146.68,20,60,0.19
9,0,39,215,146.68,0.0,0.02,146.66,20,60,0.18
9,0,27,199,146.66,0.0,0.02,146.63,20,60,0.17
9,0,31,325,146.63,0.0,0.02,146.61,20,60,0.18
9,0,39,164,146.61,0.0,0.03,146.58,20,60,0.17
9,0,37,136,146.58,0.0,0.03,146.55,20,60,0.18
9,0,44,264,146.55,0.0,0.03,146.51,20,60,0.17
9,0,26,134,146.51,0.0,0.02,146.49,20,60,0.19
9,0,49,290,146.49,0.0,0.04,146.45,20,60,0.19
9,0,27,258,146.45,0.0,0.02,146.43,20,60,0.21
9,0,40,253,146.43,0.0,0.04,146.39,20,60,0.2
9,0,25,178,146.39,0.0,0.02,146.38,20,60,0.21
9,0,47,253,146.38,0.0,0.04,146.34,20,60,0.22
9,0,49,279,146.34,0.0,0.04,146.3,20,60,0.22
9,0,29,107,146.3,0.0,0.02,146.28,20,60,0.2
9,0,26,162,146.28,0.0,0.02,146.26,20,60,0.22
9,0,40,124,146.26,0.0,0.04,146.22,20,60,0.21
9,0,41,228,146.22,0.0,0.03,146.19,20,60,0.22
9,0,41,227,146.19,0.0,0.03,146.16,20,60,0.2
9,0,27,295,146.16,0.0,0.02,146.14,20,60,0.18
9,0,30,148,146.14,0.0,0.02,146.12,20,60,0.2
9,0,49,203,146.12,15.31,0.04,161.39,20,60,0.21
9,0,37,326,161.39,0.0,0.03,161.36,20,60,0.2
9,0,39,334,161.36,0.0,0.03,161.32,20,60,0.19
9,0,26,115,161.32,0.0,0.02,161.3,20,60,0.19
9,0,37,262,161.3,0.0,0.03,161.27,20,60,0.19
9,0,27,167,161.27,0.0,0.02,161.25,20,60,0.2
9,0,39,214,161.25,0.0,0.03,161.22,20,60,0.19
9,0,41,96,161.22,0.0,0.03,161.19,20,60,0.19
9,0,33,320,161.19,0.0,0.03,161.16,20,60,0.2
9,0,47,300,161.16,25.52,0.04,186.65,20,60,0.21
9,0,34,142,186.65,0.0,0.03,186.62,20,60,0.21
9,0,32,210,186.62,0.0,0.03,186.6,20,60,0.23
9,0,46,218,186.6,0.0,0.04,186.56,20,60,0.22
9,0,30,170,186.56,0.0,0.02,186.53,20,60,0.22
9,0,38,119,186.53,0.0,0.03,186.5,20,60,0.21
9,0,29,354,186.5,0.0,0.02,186.48,20,60,0.2
9,0,33,130,186.48,0.0,0.03,186.46,20,60,0.2
9,0,36,276,186.46,0.0,0.03,186.43,20,60,0.2
9,0,36,308,186.43,0.0,0.03,186.4,20,60,0.2
9,0,48,118,186.4,0.0,0.04,186.36,20,60,0.21
9,0,39,124,186.36,0.0,0.03,186.33,20,60,0.2
9,0,25,176,186.33,0.0,0.02,186.31,20,60,0.21
9,0,35,250,186.31,0.0,0.03,186.28,20,60,0.2
9,0,26,180,186.28,0.0,0.02,186.26,20,60,0.21
9,0,41,146,186.26,0.0,0.04,186.23,20,60,0.21
9,0,35,149,186.23,0.0,0.03,186.2,20,60,0.21
9,0,49,126,186.2,0.0,0.04,186.16,20,60,0.22
9,0,39,147,186.16,0.0,0.04,186.13,20,60,0.23
9,0,44,150,186.13,0.0,0.03,186.09,20,60,0.23
9,0,41,338,186.09,0.0,0.03,186.07,20,60,0.24
9,0,35,98,186.07,0.0,0.03,186.04,20,60,0.24
9,0,50,346,186.04,0.0,0.04,186.0,20,60,0.25
9,0,49,250,186.0,0.0,0.04,185.97,20,60,0.23
9,0,28,108,185.97,0.0,0.02,185.94,20,60,0.22
9,0,38,225,185.94,0.0,0.03,185.92,20,60,0.22
9,0,40,124,185.92,0.0,0.03,185.89,20,60,0.21
9,0,30,98,185.89,0.0,0.02,185.86,20,60,0.22
9,0,44,360,185.86,0.0,0.04,185.83,20,60,0.2
9,0,31,224,185.83,24.28,0.02,210.08,20,60,0.19
9,0,41,227,210.08,0.0,0.03,210.05,20,60,0.21
9,0,43,108,210.05,0.0,0.04,210.01,20,60,0.21
9,0,34,314,210.01,0.0,0.03,209.98,20,60,0.21
9,0,41,245,209.98,0.0,0.03,209.95,20,60,0.22
9,0,39,216,209.95,0.0,0.03,209.92,20,60,0.22
9,0,48,146,209.92,0.0,0.04,209.89,20,60,0.24
9,0,48,259,209.89,0.0,0.04,209.84,20,60,0.25
9,0,47,184,209.84,0.0,0.04,209.81,20,60,0.25
9,0,49,215,209.81,22.61,0.04,232.38,20,60,0.25
9,0,37,349,232.38,0.0,0.03,232.35,20,60,0.24
9,0,34,152,232.35,0.0,0.02,232.32,20,60,0.23
9,0,25,286,232.32,0.0,0.02,232.31,20,60,0.23
9,0,45,128,232.31,0.0,0.04,232.27,20,60,0.21
9,0,35,343,232.27,0.0,0.02,232.25,20,60,0.19
9,0,26,209,232.25,0.0,0.02,232.23,20,60,0.18
9,0,33,182,232.23,0.0,0.03,232.2,20,60,0.18
9,0,46,232,232.2,0.0,0.03,232.17,20,60,0.19
9,0,40,265,232.17,0.0,0.03,232.14,20,60,0.2
9,0,42,207,232.14,0.0,0.03,232.1,20,60,0.19
9,0,41,359,232.1,0.0,0.03,232.07,20,60,0.2
9,0,48,244,232.07,0.0,0.03,232.04,20,60,0.22
9,0,49,327,232.04,0.0,0.04,232.0,20,60,0.21
9,0,35,305,232.0,0.0,0.02,231.98,20,60,0.21
9,0,40,172,231.98,0.0,0.03,231.94,20,60,0.22
9,0,50,111,231.94,0.0,0.04,231.91,20,60,0.23
9,0,49,339,231.91,0.0,0.04,231.87,20,60,0.22
9,0,30,184,231.87,0.0,0.02,231.85,20,60,0.21
9,0,29,248,231.85,0.0,0.02,231.82,20,60,0.2
9,0,46,297,231.82,0.0,0.03,231.79,20,60,0.2
9,0,28,309,231.79,0.0,0.02,231.77,20,60,0.2
9,0,33,253,231.77,0.0,0.03,231.74,20,60,0.18
9,0,25,225,231.74,0.0,0.02,231.72,20,60,0.17
9,0,40,236,231.72,0.0,0.03,231.69,20,60,0.18
9,0,49,155,231.69,0.0,0.03,231.65,20,60,0.2
9,0,46,145,231.65,0.0,0.04,231.62,20,60,0.19
9,0,25,184,231.62,0.0,0.02,231.6,20,60,0.2
9,0,37,189,231.6,0.0,0.03,231.56,20,60,0.2
9,0,38,234,231.56,0.0,0.03,231.53,20,60,0.21
9,0,30,116,231.53,0.0,0.03,231.51,20,60,0.2
9,0,26,243,231.51,0.0,0.02,231.49,20,60,0.2
9,0,40,268,231.49,0.0,0.03,231.46,20,60,0.2
9,0,50,219,231.46,0.0,0.04,231.42,20,60,0.21
9,0,33,160,231.42,0.0,0.03,231.39,20,60,0.21
9,0,49,133,231.39,0.0,0.03,231.36,20,60,0.22
9,0,49,186,231.36,0.0,0.04,231.32,20,60,0.22
9,0,37,173,231.32,0.0,0.03,231.29,20,60,0.24
9,0,50,179,231.29,0.0,0.04,231.25,20,60,0.24
9,0,31,194,231.25,0.0,0.03,231.22,20,60,0.22
9,0,27,329,231.22,0.0,0.02,231.2,20,60,0.22
9,0,33,349,231.2,0.0,0.03,231.17,20,60,0.22
9,0,31,357,231.17,0.0,0.03,231.15,20,60,0.22
9,0,45,222,231.15,0.0,0.04,231.11,20,60,0.21
9,0,27,174,231.11,0.0,0.02,231.09,20,60,0.2
9,0,33,119,231.09,0.0,0.03,231.06,20,60,0.2
9,0,40,267,231.06,0.0,0.03,231.03,20,60,0.21
9,0,37,264,231.03,0.0,0.03,231.0,20,60,0.22
9,0,46,315,231.0,0.0,0.04,230.96,20,60,0.21
9,0,30,325,230.96,0.0,0.02,230.94,20,60,0.21
9,0,50,92,230.94,0.0,0.04,230.9,20,60,0.22
9,0,37,328,230.9,0.0,0.03,230.87,20,60,0.21
9,0,31,287,230.87,0.0,0.02,230.85,20,60,0.21
9,0,36,122,230.85,0.0,0.03,230.81,20,60,0.21
9,0,36,347,230.81,0.0,0.03,230.79,20,60,0.2
9,0,40,357,230.79,0.0,0.03,230.75,20,60,0.22
9,0,44,296,230.75,0.0,0.04,230.71,20,60,0.21
9,0,35,359,230.71,0.0,0.03,230.69,20,60,0.22
9,0,45,353,230.69,0.0,0.04,230.65,20,60,0.23
9,0,35,214,230.65,0.0,0.03,230.61,20,60,0.22
9,0,25,256,230.61,0.0,0.02,230.59,20,60,0.23
9,0,42,327,230.59,0.0,0.04,230.55,20,60,0.24
1,0,34,247,774.49,0.0,0.85,773.64,200,30,7.23
1,0,44,241,773.64,0.0,1.31,772.33,200,30,6.96
1,0,41,151,772.33,0.0,1.06,771.26,200,30,6.89
1,0,28,159,771.26,0.0,0.84,770.42,200,30,6.36
1,0,28,179,770.42,0.0,0.7,769.72,200,30,6.38
1,0,28,123,769.72,0.0,0.72,769.0,200,30,6.74
1,0,50,140,769.0,0.0,1.26,767.75,200,30,7.11
1,0,44,114,767.75,0.0,1.22,766.53,200,30,6.74
1,0,37,348,766.53,0.0,0.94,765.59,200,30,6.54
1,0,32,193,765.59,0.0,0.86,764.72,200,30,6.92
1,0,50,230,764.72,0.0,1.22,763.5,200,30,7.45
1,0,46,152,763.5,0.0,1.23,762.26,200,30,7.58
1,0,35,254,762.26,0.0,0.85,761.41,200,30,7.72
1,0,49,165,761.41,0.0,1.4,760.01,200,30,7.55
1,0,36,191,760.01,0.0,1.05,758.96,200,30,7.65
1,0,37,299,758.96,0.0,1.04,757.92,200,30,7.88
1,0,43,196,757.92,0.0,1.09,756.82,200,30,7.53
1,0,30,305,756.82,0.0,0.87,755.95,200,30,7.53
1,0,48,299,755.95,0.0,1.23,754.72,200,30,7.81
1,0,38,139,754.72,0.0,1.13,753.59,200,30,7.32
1,0,37,205,753.59,0.0,0.91,752.69,200,30,7.34
1,0,46,296,752.69,0.0,1.07,751.61,200,30,7.64
1,0,48,253,751.61,0.0,1.34,750.27,200,30,7.4
1,0,30,240,750.27,0.0,0.85,749.42,200,30,7.35
1,0,33,218,749.42,0.0,0.82,748.6,200,30,6.76
1,0,27,225,748.6,0.0,0.64,747.96,200,30,6.46
1,0,36,315,747.96,0.0,0.83,747.13,200,30,6.42
1,0,32,239,747.13,0.0,0.87,746.26,200,30,6.4
1,0,37,247,746.26,0.0,1.05,745.21,200,30,5.92
1,0,33,188,745.21,0.0,0.86,744.35,200,30,5.81
1,0,33,310,744.35,0.0,0.74,743.61,200,30,6.06
1,0,42,138,743.61,0.0,1.07,742.55,200,30,6.61
1,0,46,239,742.55,0.0,1.19,741.36,200,30,6.57
1,0,30,300,741.36,0.0,0.79,740.56,200,30,6.65
1,0,39,287,740.56,0.0,0.95,739.61,200,30,6.53
1,0,35,237,739.61,0.0,0.93,738.68,200,30,6.92
1,0,44,303,738.68,0.0,1.25,737.43,200,30,7.08
1,0,30,335,737.43,0.0,0.9,736.53,200,30,7.15
1,0,40,155,736.53,0.0,1.14,735.39,200,30,6.6
1,0,25,178,735.39,0.0,0.64,734.75,200,30,6.44
1,0,26,346,734.75,107.95,0.63,842.07,200,30,6.46
1,0,37,179,842.07,0.0,0.97,841.1,200,30,6.24
1,0,27,162,841.1,0.0,0.71,840.39,200,30,6.04
1,0,39,334,840.39,0.0,1.05,839.34,200,30,6.31
1,0,46,236,839.34,0.0,1.17,838.17,200,30,6.56
1,0,46,260,838.17,0.0,1.39,836.78,200,30,6.54
1,0,25,322,836.78,0.0,0.62,836.17,200,30,7.16
1,0,48,264,836.17,0.0,1.25,834.92,200,30,6.95
1,0,27,102,834.92,0.0,0.76,834.16,200,30,7.49
1,0,48,134,834.16,0.0,1.25,832.92,200,30,7.37
1,0,30,151,832.92,0.0,0.93,831.99,200,30,7.05
1,0,34,341,831.99,0.0,0.85,831.14,200,30,6.59
1,0,31,243,831.14,0.0,0.93,830.21,200,30,7.01
1,0,38,274,830.21,0.0,1.04,829.17,200,30,7.08
1,0,41,165,829.17,0.0,1.32,827.86,200,30,7.15
1,0,30,186,827.86,0.0,0.83,827.03,200,30,6.89
1,0,39,223,827.03,0.0,0.99,826.04,200,30,7.2
1,0,47,200,826.04,0.0,1.24,824.79,200,30,7.68
1,0,46,228,824.79,0.0,1.33,823.46,200,30,8.1
1,0,46,328,823.46,0.0,1.35,822.12,200,30,8.61
1,0,50,96,822.12,0.0,1.55,820.56,200,30,8.29
1,0,32,148,820.56,0.0,1.0,819.56,200,30,8.23
1,0,26,183,819.56,0.0,0.77,818.79,200,30,7.88
1,0,26,353,818.79,0.0,0.64,818.15,200,30,7.48
1,0,28,335,818.15,0.0,0.84,817.31,200,30,7.59
1,0,50,298,817.31,0.0,1.44,815.87,200,30,7.68
1,0,50,175,815.87,0.0,1.44,814.43,200,30,7.04
1,0,32,318,814.43,0.0,0.91,813.52,200,30,7.01
1,0,32,353,813.52,0.0,0.97,812.55,200,30,7.44
1,0,42,191,812.55,0.0,1.2,811.35,200,30,7.82
1,0,34,162,811.35,0.0,1.02,810.33,200,30,8.38
1,0,48,326,810.33,0.0,1.4,808.93,200,30,7.93
1,0,37,330,808.93,0.0,0.99,807.94,200,30,7.38
1,0,32,360,807.94,0.0,0.89,807.05,200,30,7.33
1,0,34,92,807.05,0.0,0.86,806.2,200,30,7.24
1,0,32,101,806.2,0.0,0.88,805.31,200,30,6.91
1,0,30,159,805.31,0.0,0.87,804.44,200,30,6.84
1,0,32,314,804.44,0.0,0.95,803.49,200,30,6.37
1,0,29,238,803.49,0.0,0.93,802.55,200,30,6.08
1,0,27,277,802.55,0.0,0.7,801.85,200,30,6.02
1,0,29,135,801.85,0.0,0.83,801.02,200,30,6.03
1,0,28,221,801.02,0.0,0.87,800.15,200,30,6.34
1,0,44,261,800.15,0.0,1.19,798.97,200,30,6.64
1,0,43,174,798.97,0.0,1.17,797.79,200,30,6.48
1,0,29,114,797.79,0.0,0.79,797.01,200,30,6.72
1,0,45,321,797.01,0.0,1.17,795.84,200,30,7.24
1,0,48,326,795.84,0.0,1.22,794.62,200,30,7.27
1,0,28,198,794.62,0.0,0.86,793.77,200,30,7.21
1,0,28,104,793.77,0.0,0.81,792.96,200,30,7.31
1,0,46,326,792.96,0.0,1.29,791.67,200,30,7.47
1,0,47,281,791.67,0.0,1.33,790.34,200,30,7.65
1,0,34,194,790.34,0.0,0.97,789.37,200,30,7.86
1,0,46,301,789.37,0.0,1.38,787.98,200,30,7.43
1,0,30,134,787.98,0.0,0.79,787.19,200,30,7.69
1,0,38,276,787.19,0.0,1.12,786.08,200,30,8.11
1,0,47,108,786.08,0.0,1.23,784.84,200,30,7.91
1,0,36,138,784.84,0.0,1.09,783.75,200,30,7.98
1,0,49,356,783.75,0.0,1.4,782.34,200,30,7.94
1,0,31,109,782.34,0.0,0.93,781.41,200,30,7.4
1,0,28,250,781.41,0.0,0.84,780.57,200,30,7.39
1,0,27,344,780.57,0.0,0.78,779.79,200,30,7.1
1,0,34,93,779.79,0.0,0.83,778.96,200,30,6.74
1,0,39,116,778.96,0.0,0.87,778.09,200,30,6.8
1,0,45,138,778.09,0.0,1.15,776.94,200,30,6.6
1,0,44,106,776.94,0.0,1.2,775.74,200,30,6.52
1,0,29,309,775.74,0.0,0.85,774.89,200,30,6.64
1,0,34,308,774.89,0.0,0.96,773.94,200,30,6.72
1,0,31,234,773.94,0.0,0.86,773.08,200,30,7.1
1,0,40,236,773.08,0.0,1.21,771.87,200,30,7.26
1,0,35,238,771.87,0.0,1.03,770.84,200,30,6.84
1,0,25,176,770.84,0.0,0.73,770.11,200,30,6.38
1,0,27,293,770.11,0.0,0.74,769.37,200,30,6.25
1,0,29,171,769.37,0.0,0.72,768.65,200,30,6.52
1,0,42,293,768.65,0.0,1.23,767.42,200,30,6.52
1,0,32,187,767.42,103.99,0.86,870.55,200,30,6.34
1,0,36,188,870.55,0.0,1.03,869.53,200,30,6.64
1,0,48,304,869.53,0.0,1.33,868.19,200,30,6.92
1,0,36,137,868.19,0.0,1.01,867.19,200,30,7.3
1,0,43,270,867.19,0.0,1.12,866.07,200,30,7.6
1,0,38,271,866.07,0.0,1.02,865.05,200,30,7.34
1,0,38,207,865.05,0.0,0.97,864.07,200,30,7.56
1,0,36,245,864.07,0.0,1.08,862.99,200,30,7.63
1,0,43,128,862.99,0.0,1.1,861.9,200,30,7.6
1,0,44,331,861.9,0.0,1.3,860.6,200,30,7.63
1,0,36,269,860.6,0.0,1.04,859.56,200,30,7.89
1,0,46,141,859.56,0.0,1.38,858.18,200,30,7.74
1,0,29,226,858.18,0.0,0.87,857.31,200,30,7.62
1,0,31,266,857.31,0.0,0.85,856.46,200,30,8.01
1,0,49,192,856.46,0.0,1.47,854.99,200,30,8.12
1,0,43,155,854.99,0.0,1.21,853.79,200,30,7.5
1,0,25,125,853.79,0.0,0.68,853.11,200,30,7.59
1,0,38,292,853.11,0.0,1.13,851.98,200,30,7.35
1,0,40,126,851.98,0.0,1.14,850.84,200,30,7.17
1,0,28,297,850.84,0.0,0.69,850.15,200,30,7.32
1,0,35,163,850.15,0.0,1.0,849.15,200,30,6.53
1,0,25,221,849.15,0.0,0.68,848.47,200,30,6.08
1,0,30,195,848.47,0.0,0.76,847.7,200,30,6.59
1,0,49,141,847.7,0.0,1.19,846.51,200,30,6.54
1,0,34,237,846.51,0.0,1.08,845.43,200,30,6.04
1,0,25,192,845.43,0.0,0.64,844.79,200,30,6.16
1,0,31,331,844.79,0.0,0.81,843.98,200,30,6.5
1,0,48,115,843.98,0.0,1.34,842.64,200,30,6.87
1,0,37,179,842.64,0.0,1.05,841.59,200,30,6.89
1,0,25,154,841.59,0.0,0.78,840.8,200,30,6.75
1,0,38,121,840.8,0.0,1.05,839.76,200,30,6.61
1,0,40,100,839.76,0.0,0.94,838.82,200,30,6.66
1,0,27,156,838.82,0.0,0.69,838.13,200,30,7.09
1,0,43,176,838.13,0.0,1.24,836.9,200,30,6.78
1,0,35,174,836.9,0.0,1.03,835.87,200,30,6.79
1,0,41,97,835.87,0.0,1.06,834.81,200,30,7.28
1,0,47,183,834.81,0.0,1.27,833.54,200,30,7.4
1,0,42,309,833.54,0.0,1.17,832.37,200,30,7.5
1,0,36,145,832.37,0.0,1.04,831.33,200,30,7.92
1,0,37,342,831.33,0.0,1.11,830.21,200,30,7.73
1,0,41,295,830.21,0.0,1.05,829.16,200,30,7.69
1,0,40,296,829.16,0.0,0.99,828.18,200,30,7.4
1,0,30,296,828.18,0.0,0.77,827.41,200,30,6.96
1,0,32,121,827.41,0.0,0.83,826.58,200,30,6.71
1,0,32,160,826.58,0.0,0.92,825.65,200,30,6.5
1,0,33,203,825.65,0.0,0.83,824.83,200,30,6.28
1,0,33,182,824.83,0.0,0.89,823.94,200,30,6.59
1,0,50,99,823.94,0.0,1.36,822.58,200,30,6.53
1,0,39,286,822.58,0.0,0.93,821.65,200,30,6.92
1,0,44,139,821.65,0.0,1.16,820.48,200,30,6.99
1,0,35,106,820.48,0.0,0.9,819.58,200,30,6.88
1,0,36,266,819.58,0.0,0.81,818.77,200,30,6.88
1,0,32,121,818.77,0.0,0.83,817.93,200,30,7.24
1,0,45,118,817.93,0.0,1.25,816.69,200,30,6.67
1,0,31,232,816.69,0.0,0.79,815.9,200,30,6.35
1,0,26,284,815.9,0.0,0.61,815.29,200,30,5.84
1,0,26,185,815.29,0.0,0.65,814.64,200,30,6.32
1,0,50,355,814.64,0.0,1.38,813.26,200,30,6.78
1,0,45,314,813.26,0.0,1.27,811.99,200,30,7.17
1,0,46,101,811.99,0.0,1.22,810.78,200,30,7.0
1,0,39,96,810.78,0.0,1.08,809.7,200,30,7.44
1,0,46,135,809.7,0.0,1.23,808.47,200,30,8.19
1,0,50,139,808.47,0.0,1.36,807.11,200,30,8.26
1,0,29,157,807.11,0.0,0.72,806.39,200,30,7.86
1,0,42,168,806.39,0.0,0.98,805.41,200,30,7.92
1,0,50,123,805.41,0.0,1.33,804.08,200,30,7.72
1,0,47,239,804.08,0.0,1.02,803.06,200,30,7.61
1,0,34,110,803.06,0.0,0.97,802.09,200,30,7.58
1,0,49,215,802.09,0.0,1.2,800.89,200,30,7.27
1,0,45,325,800.89,0.0,1.05,799.84,200,30,7.37
1,0,30,329,799.84,0.0,0.82,799.02,200,30,7.45
1,0,39,201,799.02,0.0,1.06,797.96,200,30,6.91
1,0,28,138,797.96,0.0,0.79,797.17,200,30,6.57
1,0,31,146,797.17,0.0,0.68,796.49,200,30,6.46
1,0,34,252,796.49,0.0,0.86,795.63,200,30,6.23
1,0,43,253,795.63,0.0,0.97,794.66,200,30,6.57
1,0,48,129,794.66,0.0,1.39,793.27,200,30,6.49
1,0,32,291,793.27,0.0,0.74,792.53,200,30,6.56
1,0,48,330,792.53,0.0,1.13,791.4,200,30,6.62
1,0,30,107,791.4,0.0,0.85,790.55,200,30,7.15
1,0,44,198,790.55,115.76,1.21,905.1,200,30,6.89
1,0,26,145,905.1,0.0,0.6,904.5,200,30,6.56
1,0,25,283,904.5,0.0,0.64,903.86,200,30,6.44
1,0,49,134,903.86,0.0,1.27,902.59,200,30,6.44
1,0,27,264,902.59,0.0,0.74,901.85,200,30,6.45
1,0,50,309,901.85,0.0,1.14,900.72,200,30,6.59
1,0,40,113,900.72,0.0,0.99,899.73,200,30,6.06
1,0,31,299,899.73,0.0,0.68,899.05,200,30,6.54
1,0,43,128,899.05,0.0,1.08,897.97,200,30,6.44
1,0,25,197,897.97,0.0,0.54,897.43,200,30,5.85
1,0,29,244,897.43,0.0,0.68,896.75,200,30,5.9
1,0,30,211,896.75,0.0,0.79,895.96,200,30,5.47
1,0,27,103,895.96,0.0,0.71,895.25,200,30,5.52
1,0,42,349,895.25,0.0,1.04,894.21,200,30,5.84
1,0,49,170,894.21,0.0,1.0,893.21,200,30,5.6
1,0,30,262,893.21,0.0,0.84,892.37,200,30,6.14
1,0,45,132,892.37,0.0,1.08,891.3,200,30,6.45
1,0,40,301,891.3,0.0,0.99,890.3,200,30,6.44
1,0,34,337,890.3,0.0,0.78,889.53,200,30,6.53
1,0,38,339,889.53,0.0,0.8,888.72,200,30,6.21
1,0,30,243,888.72,0.0,0.72,888.0,200,30,6.38
1,0,47,292,888.0,0.0,1.17,886.83,200,30,6.76
1,0,49,299,886.83,0.0,1.22,885.61,200,30,6.48
1,0,36,325,885.61,0.0,0.8,884.82,200,30,6.78
1,0,50,267,884.82,0.0,1.29,883.53,200,30,6.85
1,0,34,238,883.53,0.0,0.85,882.68,200,30,7.22
1,0,48,234,882.68,0.0,1.17,881.51,200,30,7.54
1,0,39,246,881.51,0.0,1.04,880.47,200,30,7.39
1,0,39,331,880.47,0.0,1.02,879.45,200,30,7.18
1,0,42,158,879.45,0.0,1.01,878.44,200,30,7.32
1,0,38,255,878.44,0.0,0.94,877.51,200,30,6.76
1,0,33,226,877.51,0.0,0.73,876.78,200,30,7.08
1,0,46,105,876.78,0.0,1.17,875.61,200,30,6.54
1,0,26,184,875.61,0.0,0.63,874.98,200,30,6.77
1,0,46,126,874.98,0.0,1.27,873.71,200,30,6.78
1,0,50,246,873.71,0.0,1.03,872.68,200,30,6.38
1,0,28,275,872.68,0.0,0.61,872.08,200,30,6.33
1,0,39,141,872.08,0.0,0.89,871.18,200,30,6.48
1,0,40,336,871.18,0.0,0.88,870.3,200,30,6.39
1,0,42,103,870.3,0.0,1.08,869.23,200,30,6.58
1,0,35,251,869.23,0.0,0.82,868.41,200,30,6.15
1,0,40,330,868.41,0.0,0.84,867.57,200,30,6.04
1,0,42,242,867.57,0.0,0.92,866.64,200,30,6.49
1,0,45,177,866.64,0.0,1.06,865.59,200,30,6.23
1,0,25,214,865.59,0.0,0.63,864.96,200,30,6.26
1,0,39,102,864.96,0.0,0.91,864.05,200,30,6.18
1,0,47,283,864.05,0.0,1.0,863.05,200,30,6.27
1,0,41,208,863.05,0.0,0.91,862.13,200,30,6.07
1,0,31,188,862.13,0.0,0.64,861.49,200,30,6.31
1,0,50,144,861.49,0.0,1.16,860.33,200,30,6.26
1,0,40,298,860.33,0.0,1.01,859.32,200,30,6.3
1,0,26,232,859.32,0.0,0.67,858.65,200,30,6.46
1,0,46,204,858.65,0.0,1.07,857.58,200,30,6.08
1,0,26,210,857.58,0.0,0.62,856.96,200,30,6.14
1,0,34,254,856.96,0.0,0.97,855.99,200,30,6.54
1,0,47,242,855.99,0.0,1.04,854.95,200,30,5.98
1,0,29,338,854.95,0.0,0.6,854.35,200,30,5.52
1,0,26,127,854.35,0.0,0.55,853.8,200,30,5.79
1,0,44,116,853.8,0.0,0.94,852.86,200,30,5.55
1,0,31,214,852.86,0.0,0.83,852.03,200,30,5.86
1,0,42,132,852.03,0.0,0.93,851.09,200,30,5.6
1,0,28,234,851.09,0.0,0.71,850.38,200,30,5.26
1,0,31,186,850.38,0.0,0.7,849.68,200,30,5.4
1,0,36,119,849.68,0.0,0.74,848.94,200,30,5.61
1,0,34,319,848.94,0.0,0.76,848.18,200,30,5.5
1,0,34,309,848.18,0.0,0.83,847.35,200,30,5.27
1,0,25,346,847.35,0.0,0.6,846.76,200,30,4.92
1,0,27,115,846.76,0.0,0.58,846.18,200,30,5.18
1,0,43,288,846.18,0.0,0.97,845.21,200,30,5.41
1,0,45,275,845.21,0.0,0.93,844.28,200,30,5.82
1,0,49,130,844.28,0.0,1.15,843.13,200,30,5.73
1,0,32,199,843.13,0.0,0.67,842.46,200,30,5.45
1,0,28,302,842.46,0.0,0.55,841.91,200,30,5.88
1,0,42,117,841.91,225.65,1.03,1066.53,200,30,6.42
1,0,45,327,1066.53,0.0,1.12,1065.4,200,30,6.29
1,0,30,208,1065.4,0.0,0.84,1064.56,200,30,6.0
1,0,26,199,1064.56,0.0,0.64,1063.93,200,30,5.79
1,0,43,135,1063.93,0.0,0.94,1062.99,200,30,6.03
1,0,34,140,1062.99,0.0,0.91,1062.08,200,30,6.33
1,0,33,118,1062.08,0.0,0.85,1061.23,200,30,6.18
1,0,35,286,1061.23,0.0,0.88,1060.35,200,30,5.82
1,0,35,187,1060.35,0.0,0.76,1059.59,200,30,5.68
1,0,27,114,1059.59,0.0,0.7,1058.89,200,30,5.87
1,0,33,257,1058.89,0.0,0.83,1058.06,200,30,5.84
1,0,36,310,1058.06,0.0,0.91,1057.15,200,30,5.65
1,0,31,139,1057.15,0.0,0.72,1056.43,200,30,5.83
1,0,42,186,1056.43,0.0,1.03,1055.39,200,30,5.92
1,0,41,139,1055.39,0.0,0.97,1054.43,200,30,5.89
1,0,34,260,1054.43,0.0,0.73,1053.7,200,30,6.27
1,0,43,323,1053.7,0.0,1.08,1052.61,200,30,6.19
1,0,30,322,1052.61,0.0,0.75,1051.86,200,30,6.16
1,0,37,288,1051.86,0.0,0.88,1050.98,200,30,6.57
1,0,46,291,1050.98,0.0,1.13,1049.85,200,30,6.63
1,0,43,290,1049.85,0.0,1.09,1048.75,200,30,6.56
1,0,38,152,1048.75,0.0,0.9,1047.85,200,30,6.41
1,0,26,222,1047.85,0.0,0.58,1047.27,200,30,6.35
1,0,40,233,1047.27,0.0,1.02,1046.25,200,30,6.69
1,0,48,156,1046.25,0.0,1.09,1045.16,200,30,6.76
1,0,42,182,1045.16,0.0,0.95,1044.21,200,30,6.92
1,0,50,102,1044.21,0.0,1.29,1042.92,200,30,6.44
1,0,27,222,1042.92,0.0,0.61,1042.31,200,30,6.33
1,0,33,326,1042.31,0.0,0.79,1041.52,200,30,6.45
1,0,35,286,1041.52,0.0,0.7,1040.82,200,30,6.48
1,0,44,164,1040.82,0.0,1.05,1039.77,200,30,6.26
1,0,34,209,1039.77,0.0,0.87,1038.9,200,30,6.07
1,0,32,167,1038.9,0.0,0.76,1038.15,200,30,5.58
1,0,37,325,1038.15,0.0,0.8,1037.35,200,30,5.63
1,0,30,129,1037.35,0.0,0.66,1036.69,200,30,5.49
1,0,28,123,1036.69,0.0,0.65,1036.04,200,30,5.86
1,0,50,345,1036.04,0.0,1.07,1034.98,200,30,5.94
1,0,48,128,1034.98,0.0,1.13,1033.85,200,30,6.15
1,0,45,231,1033.85,0.0,1.08,1032.77,200,30,6.4
1,0,39,94,1032.77,0.0,1.01,1031.76,200,30,6.51
1,0,41,178,1031.76,0.0,0.91,1030.85,200,30,7.01
1,0,42,321,1030.85,0.0,1.16,1029.69,200,30,7.05
1,0,32,348,1029.69,0.0,0.69,1028.99,200,30,7.12
1,0,47,102,1028.99,0.0,1.14,1027.85,200,30,6.78
1,0,35,207,1027.85,0.0,0.79,1027.06,200,30,6.59
1,0,39,291,1027.06,0.0,0.89,1026.17,200,30,6.21
1,0,25,219,1026.17,0.0,0.63,1025.54,200,30,6.35
1,0,42,138,1025.54,0.0,1.05,1024.5,200,30,5.94
1,0,36,159,1024.5,0.0,0.75,1023.75,200,30,5.81
1,0,26,151,1023.75,0.0,0.56,1023.19,200,30,5.56
1,0,39,245,1023.19,0.0,0.89,1022.3,200,30,5.55
1,0,30,317,1022.3,0.0,0.78,1021.52,200,30,5.82
1,0,50,225,1021.52,0.0,1.16,1020.36,200,30,6.37
1,0,49,355,1020.36,0.0,1.18,1019.18,200,30,6.36
1,0,41,266,1019.18,0.0,1.04,1018.14,200,30,6.23
1,0,28,159,1018.14,0.0,0.62,1017.53,200,30,6.55
1,0,34,136,1017.53,0.0,0.88,1016.65,200,30,6.73
1,0,48,314,1016.65,0.0,1.07,1015.57,200,30,6.59
1,0,27,353,1015.57,0.0,0.64,1014.94,200,30,6.15
1,0,31,159,1014.94,0.0,0.72,1014.21,200,30,5.69
1,0,27,158,1014.21,0.0,0.72,1013.49,200,30,5.66
1,0,46,157,1013.49,0.0,1.01,1012.49,200,30,5.61
1,0,26,101,1012.49,0.0,0.57,1011.91,200,30,5.58
1,0,34,259,1011.91,0.0,0.85,1011.07,200,30,5.53
1,0,44,99,1011.07,0.0,1.02,1010.05,200,30,6.22
1,0,50,317,1010.05,0.0,1.33,1008.72,200,30,6.68
1,0,46,265,1008.72,0.0,1.18,1007.54,200,30,7.16
1,0,46,170,1007.54,0.0,1.2,1006.34,200,30,7.23
1,0,39,207,1006.34,0.0,1.08,1005.25,200,30,7.37
1,0,31,285,1005.25,0.0,0.71,1004.55,200,30,7.65
1,0,43,148,1004.55,0.0,1.13,1003.42,200,30,7.31
1,0,27,233,1003.42,0.0,0.68,1002.74,200,30,7.07
1,0,41,145,1002.74,0.0,1.09,1001.64,200,30,7.02
1,0,45,288,1001.64,0.0,1.13,1000.52,200,30,6.51
1,0,27,128,1000.52,0.0,0.69,999.83,200,30,6.16
1,0,25,151,999.83,0.0,0.73,999.1,200,30,6.41
1,0,38,314,999.1,0.0,0.96,998.14,200,30,6.22
1,0,35,162,998.14,0.0,0.94,997.21,200,30,6.26
1,0,29,244,997.21,0.0,0.72,996.48,200,30,6.22
1,0,43,348,996.48,0.0,1.05,995.43,200,30,6.25
1,0,42,240,995.43,0.0,1.16,994.27,200,30,6.46
1,0,31,133,994.27,0.0,0.9,993.37,200,30,6.46
1,0,30,311,993.37,0.0,0.73,992.64,200,30,6.97
1,0,49,115,992.64,0.0,1.47,991.16,200,30,6.88
1,0,34,242,991.16,0.0,0.85,990.31,200,30,7.53
1,0,50,274,990.31,0.0,1.37,988.94,200,30,7.13
1,0,31,223,988.94,0.0,0.65,988.29,200,30,6.76
1,0,32,170,988.29,0.0,0.79,987.5,200,30,6.92
1,0,45,251,987.5,0.0,1.06,986.44,200,30,6.96
1,0,27,193,986.44,0.0,0.77,985.67,200,30,6.18
1,0,29,270,985.67,0.0,0.69,984.98,200,30,6.15
1,0,34,91,984.98,0.0,0.82,984.16,200,30,6.24
1,0,48,105,984.16,0.0,1.46,982.69,200,30,6.43
1,0,34,140,982.69,0.0,0.84,981.86,200,30,6.36
1,0,30,285,981.86,0.0,0.72,981.14,200,30,6.15
1,0,35,197,981.14,0.0,0.85,980.29,200,30,6.2
1,0,33,149,980.29,0.0,0.82,979.47,200,30,6.72
1,0,45,254,979.47,0.0,1.21,978.27,200,30,6.73
1,0,33,267,978.27,0.0,0.83,977.43,200,30,6.17
1,0,36,236,977.43,0.0,0.9,976.53,200,30,6.08
1,0,31,235,976.53,0.0,0.75,975.78,200,30,6.14
1,0,28,343,975.78,0.0,0.78,975.01,200,30,5.96
1,0,31,219,975.01,0.0,0.67,974.34,200,30,6.05
1,0,30,271,974.34,0.0,0.91,973.43,200,30,5.43
1,0,26,270,973.43,0.0,0.59,972.84,200,30,5.73
1,0,44,170,972.84,0.0,1.13,971.71,200,30,5.71
1,0,34,337,971.71,0.0,0.88,970.82,200,30,6.38
1,0,49,130,970.82,0.0,1.42,969.41,200,30,6.4
1,0,31,338,969.41,0.0,0.8,968.61,200,30,6.37
1,0,27,108,968.61,0.0,0.64,967.97,200,30,6.27
1,0,31,219,967.97,0.0,0.81,967.16,200,30,6.77
1,0,42,194,967.16,0.0,1.09,966.06,200,30,6.92
1,0,45,229,966.06,0.0,1.28,964.79,200,30,6.91
1,0,31,304,964.79,0.0,0.87,963.91,200,30,6.31
1,0,33,102,963.91,0.0,0.82,963.09,200,30,6.65
1,0,45,173,963.09,0.0,1.14,961.95,200,30,7.05
1,0,40,206,961.95,0.0,1.04,960.91,200,30,7.41
1,0,40,291,960.91,0.0,1.17,959.73,200,30,7.41
1,0,38,217,959.73,0.0,1.09,958.65,200,30,7.05
1,0,32,196,958.65,0.0,0.92,957.73,200,30,6.95
1,0,26,293,957.73,0.0,0.77,956.96,200,30,7.53
1,0,49,333,956.96,0.0,1.4,955.56,200,30,7.58
1,0,41,311,955.56,0.0,1.19,954.37,200,30,7.47
1,0,33,242,954.37,0.0,0.93,953.44,200,30,7.65
1,0,47,169,953.44,0.0,1.35,952.09,200,30,7.72
1,0,44,188,952.09,0.0,1.16,950.93,200,30,7.85
1,0,36,121,950.93,0.0,1.05,949.88,200,30,7.96
1,0,33,229,949.88,0.0,0.88,949.0,200,30,7.26
1,0,27,117,949.0,0.0,0.7,948.3,200,30,7.45
1,0,46,343,948.3,0.0,1.38,946.93,200,30,7.65
1,0,47,214,946.93,0.0,1.13,945.79,200,30,7.63
1,0,50,155,945.79,0.0,1.33,944.46,200,30,7.65
1,0,48,300,944.46,194.55,1.18,1137.83,200,30,7.48
1,0,34,192,1137.83,0.0,0.88,1136.95,200,30,7.25
1,0,26,285,1136.95,0.0,0.65,1136.3,200,30,7.69
1,0,43,115,1136.3,0.0,1.14,1135.16,200,30,7.15
1,0,32,272,1135.16,0.0,0.84,1134.32,200,30,7.12
1,0,42,167,1134.32,0.0,1.1,1133.22,200,30,7.07
1,0,44,360,1133.22,0.0,1.28,1131.95,200,30,6.83
1,0,35,227,1131.95,0.0,0.94,1131.01,200,30,6.78
1,0,29,284,1131.01,0.0,0.83,1130.18,200,30,6.9
1,0,31,216,1130.18,0.0,0.77,1129.41,200,30,7.1
1,0,47,147,1129.41,0.0,1.34,1128.06,200,30,7.56
1,0,42,240,1128.06,0.0,1.3,1126.77,200,30,7.7
1,0,38,171,1126.77,0.0,1.24,1125.53,200,30,7.1
1,0,25,239,1125.53,0.0,0.68,1124.85,200,30,7.32
1,0,40,195,1124.85,0.0,1.16,1123.69,200,30,7.9
1,0,50,184,1123.69,0.0,1.41,1122.27,200,30,7.94
1,0,27,305,1122.27,0.0,0.81,1121.46,200,30,7.67
1,0,41,98,1121.46,0.0,1.07,1120.39,200,30,7.09
1,0,30,322,1120.39,0.0,0.72,1119.66,200,30,7.26
1,0,46,152,1119.66,0.0,1.41,1118.25,200,30,7.86
1,0,39,113,1118.25,0.0,1.28,1116.97,200,30,7.92
1,0,44,146,1116.97,0.0,1.22,1115.75,200,30,7.95
1,0,47,295,1115.75,0.0,1.44,1114.32,200,30,7.84
1,0,25,192,1114.32,0.0,0.7,1113.61,200,30,7.78
1,0,41,149,1113.61,0.0,1.01,1112.6,200,30,7.96
1,0,30,301,1112.6,0.0,0.9,1111.7,200,30,7.46
1,0,29,196,1111.7,0.0,0.91,1110.79,200,30,7.11
1,0,35,317,1110.79,0.0,0.93,1109.86,200,30,7.02
1,0,37,218,1109.86,0.0,1.13,1108.73,200,30,6.66
1,0,42,228,1108.73,0.0,1.08,1107.65,200,30,7.03
1,0,38,238,1107.65,0.0,1.07,1106.58,200,30,7.16
1,0,40,245,1106.58,0.0,1.14,1105.44,200,30,7.45
1,0,43,331,1105.44,0.0,1.19,1104.25,200,30,7.81
1,0,50,233,1104.25,0.0,1.27,1102.98,200,30,7.99
1,0,36,335,1102.98,0.0,1.11,1101.87,200,30,8.08
1,0,42,124,1101.87,0.0,1.22,1100.65,200,30,8.03
1,0,36,204,1100.65,0.0,1.03,1099.63,200,30,7.92
1,0,39,344,1099.63,0.0,0.96,1098.67,200,30,7.86
1,0,39,150,1098.67,0.0,1.08,1097.58,200,30,7.52
1,0,31,133,1097.58,0.0,0.85,1096.73,200,30,6.93
1,0,25,190,1096.73,0.0,0.68,1096.05,200,30,6.73
1,0,33,220,1096.05,0.0,0.91,1095.13,200,30,6.78
1,0,45,348,1095.13,0.0,1.27,1093.87,200,30,7.0
1,0,40,128,1093.87,0.0,1.25,1092.61,200,30,7.07
1,0,37,303,1092.61,0.0,1.03,1091.59,200,30,7.38
1,0,49,220,1091.59,0.0,1.39,1090.19,200,30,7.31
1,0,30,168,1090.19,0.0,0.78,1089.42,200,30,8.07
1,0,49,113,1089.42,0.0,1.44,1087.98,200,30,8.42
1,0,45,198,1087.98,0.0,1.26,1086.72,200,30,8.65
1,0,49,316,1086.72,0.0,1.5,1085.22,200,30,8.16
1,0,25,270,1085.22,0.0,0.76,1084.46,200,30,8.2
1,0,36,156,1084.46,0.0,1.07,1083.39,200,30,7.81
1,0,40,166,1083.39,0.0,1.0,1082.39,200,30,8.02
1,0,33,289,1082.39,0.0,0.99,1081.4,200,30,7.7
1,0,44,147,1081.4,0.0,1.12,1080.28,200,30,7.34
1,0,31,94,1080.28,0.0,0.9,1079.38,200,30,6.86
1,0,35,119,1079.38,0.0,1.02,1078.36,200,30,7.03
1,0,38,209,1078.36,0.0,0.93,1077.43,200,30,7.06
1,0,40,320,1077.43,0.0,1.1,1076.34,200,30,7.43
1,0,42,327,1076.34,0.0,1.37,1074.97,200,30,7.76
1,0,46,285,1074.97,0.0,1.32,1073.64,200,30,7.71
1,0,40,161,1073.64,0.0,1.07,1072.58,200,30,7.9
1,0,39,105,1072.58,0.0,1.09,1071.49,200,30,8.33
1,0,47,105,1071.49,0.0,1.45,1070.04,200,30,8.5
1,0,39,278,1070.04,0.0,1.1,1068.95,200,30,8.39
1,0,32,93,1068.95,0.0,0.99,1067.96,200,30,8.17
1,0,39,349,1067.96,0.0,1.15,1066.8,200,30,7.85
1,0,31,95,1066.8,0.0,1.0,1065.81,200,30,7.86
1,0,48,179,1065.81,0.0,1.08,1064.72,200,30,7.64
1,0,32,181,1064.72,0.0,0.87,1063.85,200,30,7.02
1,0,33,301,1063.85,0.0,0.83,1063.02,200,30,7.21
1,0,41,330,1063.02,0.0,1.29,1061.73,200,30,6.97
1,0,31,126,1061.73,0.0,0.75,1060.98,200,30,6.62
1,0,29,114,1060.98,0.0,0.8,1060.18,200,30,7.1
1,0,50,249,1060.18,0.0,1.48,1058.71,200,30,6.91
1,0,30,279,1058.71,0.0,0.89,1057.81,200,30,7.15
1,0,41,191,1057.81,0.0,1.11,1056.7,200,30,7.35
1,0,34,119,1056.7,0.0,1.03,1055.67,200,30,6.84
1,0,29,156,1055.67,0.0,0.78,1054.89,200,30,6.98
1,0,33,114,1054.89,0.0,0.89,1054.01,200,30,7.03
1,0,29,330,1054.01,0.0,0.85,1053.16,200,30,6.45
1,0,34,116,1053.16,0.0,0.9,1052.26,200,30,6.5
1,0,42,213,1052.26,0.0,0.94,1051.32,200,30,6.08
1,0,26,171,1051.32,0.0,0.69,1050.63,200,30,6.08
1,0,38,212,1050.63,0.0,1.03,1049.6,200,30,6.19
1,0,30,277,1049.6,0.0,0.89,1048.71,200,30,6.18
1,0,29,182,1048.71,0.0,0.88,1047.83,200,30,6.04
1,0,27,354,1047.83,0.0,0.71,1047.12,200,30,6.07
1,0,33,292,1047.12,0.0,0.93,1046.19,200,30,5.96
1,0,29,326,1046.19,0.0,0.83,1045.37,200,30,6.26
1,0,35,329,1045.37,0.0,0.99,1044.37,200,30,6.23
1,0,39,333,1044.37,0.0,1.0,1043.37,200,30,6.06
1,0,26,269,1043.37,0.0,0.72,1042.66,200,30,6.27
1,0,44,166,1042.66,0.0,1.09,1041.57,200,30,6.79
1,0,40,163,1041.57,0.0,1.23,1040.34,200,30,6.69
1,0,31,168,1040.34,0.0,0.83,1039.51,200,30,6.98
1,0,40,115,1039.51,0.0,1.12,1038.4,200,30,7.01
1,0,36,153,1038.4,0.0,1.02,1037.37,200,30,6.95
1,0,35,305,1037.37,0.0,0.94,1036.43,200,30,7.25
1,0,37,148,1036.43,0.0,1.02,1035.41,200,30,7.6
1,0,50,103,1035.41,0.0,1.44,1033.97,200,30,7.62
1,0,41,209,1033.97,0.0,1.25,1032.72,200,30,7.89
1,0,43,169,1032.72,0.0,1.1,1031.62,200,30,7.55
1,0,31,279,1031.62,0.0,0.78,1030.84,200,30,7.5
1,0,33,122,1030.84,0.0,0.97,1029.87,200,30,7.5
1,0,34,214,1029.87,0.0,0.94,1028.93,200,30,7.92
1,0,50,307,1028.93,0.0,1.44,1027.48,200,30,7.19
1,0,29,293,1027.48,0.0,0.71,1026.77,200,30,7.25
1,0,43,347,1026.77,0.0,1.31,1025.47,200,30,7.45
1,0,48,138,1025.47,0.0,1.3,1024.17,200,30,7.77
1,0,39,147,1024.17,0.0,1.1,1023.06,200,30,7.63
1,0,33,214,1023.06,0.0,0.83,1022.23,200,30,7.54
1,0,30,350,1022.23,0.0,0.85,1021.38,200,30,7.02
1,0,32,301,1021.38,0.0,0.92,1020.47,200,30,7.5
1,0,48,319,1020.47,0.0,1.19,1019.28,200,30,7.28
1,0,44,219,1019.28,0.0,1.09,1018.19,200,30,6.79
1,0,31,249,1018.19,0.0,0.81,1017.38,200,30,6.88
1,0,42,178,1017.38,0.0,1.19,1016.19,200,30,6.94
1,0,35,276,1016.19,0.0,0.89,1015.3,200,30,7.3
1,0,40,93,1015.3,0.0,1.21,1014.09,200,30,7.22
1,0,36,293,1014.09,0.0,0.84,1013.25,200,30,6.89
1,0,33,137,1013.25,0.0,0.86,1012.39,200,30,6.87
1,0,44,252,1012.39,0.0,1.07,1011.31,200,30,7.0
1,0,39,180,1011.31,0.0,0.94,1010.38,200,30,6.46
1,0,26,235,1010.38,0.0,0.65,1009.73,200,30,6.22
1,0,25,194,1009.73,0.0,0.65,1009.08,200,30,5.83
1,0,31,160,1009.08,0.0,0.82,1008.27,200,30,5.85
1,0,27,261,1008.27,0.0,0.86,1007.4,200,30,5.99
1,0,41,231,1007.4,0.0,1.0,1006.4,200,30,5.54
1,0,25,256,1006.4,0.0,0.62,1005.78,200,30,6.0
1,0,47,324,1005.78,0.0,1.4,1004.38,200,30,6.16
1,0,31,239,1004.38,0.0,0.81,1003.57,200,30,6.07
1,0,25,316,1003.57,0.0,0.56,1003.01,200,30,6.28
1,0,36,286,1003.01,0.0,1.03,1001.98,200,30,6.28
1,0,34,116,1001.98,0.0,0.86,1001.12,200,30,6.12
1,0,29,249,1001.12,0.0,0.84,1000.28,200,30,6.57
1,0,37,199,1000.28,0.0,1.07,999.21,200,30,5.89
1,0,32,217,999.21,0.0,0.72,998.49,200,30,6.4
1,0,47,148,998.49,0.0,1.32,997.17,200,30,6.63
1,0,29,324,997.17,0.0,0.79,996.38,200,30,6.94
1,0,45,153,996.38,0.0,1.34,995.03,200,30,7.38
1,0,49,220,995.03,0.0,1.3,993.74,200,30,7.58
1,0,43,97,993.74,0.0,1.04,992.7,200,30,7.44
1,0,31,242,992.7,0.0,0.93,991.76,200,30,7.55
1,0,36,132,991.76,0.0,0.83,990.94,200,30,7.41
1,0,48,219,990.94,0.0,1.18,989.75,200,30,7.91
1,0,50,204,989.75,0.0,1.29,988.46,200,30,7.74
1,0,45,274,988.46,0.0,1.17,987.3,200,30,7.1
1,0,27,176,987.3,0.0,0.66,986.64,200,30,7.09
1,0,45,113,986.64,0.0,1.03,985.61,200,30,6.93
1,0,31,346,985.61,0.0,0.77,984.83,200,30,7.3
1,0,46,260,984.83,0.0,1.2,983.64,200,30,6.73
1,0,27,305,983.64,0.0,0.61,983.03,200,30,6.65
1,0,48,193,983.03,0.0,1.21,981.82,200,30,6.35
1,0,34,268,981.82,0.0,0.87,980.94,200,30,6.56
1,0,35,98,980.94,0.0,0.87,980.07,200,30,6.56
1,0,41,281,980.07,0.0,1.03,979.05,200,30,6.49
1,0,28,174,979.05,0.0,0.7,978.34,200,30,6.46
1,0,45,259,978.34,0.0,1.17,977.17,200,30,6.51
1,0,25,117,977.17,0.0,0.66,976.51,200,30,6.22
1,0,39,141,976.51,0.0,0.92,975.59,200,30,6.44
1,0,46,179,975.59,0.0,1.09,974.5,200,30,6.27
1,0,26,244,974.5,0.0,0.7,973.8,200,30,6.37
1,0,46,175,973.8,0.0,1.13,972.67,200,30,6.81
1,0,46,107,972.67,0.0,1.14,971.54,200,30,6.25
1,0,27,328,971.54,0.0,0.61,970.93,200,30,6.52
1,0,35,225,970.93,0.0,0.93,970.0,200,30,6.35
1,0,30,270,970.0,0.0,0.75,969.25,200,30,6.46
1,0,46,269,969.25,0.0,1.2,968.05,200,30,7.12
1,0,49,312,968.05,0.0,1.36,966.68,200,30,6.61
1,0,28,320,966.68,0.0,0.62,966.06,200,30,6.45
1,0,41,179,966.06,0.0,0.98,965.08,200,30,6.55
1,0,30,148,965.08,0.0,0.71,964.37,200,30,6.48
1,0,32,265,964.37,0.0,0.86,963.51,200,30,7.06
1,0,47,117,963.51,0.0,1.33,962.18,200,30,6.62
1,0,31,245,962.18,0.0,0.76,961.41,200,30,5.86
1,0,26,98,961.41,0.0,0.6,960.81,200,30,6.19
1,0,47,253,960.81,0.0,0.95,959.86,200,30,6.13
1,0,41,329,959.86,0.0,0.92,958.95,200,30,6.39
1,0,48,128,958.95,0.0,0.97,957.97,200,30,6.06
1,0,25,317,957.97,0.0,0.53,957.44,200,30,5.75
1,0,38,164,957.44,0.0,1.02,956.42,200,30,6.31
1,0,49,108,956.42,0.0,1.32,955.11,200,30,6.99
1,0,49,132,955.11,0.0,1.28,953.83,200,30,7.03
1,0,45,150,953.83,0.0,0.99,952.84,200,30,7.32
1,0,49,111,952.84,0.0,1.21,951.63,200,30,7.48
1,0,45,291,951.63,0.0,1.13,950.5,200,30,8.0
1,0,42,141,950.5,209.75,1.05,1159.2,200,30,7.97
1,0,39,332,1159.2,0.0,0.99,1158.21,200,30,7.31
1,0,28,234,1158.21,0.0,0.66,1157.55,200,30,6.92
1,0,43,198,1157.55,0.0,0.89,1156.65,200,30,7.15
1,0,48,273,1156.65,0.0,1.22,1155.44,200,30,6.68
1,0,31,101,1155.44,0.0,0.74,1154.7,200,30,6.79
1,0,48,104,1154.7,0.0,1.24,1153.46,200,30,6.55
1,0,32,203,1153.46,0.0,0.81,1152.65,200,30,6.53
1,0,40,166,1152.65,0.0,0.97,1151.67,200,30,6.76
1,0,39,215,1151.67,0.0,0.89,1150.78,200,30,6.49
1,0,27,199,1150.78,0.0,0.62,1150.15,200,30,6.03
1,0,31,325,1150.15,0.0,0.76,1149.39,200,30,6.21
1,0,39,164,1149.39,0.0,0.92,1148.47,200,30,5.9
1,0,37,136,1148.47,0.0,0.93,1147.55,200,30,6.14
1,0,44,264,1147.55,0.0,1.05,1146.5,200,30,5.81
1,0,26,134,1146.5,0.0,0.64,1145.85,200,30,6.08
1,0,49,290,1145.85,0.0,1.16,1144.69,200,30,6.1
1,0,27,258,1144.69,0.0,0.64,1144.06,200,30,6.1
1,0,40,253,1144.06,0.0,0.76,1143.29,200,30,5.7
1,0,25,178,1143.29,0.0,0.52,1142.77,200,30,5.93
1,0,47,253,1142.77,0.0,1.16,1141.62,200,30,5.86
1,0,49,279,1141.62,0.0,0.98,1140.63,200,30,5.81
1,0,29,107,1140.63,0.0,0.59,1140.04,200,30,5.24
1,0,26,162,1140.04,0.0,0.59,1139.45,200,30,5.61
1,0,40,124,1139.45,0.0,1.01,1138.44,200,30,5.79
1,0,41,228,1138.44,0.0,0.94,1137.5,200,30,6.18
1,0,41,227,1137.5,0.0,0.91,1136.59,200,30,5.59
1,0,27,295,1136.59,0.0,0.57,1136.02,200,30,5.27
1,0,30,148,1136.02,0.0,0.66,1135.36,200,30,5.93
1,0,49,203,1135.36,0.0,1.25,1134.11,200,30,6.23
1,0,37,326,1134.11,0.0,0.89,1133.22,200,30,6.07
1,0,39,334,1133.22,0.0,0.85,1132.37,200,30,5.75
1,0,26,115,1132.37,0.0,0.62,1131.75,200,30,5.63
1,0,37,262,1131.75,0.0,0.79,1130.95,200,30,5.72
1,0,27,167,1130.95,0.0,0.66,1130.29,200,30,6.06
1,0,39,214,1130.29,0.0,1.0,1129.29,200,30,5.88
1,0,41,96,1129.29,0.0,1.07,1128.22,200,30,5.77
1,0,33,320,1128.22,0.0,0.78,1127.44,200,30,5.88
1,0,47,300,1127.44,0.0,0.96,1126.48,200,30,6.03
1,0,34,142,1126.48,0.0,0.77,1125.7,200,30,6.07
1,0,32,210,1125.7,0.0,0.83,1124.87,200,30,6.4
1,0,46,218,1124.87,0.0,0.99,1123.88,200,30,6.2
1,0,30,170,1123.88,0.0,0.8,1123.08,200,30,5.92
1,0,38,119,1123.08,0.0,0.79,1122.29,200,30,5.82
1,0,29,354,1122.29,0.0,0.68,1121.61,200,30,5.59
1,0,33,130,1121.61,0.0,0.73,1120.89,200,30,5.63
1,0,36,276,1120.89,0.0,0.81,1120.07,200,30,5.57
1,0,36,308,1120.07,0.0,0.77,1119.3,200,30,5.6
1,0,48,118,1119.3,0.0,1.02,1118.28,200,30,5.6
1,0,39,124,1118.28,0.0,0.8,1117.48,200,30,5.41
1,0,25,176,1117.48,0.0,0.6,1116.88,200,30,5.61
1,0,35,250,1116.88,0.0,0.88,1116.0,200,30,5.48
1,0,26,180,1116.0,0.0,0.6,1115.4,200,30,5.68
1,0,41,146,1115.4,0.0,1.01,1114.39,200,30,5.59
1,0,35,149,1114.39,0.0,0.68,1113.72,200,30,5.52
1,0,49,126,1113.72,0.0,0.95,1112.77,200,30,5.7
1,0,39,147,1112.77,0.0,0.98,1111.78,200,30,5.98
1,0,44,150,1111.78,0.0,0.88,1110.9,200,30,6.0
1,0,41,338,1110.9,0.0,0.9,1110.0,200,30,6.24
1,0,35,98,1110.0,0.0,0.84,1109.16,200,30,6.44
1,0,50,346,1109.16,0.0,1.21,1107.95,200,30,6.91
1,0,49,250,1107.95,0.0,1.15,1106.79,200,30,6.57
1,0,28,108,1106.79,0.0,0.61,1106.18,200,30,6.42
1,0,38,225,1106.18,0.0,0.83,1105.35,200,30,6.43
1,0,40,124,1105.35,0.0,0.89,1104.46,200,30,6.27
1,0,30,98,1104.46,0.0,0.74,1103.71,200,30,6.45
1,0,44,360,1103.71,0.0,1.02,1102.7,200,30,5.97
1,0,31,224,1102.7,0.0,0.73,1101.97,200,30,5.68
1,0,41,227,1101.97,0.0,0.86,1101.11,200,30,6.08
1,0,43,108,1101.11,0.0,1.01,1100.09,200,30,6.15
1,0,34,314,1100.09,0.0,0.9,1099.2,200,30,6.25
1,0,41,245,1099.2,0.0,0.99,1098.21,200,30,6.45
1,0,39,216,1098.21,0.0,0.94,1097.28,200,30,6.63
1,0,48,146,1097.28,0.0,1.2,1096.08,200,30,7.09
1,0,48,259,1096.08,0.0,1.19,1094.89,200,30,7.34
1,0,47,184,1094.89,0.0,1.11,1093.78,200,30,7.43
1,0,49,215,1093.78,0.0,1.1,1092.69,200,30,7.31
1,0,37,349,1092.69,0.0,0.78,1091.9,200,30,7.06
1,0,34,152,1091.9,0.0,0.74,1091.16,200,30,6.68
1,0,25,286,1091.16,0.0,0.56,1090.6,200,30,6.5
1,0,45,128,1090.6,0.0,1.02,1089.58,200,30,6.16
1,0,35,343,1089.58,0.0,0.85,1088.72,200,30,5.6
1,0,26,209,1088.72,0.0,0.55,1088.17,200,30,5.26
1,0,33,182,1088.17,0.0,0.76,1087.41,200,30,5.59
1,0,46,232,1087.41,0.0,1.11,1086.3,200,30,5.73
1,0,40,265,1086.3,0.0,0.88,1085.42,200,30,6.1
1,0,42,207,1085.42,0.0,0.93,1084.49,200,30,6.1
1,0,41,359,1084.49,0.0,1.02,1083.48,200,30,6.53
1,0,48,244,1083.48,0.0,1.28,1082.19,200,30,7.07
1,0,49,327,1082.19,0.0,1.09,1081.11,200,30,7.05
1,0,35,305,1081.11,0.0,0.74,1080.37,200,30,6.78
1,0,40,172,1080.37,0.0,0.84,1079.52,200,30,7.19
1,0,50,111,1079.52,0.0,1.29,1078.23,200,30,7.28
1,0,49,339,1078.23,0.0,1.02,1077.22,200,30,6.94
1,0,30,184,1077.22,0.0,0.68,1076.54,200,30,6.43
1,0,29,248,1076.54,0.0,0.77,1075.77,200,30,6.38
1,0,46,297,1075.77,0.0,1.04,1074.73,200,30,6.34
1,0,28,309,1074.73,0.0,0.7,1074.03,200,30,6.45
1,0,33,253,1074.03,0.0,0.95,1073.09,200,30,5.76
1,0,25,225,1073.09,0.0,0.6,1072.49,200,30,5.43
1,0,40,236,1072.49,0.0,0.69,1071.8,200,30,5.94
1,0,49,155,1071.8,0.0,1.19,1070.61,200,30,6.28
1,0,46,145,1070.61,0.0,1.11,1069.5,200,30,5.87
1,0,25,184,1069.5,0.0,0.63,1068.86,200,30,6.12
1,0,37,189,1068.86,0.0,0.95,1067.92,200,30,6.13
1,0,38,234,1067.92,0.0,0.96,1066.95,200,30,6.26
1,0,30,116,1066.95,0.0,0.73,1066.22,200,30,6.18
1,0,26,243,1066.22,0.0,0.61,1065.61,200,30,5.97
1,0,40,268,1065.61,0.0,0.98,1064.64,200,30,6.23
1,0,50,219,1064.64,0.0,1.37,1063.27,200,30,6.37
1,0,33,160,1063.27,0.0,0.77,1062.5,200,30,6.58
1,0,49,133,1062.5,0.0,1.16,1061.34,200,30,6.69
1,0,49,186,1061.34,0.0,1.07,1060.27,200,30,6.84
1,0,37,173,1060.27,0.0,0.88,1059.39,200,30,7.35
1,0,50,179,1059.39,0.0,1.12,1058.27,200,30,7.21
1,0,31,194,1058.27,0.0,0.84,1057.44,200,30,6.43
1,0,27,329,1057.44,0.0,0.59,1056.85,200,30,6.35
1,0,33,349,1056.85,0.0,0.69,1056.16,200,30,6.07
1,0,31,357,1056.16,0.0,0.88,1055.28,200,30,6.06
1,0,45,222,1055.28,0.0,1.06,1054.22,200,30,5.84
1,0,27,174,1054.22,0.0,0.66,1053.56,200,30,5.78
1,0,33,119,1053.56,0.0,1.06,1052.5,200,30,6.13
1,0,40,267,1052.5,0.0,1.19,1051.32,200,30,6.46
1,0,37,264,1051.32,0.0,0.92,1050.4,200,30,6.86
1,0,46,315,1050.4,0.0,1.09,1049.3,200,30,6.84
1,0,30,325,1049.3,0.0,0.86,1048.44,200,30,6.93
1,0,50,92,1048.44,0.0,1.15,1047.29,200,30,7.14
1,0,37,328,1047.29,0.0,0.87,1046.42,200,30,6.91
1,0,31,287,1046.42,0.0,0.83,1045.59,200,30,6.65
1,0,36,122,1045.59,0.0,0.93,1044.67,200,30,6.58
1,0,36,347,1044.67,0.0,0.85,1043.82,200,30,6.41
1,0,40,357,1043.82,0.0,0.92,1042.9,200,30,6.69
1,0,44,296,1042.9,0.0,1.14,1041.76,200,30,6.44
1,0,35,359,1041.76,0.0,0.9,1040.86,200,30,6.72
1,0,45,353,1040.86,0.0,1.15,1039.71,200,30,6.87
1,0,35,214,1039.71,0.0,0.98,1038.73,200,30,6.66
1,0,25,256,1038.73,0.0,0.72,1038.01,200,30,6.77
1,0,42,327,1038.01,0.0,0.96,1037.05,200,30,7.08
