station,date,temperature_mean,temperature_min,temperature_max,pressure_mean,wind_speed_mean,wind_speed_max,wind_direction_mean,humidity_mean,humidity_min,humidity_max,weather_observations
Bharati,2012-01-28,-1.311,-3.61,0.06,978.222,5.892,9.09,158.683,42.929,34.24,48.3,12
Bharati,2012-01-29,-1.895,-5.21,1.12,965.865,11.222,14.65,168.659,51.282,42.39,62.4,24
Bharati,2012-01-30,-0.273,-1.44,1.21,975.31,4.748,9.34,162.37,58.78,52.82,66.76,24
Bharati,2012-01-31,-0.951,-3.8,0.63,984.227,3.594,6.09,215.364,50.831,36.94,65.91,24
Bharati,2012-02-01,-3.366,-6.39,-1.22,973.166,4.82,8.41,217.248,43.964,31.66,57.99,24
Bharati,2012-02-02,-2.56,-5.3,-0.49,979.115,6.154,8.89,153.966,64.636,56.57,78.03,24
Bharati,2012-02-03,-2.78,-4.4,-1.8,970.408,12.511,16.93,159.652,81.056,43.09,95.07,24
Bharati,2012-02-04,-1.061,-2.6,0.68,977.508,11.14,13.95,157.513,81.485,55.95,94.27,24
Bharati,2012-02-05,-0.476,-2.03,1.1,981.336,7.469,13.06,166.687,55.035,45.73,75.45,24
Bharati,2012-02-06,-2.246,-4.74,0.17,983.465,6.963,10.12,167.724,51.778,44.07,58.53,24
Bharati,2012-02-07,-2.555,-5.67,1.11,987.103,9.361,12.21,168.017,59.088,46.85,84.25,24
Bharati,2012-02-08,-4.022,-8.24,-0.4,989.067,8.452,11.38,168.482,60.954,42.23,93.71,24
Bharati,2012-02-09,-1.69,-4.4,1.09,991.379,8.07,13.08,171.52,62.609,40.49,90.13,24
Bharati,2012-02-10,-4.979,-8.75,-1.59,989.044,7.149,11.06,175.493,48.349,35.79,64.12,24
Bharati,2012-02-11,-4.535,-9.01,-1.2,983.019,5.075,10.66,182.258,50.227,42.24,58.08,24
Bharati,2012-02-12,-2.458,-4.82,-1.2,980.698,4.92,6.75,170.011,70.491,57.23,87.96,24
Bharati,2012-02-13,-4.19,-6.23,-2.37,984.554,4.15,7.77,165.796,57.132,47.2,72.65,24
Bharati,2012-02-14,-4.793,-5.82,-4.16,992.79,6.829,9.28,159.317,57.895,51.0,68.04,24
Bharati,2012-02-15,-4.307,-6.74,-2.69,994.415,5.537,7.12,163.688,61.77,52.02,75.02,24
Bharati,2012-02-16,-3.712,-4.84,-2.38,995.101,7.21,10.51,161.471,76.787,66.95,88.02,24
Bharati,2012-02-17,-2.897,-5.26,-1.53,998.307,5.878,8.25,170.015,72.237,58.23,90.57,24
Bharati,2012-02-18,-4.587,-6.83,-2.53,992.247,5.28,8.2,171.22,51.674,38.65,65.48,24
Bharati,2012-02-19,-5.038,-8.87,-2.26,994.056,4.362,7.39,173.488,52.112,42.07,63.98,24
Bharati,2012-02-20,-3.628,-6.33,-1.63,997.013,3.863,7.51,191.179,44.762,33.1,52.97,24
Bharati,2012-02-21,-3.563,-5.39,-2.64,995.905,4.14,9.33,178.244,44.413,33.29,59.17,24
Bharati,2012-02-22,-3.706,-6.21,-2.53,991.828,4.729,6.72,162.774,47.634,41.65,56.97,24
Bharati,2012-02-23,-5.77,-8.36,-2.72,992.895,4.276,7.95,200.506,45.357,34.08,65.03,24
Bharati,2012-02-24,-6.85,-9.29,-4.16,994.275,4.201,6.9,191.12,48.776,39.79,57.99,24
Bharati,2012-02-25,-4.746,-9.1,-1.64,994.26,3.01,4.77,200.845,43.012,32.89,56.61,24
Bharati,2012-02-26,-0.812,-2.51,0.35,984.412,5.742,12.25,164.989,85.396,52.09,95.52,24
Bharati,2012-02-27,-2.317,-7.79,0.01,989.512,8.006,10.72,164.82,59.996,45.74,81.88,24
Bharati,2012-02-28,-7.219,-9.9,-3.62,988.992,7.205,12.63,180.192,45.093,31.69,52.87,24
Bharati,2012-02-29,-4.778,-8.63,-1.36,980.998,8.498,13.21,165.496,46.858,38.96,53.03,24
Bharati,2012-03-01,-6.071,-8.46,-3.12,981.445,10.366,12.61,173.57,46.451,39.47,52.27,24
Bharati,2012-03-02,-5.878,-8.64,-2.07,979.972,11.169,14.53,171.208,47.736,41.58,53.8,24
Bharati,2012-03-03,-5.598,-7.37,-3.04,986.29,10.94,13.77,176.382,49.119,45.77,54.74,24
Bharati,2012-03-04,-7.571,-9.7,-5.03,990.709,7.024,9.51,177.163,49.922,40.4,54.64,24
Bharati,2012-03-05,-8.31,-9.82,-6.5,991.225,7.372,9.37,172.932,48.707,42.09,53.03,24
Bharati,2012-03-06,-9.905,-12.05,-7.51,988.452,6.932,10.07,177.402,44.852,33.72,52.2,24
Bharati,2012-03-07,-11.1,-13.44,-8.43,984.265,7.916,11.63,177.319,51.314,43.39,58.78,24
Bharati,2012-03-08,-10.248,-12.73,-8.25,984.657,7.777,9.33,170.126,54.597,41.85,83.46,24
Bharati,2012-03-09,-8.683,-10.7,-7.34,989.286,4.948,9.14,170.829,67.005,48.35,88.28,24
Bharati,2012-03-10,-7.65,-10.05,-4.82,987.34,4.014,8.29,174.136,58.489,50.42,72.77,24
Bharati,2012-03-11,-10.695,-13.39,-9.16,984.837,9.248,11.75,174.071,49.541,40.29,66.19,24
Bharati,2012-03-12,-12.839,-14.99,-10.71,981.191,6.694,10.57,179.38,43.139,34.46,50.81,24
Bharati,2012-03-13,-10.511,-14.23,-7.38,974.876,8.192,10.2,172.146,41.234,34.18,48.2,24
Bharati,2012-03-14,-5.373,-8.07,-4.08,969.644,7.625,10.46,170.34,50.408,40.4,60.24,24
Bharati,2012-03-15,-6.451,-7.19,-5.18,978.412,3.174,8.75,185.106,85.091,61.21,91.36,24
Bharati,2012-03-16,-5.298,-7.98,-4.0,980.465,8.275,13.09,170.666,68.018,55.74,91.78,24
Bharati,2012-03-17,-6.889,-11.37,-4.36,979.187,10.397,14.52,177.093,56.355,50.47,65.4,24
Bharati,2012-03-18,-9.43,-11.11,-8.02,985.312,6.725,7.94,179.036,58.014,53.01,63.38,24
Bharati,2012-03-19,-11.915,-15.06,-9.48,983.193,7.207,10.25,183.158,51.088,39.58,61.92,24
Bharati,2012-03-20,-12.975,-14.54,-11.34,977.66,6.802,9.01,166.47,50.1,35.6,81.42,24
Bharati,2012-03-21,-13.349,-15.94,-11.9,989.968,7.382,11.97,151.093,75.638,63.65,85.67,24
Bharati,2012-03-22,-12.609,-15.67,-10.19,988.653,3.938,9.06,232.015,55.65,47.14,67.4,24
Bharati,2012-03-23,-11.022,-14.25,-9.18,983.517,9.328,11.17,175.34,53.293,44.98,59.09,24
Bharati,2012-03-24,-13.595,-15.29,-12.17,978.654,8.264,11.13,176.164,49.313,42.34,57.3,24
Bharati,2012-03-25,-12.116,-14.39,-9.23,984.025,4.105,7.74,186.123,67.258,53.53,80.62,24
Bharati,2012-03-26,-9.831,-14.25,-7.37,986.838,5.111,7.5,200.032,72.64,61.23,83.37,24
Bharati,2012-03-27,-10.795,-12.12,-9.62,982.561,5.54,8.18,180.478,62.076,48.53,75.28,24
Bharati,2012-03-28,-13.392,-17.52,-11.85,987.72,5.806,8.15,177.391,65.739,54.37,75.95,24
Bharati,2012-03-29,-14.265,-17.42,-12.06,990.357,3.785,7.13,189.186,48.648,42.2,54.29,24
Bharati,2012-03-30,-11.982,-12.97,-10.75,991.858,2.836,3.77,186.892,46.565,40.32,52.98,24
Bharati,2012-03-31,-11.007,-11.85,-9.5,994.453,5.553,7.05,169.853,48.618,45.37,57.25,24
Bharati,2012-04-01,-10.575,-12.37,-9.03,995.349,4.748,6.1,173.417,59.195,47.39,67.96,24
Bharati,2012-04-02,-11.333,-12.79,-9.77,997.067,5.875,7.5,173.804,48.929,37.2,60.01,24
Bharati,2012-04-03,-13.442,-15.86,-11.13,994.806,3.86,7.38,186.973,49.073,43.93,60.01,24
Bharati,2012-04-04,-13.769,-15.67,-11.82,989.622,3.654,6.88,177.775,48.844,45.95,51.64,24
Bharati,2012-04-05,-14.214,-15.42,-12.6,991.423,6.15,8.15,165.965,58.965,44.13,83.47,24
Bharati,2012-04-06,-9.209,-12.13,-7.44,996.405,2.37,5.23,238.282,76.711,66.99,85.68,24
Bharati,2012-04-07,-7.604,-9.54,-6.27,998.573,3.931,8.44,184.692,60.559,50.45,72.14,24
Bharati,2012-04-08,-6.892,-8.96,-4.94,982.928,4.226,8.65,162.333,77.694,52.08,91.3,24
Bharati,2012-04-09,-9.096,-13.54,-6.29,978.373,4.451,10.06,128.919,84.917,70.98,90.14,24
Bharati,2012-04-10,-5.777,-6.85,-4.66,977.172,7.828,10.48,168.064,76.753,63.21,91.45,24
Bharati,2012-04-11,-6.887,-7.83,-5.47,974.603,10.418,14.67,173.128,66.798,56.8,84.31,24
Bharati,2012-04-12,-10.66,-12.26,-8.35,982.235,6.243,7.69,179.028,55.023,51.28,58.97,24
Bharati,2012-04-13,-8.687,-11.0,-6.91,978.263,5.157,6.94,174.362,62.129,52.71,74.47,24
Bharati,2012-04-14,-9.295,-10.98,-7.53,973.73,6.978,9.14,173.146,66.664,57.61,80.51,24
Bharati,2012-04-15,-11.271,-13.17,-9.91,973.281,5.329,9.06,148.136,75.612,63.66,85.85,24
Bharati,2012-04-16,-11.024,-12.55,-9.86,994.443,6.303,8.0,181.015,59.863,51.99,79.93,24
Bharati,2012-04-17,-10.26,-12.02,-8.29,995.639,4.911,9.92,181.729,65.155,46.73,89.19,24
Bharati,2012-04-18,-7.934,-9.79,-7.24,980.527,11.783,13.0,168.17,81.264,72.74,89.72,24
Bharati,2012-04-19,-13.848,-16.85,-10.27,980.248,9.013,11.63,177.101,52.968,42.17,72.43,24
Bharati,2012-04-20,-18.75,-20.02,-17.35,991.414,5.634,8.15,186.034,42.292,38.43,47.21,24
Bharati,2012-04-21,-18.622,-20.33,-16.93,987.391,2.524,3.98,194.963,43.6,40.99,48.35,24
Bharati,2012-04-22,-12.88,-17.4,-9.3,970.272,5.395,8.16,175.145,54.621,42.85,77.46,24
Bharati,2012-04-23,-9.808,-11.61,-8.87,978.245,7.398,9.73,166.767,67.591,52.32,79.94,24
Bharati,2012-04-24,-14.453,-16.86,-11.85,980.957,5.9,7.57,175.101,46.643,41.03,53.76,24
Bharati,2012-04-25,-17.629,-18.73,-16.14,978.396,4.162,5.96,182.023,44.157,39.32,47.63,24
Bharati,2012-04-26,-20.04,-20.71,-19.0,980.25,4.442,6.15,186.601,43.967,41.18,46.33,24
Bharati,2012-04-27,-16.348,-20.51,-12.57,981.726,5.341,12.13,187.39,51.094,43.35,70.85,24
Bharati,2012-04-28,-9.923,-13.49,-8.55,977.741,8.835,12.97,171.726,65.461,50.94,80.51,24
Bharati,2012-04-29,-12.087,-13.8,-10.25,983.946,8.552,10.25,174.35,50.017,44.61,59.51,24
Bharati,2012-04-30,-13.598,-16.14,-10.92,980.912,7.821,9.65,173.192,50.371,42.96,59.58,24
Bharati,2012-05-01,-17.5,-20.19,-15.82,974.357,7.922,9.88,169.928,38.639,35.76,41.01,24
Bharati,2012-05-02,-20.434,-22.12,-18.12,978.372,10.398,13.26,176.064,51.679,39.86,65.59,24
Bharati,2012-05-03,-16.232,-18.17,-15.35,975.253,4.947,8.63,185.264,54.684,47.63,67.47,24
Bharati,2012-05-04,-20.208,-24.56,-16.98,974.105,1.855,4.37,230.23,57.92,44.96,70.03,24
Bharati,2012-05-05,-21.107,-22.68,-19.08,979.069,0.532,1.57,214.63,67.18,48.51,72.0,24
Bharati,2012-05-06,-19.495,-23.5,-14.2,998.439,0.952,2.45,236.492,50.48,45.6,59.52,24
Bharati,2012-05-07,-13.79,-15.72,-12.53,1009.365,1.312,2.27,226.192,42.985,34.69,48.86,24
Bharati,2012-05-08,-16.822,-20.4,-14.5,993.453,4.981,7.7,183.992,38.028,35.22,42.27,24
Bharati,2012-05-09,-19.952,-21.64,-15.25,991.318,4.719,7.07,183.288,41.162,31.95,50.05,24
Bharati,2012-05-10,-10.584,-15.33,-7.54,997.048,3.742,6.74,244.722,59.068,34.33,84.44,24
Bharati,2012-05-11,-4.261,-7.65,-0.34,994.495,5.168,8.03,175.54,55.264,47.66,71.42,24
Bharati,2012-05-12,-2.546,-3.9,-0.9,990.982,9.826,14.93,171.645,54.542,37.25,92.83,24
Bharati,2012-05-13,-7.467,-8.7,-4.24,987.661,8.686,11.09,175.355,49.895,40.1,71.64,24
Bharati,2012-05-14,-6.307,-8.89,-4.51,983.657,4.914,8.02,169.115,51.458,45.74,55.79,24
Bharati,2012-05-15,-6.327,-7.59,-5.02,992.075,6.174,7.88,171.275,59.745,53.3,68.06,24
Bharati,2012-05-16,-10.419,-13.86,-7.71,995.27,5.823,7.67,171.111,47.22,40.95,58.45,24
Bharati,2012-05-17,-15.81,-17.11,-14.32,987.12,3.762,4.86,185.433,43.86,39.93,49.7,24
Bharati,2012-05-18,-17.563,-18.71,-15.81,989.232,6.15,8.2,178.49,43.241,36.6,50.94,24
Bharati,2012-05-19,-15.814,-18.07,-14.76,989.288,6.861,10.01,174.059,50.671,43.85,55.24,24
Bharati,2012-05-20,-17.971,-18.49,-17.31,986.018,4.121,6.38,189.506,51.534,47.43,62.05,24
Bharati,2012-05-21,-23.671,-26.34,-17.45,989.681,1.746,3.48,147.137,72.66,54.3,78.88,24
Bharati,2012-05-22,-24.236,-26.51,-22.86,988.553,2.211,4.71,213.775,49.035,37.82,60.02,24
Bharati,2012-05-23,-27.651,-31.8,-22.55,984.15,1.201,4.05,208.357,61.275,42.44,71.39,24
Bharati,2012-05-24,-31.991,-33.97,-28.44,976.767,1.737,3.87,236.364,61.93,51.24,70.92,24
Bharati,2012-05-25,-25.484,-29.61,-22.48,970.832,3.383,6.97,206.284,68.867,56.14,75.15,24
Bharati,2012-05-26,-18.65,-31.17,-8.94,976.56,6.077,16.24,192.592,75.021,68.86,83.68,24
Bharati,2012-05-27,-12.527,-15.59,-8.5,992.225,10.06,14.79,176.568,63.728,45.64,73.03,24
Bharati,2012-05-28,-16.949,-19.65,-15.67,993.243,4.001,8.17,196.06,45.52,36.43,62.24,24
Bharati,2012-05-29,-22.694,-25.44,-19.82,988.572,5.452,8.34,191.501,47.601,36.31,61.61,24
Bharati,2012-05-30,-26.49,-28.05,-25.38,990.155,4.216,6.01,169.569,49.561,44.94,63.47,24
Bharati,2012-05-31,-28.302,-28.58,-27.84,986.749,2.804,3.57,189.839,44.588,42.45,47.78,24
Bharati,2012-06-01,-26.685,-28.0,-25.29,976.854,2.76,4.01,202.349,42.466,39.41,45.69,24
Bharati,2012-06-02,-25.068,-26.94,-23.22,986.291,3.255,8.25,162.682,65.53,50.33,73.86,24
Bharati,2012-06-03,-14.887,-26.41,-5.94,981.386,6.494,14.94,191.54,75.245,47.59,92.6,24
Bharati,2012-06-04,-15.441,-22.14,-6.07,975.664,9.682,15.61,143.343,82.496,75.88,92.84,24
Bharati,2012-06-05,-17.618,-21.45,-15.16,998.635,3.653,9.85,229.088,68.34,61.17,75.78,24
Bharati,2012-06-06,-20.85,-23.18,-17.96,996.79,3.572,10.02,199.408,73.181,60.84,79.3,24
Bharati,2012-06-07,-21.346,-22.98,-18.28,981.553,6.298,10.4,177.564,56.921,48.06,71.57,24
Bharati,2012-06-08,-17.358,-18.15,-16.71,987.181,10.106,10.78,174.912,71.703,68.19,75.62,24
Bharati,2012-06-09,-16.699,-17.36,-16.0,997.04,8.503,9.98,164.912,76.091,72.12,81.5,24
Bharati,2012-06-10,-22.968,-24.98,-18.26,1008.4,5.244,6.57,178.609,60.228,48.55,79.83,24
Bharati,2012-06-11,-23.298,-25.4,-21.82,1005.478,2.983,5.52,249.808,65.89,47.6,77.24,24
Bharati,2012-06-12,-19.791,-23.21,-17.56,1006.082,1.851,4.51,202.354,68.026,53.45,76.75,24
Bharati,2012-06-13,-15.638,-19.0,-11.95,995.483,7.214,11.55,181.042,67.143,57.51,79.12,24
Bharati,2012-06-14,-8.991,-14.22,-5.52,985.989,8.16,14.19,177.776,61.74,52.8,76.69,24
Bharati,2012-06-15,-9.467,-11.91,-7.05,993.66,14.354,16.26,174.631,60.905,55.94,65.65,24
Bharati,2012-06-16,-9.558,-10.76,-8.11,986.607,14.016,17.62,176.655,57.133,50.76,62.75,24
Bharati,2012-06-17,-7.96,-9.44,-5.74,986.742,12.487,14.27,173.161,52.828,43.43,58.9,24
Bharati,2012-06-18,-7.411,-8.59,-5.95,988.77,12.575,14.0,170.043,60.084,44.68,75.59,24
Bharati,2012-06-19,-7.792,-8.7,-6.47,971.803,13.144,18.84,158.932,80.958,58.68,90.71,24
Bharati,2012-06-20,-12.175,-17.41,-8.79,968.204,9.59,11.92,176.407,72.722,58.82,87.84,24
Bharati,2012-06-21,-16.701,-18.52,-13.94,960.861,5.403,8.35,182.577,59.872,45.01,79.93,24
Bharati,2012-06-22,-17.087,-20.07,-13.04,987.706,6.144,11.82,159.545,74.504,56.09,83.92,24
Bharati,2012-06-23,-18.241,-20.71,-16.52,994.395,9.265,13.96,186.281,65.13,55.86,75.69,24
Bharati,2012-06-24,-18.57,-21.75,-13.56,975.186,10.477,16.73,186.492,66.272,57.74,74.48,24
Bharati,2012-06-25,-12.105,-14.82,-8.14,983.067,7.445,14.84,166.799,76.348,56.53,86.43,24
Bharati,2012-06-26,-10.526,-14.73,-8.48,997.218,9.686,15.21,162.887,64.32,55.81,77.19,24
Bharati,2012-06-27,-10.76,-13.59,-7.19,993.411,8.604,11.54,170.654,62.098,49.71,86.17,24
Bharati,2012-06-28,-6.993,-7.98,-5.84,983.524,12.562,23.72,160.656,78.235,66.59,89.32,24
Bharati,2012-06-29,-5.364,-6.42,-4.48,985.332,21.217,25.27,171.568,72.212,54.9,85.95,24
Bharati,2012-06-30,-8.528,-13.24,-5.65,1004.758,13.502,21.1,177.286,43.706,29.53,58.55,24
Bharati,2012-07-01,-16.684,-23.92,-11.43,997.398,9.867,13.62,178.26,46.388,33.89,71.95,24
Bharati,2012-07-02,-17.736,-23.51,-13.76,998.323,8.69,13.17,173.937,49.46,41.16,68.32,24
Bharati,2012-07-03,-16.733,-18.51,-14.32,1004.637,5.023,9.98,189.436,42.44,35.97,50.41,24
Bharati,2012-07-04,-19.491,-20.18,-18.81,1002.881,4.355,7.78,167.918,51.709,35.85,78.28,24
Bharati,2012-07-05,-18.328,-20.29,-10.66,1003.13,5.213,12.27,184.604,52.98,37.71,72.64,24
Bharati,2012-07-06,-9.15,-10.71,-7.78,971.688,15.96,25.8,164.112,83.177,74.89,88.49,24
Bharati,2012-07-07,-14.436,-17.36,-9.81,984.213,7.18,8.48,184.19,71.65,59.28,81.16,24
Bharati,2012-07-08,-18.577,-22.63,-16.68,986.602,5.808,7.21,173.872,48.562,41.54,59.41,24
Bharati,2012-07-09,-24.065,-28.56,-21.84,989.382,5.687,8.26,180.302,58.125,46.38,74.29,24
Bharati,2012-07-10,-26.515,-28.12,-22.21,986.201,5.282,9.2,181.579,54.37,44.87,73.64,24
Bharati,2012-07-11,-13.953,-20.19,-10.3,963.637,5.567,10.47,186.409,69.327,51.15,88.67,24
Bharati,2012-07-12,-9.795,-20.02,-8.22,953.133,7.42,13.1,146.634,88.629,79.74,90.75,24
Bharati,2012-07-13,-19.678,-21.42,-16.91,981.878,4.022,6.43,188.635,74.29,58.76,79.77,24
Bharati,2012-07-14,-15.635,-17.61,-14.68,980.354,3.719,9.08,191.788,57.64,51.77,64.75,24
Bharati,2012-07-15,-17.328,-19.52,-14.73,980.854,6.564,8.42,173.718,48.192,41.99,56.14,24
Bharati,2012-07-16,-18.289,-20.94,-15.79,974.492,6.2,10.67,185.589,53.945,47.6,61.76,24
Bharati,2012-07-17,-17.552,-19.93,-16.15,972.083,5.44,10.12,188.735,59.192,51.11,71.89,24
Bharati,2012-07-18,-24.832,-31.49,-16.11,978.647,1.78,3.13,130.553,72.038,61.51,77.6,24
Bharati,2012-07-19,-24.772,-30.42,-22.13,964.587,2.227,5.01,211.597,57.02,43.68,74.14,24
Bharati,2012-07-20,-24.873,-29.03,-23.15,958.558,6.389,11.46,162.085,51.978,41.76,72.58,24
Bharati,2012-07-21,-27.53,-30.57,-25.1,983.631,2.259,5.67,196.283,57.992,42.2,72.03,24
Bharati,2012-07-22,-16.886,-24.97,-11.85,968.891,4.38,8.17,213.682,67.763,36.83,82.52,24
Bharati,2012-07-23,-16.874,-21.83,-11.83,967.032,6.494,9.25,153.848,76.751,66.84,82.92,24
Bharati,2012-07-24,-18.552,-21.18,-16.55,971.826,9.45,12.81,172.936,64.821,56.24,73.72,24
Bharati,2012-07-25,-22.032,-24.19,-19.81,981.564,8.34,10.33,176.19,51.109,44.32,57.17,24
Bharati,2012-07-26,-25.924,-27.15,-24.28,989.888,6.298,8.23,176.172,48.67,43.73,52.14,24
Bharati,2012-07-27,-27.281,-27.89,-26.43,983.649,3.705,4.91,187.28,42.704,37.46,47.18,24
Bharati,2012-07-28,-26.561,-27.66,-25.91,983.398,3.957,5.43,200.92,38.584,35.11,42.94,24
Bharati,2012-07-29,-24.438,-26.86,-21.51,980.31,2.142,3.59,214.633,52.655,41.2,58.72,24
Bharati,2012-07-30,-20.733,-22.79,-19.25,982.193,6.657,10.79,175.259,55.371,47.53,62.85,24
Bharati,2012-07-31,-21.058,-22.07,-20.25,980.082,7.438,11.86,188.14,50.43,46.09,56.78,24
Bharati,2012-08-01,-24.539,-28.56,-20.98,980.142,9.199,12.37,164.803,55.294,40.37,72.31,24
Bharati,2012-08-02,-20.132,-25.87,-15.32,991.415,3.083,7.04,226.779,77.845,72.0,82.76,24
Bharati,2012-08-03,-19.722,-21.0,-16.04,995.916,4.818,8.72,193.064,62.942,52.66,73.14,24
Bharati,2012-08-04,-21.69,-23.94,-20.16,981.705,12.086,15.06,177.452,69.754,52.38,76.92,24
Bharati,2012-08-05,-24.066,-25.2,-23.09,984.614,9.098,11.55,177.27,52.167,47.87,55.47,24
Bharati,2012-08-06,-23.364,-25.18,-20.82,976.775,4.013,8.01,185.495,51.525,48.2,56.0,24
Bharati,2012-08-07,-19.577,-21.14,-17.92,975.167,3.779,8.23,181.117,62.096,53.06,71.09,24
Bharati,2012-08-08,-16.161,-22.29,-11.01,971.205,6.163,13.75,192.333,58.37,42.84,72.65,24
Bharati,2012-08-09,-13.45,-15.17,-11.03,975.226,11.448,14.07,174.535,49.547,43.6,57.7,24
Bharati,2012-08-10,-14.918,-15.81,-14.37,978.537,7.335,12.94,175.732,44.685,39.82,48.74,24
Bharati,2012-08-11,-16.262,-17.65,-15.07,987.21,7.9,10.54,176.135,42.325,39.33,48.83,24
Bharati,2012-08-12,-18.272,-19.94,-17.44,992.411,3.604,4.68,183.367,41.396,36.99,44.73,24
Bharati,2012-08-13,-16.105,-19.53,-12.6,970.847,3.186,7.48,180.096,54.886,36.3,86.03,24
Bharati,2012-08-14,-14.362,-16.53,-12.94,965.666,5.765,11.28,164.866,80.911,62.51,85.74,24
Bharati,2012-08-15,-15.296,-16.13,-14.33,976.172,8.165,11.04,163.934,72.534,62.38,79.71,24
Bharati,2012-08-16,-16.742,-18.76,-14.32,976.455,6.83,9.03,183.975,60.438,56.16,70.33,24
Bharati,2012-08-17,-19.287,-21.22,-18.17,976.468,5.825,9.03,179.754,50.573,44.14,57.67,24
Bharati,2012-08-18,-21.519,-22.2,-20.88,979.576,4.642,6.98,184.282,43.41,40.5,48.05,24
Bharati,2012-08-19,-14.847,-20.18,-11.56,972.223,4.414,11.16,208.658,62.375,40.82,80.34,24
Bharati,2012-08-20,-15.263,-19.2,-13.34,968.464,4.453,11.29,186.215,74.785,52.38,82.61,24
Bharati,2012-08-21,-20.909,-25.26,-18.99,979.111,5.656,11.0,146.548,76.158,72.0,78.58,24
Bharati,2012-08-22,-26.076,-28.36,-24.25,987.4,2.907,6.49,193.105,69.27,54.32,75.51,24
Bharati,2012-08-23,-27.037,-29.05,-23.07,988.107,2.832,5.09,196.671,53.995,48.78,73.51,24
Bharati,2012-08-24,-9.997,-21.2,-7.92,981.301,14.182,20.33,164.87,83.893,73.13,90.58,24
Bharati,2012-08-25,-9.051,-10.29,-6.56,1002.225,6.259,11.17,164.175,63.259,44.1,76.75,24
Bharati,2012-08-26,-8.514,-12.14,-6.04,1013.836,7.233,12.54,173.623,48.52,41.74,53.23,24
Bharati,2012-08-27,-11.613,-12.69,-9.92,1008.848,5.859,8.15,188.177,40.242,34.72,45.31,24
Bharati,2012-08-28,-14.948,-18.75,-11.38,991.774,10.125,21.86,185.328,58.43,35.48,80.31,24
Bharati,2012-08-29,-17.193,-20.27,-15.37,991.036,7.868,11.38,170.518,45.626,38.38,59.11,24
Bharati,2012-08-30,-20.439,-21.55,-18.65,983.746,6.88,11.16,175.129,46.355,41.09,49.59,24
Bharati,2012-08-31,-16.622,-19.68,-14.03,972.241,5.028,6.73,171.903,55.359,44.67,73.84,24
Bharati,2012-09-01,-17.657,-18.97,-15.15,979.422,1.069,4.45,248.156,76.846,71.96,82.08,24
Bharati,2012-09-02,-19.622,-22.06,-17.78,996.146,1.053,3.69,206.291,76.418,73.04,79.64,24
Bharati,2012-09-03,-11.623,-19.42,-8.19,983.583,7.944,15.96,175.555,63.585,52.55,70.16,24
Bharati,2012-09-04,-10.222,-11.35,-9.27,982.295,9.495,14.5,149.38,78.874,56.12,89.17,24
Bharati,2012-09-05,-12.883,-15.13,-11.21,982.969,7.285,10.62,165.965,71.878,57.3,86.12,24
Bharati,2012-09-06,-15.272,-17.94,-14.27,983.583,7.401,9.98,169.088,67.633,56.89,80.22,24
Bharati,2012-09-07,-13.564,-19.38,-9.93,975.976,9.066,15.17,158.64,80.675,61.41,88.72,24
Bharati,2012-09-08,-20.622,-22.18,-18.45,990.735,2.968,11.43,210.416,68.807,58.31,78.38,24
Bharati,2012-09-09,-20.332,-22.34,-18.83,988.742,3.156,5.26,230.497,72.655,64.58,76.43,24
Bharati,2012-09-10,-21.02,-22.78,-19.51,984.902,5.721,8.78,177.5,59.178,50.28,68.86,24
Bharati,2012-09-11,-18.162,-20.52,-15.87,972.918,4.023,8.04,179.783,57.434,53.82,62.58,24
Bharati,2012-09-12,-15.298,-18.32,-13.83,967.21,7.432,9.6,166.607,55.197,46.56,62.72,24
Bharati,2012-09-13,-17.141,-18.91,-15.24,972.584,8.676,11.64,171.973,50.222,44.04,57.06,24
Bharati,2012-09-14,-18.898,-20.61,-17.17,974.677,9.213,12.24,173.778,46.019,39.43,55.07,24
Bharati,2012-09-15,-21.402,-22.63,-20.36,970.123,7.051,9.54,170.811,43.634,39.46,46.82,16
Bharati,2012-10-21,-9.93,-10.48,-9.55,985.966,4.84,7.19,186.488,49.824,47.13,54.7,5
Bharati,2012-10-22,-8.014,-10.32,-4.11,987.127,7.164,10.11,176.015,47.613,44.0,50.67,15
Bharati,2012-10-25,-5.315,-8.75,-2.77,986.801,5.671,11.08,158.255,43.634,39.31,50.47,10
Bharati,2012-10-26,-7.658,-11.03,-4.17,985.98,6.706,12.38,194.363,38.037,31.67,49.48,24
Bharati,2012-10-27,-6.434,-10.07,-4.14,989.56,6.128,9.21,157.773,38.349,27.4,52.49,24
Bharati,2012-10-28,-6.891,-9.29,-5.27,990.912,7.85,15.28,150.933,81.709,50.77,92.16,24
Bharati,2012-10-29,-5.483,-10.17,-3.12,989.328,3.696,6.49,172.939,77.143,44.61,93.48,24
Bharati,2012-10-30,-12.313,-15.49,-9.84,981.8,3.599,8.64,190.978,51.538,42.31,60.84,24
Bharati,2012-10-31,-13.649,-16.29,-10.84,992.742,4.31,9.44,191.008,48.85,41.49,58.37,24
Bharati,2012-11-01,-13.308,-16.34,-10.64,1000.273,5.45,9.89,195.169,46.099,32.17,57.73,24
Bharati,2012-11-02,-12.174,-15.74,-9.39,1002.959,4.406,8.43,225.572,44.55,34.3,56.83,24
Bharati,2012-11-03,-11.876,-14.13,-9.94,1006.418,5.066,8.91,164.7,46.361,35.72,55.65,24
Bharati,2012-11-04,-11.24,-13.64,-8.43,1005.673,2.448,6.13,169.624,47.01,36.74,54.1,24
Bharati,2012-11-05,-10.202,-13.81,-7.5,998.529,2.913,6.31,179.64,42.323,33.19,51.52,24
Bharati,2012-11-06,-8.95,-12.19,-6.35,997.698,4.462,8.95,215.622,47.212,33.63,66.28,24
Bharati,2012-11-07,-5.641,-10.18,-1.89,998.197,6.174,10.74,182.957,41.314,26.99,52.27,24
Bharati,2012-11-08,-6.435,-10.54,-3.9,984.408,6.298,10.94,167.177,47.901,37.15,57.78,24
Bharati,2012-11-09,-0.628,-5.85,2.82,984.22,8.372,14.58,167.879,49.773,43.05,63.54,24
Bharati,2012-11-10,0.45,-1.67,1.58,995.308,10.452,15.34,168.92,46.115,41.44,51.74,24
Bharati,2012-11-11,-3.541,-6.3,-1.48,989.12,5.735,10.74,189.458,45.169,38.3,54.82,24
Bharati,2012-11-12,-6.576,-8.81,-4.74,989.6,5.667,10.28,160.54,42.885,35.22,61.57,24
Bharati,2012-11-13,-7.812,-10.86,-5.84,989.895,5.571,9.51,188.582,38.016,30.86,54.33,24
Bharati,2012-11-14,-3.715,-6.82,-0.56,987.995,6.877,9.74,168.918,45.037,38.72,52.4,24
Bharati,2012-11-15,-0.936,-5.52,1.34,981.652,6.812,11.79,169.847,45.87,39.0,54.2,24
Bharati,2012-11-16,-1.467,-4.23,1.86,977.654,9.302,12.7,164.675,53.598,37.24,93.32,24
Bharati,2012-11-17,0.654,-2.16,3.28,985.667,9.17,13.22,156.591,49.303,39.4,62.12,24
Bharati,2012-11-18,0.921,-2.2,4.37,987.555,6.488,13.71,183.528,45.231,28.57,53.01,24
Bharati,2012-11-19,-0.423,-2.72,1.08,986.887,4.722,10.72,152.431,42.296,33.0,55.59,24
Bharati,2012-11-20,-0.357,-3.51,2.59,990.415,4.47,8.69,223.271,47.004,38.89,68.58,24
Bharati,2012-11-21,-0.638,-3.98,1.49,992.115,4.626,8.17,204.354,43.889,37.71,53.83,24
Bharati,2012-11-22,-1.892,-3.93,-0.18,993.04,5.275,9.67,196.482,42.037,34.29,62.15,24
Bharati,2012-11-23,-2.726,-5.89,-0.77,986.431,5.167,9.43,219.626,39.064,27.97,54.1,24
Bharati,2012-11-24,-4.388,-6.73,-3.05,984.698,4.885,9.76,168.779,41.996,33.71,53.65,24
Bharati,2012-11-25,-4.437,-7.83,-1.61,987.956,3.002,5.27,231.188,50.502,42.16,72.72,24
Bharati,2012-11-26,-3.55,-6.87,-1.82,984.926,4.093,5.87,160.5,57.19,50.3,65.92,24
Bharati,2012-11-27,-2.975,-4.77,-1.56,985.235,4.47,7.07,147.502,52.785,41.11,68.39,24
Bharati,2012-11-28,-1.914,-5.03,0.41,996.077,6.462,9.72,153.381,59.927,42.23,77.61,24
Bharati,2012-11-29,-2.459,-3.87,-1.0,988.493,12.268,20.9,151.066,74.89,42.74,94.05,24
Bharati,2012-11-30,-1.599,-3.38,-0.26,987.614,4.228,10.36,220.068,61.383,51.8,72.74,24
Bharati,2012-12-01,-2.035,-4.13,-0.51,977.868,4.127,8.59,146.799,49.248,40.7,58.64,24
Bharati,2012-12-02,-3.25,-5.23,-1.52,982.934,6.04,7.62,154.966,57.074,43.18,79.13,24
Bharati,2012-12-03,-2.306,-3.96,-0.64,987.591,4.168,6.88,179.396,64.124,51.36,80.95,24
Bharati,2012-12-04,-1.252,-5.26,1.89,980.315,5.416,8.82,189.545,44.175,34.24,51.6,24
Bharati,2012-12-05,0.207,-3.92,2.29,980.511,3.292,8.87,154.439,47.522,39.62,53.47,24
Bharati,2012-12-06,-0.007,-1.94,1.19,985.696,3.44,5.95,179.213,50.163,41.08,68.11,24
Bharati,2012-12-07,0.52,-2.72,2.56,982.256,3.764,8.61,168.645,49.58,39.42,56.39,24
Bharati,2012-12-08,2.68,0.61,4.88,983.032,2.959,5.21,194.711,47.009,36.27,57.09,24
Bharati,2012-12-09,1.522,-1.46,3.37,980.975,3.854,7.9,176.967,45.161,35.62,56.85,24
Bharati,2012-12-10,0.996,-0.64,2.31,981.183,5.022,7.3,154.712,59.813,46.48,82.35,24
Bharati,2012-12-11,-1.0,-1.18,-0.83,988.488,2.343,2.51,162.91,73.492,64.23,82.41,4
Bharati,2013-02-16,-2.773,-3.88,-1.94,981.322,5.098,9.91,159.852,68.197,53.6,92.01,12
Bharati,2013-02-17,-2.202,-3.12,-1.56,975.86,10.425,12.51,161.876,77.62,64.46,87.38,24
Bharati,2013-02-18,-1.798,-4.56,0.23,979.07,7.22,10.32,169.065,59.072,50.71,66.8,24
Bharati,2013-02-19,-4.163,-6.57,-1.3,986.093,6.543,10.98,173.824,53.622,42.73,59.83,24
Bharati,2013-02-20,-5.811,-8.85,-3.12,992.945,6.319,8.76,172.775,52.086,39.69,63.51,24
Bharati,2013-02-21,-5.156,-8.67,-2.79,980.911,10.6,19.08,164.605,62.958,39.16,93.19,24
Bharati,2013-02-22,-2.997,-4.27,-2.07,973.57,11.078,15.4,168.352,61.876,52.76,82.18,24
Bharati,2013-02-23,-5.898,-8.63,-3.37,979.685,8.874,11.68,172.914,54.144,45.45,58.75,24
Bharati,2013-02-24,-6.808,-10.17,-3.41,974.964,8.424,12.43,166.762,46.089,34.38,57.93,24
Bharati,2013-02-25,-3.729,-7.44,-1.17,977.185,4.886,7.74,175.334,51.268,46.23,55.19,24
Bharati,2013-02-26,-3.672,-5.44,-2.08,979.622,6.05,8.15,166.244,57.541,49.16,77.31,24
Bharati,2013-02-27,-0.4,-3.18,2.04,979.046,8.487,14.77,167.22,68.01,49.95,88.58,24
Bharati,2013-02-28,-4.458,-9.06,-1.99,977.905,6.431,7.77,177.245,49.586,36.92,63.94,24
Bharati,2013-03-01,-8.375,-10.38,-5.65,974.861,8.508,10.93,176.192,54.862,46.33,59.43,24
Bharati,2013-03-02,-4.683,-6.1,-3.9,975.734,8.29,10.32,145.64,83.999,62.19,94.44,24
Bharati,2013-03-03,-4.195,-5.79,-3.84,979.57,8.372,10.23,150.994,85.032,60.08,94.15,24
Bharati,2013-03-04,-9.969,-13.69,-6.4,980.119,8.526,12.3,178.438,55.508,46.38,61.08,24
Bharati,2013-03-05,-12.331,-14.17,-10.13,984.455,6.832,11.43,179.218,53.808,43.6,63.15,24
Bharati,2013-03-06,-12.725,-14.52,-10.28,986.85,3.928,6.9,226.476,59.905,45.17,81.89,24
Bharati,2013-03-07,-12.201,-14.43,-10.76,985.074,3.722,7.19,130.845,71.217,62.56,78.49,24
Bharati,2013-03-08,-9.737,-13.38,-7.48,981.864,6.926,7.27,171.354,71.551,65.78,76.6,12
Bharati,2013-03-09,-12.677,-12.93,-12.41,987.795,2.717,4.15,167.832,86.184,85.83,86.7,11
Bharati,2013-03-10,-14.183,-18.66,-12.1,984.167,6.847,10.71,192.295,62.118,45.51,83.01,24
Bharati,2013-03-11,-13.026,-14.97,-10.76,968.712,8.35,13.6,176.695,57.973,47.53,69.17,24
Bharati,2013-03-12,-9.291,-11.0,-7.73,980.121,2.004,4.92,171.199,71.441,61.1,85.11,24
Bharati,2013-03-13,-10.963,-11.79,-10.07,991.005,2.715,4.27,98.861,78.058,73.77,82.49,24
Bharati,2013-03-14,-11.118,-12.09,-10.04,990.482,3.104,6.76,225.103,67.76,51.81,81.41,24
Bharati,2013-03-15,-7.87,-11.04,-5.11,977.702,3.908,6.93,178.705,50.863,44.66,61.75,24
Bharati,2013-03-16,-6.44,-7.26,-5.18,983.661,4.782,6.59,169.873,55.923,49.94,65.84,24
Bharati,2013-03-17,-7.424,-8.54,-6.68,981.686,3.678,5.25,178.031,71.479,61.83,87.66,24
Bharati,2013-03-18,-10.348,-13.88,-8.48,977.663,3.173,5.56,149.649,83.237,72.07,89.97,24
Bharati,2013-03-19,-12.845,-14.9,-12.11,974.277,3.095,6.39,180.59,68.978,54.03,86.08,24
Bharati,2013-03-20,-16.162,-19.53,-12.42,980.755,2.479,6.21,156.966,65.02,50.28,82.52,24
Bharati,2013-03-21,-19.913,-21.03,-18.22,986.496,2.62,5.51,281.657,64.976,58.91,72.9,24
Bharati,2013-03-22,-18.385,-22.79,-13.92,974.994,1.664,6.58,220.305,68.99,56.73,76.71,24
Bharati,2013-03-23,-16.472,-18.13,-15.34,974.517,5.898,9.22,181.351,56.656,53.4,61.89,24
Bharati,2013-03-24,-16.238,-23.38,-8.29,984.786,3.512,5.73,208.147,62.013,43.25,75.35,24
Bharati,2013-03-25,-7.507,-10.26,-6.05,984.267,4.933,6.74,174.53,65.798,56.88,73.65,24
Bharati,2013-03-26,-12.56,-15.01,-10.82,986.129,5.876,7.58,182.33,53.641,46.55,64.64,24
Bharati,2013-03-27,-14.256,-16.52,-12.53,975.985,4.529,7.02,159.268,58.663,45.3,83.72,24
Bharati,2013-03-28,-18.007,-19.57,-16.42,977.77,4.8,7.35,165.004,70.017,63.53,77.33,24
Bharati,2013-03-29,-17.253,-18.48,-15.88,974.233,3.369,6.78,173.041,63.73,54.28,78.09,24
Bharati,2013-03-30,-18.485,-21.95,-17.04,974.86,3.883,6.38,148.804,74.037,63.88,78.32,24
Bharati,2013-03-31,-23.228,-25.83,-21.73,987.965,2.335,6.9,191.305,58.22,44.43,76.76,24
Bharati,2013-04-01,-18.914,-21.75,-16.04,992.185,1.847,3.91,215.74,54.541,48.35,62.51,24
Bharati,2013-04-02,-16.6,-18.59,-15.06,988.909,2.109,4.54,259.932,72.496,60.58,77.15,24
Bharati,2013-04-03,-16.035,-17.85,-14.58,985.621,2.095,4.49,214.835,50.55,43.59,68.8,24
Bharati,2013-04-04,-14.758,-16.31,-12.8,983.545,2.568,4.05,191.042,43.101,35.45,49.09,24
Bharati,2013-04-05,-16.837,-18.03,-15.08,989.677,4.408,5.38,187.972,39.483,33.98,44.89,24
Bharati,2013-04-06,-18.215,-21.47,-15.99,992.971,4.109,6.32,175.722,51.901,37.34,77.47,24
Bharati,2013-04-07,-24.299,-26.42,-22.1,995.097,2.87,6.17,235.743,73.953,67.57,77.18,24
Bharati,2013-04-08,-28.621,-31.53,-23.66,1001.244,3.155,5.83,247.078,64.266,55.06,71.23,24
Bharati,2013-04-09,-11.284,-21.72,-6.6,979.665,6.189,13.83,202.785,84.229,56.55,91.67,24
Bharati,2013-04-10,-12.513,-14.95,-10.81,985.302,7.82,12.22,163.66,65.642,52.88,83.74,24
Bharati,2013-04-11,-17.345,-20.89,-14.91,981.155,5.906,8.72,182.155,50.926,45.36,58.39,24
Bharati,2013-04-12,-19.922,-21.56,-16.9,989.166,3.782,8.46,171.198,46.876,40.8,51.73,24
Bharati,2013-04-13,-10.853,-16.04,-8.74,983.245,8.713,11.95,160.282,72.995,52.48,89.17,24
Bharati,2013-04-14,-11.438,-15.72,-9.03,987.155,6.735,10.98,161.638,69.329,54.75,88.68,24
Bharati,2013-04-15,-16.278,-17.46,-15.19,993.115,10.362,11.37,176.118,54.893,50.6,60.27,24
Bharati,2013-04-16,-17.08,-18.99,-15.69,995.236,5.206,8.5,180.525,43.105,37.78,50.1,24
Bharati,2013-04-17,-19.211,-19.98,-18.2,993.33,3.511,6.85,178.327,41.764,35.86,49.67,24
Bharati,2013-04-18,-16.82,-18.91,-15.61,988.938,7.298,10.6,174.974,52.089,46.87,57.83,24
Bharati,2013-04-19,-14.562,-16.01,-12.6,976.464,6.791,9.91,174.376,53.345,49.0,61.24,24
Bharati,2013-04-20,-10.49,-14.59,-9.35,981.738,6.048,8.36,163.976,78.736,56.9,88.47,24
Bharati,2013-04-21,-11.052,-13.69,-8.81,985.16,7.879,9.86,174.035,58.307,51.69,65.62,24
Bharati,2013-04-22,-13.05,-15.44,-11.79,977.649,7.864,12.59,176.23,53.722,48.54,59.52,24
Bharati,2013-04-23,-12.621,-16.45,-8.43,975.786,4.024,8.71,174.593,54.666,47.41,63.89,24
Bharati,2013-04-24,-11.061,-13.31,-8.55,984.647,6.17,7.5,181.125,52.726,47.05,57.74,24
Bharati,2013-04-25,-12.925,-14.72,-11.88,985.232,3.004,4.84,212.38,70.878,51.83,85.66,24
Bharati,2013-04-26,-12.692,-15.47,-6.01,988.533,2.163,6.04,201.521,71.345,42.15,85.89,24
Bharati,2013-04-27,-6.709,-9.06,-5.31,991.604,7.141,8.62,170.256,54.817,44.83,61.66,24
Bharati,2013-04-28,-10.139,-11.69,-9.12,986.23,5.518,7.26,173.926,43.92,37.75,48.01,24
Bharati,2013-04-29,-14.096,-17.59,-11.46,980.192,5.734,10.87,173.371,44.877,39.57,49.38,24
Bharati,2013-04-30,-22.097,-24.14,-18.08,980.48,8.848,11.29,178.134,50.435,37.55,62.61,24
Bharati,2013-05-01,-24.194,-25.18,-20.55,988.195,6.12,7.17,180.489,45.465,39.52,57.67,24
Bharati,2013-05-02,-12.528,-20.55,-6.68,986.529,8.259,15.91,187.847,71.915,56.13,87.9,24
Bharati,2013-05-03,-8.545,-10.58,-5.79,984.404,7.313,16.93,166.788,51.374,35.54,67.27,24
Bharati,2013-05-04,-10.445,-11.17,-9.77,980.1,4.069,6.52,168.962,50.71,45.77,57.84,24
Bharati,2013-05-05,-15.498,-19.91,-11.17,979.596,6.155,8.1,171.352,43.203,38.62,45.92,24
Bharati,2013-05-06,-20.081,-20.91,-18.48,982.223,5.707,6.96,187.355,40.97,37.56,42.95,24
Bharati,2013-05-07,-11.693,-17.55,-9.23,982.438,3.26,5.99,190.544,66.975,42.03,81.82,24
Bharati,2013-05-08,-13.572,-17.1,-10.25,983.245,4.252,7.06,191.745,54.749,47.85,63.62,24
Bharati,2013-05-09,-18.628,-23.28,-16.53,980.425,1.887,3.55,192.112,56.665,52.61,67.84,24
Bharati,2013-05-10,-22.426,-24.05,-18.42,982.212,1.726,4.31,177.866,76.997,70.78,79.61,24
Bharati,2013-05-11,-13.094,-17.84,-10.97,967.08,5.288,8.86,185.492,75.396,59.41,87.12,24
Bharati,2013-05-12,-13.962,-16.97,-9.8,970.78,7.64,19.61,157.385,80.292,74.85,86.95,24
Bharati,2013-05-13,-12.209,-15.73,-9.2,980.422,12.125,16.42,175.462,66.234,55.62,85.36,24
Bharati,2013-05-14,-15.814,-17.32,-14.47,977.606,7.588,11.85,172.755,52.81,47.62,57.72,24
Bharati,2013-05-15,-11.957,-15.89,-7.37,967.648,9.168,12.92,172.642,63.187,52.41,88.22,24
Bharati,2013-05-16,-10.639,-16.19,-6.52,967.96,9.377,16.73,148.338,80.072,67.29,91.47,24
Bharati,2013-05-17,-12.645,-16.12,-9.78,990.077,8.397,11.62,167.516,61.406,48.2,75.05,24
Bharati,2013-05-18,-16.207,-17.95,-14.27,995.188,4.184,6.86,186.398,50.665,45.79,66.18,24
Bharati,2013-05-19,-13.991,-15.07,-13.11,991.58,4.238,7.33,176.529,68.053,56.31,77.51,24
Bharati,2013-05-20,-15.566,-20.74,-12.6,985.593,2.742,4.8,252.186,65.871,55.54,76.79,24
Bharati,2013-05-21,-15.769,-20.38,-9.02,982.068,1.273,3.86,223.421,63.218,56.56,72.54,24
Bharati,2013-05-22,-9.184,-10.18,-8.17,976.011,3.619,5.96,185.12,58.4,50.59,65.04,24
Bharati,2013-05-23,-12.219,-15.44,-10.2,973.133,1.516,4.92,200.809,69.825,53.06,80.41,24
Bharati,2013-05-24,-20.186,-25.45,-15.11,987.527,1.253,3.54,188.63,79.258,72.84,84.2,24
Bharati,2013-05-25,-17.076,-19.06,-14.83,992.239,5.492,9.26,196.063,57.792,48.2,67.67,24
Bharati,2013-05-26,-20.03,-21.42,-19.32,992.895,5.309,9.04,186.668,52.425,47.17,62.26,24
Bharati,2013-05-27,-24.401,-30.17,-20.48,996.832,3.946,9.18,233.536,56.216,44.05,66.19,24
Bharati,2013-05-28,-26.906,-30.2,-25.2,993.071,3.295,6.65,194.909,49.956,39.24,61.86,24
Bharati,2013-05-29,-25.308,-26.43,-24.19,998.914,3.286,4.36,195.071,42.852,38.45,45.94,24
Bharati,2013-05-30,-21.272,-24.39,-19.32,994.831,3.551,4.24,189.312,45.239,42.41,47.26,24
Bharati,2013-05-31,-19.643,-20.64,-18.64,995.726,4.968,8.68,181.722,44.739,42.22,46.63,24
Bharati,2013-06-01,-21.045,-21.31,-20.72,990.773,7.506,9.07,169.95,45.66,41.11,50.26,24
Bharati,2013-06-02,-18.901,-20.74,-15.71,984.5,6.497,12.47,171.192,50.294,46.89,55.18,24
Bharati,2013-06-03,-17.069,-18.8,-15.39,987.222,9.692,14.11,174.961,47.752,40.88,57.35,24
Bharati,2013-06-04,-21.476,-22.96,-19.07,981.604,7.649,10.85,178.729,44.616,38.89,49.7,24
Bharati,2013-06-05,-22.451,-23.44,-20.42,990.364,8.557,12.04,171.117,43.464,39.86,47.21,24
Bharati,2013-06-06,-22.191,-23.93,-20.33,995.455,2.953,4.78,189.158,45.727,38.16,56.51,24
Bharati,2013-06-07,-22.449,-23.54,-20.79,994.311,0.881,3.68,225.85,44.212,36.64,50.46,24
Bharati,2013-06-08,-18.093,-21.58,-11.28,987.403,1.376,3.38,230.954,68.276,51.65,79.83,24
Bharati,2013-06-09,-7.884,-10.94,-6.36,976.484,3.378,6.51,186.65,90.573,81.54,92.34,24
Bharati,2013-06-10,-5.844,-7.57,-4.41,971.731,8.756,20.7,165.277,91.442,88.74,94.1,24
Bharati,2013-06-11,-8.068,-9.11,-6.67,991.393,5.178,14.47,193.214,85.959,78.73,90.07,24
Bharati,2013-06-12,-6.737,-9.36,-4.77,988.038,5.632,8.86,186.367,71.269,58.25,89.08,24
Bharati,2013-06-13,-8.992,-11.98,-5.27,987.712,7.938,10.16,171.19,54.066,46.17,65.1,24
Bharati,2013-06-14,-15.7,-17.61,-12.2,986.672,7.496,10.6,177.055,49.4,41.17,62.55,24
Bharati,2013-06-15,-12.706,-14.15,-11.73,989.408,6.195,9.31,160.687,74.352,59.19,85.52,24
Bharati,2013-06-16,-15.325,-19.08,-12.52,1004.03,5.469,8.11,167.426,64.094,49.9,85.32,24
Bharati,2013-06-17,-20.778,-21.73,-19.25,1008.049,6.219,8.65,174.165,52.287,49.44,56.95,24
Bharati,2013-06-18,-20.29,-21.39,-19.14,999.083,4.342,7.3,180.088,50.766,44.94,54.04,24
Bharati,2013-06-19,-17.24,-19.44,-14.22,1006.382,3.208,6.6,179.577,46.732,42.57,49.54,24
Bharati,2013-06-20,-10.785,-13.94,-8.99,1005.044,5.885,9.11,170.312,65.599,48.26,81.99,24
Bharati,2013-06-21,-8.506,-9.44,-6.95,992.27,4.812,6.74,170.212,87.435,78.47,90.61,24
Bharati,2013-06-22,-5.097,-6.53,-4.08,992.602,13.96,17.29,161.3,68.719,57.02,84.86,24
Bharati,2013-06-23,-7.96,-11.14,-4.91,1006.72,9.565,11.37,157.668,51.886,44.8,63.7,24
Bharati,2013-06-24,-12.875,-15.16,-11.42,1004.081,4.528,7.11,173.092,46.228,40.26,51.49,24
Bharati,2013-06-25,-18.794,-21.02,-15.79,1002.969,5.498,7.9,190.939,43.697,38.03,47.76,24
Bharati,2013-06-26,-10.186,-16.03,-7.49,1002.749,4.843,8.66,176.322,74.375,50.4,91.53,24
Bharati,2013-06-27,-11.655,-14.34,-7.83,1003.166,10.059,13.8,175.515,65.207,56.09,75.44,24
Bharati,2013-06-28,-12.692,-14.47,-10.75,991.932,6.317,10.72,179.836,56.461,49.82,60.72,24
Bharati,2013-06-29,-7.868,-11.16,-5.6,989.41,7.089,9.69,162.993,66.84,51.9,83.68,24
Bharati,2013-06-30,-7.854,-10.25,-5.22,1004.371,5.06,9.5,188.028,61.96,51.72,85.39,24
Bharati,2013-07-01,-12.72,-14.44,-10.21,1005.33,2.087,4.79,190.788,52.891,48.12,60.1,24
Bharati,2013-07-02,-8.605,-10.49,-6.52,995.108,8.035,11.47,140.037,87.027,60.17,91.8,24
Bharati,2013-07-03,-11.516,-12.7,-9.87,1001.776,6.734,8.92,156.202,78.559,57.72,88.94,24
Bharati,2013-07-04,-7.952,-9.63,-7.2,991.483,11.672,16.09,154.075,86.168,61.81,91.52,24
Bharati,2013-07-05,-11.865,-15.14,-8.43,982.727,6.177,9.18,161.532,78.367,59.38,90.52,24
Bharati,2013-07-06,-16.778,-19.34,-15.15,983.044,8.188,10.93,173.978,59.347,55.16,65.49,24
Bharati,2013-07-07,-20.559,-21.3,-19.42,986.568,9.878,14.69,178.418,57.972,49.78,74.98,24
Bharati,2013-07-08,-15.593,-20.21,-12.85,989.55,13.005,16.19,177.576,63.101,50.35,75.84,24
Bharati,2013-07-09,-11.878,-14.37,-8.86,994.082,9.96,12.69,174.8,53.802,49.45,58.41,24
Bharati,2013-07-10,-13.764,-17.94,-9.02,983.584,7.57,10.52,178.04,51.097,47.42,60.2,24
Bharati,2013-07-11,-18.148,-19.18,-17.13,992.221,8.885,11.0,173.512,53.391,42.7,63.04,24
Bharati,2013-07-12,-19.468,-21.55,-18.0,997.106,5.099,7.82,186.242,53.035,48.9,58.23,24
Bharati,2013-07-13,-21.726,-22.41,-20.87,992.442,4.102,5.56,180.186,45.977,42.31,50.09,24
Bharati,2013-07-14,-23.564,-24.6,-22.52,993.779,4.454,5.64,180.115,43.745,41.23,46.51,24
Bharati,2013-07-15,-23.658,-25.54,-21.47,993.862,3.678,6.66,207.54,47.645,42.18,54.79,24
Bharati,2013-07-16,-14.365,-20.15,-12.51,973.291,7.224,12.4,201.592,54.972,48.5,59.15,24
Bharati,2013-07-17,-14.705,-16.25,-13.64,966.895,10.4,13.67,174.991,56.433,50.36,70.64,24
Bharati,2013-07-18,-13.354,-14.29,-12.41,975.868,10.912,14.68,173.567,56.908,51.62,63.07,24
Bharati,2013-07-19,-14.386,-16.33,-12.54,965.822,8.986,11.64,171.05,49.923,45.01,67.17,24
Bharati,2013-07-20,-13.372,-18.67,-7.96,979.218,6.71,12.8,173.332,80.839,63.08,91.21,24
Bharati,2013-07-21,-9.78,-13.54,-8.05,990.118,5.346,10.28,165.036,81.075,63.27,91.23,24
Bharati,2013-07-22,-9.874,-12.67,-6.98,975.252,9.456,20.35,188.385,76.655,64.45,87.25,24
Bharati,2013-07-23,-8.412,-11.25,-7.08,960.418,15.074,20.25,144.868,86.902,81.86,89.5,24
Bharati,2013-07-24,-12.775,-14.61,-11.6,986.255,13.411,16.23,152.165,84.078,73.32,87.48,24
Bharati,2013-07-25,-10.358,-13.58,-8.56,991.39,8.911,13.99,148.875,86.606,69.57,90.32,24
Bharati,2013-07-26,-13.602,-15.82,-10.46,988.7,4.345,7.18,171.77,53.807,48.81,79.45,24
Bharati,2013-07-27,-19.25,-20.84,-16.13,984.778,3.75,6.42,183.725,45.867,40.95,53.91,24
Bharati,2013-07-28,-19.154,-19.65,-18.75,983.618,3.272,6.58,183.043,56.448,39.64,77.85,24
Bharati,2013-07-29,-19.123,-20.86,-17.27,983.94,2.945,4.46,258.728,70.378,57.22,80.97,24
Bharati,2013-07-30,-23.058,-32.28,-18.76,976.63,3.661,8.01,169.402,63.115,52.17,76.6,24
Bharati,2013-07-31,-29.361,-32.19,-24.41,987.811,2.649,5.61,192.29,70.833,62.53,73.71,24
Bharati,2013-08-01,-30.658,-38.0,-22.31,995.847,1.785,3.94,230.389,71.827,68.52,76.71,24
Bharati,2013-08-02,-36.26,-39.36,-33.7,992.865,2.205,5.21,198.413,65.973,58.47,69.75,24
Bharati,2013-08-03,-34.462,-40.66,-26.55,987.047,1.374,6.79,183.968,66.861,57.85,72.81,24
Bharati,2013-08-04,-24.12,-26.23,-22.69,993.121,3.624,9.77,177.035,64.639,55.89,74.41,24
Bharati,2013-08-05,-21.276,-22.95,-19.69,1004.402,5.275,11.6,184.9,62.4,56.47,68.18,24
Bharati,2013-08-06,-12.512,-18.36,-9.0,993.197,11.308,14.66,173.664,59.438,49.9,74.03,24
Bharati,2013-08-07,-13.682,-17.93,-10.45,989.205,10.081,13.07,176.859,51.737,46.47,55.95,24
Bharati,2013-08-08,-15.552,-19.03,-11.28,980.554,6.391,11.87,198.25,59.613,47.6,68.85,24
Bharati,2013-08-09,-8.075,-16.63,-4.86,989.929,7.515,14.63,184.918,59.781,36.86,77.97,24
Bharati,2013-08-10,-9.795,-12.93,-6.46,994.281,9.131,14.96,166.074,55.914,40.53,82.25,24
Bharati,2013-08-11,-10.871,-12.75,-7.91,1004.303,4.151,10.58,186.791,70.876,59.03,85.42,24
Bharati,2013-08-12,-9.19,-10.4,-7.62,1006.613,6.58,9.52,173.73,51.627,39.32,65.57,24
Bharati,2013-08-13,-12.356,-14.56,-10.0,1011.055,8.439,11.21,175.765,41.301,38.34,43.23,24
Bharati,2013-08-14,-14.165,-17.05,-12.8,1010.195,7.531,15.31,169.37,39.618,34.24,51.63,24
Bharati,2013-08-15,-15.462,-16.7,-14.45,1015.827,8.484,13.32,176.189,40.667,36.94,48.88,24
Bharati,2013-08-16,-16.657,-18.36,-15.14,1011.532,6.365,10.71,163.909,40.129,33.69,53.33,24
Bharati,2013-08-17,-17.616,-18.38,-16.14,1004.626,4.748,8.17,171.138,43.235,39.94,50.72,24
Bharati,2013-08-18,-16.493,-18.1,-14.58,1002.712,8.083,11.11,180.352,42.106,40.16,45.02,24
Bharati,2013-08-19,-11.605,-15.17,-8.99,998.01,6.018,10.1,175.474,44.38,38.41,51.27,24
Bharati,2013-08-20,-9.408,-12.71,-7.14,1002.074,8.38,11.71,177.492,42.414,38.34,48.3,24
Bharati,2013-08-21,-11.213,-13.27,-9.76,993.92,6.68,8.54,173.259,44.878,41.24,50.98,24
Bharati,2013-08-22,-13.909,-14.76,-12.82,985.323,6.042,9.43,171.079,49.995,39.32,66.09,24
Bharati,2013-08-23,-16.039,-18.98,-13.65,992.197,8.084,9.66,172.007,48.245,41.13,61.05,24
Bharati,2013-08-24,-19.44,-20.53,-18.61,989.308,7.3,10.84,182.013,46.593,41.63,51.36,24
Bharati,2013-08-25,-21.447,-22.8,-20.24,987.403,4.152,6.37,183.327,45.181,39.26,50.57,24
Bharati,2013-08-26,-21.312,-23.6,-19.49,988.25,4.239,7.32,192.495,51.44,42.44,58.8,24
Bharati,2013-08-27,-21.799,-22.7,-21.01,985.44,3.278,4.77,192.684,51.432,45.11,59.73,24
Bharati,2013-08-28,-27.058,-32.89,-20.67,981.802,1.899,4.19,141.118,69.408,52.95,75.26,24
Bharati,2013-08-29,-32.068,-34.15,-29.19,984.271,0.398,1.37,236.696,70.872,69.79,72.37,24
Bharati,2013-08-30,-21.48,-29.41,-17.07,985.245,2.308,4.79,222.577,75.168,72.21,77.41,24
Bharati,2013-08-31,-16.98,-19.35,-14.99,990.328,4.432,10.09,211.555,58.714,36.1,79.13,24
Bharati,2013-09-01,-21.872,-23.52,-19.09,975.384,5.044,8.8,180.7,53.813,44.14,68.39,24
Bharati,2013-09-02,-21.255,-23.54,-17.95,979.029,4.169,7.12,198.937,47.848,42.77,52.04,24
Bharati,2013-09-03,-17.762,-19.04,-16.56,988.439,4.155,7.8,195.719,50.828,44.87,58.5,24
Bharati,2013-09-04,-15.95,-18.36,-13.79,998.357,2.072,3.37,211.33,46.015,42.75,49.81,24
Bharati,2013-09-05,-12.515,-15.35,-10.29,974.294,7.364,10.16,178.28,43.572,38.64,50.15,24
Bharati,2013-09-06,-13.772,-16.09,-12.07,979.377,9.012,11.18,170.296,57.506,39.96,84.52,24
Bharati,2013-09-07,-12.532,-14.57,-11.57,987.833,4.357,6.67,176.192,65.309,56.95,74.61,24
Bharati,2013-09-08,-6.592,-11.15,-4.36,976.533,14.637,19.56,151.575,78.326,53.66,93.89,24
Bharati,2013-09-09,-6.73,-7.87,-4.36,991.238,15.487,22.49,146.601,87.773,73.15,94.04,24
Bharati,2013-09-10,-10.301,-15.11,-8.04,1000.04,3.008,9.37,191.86,74.641,49.51,90.52,24
Bharati,2013-09-11,-15.568,-18.13,-12.35,980.595,0.0,0.0,194.087,55.062,45.06,63.85,24
Bharati,2013-09-12,-8.601,-13.67,-4.44,973.309,6.082,15.29,174.727,58.755,53.38,71.78,24
Bharati,2013-09-13,-6.512,-9.26,-3.96,972.025,12.106,18.98,156.11,66.814,53.72,76.95,24
Bharati,2013-09-14,-10.453,-15.14,-7.63,991.708,4.858,11.01,197.166,74.4,58.26,87.62,24
Bharati,2013-09-15,-14.768,-16.47,-12.86,987.683,5.079,9.43,180.31,53.259,46.49,67.87,24
Bharati,2013-09-16,-12.386,-14.97,-10.39,990.09,2.877,4.55,217.631,54.187,46.09,64.64,24
Bharati,2013-09-17,-10.542,-12.99,-8.43,1001.031,3.225,8.5,169.817,52.296,43.02,62.97,24
Bharati,2013-09-18,-7.88,-10.43,-5.36,997.649,10.705,17.12,181.156,49.626,34.62,60.05,24
Bharati,2013-09-19,-4.538,-6.45,-2.54,988.274,7.491,11.02,180.692,50.18,47.28,53.95,24
Bharati,2013-09-20,-5.823,-7.74,-3.86,984.594,6.349,9.53,171.105,50.438,36.99,65.5,24
Bharati,2013-09-21,-4.678,-6.5,-3.89,992.794,8.265,12.14,171.474,52.648,45.62,63.08,24
Bharati,2013-09-22,-6.494,-7.84,-4.66,994.899,7.555,11.71,176.156,51.892,42.66,64.92,24
Bharati,2013-09-23,-5.551,-8.61,-3.24,994.312,7.365,8.75,172.446,53.568,37.82,82.34,24
Bharati,2013-09-24,-10.399,-19.26,-5.49,991.883,11.322,16.51,172.135,40.863,36.26,54.29,24
Bharati,2013-09-25,-11.573,-18.55,-8.76,994.183,9.581,12.24,163.251,63.394,46.01,78.25,24
Bharati,2013-09-26,-8.642,-9.93,-7.24,990.21,7.42,12.12,170.1,50.974,42.97,64.68,24
Bharati,2013-09-27,-6.199,-8.85,-4.44,989.848,4.945,7.59,164.782,58.725,49.59,74.1,24
Bharati,2013-09-28,-6.495,-7.25,-5.26,1001.55,6.17,9.85,159.512,77.105,58.87,85.91,24
Bharati,2013-09-29,-4.721,-5.93,-3.42,993.716,4.939,7.4,164.183,55.495,48.24,68.13,24
Bharati,2013-09-30,-6.15,-8.61,-4.44,987.239,6.096,12.57,172.216,50.913,44.11,61.42,24
Bharati,2013-10-01,-7.786,-12.56,-4.44,983.902,6.729,10.07,166.356,41.12,37.01,46.65,24
Bharati,2013-10-02,-12.57,-17.66,-8.43,982.36,7.98,12.34,171.258,37.923,31.38,44.48,24
Bharati,2013-10-03,-15.723,-18.39,-14.29,985.82,7.785,14.74,178.258,41.846,39.0,45.31,24
Bharati,2013-10-04,-12.883,-15.24,-11.22,988.675,6.522,8.96,171.134,45.007,40.19,50.19,24
Bharati,2013-10-05,-11.242,-15.26,-9.21,990.691,4.952,9.19,165.258,57.191,38.89,88.78,24
Bharati,2013-10-06,-9.488,-11.59,-7.98,996.462,4.423,8.57,154.807,84.029,67.44,89.42,24
Bharati,2013-10-07,-13.267,-16.15,-10.23,995.328,4.393,8.19,173.742,55.301,48.97,66.25,24
Bharati,2013-10-08,-11.16,-15.75,-8.53,991.443,4.888,9.07,176.609,55.423,46.84,70.76,24
Bharati,2013-10-09,-8.572,-10.56,-7.27,990.175,5.948,10.6,159.482,65.948,42.7,82.27,24
Bharati,2013-10-10,-12.148,-16.93,-9.48,988.643,4.409,8.81,153.152,45.609,37.32,52.74,24
Bharati,2013-10-11,-15.354,-17.66,-12.94,979.24,6.481,11.27,201.125,46.887,39.83,51.79,24
Bharati,2013-10-12,-10.81,-17.57,-7.69,970.203,6.964,12.39,189.525,50.036,39.2,64.88,24
Bharati,2013-10-13,-5.954,-7.93,-4.18,971.241,8.934,13.18,162.694,66.211,45.41,91.52,24
Bharati,2013-10-14,-5.672,-7.34,-4.45,978.865,5.606,8.0,168.062,63.438,51.77,90.05,24
Bharati,2013-10-15,-4.293,-6.18,-2.46,984.75,5.75,7.94,168.348,68.726,58.03,86.59,24
Bharati,2013-10-16,-7.132,-11.52,-3.93,993.512,2.76,7.33,228.532,51.668,42.0,62.97,24
Bharati,2013-10-17,-9.086,-10.88,-7.01,989.847,1.662,6.72,178.707,56.282,32.11,88.19,24
Bharati,2013-10-18,-9.483,-14.67,-8.0,974.159,3.54,10.73,208.194,82.667,63.56,89.03,24
Bharati,2013-10-19,-13.761,-17.52,-10.38,977.872,4.573,8.13,182.301,52.887,44.13,61.17,24
Bharati,2013-10-20,-14.475,-16.98,-12.94,977.668,3.075,6.22,226.95,50.876,43.3,62.38,24
Bharati,2013-10-21,-14.224,-20.35,-11.76,983.595,1.685,3.33,130.923,73.625,57.08,81.08,24
Bharati,2013-10-22,-19.286,-21.52,-16.7,991.105,0.768,2.8,128.083,71.475,62.23,79.6,24
Bharati,2013-10-23,-17.1,-19.85,-11.06,998.477,1.383,3.44,143.464,67.764,47.38,79.93,24
Bharati,2013-10-24,-6.008,-9.17,-4.97,993.036,11.721,13.63,158.901,86.519,56.69,92.08,24
Bharati,2013-10-25,-5.772,-7.64,-3.8,993.148,6.801,11.45,171.931,67.621,53.66,90.75,24
Bharati,2013-10-26,-3.918,-5.32,-2.58,987.553,3.838,6.82,173.576,77.362,52.5,92.89,24
Bharati,2013-10-27,-3.968,-6.01,-1.48,993.167,2.501,6.82,216.535,68.455,52.29,93.39,24
Bharati,2013-10-28,-7.243,-10.78,-3.48,995.121,3.33,5.06,239.087,51.395,43.77,60.25,24
Bharati,2013-10-29,-8.076,-10.75,-4.9,987.871,2.897,6.14,226.777,41.5,30.38,51.47,24
Bharati,2013-10-30,-9.314,-12.57,-6.32,987.476,2.788,6.11,189.914,45.258,34.36,59.55,24
Bharati,2013-10-31,-9.136,-12.62,-6.45,993.08,3.699,6.33,223.368,48.069,32.53,57.1,24
Bharati,2013-11-01,-6.591,-10.48,-1.91,991.039,5.253,10.69,190.117,47.673,34.84,54.44,24
Bharati,2013-11-02,-8.81,-11.96,-5.85,984.619,4.818,10.25,197.294,47.482,36.05,57.75,23
Bharati,2013-11-03,-8.968,-11.78,-5.79,982.496,3.627,7.91,168.58,44.705,28.6,54.47,24
Bharati,2013-11-04,-10.542,-13.59,-8.12,984.855,4.843,6.88,165.729,51.298,42.36,58.71,24
Bharati,2013-11-05,-11.827,-14.75,-8.86,983.641,2.747,6.3,205.841,53.1,44.86,67.19,24
Bharati,2013-11-06,-13.417,-17.12,-10.07,984.743,1.535,3.73,181.243,53.834,37.29,66.49,24
Bharati,2013-11-07,-12.514,-14.84,-10.81,987.905,2.339,7.4,155.321,50.878,38.3,64.78,24
Bharati,2013-11-08,-9.473,-11.58,-7.77,990.379,4.37,7.06,232.44,42.65,25.04,56.63,24
Bharati,2013-11-09,-3.745,-8.25,-1.42,986.254,5.113,10.04,170.603,59.344,35.41,90.06,24
Bharati,2013-11-10,-3.149,-8.59,0.36,985.991,9.178,12.64,171.756,51.412,44.94,70.0,24
Bharati,2013-11-11,-4.762,-7.98,-2.68,981.539,13.077,16.42,171.852,55.537,48.81,65.05,24
Bharati,2013-11-12,-3.01,-6.33,-0.6,989.648,6.91,11.52,163.59,45.377,37.45,56.45,24
Bharati,2013-11-13,-3.645,-5.7,-1.87,991.745,4.482,9.65,171.523,41.543,32.93,55.28,24
Bharati,2013-11-14,-3.359,-6.82,-1.6,992.8,5.508,9.9,162.775,48.305,35.84,59.83,24
Bharati,2013-11-15,-4.06,-5.78,-2.38,993.381,5.568,11.11,151.737,57.261,34.39,91.62,24
Bharati,2013-11-16,-4.179,-5.43,-2.87,991.623,7.982,11.29,162.928,78.94,58.64,91.29,24
Bharati,2013-11-17,-1.969,-4.45,-1.3,985.074,8.846,14.87,154.961,78.965,48.73,96.6,24
Bharati,2013-11-18,0.032,-1.33,1.37,980.773,14.087,15.96,145.411,94.492,77.96,99.95,24
Bharati,2013-11-19,-0.941,-1.69,-0.31,997.747,7.607,9.58,153.437,76.929,65.41,89.87,24
Bharati,2013-11-20,-1.828,-6.88,2.98,998.114,2.534,5.12,219.845,53.481,38.25,64.46,24
Bharati,2013-11-21,-4.893,-7.42,-2.58,995.915,4.708,6.41,145.935,74.714,49.18,90.55,24
Bharati,2013-11-22,-3.752,-6.85,-0.53,1004.301,1.998,4.85,245.417,61.165,51.7,67.49,24
Bharati,2013-11-23,-4.942,-7.74,-2.4,1001.67,2.065,3.6,135.397,65.022,45.54,88.49,24
Bharati,2013-11-24,-5.108,-7.83,-3.5,996.455,3.775,5.44,155.562,69.563,57.02,78.85,24
Bharati,2013-11-25,-3.108,-4.89,-1.26,985.005,4.122,7.81,198.085,64.006,47.71,79.07,24
Bharati,2013-11-26,-1.677,-4.43,-0.05,976.784,3.94,7.36,214.183,51.347,35.62,60.78,24
Bharati,2013-11-27,1.115,-0.82,2.83,985.919,5.275,11.61,151.555,60.416,48.4,84.31,24
Bharati,2013-11-28,0.367,-2.75,4.04,981.62,7.047,11.39,166.77,62.67,43.95,94.12,24
Bharati,2013-11-29,1.603,-0.87,3.12,978.359,3.714,7.97,173.696,55.148,44.43,66.64,24
Bharati,2013-11-30,0.456,-3.87,2.81,981.865,6.484,10.67,168.62,46.037,39.66,52.54,24
Bharati,2013-12-01,-2.438,-4.04,-1.16,984.409,7.157,10.15,152.166,64.218,39.26,88.72,24
Bharati,2013-12-02,-0.335,-2.63,1.98,982.177,7.054,13.76,156.04,58.52,43.31,89.9,24
Bharati,2013-12-03,0.566,-1.78,2.43,969.49,12.364,14.82,164.032,49.144,43.96,60.56,24
Bharati,2013-12-04,-0.069,-4.1,3.07,973.066,5.495,9.96,169.884,49.12,43.06,58.5,24
Bharati,2013-12-05,-0.988,-3.96,1.67,984.007,2.203,4.99,131.14,55.233,42.63,69.7,24
Bharati,2013-12-06,-2.232,-3.97,-0.18,983.568,5.425,10.63,143.148,65.348,43.39,91.57,24
Bharati,2013-12-07,-2.32,-2.95,-1.76,987.651,8.247,12.21,149.003,89.422,67.44,95.71,24
Bharati,2013-12-08,-0.583,-2.89,2.23,985.141,5.333,12.05,175.28,54.996,44.89,87.4,24
Bharati,2013-12-09,-0.752,-2.45,0.3,980.087,9.903,13.92,157.107,60.826,51.07,68.84,24
Bharati,2013-12-10,0.535,-0.61,2.24,986.594,5.507,9.87,160.702,66.485,53.23,84.15,24
Bharati,2013-12-11,1.708,-0.36,3.3,987.899,3.119,6.93,189.484,53.105,42.68,64.98,24
Bharati,2013-12-12,0.218,-2.92,2.6,981.405,2.678,4.4,222.752,61.091,51.21,74.51,24
Bharati,2013-12-13,-1.251,-2.09,0.1,984.9,3.402,6.34,139.465,73.632,50.63,81.43,24
Bharati,2013-12-14,-0.674,-2.16,0.7,992.553,1.906,3.83,160.292,73.018,66.21,81.28,24
Bharati,2013-12-15,-0.685,-2.62,1.22,988.553,1.418,2.54,180.216,72.09,56.32,89.09,24
Bharati,2013-12-16,-1.517,-2.36,-0.72,987.223,1.255,2.41,173.086,71.341,65.44,80.52,24
Bharati,2013-12-17,-1.626,-1.89,-1.33,989.955,2.012,3.08,149.418,75.18,64.63,80.81,24
Bharati,2013-12-18,-1.258,-2.59,-0.11,993.224,2.52,4.74,186.211,62.204,49.68,87.13,24
Bharati,2013-12-19,-1.212,-5.34,1.66,990.949,2.942,5.47,230.559,64.758,51.19,88.42,24
Bharati,2013-12-20,-3.358,-5.35,-1.7,990.133,2.314,3.28,171.278,75.4,45.18,90.62,24
Bharati,2013-12-21,-0.309,-3.79,2.84,989.356,5.645,9.55,156.794,40.548,33.49,46.21,24
Bharati,2013-12-22,-1.277,-4.78,1.63,987.42,4.947,8.98,160.518,44.06,34.52,57.59,24
Bharati,2013-12-23,-1.796,-5.29,0.43,985.29,4.093,7.77,183.85,45.552,34.62,60.72,24
Bharati,2013-12-24,-1.652,-4.35,0.72,984.179,4.335,7.02,174.599,41.895,28.48,52.27,24
Bharati,2013-12-25,-1.63,-4.35,-0.17,987.188,3.722,6.84,156.522,51.413,36.69,64.43,24
Bharati,2013-12-26,-1.579,-4.19,-0.06,990.718,2.37,4.82,150.168,52.409,40.64,69.55,24
Bharati,2013-12-27,-1.168,-2.98,0.37,994.598,2.178,3.12,179.384,65.86,53.7,76.69,24
Bharati,2013-12-28,-0.419,-1.78,0.77,1001.239,2.157,3.6,178.037,57.523,46.6,77.15,24
Bharati,2013-12-29,-0.316,-3.37,1.78,1004.203,2.31,6.18,182.188,55.299,47.53,60.38,24
Bharati,2013-12-30,1.837,-1.7,3.49,1001.22,3.871,7.31,193.583,53.59,44.19,62.24,24
Bharati,2013-12-31,3.077,-0.17,6.79,998.848,3.344,5.84,161.175,56.625,36.79,80.87,24
Bharati,2014-01-01,1.632,-1.61,3.8,981.291,3.818,10.26,194.071,59.946,44.85,81.1,24
Bharati,2014-01-02,2.423,-0.42,3.78,992.711,6.613,9.64,158.117,60.494,52.32,76.4,24
Bharati,2014-01-03,2.225,-1.67,4.55,993.92,5.29,10.43,185.001,54.173,46.59,64.4,24
Bharati,2014-01-04,2.132,-0.7,4.54,987.181,3.683,7.0,175.761,47.616,39.98,59.79,24
Bharati,2014-01-05,3.671,0.73,6.29,989.334,3.0,9.65,201.12,44.74,33.32,56.32,24
Bharati,2014-01-06,5.142,2.52,7.16,987.874,4.608,9.13,205.355,44.99,34.21,53.26,24
Bharati,2014-01-07,6.235,3.25,9.14,985.062,7.372,10.39,174.047,44.7,38.21,57.86,24
Bharati,2014-01-08,5.931,3.57,8.41,983.225,6.688,15.74,200.312,39.86,30.65,48.58,24
Bharati,2014-01-09,5.875,2.48,7.99,980.363,6.305,14.6,172.05,43.143,35.77,51.19,24
Bharati,2014-01-10,5.773,2.42,8.71,981.856,5.072,8.4,175.345,47.797,38.08,58.88,24
Bharati,2014-01-11,5.072,1.34,7.59,988.894,4.825,8.38,167.162,46.116,37.02,55.71,24
Bharati,2014-01-12,3.74,0.38,6.15,996.075,2.525,7.33,159.358,46.505,36.43,61.34,24
Bharati,2014-01-13,2.33,-2.14,5.99,995.494,3.306,8.58,216.969,50.526,43.52,58.29,24
Bharati,2014-01-14,0.311,-1.25,1.63,994.11,6.788,9.22,153.017,70.821,43.09,91.93,24
Bharati,2014-01-15,-0.122,-2.99,2.61,994.075,4.783,6.79,177.477,67.138,51.44,91.58,24
Bharati,2014-01-16,2.093,-1.28,4.22,993.788,5.428,8.87,162.516,58.742,43.18,82.93,24
Bharati,2014-01-17,0.227,-3.87,2.98,983.349,9.179,10.95,175.347,43.442,37.69,56.88,24
Bharati,2014-01-18,1.523,-2.21,2.65,983.192,5.217,7.3,157.055,56.94,43.3,71.25,24
Bharati,2014-01-19,2.102,-0.05,3.97,991.392,2.794,5.18,184.725,56.066,46.11,62.74,24
Bharati,2014-01-20,2.142,0.42,3.68,988.196,2.375,3.69,147.097,65.905,46.5,79.64,24
Bharati,2014-01-21,0.307,-4.61,3.0,987.517,1.944,5.34,139.505,57.64,38.0,94.44,24
Bharati,2014-01-22,0.187,-1.71,1.94,992.999,3.382,5.43,176.42,52.302,43.7,62.33,24
Bharati,2014-01-23,0.505,-1.61,1.9,995.283,4.685,6.99,155.849,61.382,50.76,82.24,24
Bharati,2014-01-24,-0.943,-4.32,1.46,989.458,2.833,6.43,209.434,53.569,41.45,67.73,24
Bharati,2014-01-25,-1.164,-3.7,0.2,989.846,4.292,7.44,157.44,53.394,45.71,61.27,24
Bharati,2014-01-26,-1.2,-3.44,0.51,989.285,3.959,7.21,153.257,51.461,43.79,65.16,24
Bharati,2014-01-27,-2.6,-4.15,-1.38,984.604,3.839,5.96,163.148,74.791,63.97,81.83,24
Bharati,2014-01-28,-1.638,-3.28,-0.24,983.055,3.681,6.62,159.087,56.905,51.24,67.84,24
Bharati,2014-01-29,-1.848,-3.14,-0.18,981.849,2.345,3.55,146.874,68.202,56.78,83.0,24
Bharati,2014-01-30,-2.72,-4.11,-1.3,983.93,3.86,6.17,166.228,78.453,58.42,92.65,24
Bharati,2014-01-31,-1.149,-4.27,1.22,986.449,3.95,7.6,162.62,59.693,37.33,83.87,24
Bharati,2014-02-01,-1.059,-3.8,1.43,986.43,3.939,7.9,185.394,57.089,48.18,68.63,24
Bharati,2014-02-02,-1.797,-5.42,1.0,989.554,6.018,7.64,171.24,61.274,49.3,86.03,24
Bharati,2014-02-03,-2.709,-6.4,0.08,993.936,3.324,5.3,233.202,47.34,38.18,71.73,24
Bharati,2014-02-04,-3.38,-5.95,-0.98,990.503,3.29,5.17,201.235,52.45,39.12,62.27,24
Bharati,2014-02-05,-3.827,-5.88,-2.56,988.047,3.943,6.06,170.804,68.548,54.83,92.12,24
Bharati,2014-02-06,-4.991,-10.5,-2.45,988.61,4.837,10.81,167.363,62.831,50.02,70.2,24
Bharati,2014-02-07,-5.153,-8.96,-2.83,978.125,5.362,10.76,172.814,55.529,45.72,65.48,24
Bharati,2014-02-08,-3.87,-7.4,-0.76,981.057,5.282,10.38,193.608,50.587,44.78,61.85,24
Bharati,2014-02-09,-2.315,-7.16,-0.05,987.932,8.002,11.28,161.732,45.57,35.03,54.05,24
Bharati,2014-02-10,-2.471,-5.14,-0.56,992.199,4.392,8.38,181.22,52.233,48.57,58.01,24
Bharati,2014-02-11,-2.583,-5.21,-0.57,996.621,3.922,6.25,178.127,51.345,36.23,60.72,24
Bharati,2014-02-12,-2.804,-5.55,-0.08,992.487,3.371,5.46,180.403,49.981,44.68,54.84,24
Bharati,2014-02-13,-2.77,-5.62,-1.42,997.688,4.73,7.11,167.564,65.687,45.94,84.76,24
Bharati,2014-02-14,-1.25,-3.57,-0.47,997.312,3.49,6.13,197.617,63.041,48.08,72.14,24
Bharati,2014-02-15,-1.187,-3.85,1.4,981.756,5.638,9.99,173.019,44.263,37.32,60.64,24
Bharati,2014-02-16,-2.852,-4.43,-1.29,979.205,6.325,9.35,163.944,46.029,34.87,56.2,24
Bharati,2014-02-17,-1.469,-3.25,0.0,988.593,6.186,8.36,166.266,55.518,43.58,74.89,24
Bharati,2014-02-18,-1.018,-2.55,1.25,976.058,8.888,11.82,171.758,48.553,41.02,67.09,24
Bharati,2014-02-19,0.114,-1.81,2.19,957.838,9.124,15.39,167.253,47.104,40.74,57.62,24
Bharati,2014-02-20,0.091,-0.76,1.44,976.274,5.903,7.72,159.962,74.89,57.07,94.86,24
Bharati,2014-02-21,0.386,-1.86,1.83,993.362,4.763,7.43,152.705,71.96,56.38,91.39,24
Bharati,2014-02-22,-1.698,-7.38,1.85,983.07,7.12,9.53,168.442,45.23,38.61,55.69,24
Bharati,2014-02-23,-6.495,-9.91,-3.61,976.537,8.435,11.09,167.568,43.76,31.43,50.02,24
Bharati,2014-02-24,-5.298,-8.73,-3.7,977.418,3.988,8.76,190.485,63.583,47.11,91.04,24
Bharati,2014-02-25,-9.235,-11.2,-7.23,987.27,3.268,5.1,292.517,68.252,46.87,89.97,24
Bharati,2014-02-26,-8.488,-12.39,-3.99,985.451,4.658,6.79,199.946,50.603,41.66,63.15,24
Bharati,2014-02-27,-8.45,-12.2,-6.27,982.487,4.045,6.91,189.258,55.868,43.11,76.1,24
Bharati,2014-02-28,-6.73,-8.48,-5.03,980.825,5.772,8.49,163.412,65.103,51.64,81.96,24
Bharati,2014-03-01,-4.326,-7.6,-2.79,985.07,6.682,8.8,169.088,61.789,43.8,77.96,24
Bharati,2014-03-02,-6.452,-9.09,-3.24,985.921,6.218,8.02,174.511,47.687,45.0,55.44,24
Bharati,2014-03-03,-5.449,-9.27,-3.88,980.75,4.683,8.49,176.174,49.546,41.92,57.71,24
Bharati,2014-03-04,-2.424,-4.13,-1.41,984.985,4.285,7.86,177.365,66.538,43.57,86.53,24
Bharati,2014-03-05,-0.478,-2.02,0.66,989.404,4.605,7.2,172.757,71.867,63.34,80.87,24
Bharati,2014-03-06,-3.479,-5.61,-2.15,983.867,4.06,7.95,165.13,71.965,54.95,91.46,24
Bharati,2014-03-07,-5.869,-7.15,-5.02,983.983,6.262,7.8,170.236,68.335,56.87,77.18,24
Bharati,2014-03-08,-7.075,-9.97,-5.06,988.343,4.572,7.06,179.681,63.59,49.69,75.64,24
Bharati,2014-03-09,-8.979,-10.55,-7.57,990.165,6.845,8.7,170.39,49.292,43.72,58.2,24
Bharati,2014-03-10,-8.719,-10.68,-6.7,984.664,7.282,10.41,174.688,50.061,44.55,54.62,24
Bharati,2014-03-11,-6.441,-10.07,-4.24,989.971,5.969,11.23,169.21,62.011,43.86,91.84,24
Bharati,2014-03-12,-5.178,-6.18,-4.25,994.057,4.38,9.88,179.949,90.824,86.19,93.65,24
Bharati,2014-03-13,-6.767,-9.17,-5.82,992.674,8.448,11.03,157.278,74.718,57.82,90.01,24
Bharati,2014-03-14,-10.299,-11.66,-8.72,993.302,6.541,9.71,174.815,48.534,42.83,58.29,24
Bharati,2014-03-15,-10.904,-13.14,-9.62,998.173,4.84,6.85,178.936,47.832,39.63,53.98,24
Bharati,2014-03-16,-11.249,-14.39,-9.39,997.451,6.511,8.72,173.273,58.413,44.55,76.72,24
Bharati,2014-03-17,-16.287,-19.03,-9.63,992.231,4.779,6.29,268.561,80.895,74.18,85.33,24
Bharati,2014-03-18,-17.617,-22.85,-12.79,983.508,3.646,5.26,281.182,76.474,58.58,82.73,24
Bharati,2014-03-19,-18.778,-21.18,-16.14,987.309,5.397,9.06,194.382,60.148,41.34,77.64,24
Bharati,2014-03-20,-18.121,-20.97,-15.46,988.375,5.496,7.18,195.466,46.849,35.95,62.62,24
Bharati,2014-03-21,-16.081,-18.71,-13.81,990.092,4.575,5.89,196.27,39.893,34.64,44.84,24
Bharati,2014-03-22,-15.237,-17.39,-12.97,988.977,3.26,5.18,195.59,53.81,27.67,83.23,24
Bharati,2014-03-23,-17.257,-18.98,-16.08,982.845,2.633,4.5,205.015,60.958,50.59,79.78,24
Bharati,2014-03-24,-19.306,-22.55,-16.9,976.846,3.638,4.87,205.593,76.457,68.23,80.58,24
Bharati,2014-03-25,-18.297,-21.38,-16.33,976.728,4.058,7.88,181.845,77.682,72.08,80.72,24
Bharati,2014-03-26,-16.765,-20.0,-13.42,984.04,2.408,5.49,234.015,81.23,78.51,85.53,24
Bharati,2014-03-27,-12.755,-19.46,-8.76,987.052,3.452,7.94,232.567,71.837,56.82,84.06,24
Bharati,2014-03-28,-12.498,-15.09,-9.58,981.456,5.22,6.66,178.944,49.207,44.13,57.0,24
Bharati,2014-03-29,-16.694,-18.92,-14.23,985.435,6.295,9.01,189.462,48.462,42.73,56.4,24
Bharati,2014-03-30,-15.935,-19.78,-11.34,994.383,6.033,9.91,175.222,51.05,40.68,84.56,24
Bharati,2014-03-31,-11.437,-14.45,-9.05,984.376,9.778,15.96,132.585,86.754,82.34,90.0,24
Bharati,2014-04-01,-15.351,-17.62,-13.29,982.579,6.611,10.24,178.174,65.95,50.7,84.8,24
Bharati,2014-04-02,-13.806,-15.82,-10.81,979.355,4.955,10.0,178.183,66.7,57.72,81.57,24
Bharati,2014-04-03,-17.584,-19.7,-15.4,988.193,5.913,7.23,181.982,58.538,51.3,75.46,24
Bharati,2014-04-04,-14.589,-16.89,-12.47,985.479,3.244,5.96,184.357,55.67,48.85,62.44,24
Bharati,2014-04-05,-14.358,-15.53,-10.44,982.052,2.1,6.14,248.509,74.483,59.78,82.95,24
Bharati,2014-04-06,-12.235,-13.94,-10.27,985.373,5.781,6.96,170.366,57.093,52.27,64.94,24
Bharati,2014-04-07,-15.075,-16.76,-13.66,990.265,5.915,8.02,174.334,61.345,50.79,70.93,24
Bharati,2014-04-08,-19.385,-21.61,-17.46,990.92,6.149,7.85,190.991,54.76,50.94,60.44,24
Bharati,2014-04-09,-20.114,-21.36,-18.19,988.265,3.667,7.21,201.484,50.975,43.61,62.3,24
Bharati,2014-04-10,-15.462,-18.02,-12.48,988.67,5.677,8.45,194.39,65.667,53.88,81.56,24
Bharati,2014-04-11,-12.185,-16.88,-10.04,987.741,6.393,10.19,182.04,59.601,55.76,63.86,24
Bharati,2014-04-12,-8.706,-10.75,-7.43,986.845,6.096,9.41,172.915,59.262,51.17,67.42,24
Bharati,2014-04-13,-10.928,-13.09,-9.0,986.343,3.845,6.01,184.737,60.37,47.24,79.49,24
Bharati,2014-04-14,-16.448,-18.49,-12.94,980.174,8.152,10.21,174.701,51.122,47.59,54.75,24
Bharati,2014-04-15,-18.958,-21.82,-16.59,991.988,5.508,7.0,181.88,52.537,47.92,56.95,24
Bharati,2014-04-16,-21.958,-23.43,-20.53,989.412,4.965,7.19,173.756,45.077,42.11,50.16,24
Bharati,2014-04-17,-23.799,-26.43,-19.13,980.422,3.739,6.35,182.661,55.058,41.71,75.95,24
Bharati,2014-04-18,-10.865,-17.28,-5.66,975.989,10.681,15.23,178.374,62.697,44.77,88.73,24
Bharati,2014-04-19,-8.297,-11.1,-6.93,982.136,9.734,14.02,162.297,64.48,54.14,86.28,24
Bharati,2014-04-20,-12.044,-13.63,-10.62,983.06,6.584,9.46,179.142,53.581,46.79,60.32,24
Bharati,2014-04-21,-14.632,-16.61,-12.03,986.272,7.515,9.89,175.984,50.084,44.49,54.14,24
Bharati,2014-04-22,-11.696,-13.41,-10.98,993.388,6.614,9.95,180.533,53.732,48.75,58.7,24
Bharati,2014-04-23,-13.895,-14.84,-13.47,992.45,5.793,8.19,174.97,57.672,52.57,64.59,24
Bharati,2014-04-24,-14.543,-15.61,-13.67,994.91,3.798,6.04,175.062,60.395,51.15,83.89,24
Bharati,2014-04-25,-16.659,-20.74,-13.51,999.104,3.981,6.37,196.472,51.724,44.97,56.32,24
Bharati,2014-04-26,-16.84,-20.38,-14.74,982.098,4.231,6.97,174.211,46.84,41.03,55.72,24
Bharati,2014-04-27,-17.222,-20.59,-15.58,986.076,6.143,8.07,174.365,49.494,37.63,60.52,24
Bharati,2014-04-28,-19.82,-20.55,-18.98,986.892,4.317,5.98,178.612,46.53,43.65,51.11,24
Bharati,2014-04-29,-20.318,-22.45,-18.67,984.188,2.992,4.56,167.031,53.762,48.31,69.07,24
Bharati,2014-04-30,-18.013,-20.16,-16.8,981.366,1.814,4.32,186.22,66.818,43.33,81.34,24
Bharati,2014-05-01,-13.492,-16.72,-9.84,966.465,5.856,9.87,184.84,67.086,56.96,84.9,24
Bharati,2014-05-02,-12.106,-18.84,-8.64,966.792,10.992,14.48,152.78,79.712,68.62,86.88,24
Bharati,2014-05-03,-17.266,-18.18,-16.25,986.953,5.718,10.15,153.97,73.62,65.71,80.42,24
Bharati,2014-05-04,-16.538,-17.74,-14.59,993.313,6.714,7.73,169.451,58.251,48.83,72.34,24
Bharati,2014-05-05,-13.944,-15.22,-13.02,1001.19,7.72,10.48,171.601,64.929,56.06,70.58,24
Bharati,2014-05-06,-15.554,-16.87,-14.0,992.301,7.287,9.63,181.033,55.548,50.3,62.61,24
Bharati,2014-05-07,-12.473,-15.3,-8.93,979.8,7.428,11.32,179.905,55.774,51.07,59.43,24
Bharati,2014-05-08,-7.948,-9.69,-5.51,985.712,7.666,11.35,176.162,64.324,51.8,88.11,24
Bharati,2014-05-09,-5.673,-6.73,-4.43,992.492,9.798,14.26,172.336,61.416,43.03,91.36,24
Bharati,2014-05-10,-4.124,-5.41,-3.19,986.823,10.95,13.84,170.666,54.434,44.34,80.33,24
Bharati,2014-05-11,-8.492,-11.36,-4.74,989.721,8.444,13.13,183.834,41.344,37.77,44.49,24
Bharati,2014-05-12,-14.509,-17.14,-10.07,995.164,6.829,8.5,177.787,42.529,39.2,46.1,24
Bharati,2014-05-13,-12.052,-16.63,-9.54,1003.074,5.858,8.1,170.546,56.421,44.91,69.69,24
Bharati,2014-05-14,-14.745,-17.73,-10.54,999.124,5.679,7.44,180.065,48.159,40.24,63.61,24
Bharati,2014-05-15,-19.73,-20.94,-18.27,995.568,3.052,5.3,182.767,41.527,39.68,46.18,24
Bharati,2014-05-16,-21.14,-21.83,-19.66,999.322,2.029,4.17,200.472,43.635,40.04,47.54,24
Bharati,2014-05-17,-17.541,-19.63,-15.81,997.435,2.064,3.76,203.304,44.652,35.99,50.09,24
Bharati,2014-05-18,-15.844,-16.31,-15.03,991.141,5.573,9.09,184.147,77.71,58.91,83.23,24
Bharati,2014-05-19,-17.326,-20.55,-12.95,997.351,4.388,8.27,202.35,58.756,40.98,81.02,24
Bharati,2014-05-20,-6.245,-12.89,-3.02,994.464,9.563,14.26,176.67,64.946,52.1,84.76,24
Bharati,2014-05-21,-4.635,-6.22,-3.58,990.661,14.565,16.13,143.324,79.946,63.59,92.94,24
Bharati,2014-05-22,-4.843,-5.89,-3.9,987.435,12.755,16.98,148.99,72.562,66.37,88.27,24
Bharati,2014-05-23,-4.971,-6.01,-3.87,978.661,9.659,14.43,157.371,77.095,60.02,90.67,24
Bharati,2014-05-24,-5.428,-5.82,-4.9,981.22,7.795,10.27,161.315,81.915,70.61,91.55,24
Bharati,2014-05-25,-4.873,-6.6,-3.7,984.122,12.601,19.68,162.264,80.925,60.68,91.89,24
Bharati,2014-05-26,-4.142,-5.28,-3.14,997.388,11.04,15.89,159.522,74.006,57.38,90.24,24
Bharati,2014-05-27,-2.874,-3.88,-2.03,990.538,5.122,8.77,174.922,72.627,51.01,91.77,24
Bharati,2014-05-28,-5.888,-9.28,-3.23,986.905,9.944,12.99,170.097,54.302,46.18,64.05,24
Bharati,2014-05-29,-10.548,-12.77,-9.38,993.127,7.718,11.82,176.721,60.862,53.62,72.54,24
Bharati,2014-05-30,-15.677,-17.28,-13.51,993.675,9.346,10.53,175.956,55.963,50.09,66.62,24
Bharati,2014-05-31,-17.825,-18.93,-17.11,993.621,6.043,9.01,174.684,45.346,41.19,51.41,24
Bharati,2014-06-01,-19.148,-20.79,-18.52,995.693,6.551,7.82,177.622,45.445,38.65,56.58,24
Bharati,2014-06-02,-22.824,-24.46,-20.3,1000.799,3.277,5.21,195.128,45.245,41.23,48.56,24
Bharati,2014-06-03,-25.138,-26.06,-24.59,995.515,1.58,2.96,194.355,47.465,41.93,64.43,24
Bharati,2014-06-04,-23.153,-25.13,-21.7,992.302,3.404,6.0,182.808,47.287,39.23,59.91,24
Bharati,2014-06-05,-24.564,-25.21,-23.76,988.911,2.98,4.08,200.249,39.477,35.0,43.33,24
Bharati,2014-06-06,-21.107,-23.95,-17.55,987.34,3.416,7.16,180.708,54.0,39.78,79.48,24
Bharati,2014-06-07,-21.834,-23.51,-17.41,989.647,0.703,2.87,128.394,77.687,76.75,79.47,24
Bharati,2014-06-08,-22.361,-24.76,-19.42,984.635,3.11,9.66,166.018,73.525,61.75,77.89,24
Bharati,2014-06-09,-22.168,-25.13,-19.68,978.03,4.892,7.72,185.905,64.725,56.28,76.2,24
Bharati,2014-06-10,-22.838,-25.23,-18.06,971.801,4.625,6.91,191.825,56.537,52.93,62.47,24
Bharati,2014-06-11,-17.069,-20.15,-14.97,974.182,3.704,9.39,181.39,75.38,63.21,81.31,24
Bharati,2014-06-12,-18.504,-20.06,-17.11,994.115,2.402,4.18,197.206,58.174,47.33,76.4,24
Bharati,2014-06-13,-22.22,-24.31,-19.27,993.608,2.895,17.97,221.171,56.841,46.6,74.97,24
Bharati,2014-06-14,-22.424,-27.08,-19.35,987.567,7.198,15.26,184.24,58.682,51.29,66.3,24
Bharati,2014-06-15,-27.66,-28.34,-26.92,988.015,6.595,10.52,169.074,52.363,47.48,56.41,24
Bharati,2014-06-16,-21.764,-27.19,-18.33,978.207,2.877,6.0,192.37,61.272,49.31,76.0,24
Bharati,2014-06-17,-21.223,-22.83,-19.74,983.952,2.04,4.5,277.915,76.748,73.92,77.67,24
Bharati,2014-06-18,-21.577,-23.08,-20.23,989.265,2.681,5.88,240.275,77.51,76.73,78.1,24
Bharati,2014-06-19,-26.592,-32.18,-20.38,991.365,0.621,3.79,258.51,73.342,59.51,77.44,24
Bharati,2014-06-20,-13.936,-18.32,-11.95,988.499,1.795,4.24,206.421,78.437,59.0,86.68,24
Bharati,2014-06-21,-11.95,-13.99,-10.14,983.175,4.661,7.84,174.482,67.45,51.81,87.3,24
Bharati,2014-06-22,-8.775,-10.0,-7.57,983.657,10.196,14.74,172.654,61.982,48.74,76.13,24
Bharati,2014-06-23,-8.177,-8.73,-7.09,986.267,7.284,11.06,168.44,67.722,54.58,89.0,24
Bharati,2014-06-24,-9.845,-11.36,-8.22,992.611,2.365,6.36,186.643,85.252,71.64,89.22,24
Bharati,2014-06-25,-12.778,-15.63,-10.43,997.575,6.005,11.53,174.285,61.011,54.98,69.79,24
Bharati,2014-06-26,-12.265,-15.51,-8.33,983.819,9.306,12.51,172.215,55.379,48.5,67.37,24
Bharati,2014-06-27,-10.317,-11.85,-8.18,984.528,7.065,10.55,168.708,60.341,48.22,79.03,24
Bharati,2014-06-28,-12.711,-14.05,-12.0,989.468,7.35,9.69,176.171,51.897,47.76,56.54,24
Bharati,2014-06-29,-17.179,-18.99,-13.16,989.45,5.858,7.95,187.968,51.226,44.17,59.05,24
Bharati,2014-06-30,-20.178,-22.48,-19.19,980.66,3.855,5.59,169.092,44.162,40.17,51.65,24
Bharati,2014-07-01,-23.87,-26.84,-22.49,979.562,1.613,3.19,136.967,68.56,50.89,76.11,24
Bharati,2014-07-02,-20.049,-22.97,-15.51,993.927,1.578,7.07,178.34,70.352,55.09,75.66,24
Bharati,2014-07-03,-21.874,-23.84,-18.57,995.485,3.6,5.46,195.904,45.353,42.85,50.69,24
Bharati,2014-07-04,-21.032,-24.13,-19.02,988.512,6.348,10.94,170.636,53.678,47.73,66.9,24
Bharati,2014-07-05,-19.233,-20.83,-18.43,978.749,4.077,9.92,190.435,47.192,39.65,54.69,24
Bharati,2014-07-06,-20.357,-22.09,-18.09,983.065,4.395,6.62,162.78,42.244,36.5,50.72,24
Bharati,2014-07-07,-14.305,-21.54,-11.87,972.591,7.834,11.7,179.338,55.207,42.74,63.11,24
Bharati,2014-07-08,-12.574,-13.88,-11.37,969.575,5.959,8.0,173.518,65.431,57.04,79.57,24
Bharati,2014-07-09,-16.483,-19.6,-13.82,979.239,5.649,6.75,173.559,66.9,53.09,78.08,24
Bharati,2014-07-10,-20.076,-21.01,-19.41,975.441,4.556,7.31,186.837,50.738,48.17,53.67,24
Bharati,2014-07-11,-21.76,-22.82,-21.14,978.57,4.141,6.61,185.802,49.845,47.54,54.41,24
Bharati,2014-07-12,-16.74,-21.14,-13.61,976.876,1.581,3.29,212.204,56.857,41.89,79.04,24
Bharati,2014-07-13,-14.102,-15.17,-13.02,981.545,2.522,5.96,189.694,50.805,46.48,58.11,24
Bharati,2014-07-14,-13.335,-14.06,-12.55,988.125,4.844,6.0,170.854,50.115,41.56,64.55,24
Bharati,2014-07-15,-14.251,-15.5,-13.39,988.926,5.365,6.74,177.308,45.055,42.8,47.45,24
Bharati,2014-07-16,-9.757,-13.39,-7.57,974.447,6.721,10.86,171.407,48.966,43.88,55.1,24
Bharati,2014-07-17,-11.497,-13.77,-9.84,982.759,6.862,9.3,173.601,46.93,41.11,52.7,24
Bharati,2014-07-18,-16.87,-21.47,-13.71,982.227,10.222,16.3,175.9,41.969,35.12,59.74,24
Bharati,2014-07-19,-19.265,-21.42,-17.81,990.883,8.948,12.32,180.926,50.884,41.68,64.82,24
Bharati,2014-07-20,-20.843,-25.32,-18.16,986.608,8.598,10.02,178.861,45.234,40.82,57.0,24
Bharati,2014-07-21,-25.609,-26.57,-24.43,987.412,6.322,10.31,182.069,40.647,35.43,46.36,24
Bharati,2014-07-22,-23.713,-25.49,-22.69,995.701,4.239,5.42,193.398,41.15,37.35,43.48,24
Bharati,2014-07-23,-21.169,-23.28,-17.65,996.499,3.581,5.17,190.959,47.641,40.76,59.05,24
Bharati,2014-07-24,-20.057,-22.21,-17.43,986.402,2.878,4.23,188.685,48.435,42.45,56.6,24
Bharati,2014-07-25,-21.454,-22.14,-20.8,969.198,2.202,3.23,186.137,47.582,45.37,51.16,24
Bharati,2014-07-26,-20.065,-22.36,-18.64,963.632,3.804,7.3,162.533,55.797,45.86,71.25,24
Bharati,2014-07-27,-17.67,-21.85,-11.29,971.309,4.923,11.14,205.375,54.058,40.27,71.55,24
Bharati,2014-07-28,-14.412,-17.67,-11.24,981.568,8.678,12.42,184.51,44.009,40.01,49.04,24
Bharati,2014-07-29,-20.7,-22.58,-18.06,993.631,3.585,5.78,194.844,39.247,35.63,41.62,24
Bharati,2014-07-30,-25.411,-29.73,-21.84,1002.877,0.302,1.73,208.944,47.595,32.27,61.39,24
Bharati,2014-07-31,-18.277,-24.19,-14.85,984.545,2.585,5.16,203.839,45.444,34.88,54.62,24
Bharati,2014-08-01,-11.62,-15.41,-8.04,975.415,6.497,9.66,177.326,49.191,33.59,67.9,24
Bharati,2014-08-02,-12.125,-15.53,-9.2,981.902,5.661,7.17,182.297,53.114,40.42,69.22,24
Bharati,2014-08-03,-16.325,-17.32,-15.11,982.119,5.286,7.16,179.196,45.646,41.02,49.41,24
Bharati,2014-08-04,-15.414,-15.93,-14.79,981.0,7.053,8.32,169.658,40.913,37.67,43.7,24
Bharati,2014-08-05,-15.201,-17.63,-13.24,977.541,8.996,14.53,173.697,37.921,34.86,40.61,24
Bharati,2014-08-06,-16.1,-18.81,-13.89,980.243,10.938,14.89,177.744,44.228,37.54,54.57,24
Bharati,2014-08-07,-19.068,-20.83,-18.01,979.108,11.439,16.06,165.726,40.679,35.71,46.67,24
Bharati,2014-08-08,-16.551,-18.16,-14.83,966.93,8.27,12.44,171.455,58.108,42.62,67.59,24
Bharati,2014-08-09,-11.503,-14.57,-8.87,953.798,12.28,15.02,167.679,61.745,49.89,77.41,24
Bharati,2014-08-10,-11.285,-13.57,-9.11,960.377,12.185,16.05,173.289,54.357,45.25,76.54,24
Bharati,2014-08-11,-14.787,-18.53,-11.29,976.918,7.582,14.06,144.961,82.423,76.5,86.99,24
Bharati,2014-08-12,-19.286,-21.31,-17.74,978.78,6.259,8.34,183.868,61.648,53.75,73.02,24
Bharati,2014-08-13,-14.892,-19.94,-11.94,970.487,9.723,15.65,165.064,78.14,57.58,87.22,24
Bharati,2014-08-14,-8.814,-11.46,-8.03,977.589,7.73,10.58,138.604,84.236,78.17,89.37,24
Bharati,2014-08-15,-12.282,-13.89,-9.11,983.1,9.757,14.27,158.1,77.391,62.2,85.28,24
Bharati,2014-08-16,-12.569,-14.0,-11.22,974.797,6.518,9.71,185.228,46.467,40.9,66.15,24
Bharati,2014-08-17,-14.661,-17.41,-13.14,975.94,4.72,5.93,182.159,43.133,37.13,48.98,24
Bharati,2014-08-18,-19.904,-22.54,-17.83,981.845,4.627,6.28,186.27,37.9,34.42,43.1,24
Bharati,2014-08-19,-23.72,-25.79,-22.51,989.699,2.915,5.28,213.828,35.648,30.21,41.82,24
Bharati,2014-08-20,-27.975,-30.37,-24.99,988.613,1.085,2.92,173.075,62.435,38.56,73.68,24
Bharati,2014-08-21,-26.001,-29.42,-20.93,982.76,2.569,7.02,108.779,74.11,72.76,75.64,24
Bharati,2014-08-22,-17.838,-20.69,-15.37,986.495,3.221,6.82,232.634,65.565,53.73,74.62,24
Bharati,2014-08-23,-18.779,-23.16,-16.12,985.508,4.403,8.5,184.396,52.252,47.1,61.02,24
Bharati,2014-08-24,-26.12,-28.55,-23.66,985.392,5.741,8.04,178.023,48.678,44.23,53.59,24
Bharati,2014-08-25,-14.078,-26.97,-6.82,993.242,7.398,12.48,177.377,60.098,42.07,75.49,24
Bharati,2014-08-26,-11.411,-15.87,-8.12,999.829,10.312,12.24,180.467,58.9,49.97,72.54,24
Bharati,2014-08-27,-15.576,-17.74,-14.37,988.838,11.935,15.7,171.859,56.279,43.79,77.23,24
Bharati,2014-08-28,-16.89,-18.54,-15.3,985.809,6.227,11.07,170.72,55.724,44.12,75.5,24
Bharati,2014-08-29,-17.771,-18.76,-15.9,983.494,9.733,13.01,174.558,55.71,41.93,72.43,24
Bharati,2014-08-30,-18.992,-20.01,-18.32,991.048,8.29,13.98,175.91,45.04,42.96,47.73,24
Bharati,2014-08-31,-17.001,-18.89,-15.22,991.883,8.835,14.48,174.743,43.976,35.92,54.26,24
Bharati,2014-09-01,-11.256,-15.04,-8.74,984.978,9.529,12.5,174.802,49.405,45.22,61.34,24
Bharati,2014-09-02,-12.625,-15.72,-9.51,985.142,10.935,13.74,174.606,45.315,41.83,48.74,24
Bharati,2014-09-03,-12.984,-14.51,-12.04,988.461,10.29,14.23,175.597,45.835,41.64,51.64,24
Bharati,2014-09-04,-15.002,-16.98,-13.05,991.943,5.49,7.62,181.546,40.938,35.84,48.46,24
Bharati,2014-09-05,-14.095,-16.81,-12.41,989.943,8.308,13.58,167.666,37.046,29.84,46.53,24
Bharati,2014-09-06,-12.545,-14.13,-11.25,994.046,9.67,15.94,170.414,33.542,27.68,45.39,24
Bharati,2014-09-07,-14.016,-16.62,-11.52,995.879,5.49,7.5,181.346,33.199,30.0,36.78,24
Bharati,2014-09-08,-13.865,-16.29,-12.35,992.617,8.567,11.42,168.568,32.072,28.15,35.6,24
Bharati,2014-09-09,-14.409,-17.05,-11.65,992.648,12.301,16.27,173.173,35.221,26.32,51.07,24
Bharati,2014-09-10,-18.021,-19.56,-16.8,988.574,9.167,13.86,170.361,40.983,30.24,55.97,24
Bharati,2014-09-11,-15.166,-17.57,-13.49,989.0,8.067,11.56,167.216,53.028,42.29,60.83,24
Bharati,2014-09-12,-13.976,-15.67,-11.96,994.667,7.909,10.54,176.212,51.134,46.03,57.78,24
Bharati,2014-09-13,-15.248,-16.87,-13.16,996.035,5.657,10.15,176.55,42.505,39.28,46.99,24
Bharati,2014-09-14,-13.548,-16.48,-9.93,987.735,5.842,9.2,160.961,43.593,37.08,50.18,24
Bharati,2014-09-15,-8.615,-9.71,-7.1,990.584,8.63,13.26,171.167,47.434,42.21,53.92,24
Bharati,2014-09-16,-8.468,-10.62,-6.52,986.76,11.991,13.38,173.975,43.664,38.66,49.31,24
Bharati,2014-09-17,-6.286,-9.02,-4.66,977.814,7.648,10.8,164.142,50.886,41.74,84.31,24
Bharati,2014-09-18,-5.572,-7.48,-4.0,984.573,4.843,11.29,189.106,64.937,42.7,83.86,24
Bharati,2014-09-19,-4.29,-5.42,-2.99,991.188,8.598,12.02,162.06,49.19,41.59,65.33,24
Bharati,2014-09-20,-6.675,-10.13,-4.14,988.865,10.565,17.42,161.931,47.735,38.56,57.03,24
Bharati,2014-09-21,-7.951,-10.3,-6.11,989.366,8.703,17.57,173.015,47.438,36.63,63.29,24
Bharati,2014-09-22,-10.886,-16.28,-8.11,981.194,7.872,13.97,173.924,39.664,31.77,48.3,24
Bharati,2014-09-23,-17.99,-20.72,-15.7,983.313,7.337,13.02,160.315,39.82,34.59,46.36,24
Bharati,2014-09-24,-20.496,-22.1,-18.17,990.899,6.152,9.48,170.67,39.24,34.14,44.01,24
Bharati,2014-09-25,-19.639,-22.35,-17.91,991.181,4.652,7.03,166.642,45.918,37.75,55.07,24
Bharati,2014-09-26,-17.592,-20.67,-16.43,990.982,6.347,8.65,169.816,44.993,39.58,51.0,24
Bharati,2014-09-27,-10.81,-16.54,-8.26,979.606,5.578,11.01,164.087,65.738,50.17,79.82,24
Bharati,2014-09-28,-9.323,-11.15,-7.88,976.3,10.527,15.2,172.011,46.728,40.36,62.88,24
Bharati,2014-09-29,-8.273,-11.11,-6.15,976.865,9.057,11.65,167.462,43.675,36.37,51.26,24
Bharati,2014-09-30,-13.469,-18.95,-10.0,976.195,10.18,13.46,170.123,37.321,30.51,52.78,24
Bharati,2014-11-01,-7.371,-10.04,-5.15,983.594,7.091,16.5,169.847,50.79,41.11,64.78,24
Bharati,2014-11-02,-4.814,-8.64,-1.1,985.624,8.881,13.46,170.047,47.357,41.83,56.19,24
Bharati,2014-11-03,-5.261,-8.21,-2.32,984.218,4.549,10.3,172.764,45.726,36.08,59.33,24
Bharati,2014-11-04,-5.3,-7.12,-3.65,980.025,4.472,6.2,163.303,54.675,41.82,66.39,24
Bharati,2014-11-05,-4.042,-6.35,-2.62,987.462,3.361,5.49,166.944,66.769,57.19,75.69,24
Bharati,2014-11-06,-2.118,-7.2,2.36,984.603,4.402,8.6,184.334,53.953,37.77,70.97,24
Bharati,2014-11-07,-3.041,-5.82,-1.71,986.794,3.403,6.56,163.398,60.172,54.02,71.95,24
Bharati,2014-11-08,-2.708,-4.43,-0.66,987.579,3.397,6.82,145.968,74.099,57.6,92.62,24
Bharati,2014-11-09,-4.368,-6.16,-3.06,989.515,2.415,7.41,124.545,76.532,60.45,87.57,24
Bharati,2014-11-10,-4.953,-7.18,-2.32,992.238,5.891,8.75,156.242,76.072,52.13,90.87,24
Bharati,2014-11-11,-6.072,-9.26,-4.1,993.638,4.387,7.94,173.145,62.714,54.13,70.69,24
Bharati,2014-11-12,-3.303,-8.51,-0.67,975.493,7.639,13.05,163.403,65.877,39.22,95.15,24
Bharati,2014-11-13,-0.062,-1.04,0.76,963.155,13.025,18.63,157.769,63.728,56.18,75.84,24
Bharati,2014-11-14,-0.632,-1.86,0.82,978.085,7.825,14.4,151.045,64.711,53.08,75.99,24
Bharati,2014-11-15,-2.251,-3.72,-0.85,980.839,3.744,7.91,193.368,58.769,43.78,79.03,24
Bharati,2014-11-16,-1.955,-4.72,0.11,980.022,2.21,6.28,130.123,55.091,39.33,70.03,24
Bharati,2014-11-17,-3.337,-4.62,-2.22,983.549,4.063,6.57,149.54,81.226,67.0,91.6,24
Bharati,2014-11-18,-3.998,-6.42,-2.17,987.596,3.015,5.45,176.898,71.133,51.54,83.72,24
Bharati,2014-11-19,-4.378,-6.0,-3.35,986.648,1.973,4.52,158.316,60.443,53.23,68.08,24
Bharati,2014-11-20,-3.866,-6.86,-2.19,991.216,3.415,7.54,138.93,61.64,49.91,75.06,24
Bharati,2014-11-21,-3.793,-6.38,-1.63,996.128,2.778,7.38,201.311,55.047,46.15,71.29,24
Bharati,2014-11-22,-4.95,-8.56,-2.94,992.637,3.65,6.25,162.591,53.061,42.65,66.46,24
Bharati,2014-11-23,-4.705,-8.63,-2.0,983.082,4.981,9.63,189.002,47.466,41.78,54.99,24
Bharati,2014-11-24,-3.962,-7.46,-1.72,979.192,6.291,12.77,195.145,45.254,29.03,60.59,24
Bharati,2014-11-25,-0.758,-4.56,1.8,983.025,6.388,11.6,172.143,46.598,38.79,54.17,24
Bharati,2014-11-26,-1.089,-5.15,2.0,988.85,6.796,11.81,173.948,46.034,38.97,50.8,24
Bharati,2014-11-27,-2.138,-5.16,0.53,985.917,5.549,11.33,181.49,47.731,38.55,59.61,24
Bharati,2014-11-28,-0.889,-3.74,1.23,984.034,3.705,8.55,196.784,47.724,38.96,56.96,24
Bharati,2014-11-29,-0.214,-3.97,2.0,989.029,6.521,9.95,164.719,44.431,36.26,58.02,24
Bharati,2014-11-30,-1.359,-4.39,0.95,989.828,4.294,9.93,177.962,43.554,35.97,51.64,24
Bharati,2015-01-01,-0.902,-1.72,0.25,982.661,2.436,3.49,227.858,79.158,61.62,90.62,24
Bharati,2015-01-02,0.56,-1.25,2.09,984.557,2.242,5.52,144.027,52.702,48.75,57.54,24
Bharati,2015-01-03,1.165,-1.26,1.99,988.314,2.421,5.05,170.548,54.502,46.99,67.24,24
Bharati,2015-01-04,1.589,-1.45,4.09,989.437,2.155,4.23,199.029,48.729,35.53,63.27,24
Bharati,2015-01-05,0.589,-2.75,2.3,992.705,2.377,5.19,170.974,41.475,34.58,48.58,24
Bharati,2015-01-06,0.218,-1.91,1.85,993.312,1.933,3.54,164.569,47.101,35.5,60.71,24
Bharati,2015-01-07,0.728,-1.2,4.07,985.308,2.623,4.92,186.765,49.298,36.92,67.36,24
Bharati,2015-01-08,2.094,-0.16,3.57,974.602,5.073,8.19,175.318,53.1,46.22,57.93,24
Bharati,2015-01-09,1.113,-0.34,2.79,973.583,5.256,8.55,156.363,68.842,50.46,93.77,24
Bharati,2015-01-10,-0.771,-2.99,1.22,984.515,5.32,10.11,157.51,86.152,58.17,96.86,24
Bharati,2015-01-11,0.014,-1.36,1.73,990.7,2.363,4.88,247.625,63.918,54.83,70.84,24
Bharati,2015-01-12,-1.768,-3.3,-0.14,989.716,5.192,7.57,156.688,82.965,56.09,94.02,24
Bharati,2015-01-13,-2.11,-3.09,-0.89,990.998,5.118,8.3,159.447,84.814,71.03,91.73,24
Bharati,2015-01-14,-0.421,-1.7,0.94,990.48,3.066,6.69,193.482,55.263,43.02,68.61,24
Bharati,2015-01-15,-0.777,-3.01,0.96,991.604,3.729,6.7,153.528,48.169,39.48,54.69,24
Bharati,2015-01-16,-1.007,-3.85,0.35,1000.112,2.82,6.54,200.786,52.332,42.23,66.68,24
Bharati,2015-01-17,0.13,-2.24,2.8,1001.621,5.356,10.94,201.679,39.898,29.09,54.96,24
Bharati,2015-01-18,-0.967,-4.34,1.29,988.375,5.462,9.91,204.412,42.201,33.47,55.87,24
Bharati,2015-01-19,-2.531,-6.03,-0.4,981.737,5.103,9.84,158.141,39.681,32.04,51.25,24
Bharati,2015-01-20,-2.593,-5.22,-0.18,975.301,4.737,8.4,192.223,44.247,35.59,54.62,24
Bharati,2015-01-21,-1.631,-4.04,0.49,986.391,5.025,8.0,161.368,46.973,36.98,65.86,24
Bharati,2015-01-22,-0.808,-4.54,1.62,989.037,2.758,5.5,136.782,47.912,36.36,60.66,24
Bharati,2015-01-23,-0.292,-1.71,1.32,981.055,5.274,6.79,148.29,64.134,47.87,90.17,24
Bharati,2015-01-24,1.143,-0.09,3.22,976.937,4.884,8.4,185.651,56.522,41.99,66.66,24
Bharati,2015-01-25,1.919,0.74,2.92,978.058,9.125,11.5,159.141,56.86,41.92,71.69,24
Bharati,2015-01-26,1.882,0.42,3.74,981.262,7.609,13.82,165.158,61.296,42.04,79.45,24
Bharati,2015-01-27,2.328,0.64,3.97,982.686,6.417,10.51,191.554,53.123,41.19,63.64,24
Bharati,2015-01-28,0.632,-4.27,3.06,983.275,7.09,14.65,176.812,45.991,40.29,53.72,24
Bharati,2015-01-29,2.423,-3.7,4.74,977.394,7.709,13.02,168.238,47.134,39.54,55.81,24
Bharati,2015-01-30,1.823,-1.15,4.3,985.194,3.796,9.68,197.645,63.408,50.31,80.65,24
Bharati,2015-01-31,1.296,-3.4,3.94,985.163,4.011,6.29,175.945,46.988,39.88,52.33,24
Bharati,2015-02-01,-1.752,-5.46,0.94,980.397,7.287,11.4,164.416,46.179,36.52,61.6,24
Bharati,2015-02-02,-2.137,-4.96,-0.25,980.38,6.575,11.81,173.651,50.205,44.1,59.28,24
Bharati,2015-02-03,0.729,-1.55,2.91,978.915,4.533,9.36,136.948,57.997,39.72,96.56,24
Bharati,2015-02-04,-1.392,-5.84,1.99,982.022,9.113,11.81,79.828,56.925,45.13,96.16,24
Bharati,2015-02-05,-1.36,-5.13,1.24,971.317,6.198,10.45,110.79,45.175,40.21,51.01,24
Bharati,2015-02-06,-0.044,-1.72,1.96,977.598,6.641,9.45,60.986,65.552,51.5,83.09,24
Bharati,2015-02-07,-0.503,-4.55,1.43,985.82,5.787,12.45,150.258,58.773,46.54,77.4,24
Bharati,2015-02-08,-2.515,-4.34,-0.59,979.517,5.866,11.66,77.042,45.674,33.45,59.7,24
Bharati,2015-02-09,-3.42,-6.13,-2.2,976.508,6.441,9.69,84.694,52.72,48.98,59.44,24
Bharati,2015-02-10,-3.875,-6.51,-1.72,974.769,4.818,8.7,108.327,48.78,42.39,56.96,24
Bharati,2015-02-11,-5.212,-7.4,-3.03,981.642,6.969,9.67,84.827,44.595,35.35,57.62,24
Bharati,2015-02-12,-4.049,-7.03,-2.28,981.411,5.644,7.33,79.908,50.154,40.84,61.17,24
Bharati,2015-02-13,-2.381,-5.11,-0.14,977.694,5.349,8.21,84.705,47.03,38.53,59.91,24
Bharati,2015-02-14,-0.603,-4.87,2.16,983.956,5.865,10.8,94.348,44.649,36.49,55.0,24
Bharati,2015-02-15,-1.432,-4.25,-0.03,983.192,8.005,11.66,78.845,44.983,40.79,49.08,24
Bharati,2015-02-16,-1.206,-4.52,1.31,979.203,8.147,11.76,78.573,43.118,39.65,51.31,24
Bharati,2015-02-17,-2.972,-5.83,-0.42,974.848,7.317,10.46,80.175,41.263,37.95,47.06,24
Bharati,2015-02-18,-3.128,-5.36,-1.94,972.442,6.267,10.84,79.829,54.51,45.26,68.52,24
Bharati,2015-02-19,-3.556,-4.95,-2.44,971.265,2.962,6.32,114.805,51.091,45.04,56.43,24
Bharati,2015-02-20,-3.934,-5.17,-2.88,981.893,4.687,6.68,79.619,57.39,49.18,66.0,24
Bharati,2015-02-21,-4.303,-5.95,-2.46,983.604,3.93,7.67,116.742,43.486,34.57,57.14,24
Bharati,2015-02-22,-3.433,-4.23,-1.69,973.253,3.699,6.22,84.778,76.867,42.83,93.96,24
Bharati,2015-02-23,-4.113,-6.98,-2.31,987.965,3.868,5.46,117.177,69.479,51.55,86.88,24
Bharati,2015-02-24,-4.795,-5.57,-3.78,979.98,4.366,7.94,92.165,83.858,75.33,88.3,24
Bharati,2015-02-25,-5.375,-6.72,-4.17,974.079,3.565,6.46,129.491,78.691,65.1,87.61,24
Bharati,2015-02-26,-4.84,-5.56,-3.8,973.821,7.725,9.79,72.655,75.803,64.36,92.65,24
Bharati,2015-02-27,-4.396,-6.33,-2.59,983.103,5.309,6.75,92.308,55.58,48.14,63.41,24
Bharati,2015-02-28,-7.965,-11.84,-4.48,991.63,5.989,8.43,103.308,49.951,44.89,57.59,24
Bharati,2015-03-01,-8.822,-11.38,-6.24,984.408,7.844,10.18,86.995,48.782,44.13,53.85,24
Bharati,2015-03-02,-8.142,-11.06,-5.69,987.194,4.888,8.26,96.795,48.63,40.83,55.18,24
Bharati,2015-03-03,-5.98,-7.98,-4.25,986.418,6.066,8.31,84.826,54.787,49.56,59.65,24
Bharati,2015-03-04,-6.38,-8.0,-5.05,980.328,6.78,9.27,86.183,53.93,50.01,58.11,24
Bharati,2015-03-05,-9.418,-13.62,-6.65,976.2,8.644,12.77,88.793,50.412,46.15,54.83,24
Bharati,2015-03-06,-11.318,-13.64,-9.18,980.372,6.287,11.48,97.008,48.527,41.3,53.77,24
Bharati,2015-03-07,-8.658,-12.37,-6.84,985.381,5.021,7.11,89.644,45.787,37.73,52.68,24
Bharati,2015-03-08,-6.675,-9.02,-3.87,987.555,2.755,7.56,126.742,47.539,39.74,55.71,24
Bharati,2015-03-09,-7.132,-10.3,-5.17,997.133,4.046,7.42,134.348,46.521,35.62,60.47,24
Bharati,2015-03-10,-2.482,-4.48,-0.98,994.914,7.189,8.56,72.593,41.209,32.55,48.67,24
Bharati,2015-03-11,-2.347,-3.54,-1.73,992.305,4.854,8.19,69.665,59.199,46.6,77.61,24
Bharati,2015-03-12,-4.11,-4.54,-3.72,988.138,7.432,9.92,67.427,89.081,76.58,93.15,24
Bharati,2015-03-13,-4.45,-7.86,-2.61,987.882,3.434,6.68,99.061,66.569,58.7,84.09,24
Bharati,2015-03-14,-8.633,-10.35,-6.46,982.721,6.308,8.2,97.18,59.903,52.45,69.08,24
Bharati,2015-03-15,-10.822,-13.05,-8.89,982.075,7.406,10.26,92.502,52.252,48.02,56.9,24
Bharati,2015-03-16,-11.605,-13.69,-9.12,979.528,6.767,9.73,95.804,49.579,40.76,54.34,24
Bharati,2015-03-17,-11.564,-13.77,-9.38,982.357,7.045,9.35,88.492,52.292,43.4,63.93,24
Bharati,2015-03-18,-9.22,-10.11,-8.6,987.483,5.104,9.72,104.724,70.234,56.71,88.55,24
Bharati,2015-03-19,-10.078,-12.78,-8.24,985.362,2.967,4.69,224.839,77.007,62.41,87.63,24
Bharati,2015-03-20,-12.267,-14.76,-10.42,977.491,4.757,7.65,102.849,60.255,51.95,87.29,24
Bharati,2015-03-21,-11.649,-14.58,-10.14,968.682,4.625,7.01,91.951,49.996,43.46,64.3,24
Bharati,2015-03-22,-13.6,-16.01,-10.59,981.046,1.992,3.21,229.384,75.788,64.77,83.62,24
Bharati,2015-03-23,-11.745,-16.45,-5.92,987.458,4.257,14.14,151.774,63.557,49.69,73.17,24
Bharati,2015-03-24,-4.27,-6.49,-2.98,958.979,14.667,17.6,80.698,67.875,50.32,90.98,24
Bharati,2015-03-25,-5.861,-6.81,-4.87,962.023,9.005,12.86,84.452,70.981,63.47,87.84,24
Bharati,2015-03-26,-8.877,-12.35,-6.18,969.107,5.787,7.5,83.562,72.898,60.64,88.01,24
Bharati,2015-03-27,-15.23,-17.54,-12.72,979.695,8.946,10.61,89.923,55.717,49.11,62.09,24
Bharati,2015-03-28,-15.53,-17.78,-14.48,981.832,3.766,8.48,112.355,52.488,48.23,57.93,24
Bharati,2015-03-29,-13.962,-15.63,-12.33,980.867,3.773,6.48,122.197,57.805,52.77,70.86,24
Bharati,2015-03-30,-13.791,-15.36,-10.23,980.595,2.508,6.68,145.85,68.88,54.81,84.36,24
Bharati,2015-03-31,-12.442,-19.97,-6.96,972.573,3.332,6.46,170.312,79.656,65.95,89.17,24
Bharati,2015-04-01,-19.362,-22.48,-14.6,973.757,5.746,12.98,184.176,79.24,76.21,84.24,24
Bharati,2015-04-02,-18.815,-22.94,-15.76,979.849,8.859,11.79,94.428,56.322,47.98,78.31,24
Bharati,2015-04-03,-21.201,-22.98,-19.62,986.211,6.352,8.06,108.246,54.317,45.7,64.32,24
Bharati,2015-04-04,-21.642,-24.21,-20.25,984.665,3.941,7.77,112.09,43.028,36.17,57.14,24
Bharati,2015-04-05,-15.29,-20.27,-12.42,982.082,3.821,6.75,103.758,68.242,42.78,84.72,24
Bharati,2015-04-06,-11.987,-13.81,-10.1,979.235,0.09,2.04,189.688,84.528,78.75,87.81,24
Bharati,2015-04-07,-9.688,-10.91,-8.71,979.702,1.872,6.37,101.888,85.856,76.35,89.7,24
Bharati,2015-04-08,-11.823,-14.41,-10.56,982.073,3.047,9.01,103.056,72.93,58.13,87.95,24
Bharati,2015-04-09,-18.022,-21.8,-14.78,990.458,5.77,7.06,97.0,56.891,46.62,64.8,24
Bharati,2015-04-10,-13.359,-21.95,-5.78,971.0,7.762,12.73,92.37,65.771,47.82,91.26,24
Bharati,2015-04-11,-11.321,-17.66,-4.19,954.695,10.165,18.5,58.974,84.82,77.1,93.6,24
Bharati,2015-04-12,-9.382,-13.12,-6.27,975.506,11.23,12.95,61.02,86.501,77.57,91.44,24
Bharati,2015-04-13,-10.65,-16.36,-6.29,981.157,10.92,13.79,89.036,67.474,57.45,79.6,24
Bharati,2015-04-14,-20.658,-23.04,-15.72,969.587,7.595,11.03,98.637,56.111,50.58,64.72,24
Bharati,2015-04-15,-22.712,-25.04,-20.35,974.191,1.6,5.03,162.442,48.292,41.05,55.11,24
Bharati,2015-04-16,-23.497,-25.25,-21.64,981.46,0.0,0.01,193.725,61.952,53.19,74.65,24
Bharati,2015-04-17,-14.042,-20.95,-10.48,973.905,2.05,9.05,160.758,70.608,59.9,83.65,24
Bharati,2015-04-18,-8.421,-9.36,-7.51,963.323,11.454,13.78,88.215,68.114,58.1,78.83,24
Bharati,2015-04-19,-11.232,-14.12,-8.93,975.045,4.248,7.56,93.962,56.665,44.77,70.99,24
Bharati,2015-04-20,-14.607,-16.6,-12.6,982.297,3.617,4.6,99.728,43.737,35.18,51.24,24
Bharati,2015-04-21,-17.944,-19.15,-16.71,991.652,3.805,5.27,95.815,40.131,35.0,44.0,24
Bharati,2015-04-22,-16.279,-18.41,-14.14,987.518,9.182,11.6,87.113,48.012,39.02,56.53,24
Bharati,2015-04-23,-13.32,-17.6,-9.9,995.313,3.726,8.73,94.519,56.459,41.2,74.35,24
Bharati,2015-04-24,-10.317,-11.04,-9.41,992.485,2.887,6.19,92.448,71.8,55.83,86.69,24
Bharati,2015-04-25,-11.0,-12.94,-9.38,986.972,11.018,15.92,86.142,59.637,53.42,64.16,24
Bharati,2015-04-26,-15.86,-20.06,-10.12,993.034,7.056,10.17,108.834,53.795,41.87,59.46,24
Bharati,2015-04-27,-19.518,-20.56,-18.44,986.22,8.402,11.81,90.419,48.211,39.19,63.37,24
Bharati,2015-04-28,-20.806,-21.88,-19.5,989.381,5.632,7.99,90.858,43.309,41.77,44.44,24
Bharati,2015-04-29,-21.203,-22.28,-20.27,982.062,4.337,7.48,86.49,42.005,38.68,44.63,24
Bharati,2015-04-30,-20.718,-21.91,-19.65,982.828,7.905,9.79,90.76,42.368,39.33,48.96,24
Bharati,2015-05-01,-20.802,-21.72,-18.19,999.267,3.374,6.22,112.784,44.541,41.85,46.52,24
Bharati,2015-05-02,-11.139,-17.93,-6.69,988.892,8.683,18.3,71.291,74.189,46.58,91.99,24
Bharati,2015-05-03,-10.085,-12.02,-7.55,976.32,10.008,13.63,56.393,87.555,78.63,91.35,24
Bharati,2015-05-04,-13.001,-14.41,-11.23,987.343,5.846,8.8,84.326,66.908,58.09,75.81,24
Bharati,2015-05-05,-17.927,-22.63,-13.81,986.31,4.379,8.49,97.682,72.36,55.3,83.07,24
Bharati,2015-05-06,-24.17,-27.6,-22.11,977.311,3.12,5.86,83.675,58.178,45.83,74.61,24
Bharati,2015-05-07,-21.103,-26.86,-17.31,988.737,7.471,14.69,110.975,58.152,43.72,73.0,24
Bharati,2015-05-08,-21.49,-22.27,-20.95,990.305,5.096,9.48,91.59,47.968,43.9,57.96,24
Bharati,2015-05-09,-21.913,-22.89,-20.78,989.504,5.77,8.03,92.499,47.158,42.92,51.74,24
Bharati,2015-05-10,-22.039,-22.95,-21.45,996.761,3.87,4.9,101.86,46.841,43.68,48.67,24
Bharati,2015-05-11,-20.337,-21.88,-19.4,998.763,3.148,7.51,96.026,47.756,45.73,50.44,24
Bharati,2015-05-12,-20.266,-21.34,-19.68,989.585,4.389,6.1,96.379,49.461,47.55,51.64,24
Bharati,2015-05-13,-23.28,-25.34,-21.22,979.184,3.61,5.7,103.136,47.245,44.17,49.88,24
Bharati,2015-05-14,-25.142,-26.27,-23.89,977.382,1.595,2.87,110.452,51.456,46.65,56.44,24
Bharati,2015-05-15,-26.75,-31.63,-23.99,980.597,2.876,5.48,93.334,61.594,50.83,71.26,24
Bharati,2015-05-16,-33.113,-36.8,-31.53,984.86,1.643,3.91,130.563,53.484,47.33,67.29,24
Bharati,2015-05-17,-33.05,-36.67,-28.13,993.565,0.902,3.43,155.915,49.082,44.3,57.11,24
Bharati,2015-05-18,-21.857,-26.66,-19.73,982.663,3.554,5.89,142.19,49.032,39.75,57.92,24
Bharati,2015-05-19,-21.387,-23.03,-20.03,972.486,5.961,8.72,92.086,59.578,52.91,64.49,24
Bharati,2015-05-20,-27.494,-29.22,-21.56,972.429,6.233,9.37,79.503,68.232,56.42,74.83,24
Bharati,2015-05-21,-20.474,-22.55,-19.18,971.312,6.244,9.74,85.879,71.605,62.31,78.63,24
Bharati,2015-05-22,-23.131,-26.31,-21.32,977.792,8.603,10.46,89.665,57.336,52.1,61.65,24
Bharati,2015-05-23,-27.811,-29.77,-26.25,976.461,2.091,6.75,116.818,51.326,48.38,57.23,24
Bharati,2015-05-24,-31.8,-33.34,-29.64,980.353,1.281,3.39,132.775,68.001,53.98,71.89,24
Bharati,2015-05-25,-35.157,-37.55,-32.49,987.017,0.144,1.76,112.76,68.562,67.4,69.29,24
Bharati,2015-05-26,-29.499,-35.43,-15.89,995.992,0.836,4.49,125.84,64.448,36.27,70.72,24
Bharati,2015-05-27,-14.189,-20.12,-11.49,990.974,1.88,6.13,110.22,83.383,75.11,86.31,24
Bharati,2015-05-28,-14.455,-19.98,-6.61,994.392,2.497,13.36,131.482,76.418,54.11,85.84,24
Bharati,2015-05-29,-7.012,-8.63,-5.34,983.03,11.9,16.17,68.311,84.125,71.4,93.11,24
Bharati,2015-05-30,-10.548,-11.87,-8.71,991.007,3.807,5.61,109.958,67.453,56.98,87.95,24
Bharati,2015-05-31,-17.216,-19.06,-13.33,980.909,6.956,8.71,102.117,59.54,55.26,63.59,24
Bharati,2015-06-01,-11.477,-15.75,-7.1,968.505,6.24,11.44,101.343,65.196,53.45,90.46,24
Bharati,2015-06-02,-11.455,-14.14,-6.4,982.91,9.045,17.99,58.056,87.335,84.07,92.38,24
Bharati,2015-06-03,-7.3,-14.18,-2.33,989.849,4.34,8.12,130.347,74.588,58.23,85.68,24
Bharati,2015-06-04,-3.49,-4.91,-2.43,980.275,6.929,9.22,85.212,66.534,54.56,93.06,24
Bharati,2015-06-05,-5.874,-7.67,-4.78,981.725,8.16,10.37,87.112,60.911,53.43,70.61,24
Bharati,2015-06-06,-7.895,-11.94,-4.38,988.648,8.468,9.71,94.636,59.345,54.46,65.21,24
Bharati,2015-06-07,-12.79,-14.78,-11.88,988.308,7.015,7.92,104.628,61.895,55.34,81.23,24
Bharati,2015-06-08,-16.461,-17.41,-15.08,982.359,8.846,11.24,101.207,74.031,62.03,80.36,24
Bharati,2015-06-09,-12.713,-16.52,-9.77,983.308,10.254,12.87,91.138,66.53,60.68,74.75,24
Bharati,2015-06-10,-15.955,-17.74,-13.46,979.858,8.378,10.75,92.791,54.345,41.29,68.07,24
Bharati,2015-06-11,-11.995,-13.51,-10.64,971.109,7.826,11.84,87.312,56.132,43.86,71.22,24
Bharati,2015-06-12,-10.585,-11.59,-10.09,979.848,7.71,9.86,75.423,74.5,56.91,87.23,24
Bharati,2015-06-13,-14.405,-16.85,-11.63,987.47,7.74,10.08,96.748,57.097,45.52,64.55,24
Bharati,2015-06-14,-16.56,-17.33,-15.5,993.721,7.272,9.21,90.756,43.56,40.12,45.62,24
Bharati,2015-06-15,-18.61,-19.64,-16.9,1002.959,3.074,6.04,95.965,42.792,39.06,47.98,24
Bharati,2015-06-16,-22.268,-23.92,-19.78,995.777,5.933,8.68,95.448,50.152,43.48,58.11,24
Bharati,2015-06-17,-26.056,-28.33,-23.99,991.78,7.295,9.34,85.658,44.439,40.68,52.45,24
Bharati,2015-06-18,-25.695,-27.84,-23.12,999.239,7.397,9.29,90.222,62.341,46.32,73.87,24
Bharati,2015-06-19,-24.909,-32.34,-20.96,995.514,2.412,7.79,169.59,71.915,52.64,77.27,24
Bharati,2015-06-20,-30.133,-33.37,-24.71,1002.002,1.312,3.24,135.419,67.495,55.47,71.88,24
Bharati,2015-06-21,-19.126,-23.95,-16.45,989.367,7.974,16.65,102.335,62.18,51.96,69.12,24
Bharati,2015-06-22,-16.188,-17.33,-14.58,975.015,15.072,18.51,86.123,61.859,48.58,72.24,24
Bharati,2015-06-23,-11.824,-14.46,-10.72,968.904,14.023,17.14,91.253,63.338,52.26,82.13,24
Bharati,2015-06-24,-10.552,-13.28,-7.27,972.008,12.752,17.4,86.382,51.137,43.51,63.75,24
Bharati,2015-06-25,-10.072,-15.36,-6.99,978.81,11.73,16.37,94.244,54.035,47.39,64.18,24
Bharati,2015-06-26,-16.174,-17.58,-15.04,979.582,6.728,11.13,93.843,45.258,41.65,53.94,24
Bharati,2015-06-27,-15.428,-16.71,-14.66,984.758,6.113,8.49,96.095,45.916,42.3,48.68,24
Bharati,2015-06-28,-17.445,-18.14,-16.21,985.178,3.529,4.85,104.581,49.19,42.94,60.71,24
Bharati,2015-06-29,-18.167,-19.34,-16.43,988.686,4.385,5.79,89.86,58.157,53.11,68.04,24
Bharati,2015-06-30,-20.624,-23.0,-19.14,993.093,6.858,8.87,90.749,58.047,51.73,65.02,24
Bharati,2015-07-01,-24.126,-24.65,-23.25,994.02,3.059,6.46,114.492,42.107,37.65,51.52,24
Bharati,2015-07-02,-23.673,-25.85,-20.55,992.015,0.448,1.5,101.56,69.556,43.46,77.96,24
Bharati,2015-07-03,-18.757,-21.89,-17.03,993.067,3.198,6.61,77.233,77.544,56.89,81.59,24
Bharati,2015-07-04,-21.863,-27.09,-19.81,985.545,1.241,4.28,130.234,50.734,42.98,68.85,24
Bharati,2015-07-05,-31.232,-33.52,-28.15,980.268,0.498,2.09,105.84,69.815,59.72,72.29,24
Bharati,2015-07-06,-30.754,-34.62,-28.44,985.041,0.884,3.53,185.702,71.533,69.44,73.08,24
Bharati,2015-07-07,-34.146,-36.08,-30.76,976.23,1.119,2.2,121.344,69.64,68.51,71.82,24
Bharati,2015-07-08,-34.637,-37.97,-30.75,977.084,0.702,2.62,132.031,69.194,67.31,71.58,24
Bharati,2015-07-09,-31.495,-34.72,-28.45,983.845,0.962,3.23,140.352,70.177,65.17,72.82,24
Bharati,2015-07-10,-29.555,-31.47,-26.73,975.029,2.605,4.45,108.78,57.4,48.57,67.59,24
Bharati,2015-07-11,-31.55,-32.86,-27.92,977.705,1.235,2.58,137.315,59.438,48.41,67.84,24
Bharati,2015-07-12,-22.774,-28.42,-19.74,971.098,5.543,14.42,123.657,69.617,62.38,74.31,24
Bharati,2015-07-13,-18.908,-21.43,-17.44,954.41,10.309,15.06,85.492,68.52,58.13,78.35,24
Bharati,2015-07-14,-24.63,-27.27,-18.69,974.873,2.946,8.47,114.347,66.743,48.8,76.12,24
Bharati,2015-07-15,-25.629,-26.98,-23.19,984.548,5.892,8.29,99.203,54.42,44.93,60.33,24
Bharati,2015-07-16,-15.074,-23.09,-11.61,981.328,4.15,7.92,121.952,68.276,48.12,79.34,24
Bharati,2015-07-17,-11.655,-13.23,-10.79,988.498,6.518,13.3,95.501,57.726,50.92,64.32,24
Bharati,2015-07-18,-13.774,-14.93,-10.94,1010.329,3.863,8.33,106.225,48.745,45.32,52.11,24
Bharati,2015-07-19,-9.43,-10.57,-6.99,988.728,6.666,13.42,63.328,62.297,47.36,88.63,24
Bharati,2015-07-20,-12.268,-13.16,-9.98,975.447,12.094,16.25,66.335,85.025,77.22,89.12,24
Bharati,2015-07-21,-13.848,-15.17,-12.7,980.06,4.777,8.63,106.007,66.08,56.55,82.47,24
Bharati,2015-07-22,-19.162,-21.75,-16.74,977.65,0.533,3.52,166.182,71.213,58.11,77.4,24
Bharati,2015-07-23,-22.643,-25.97,-15.79,985.083,3.041,4.71,61.973,75.815,58.85,78.9,24
Bharati,2015-07-24,-12.291,-15.02,-10.4,972.024,5.556,11.5,89.439,79.107,55.79,88.67,24
Bharati,2015-07-25,-11.282,-14.18,-9.89,972.853,6.284,8.76,82.255,69.685,58.6,87.36,24
Bharati,2015-07-26,-14.57,-16.69,-13.2,977.155,5.831,7.41,98.174,56.103,49.76,60.8,24
Bharati,2015-07-27,-19.982,-22.73,-16.84,979.023,3.99,7.89,120.027,50.541,39.57,63.01,24
Bharati,2015-07-28,-19.632,-22.13,-17.91,982.847,3.552,9.67,121.749,63.359,43.57,79.76,24
Bharati,2015-07-29,-22.76,-25.11,-19.11,992.27,1.445,5.74,174.396,57.816,49.08,70.06,24
Bharati,2015-07-30,-24.574,-26.49,-22.66,993.11,0.286,2.25,122.937,71.213,59.21,75.97,24
Bharati,2015-07-31,-26.988,-29.43,-23.14,992.734,0.146,1.75,139.839,63.946,53.12,73.72,24
Bharati,2015-08-01,-12.325,-21.0,-9.4,976.267,7.453,15.97,91.127,78.668,40.84,89.57,24
Bharati,2015-08-02,-14.919,-17.84,-11.25,986.283,5.281,9.15,140.72,69.964,55.22,88.12,24
Bharati,2015-08-03,-15.906,-20.06,-10.74,980.415,5.269,9.89,98.192,55.307,49.05,66.78,24
Bharati,2015-08-04,-13.265,-21.23,-10.06,973.166,7.612,9.28,78.274,61.666,47.84,78.21,24
Bharati,2015-08-05,-16.895,-19.99,-14.34,992.224,3.832,6.97,105.409,67.149,57.77,77.39,24
Bharati,2015-08-06,-22.835,-27.14,-19.66,979.089,2.76,6.25,123.523,52.669,45.85,61.06,24
Bharati,2015-08-07,-29.125,-30.5,-27.61,979.34,1.914,3.92,75.882,72.282,60.61,74.1,24
Bharati,2015-08-08,-22.53,-28.44,-15.71,983.765,1.312,3.36,145.021,74.618,58.15,80.22,24
Bharati,2015-08-09,-18.072,-19.08,-16.43,981.027,4.158,5.43,97.214,48.848,45.93,56.33,24
Bharati,2015-08-10,-17.705,-19.18,-16.56,976.109,3.654,8.65,92.891,66.106,48.17,77.66,24
Bharati,2015-08-11,-20.343,-22.76,-17.14,976.192,4.586,8.95,95.907,63.502,54.25,79.75,24
Bharati,2015-08-12,-24.77,-27.35,-22.95,979.787,5.635,6.75,106.138,55.071,46.06,62.29,24
Bharati,2015-08-13,-28.137,-29.11,-26.54,979.705,1.156,4.46,118.67,45.863,42.57,49.43,24
Bharati,2015-08-14,-23.693,-27.08,-16.57,979.904,0.942,2.71,123.974,46.202,39.68,75.25,24
Bharati,2015-08-15,-10.838,-15.47,-8.56,967.456,8.161,12.35,66.619,87.788,81.91,90.01,24
Bharati,2015-08-16,-11.269,-14.6,-8.55,973.532,7.74,12.19,71.55,80.528,69.35,89.92,24
Bharati,2015-08-17,-12.15,-15.79,-9.03,970.648,6.918,12.48,80.595,69.607,59.85,81.0,24
Bharati,2015-08-18,-14.907,-22.38,-10.39,968.841,4.048,7.34,56.75,80.897,66.6,88.29,24
Bharati,2015-08-19,-26.508,-29.2,-22.75,984.645,1.678,5.07,88.384,75.132,73.44,77.5,24
Bharati,2015-08-20,-17.81,-28.64,-12.47,977.577,1.273,4.93,111.303,81.026,73.69,85.54,24
Bharati,2015-08-21,-10.458,-13.49,-8.15,961.465,6.582,14.94,121.914,86.596,80.1,90.33,24
Bharati,2015-08-22,-9.062,-10.52,-8.22,965.495,8.125,10.91,74.178,72.694,64.91,86.5,24
Bharati,2015-08-23,-13.957,-16.39,-10.74,970.875,8.462,10.33,92.512,60.005,56.69,66.15,24
Bharati,2015-08-24,-17.65,-20.32,-16.14,975.707,4.752,6.73,100.647,48.005,41.94,57.98,24
Bharati,2015-08-25,-20.051,-21.19,-18.58,974.678,3.387,5.75,102.656,47.664,42.82,57.47,24
Bharati,2015-08-26,-17.256,-18.97,-15.21,971.032,4.671,7.94,100.844,56.07,48.48,62.48,24
Bharati,2015-08-27,-17.316,-20.28,-14.07,975.764,7.981,11.57,87.46,50.981,42.56,57.34,24
Bharati,2015-08-28,-15.742,-19.35,-11.48,988.064,4.852,9.43,91.27,52.808,45.09,59.35,24
Bharati,2015-08-29,-15.528,-17.94,-11.88,991.102,7.875,11.13,91.422,54.172,50.35,58.92,24
Bharati,2015-08-30,-11.06,-16.72,-5.79,959.222,5.29,8.94,85.065,55.909,44.95,80.52,24
Bharati,2015-08-31,-9.044,-12.31,-6.3,957.886,6.395,9.8,74.232,72.353,61.44,82.23,24
Bharati,2015-09-01,-12.902,-13.75,-12.27,972.775,10.48,15.9,70.804,76.524,66.55,85.95,24
Bharati,2015-09-02,-7.547,-12.98,-5.8,965.548,17.439,19.55,88.55,68.903,61.39,80.77,24
Bharati,2015-09-03,-9.077,-11.02,-6.03,974.987,10.418,18.95,93.783,63.266,52.01,87.12,24
Bharati,2015-09-04,-9.555,-11.21,-7.07,970.877,10.468,12.85,86.183,57.145,47.3,80.55,24
Bharati,2015-09-05,-9.248,-10.67,-8.12,971.495,6.933,9.75,69.774,68.663,47.76,88.84,24
Bharati,2015-09-06,-10.575,-15.38,-8.57,975.205,8.389,12.84,89.465,84.699,74.4,89.92,24
Bharati,2015-09-07,-17.907,-19.92,-15.45,981.962,4.106,5.79,68.537,80.23,78.94,83.81,24
Bharati,2015-09-08,-19.9,-23.96,-16.61,977.308,0.906,3.02,164.582,71.013,61.17,78.72,24
Bharati,2015-09-09,-27.737,-33.14,-22.17,976.494,0.339,2.14,110.718,64.512,51.78,73.92,24
Bharati,2015-09-10,-24.047,-32.42,-16.75,971.758,2.26,5.43,134.214,71.406,59.58,78.61,24
Bharati,2015-09-11,-19.146,-31.34,-13.38,957.455,1.031,2.87,156.625,75.27,65.74,80.33,24
Bharati,2015-09-12,-28.504,-32.73,-15.69,969.127,0.679,7.97,159.968,71.738,62.3,76.01,24
Bharati,2015-09-13,-10.83,-15.7,-9.31,967.754,9.254,11.48,78.59,73.032,57.18,89.24,24
Bharati,2015-09-14,-10.682,-11.8,-9.69,971.326,8.233,12.87,64.052,86.697,75.51,89.18,24
Bharati,2015-09-15,-15.7,-19.89,-11.91,980.403,6.013,9.13,93.055,54.175,48.36,71.31,24
Bharati,2015-09-16,-19.408,-21.78,-17.36,979.832,2.837,4.83,102.628,45.217,41.65,50.11,24
Bharati,2015-09-17,-20.24,-21.68,-18.51,984.726,5.012,9.71,93.865,54.472,40.59,65.86,24
Bharati,2015-09-18,-14.343,-19.38,-11.79,975.027,13.255,18.77,59.23,80.091,52.57,86.66,24
Bharati,2015-09-19,-14.241,-15.87,-12.36,984.104,10.29,18.38,62.937,67.179,44.85,86.19,24
Bharati,2015-09-20,-13.048,-16.11,-10.72,987.075,2.378,5.18,124.511,71.605,44.84,87.89,24
Bharati,2015-09-21,-10.39,-12.94,-8.16,978.876,8.718,11.23,84.265,66.077,59.48,79.36,24
Bharati,2015-09-22,-10.402,-14.8,-7.97,976.712,7.888,11.01,77.724,56.593,45.78,64.72,24
Bharati,2015-09-23,-17.189,-21.42,-14.03,986.938,7.12,9.06,88.64,45.715,37.89,51.45,24
Bharati,2015-09-24,-21.252,-23.55,-18.5,985.537,4.833,7.51,99.651,47.676,38.52,60.05,24
Bharati,2015-09-25,-25.049,-28.53,-21.76,966.18,2.548,11.03,97.796,60.975,40.38,73.79,24
Bharati,2015-09-26,-19.37,-23.64,-17.28,984.693,8.01,10.76,69.187,67.823,57.78,78.69,24
Bharati,2015-09-27,-14.991,-17.38,-13.47,994.876,1.979,4.18,99.057,56.893,50.15,76.46,24
Bharati,2015-09-28,-12.242,-14.59,-10.03,995.156,1.978,3.68,155.485,76.598,57.98,84.76,24
Bharati,2015-09-29,-12.917,-16.39,-10.0,997.751,2.718,6.28,137.391,60.52,46.52,75.83,24
Bharati,2015-09-30,-10.484,-13.37,-7.39,1003.817,7.08,11.11,87.99,46.082,40.12,53.09,24
Bharati,2015-10-01,-14.462,-17.37,-11.16,991.055,10.11,13.24,87.877,48.59,39.5,58.06,24
Bharati,2015-10-02,-15.525,-17.28,-13.11,994.078,5.889,10.88,120.99,45.651,36.23,59.94,24
Bharati,2015-10-03,-16.387,-18.52,-14.68,999.515,8.647,15.6,87.713,49.558,39.89,72.1,24
Bharati,2015-10-04,-14.014,-18.08,-11.03,996.274,7.942,13.18,95.556,43.668,38.42,47.53,24
Bharati,2015-10-05,-15.961,-18.36,-12.82,994.682,7.805,12.64,96.333,43.399,35.31,49.48,24
Bharati,2015-10-06,-16.376,-18.68,-12.91,992.217,3.523,9.88,138.989,43.23,33.54,58.64,24
Bharati,2015-10-07,-17.583,-19.84,-15.18,995.634,4.782,9.13,119.042,37.845,30.53,44.08,24
Bharati,2015-10-08,-17.878,-19.74,-14.56,994.859,3.469,6.84,98.65,41.619,30.42,51.18,24
Bharati,2015-10-09,-16.318,-18.71,-14.53,994.204,4.567,9.06,98.151,45.959,34.61,56.91,24
Bharati,2015-10-10,-13.406,-17.35,-8.72,985.505,6.264,12.01,102.828,43.198,32.16,57.27,24
Bharati,2015-10-11,-12.253,-16.16,-9.64,981.508,7.461,10.74,87.776,44.251,36.88,49.68,24
Bharati,2015-10-12,-9.563,-11.02,-8.16,984.681,2.666,6.6,85.015,65.65,45.75,87.28,24
Bharati,2015-10-13,-10.765,-12.97,-9.36,986.032,1.633,3.38,121.126,68.12,59.48,76.06,24
Bharati,2015-10-14,-13.763,-17.31,-11.28,985.007,2.857,6.9,98.846,54.711,46.58,63.79,24
Bharati,2015-10-15,-16.07,-19.2,-13.66,985.764,4.435,6.61,94.737,46.352,40.93,49.42,24
Bharati,2015-10-16,-17.051,-18.8,-15.34,985.676,3.012,5.82,105.158,48.418,39.9,59.08,24
Bharati,2015-10-17,-10.818,-16.22,-7.66,976.13,4.882,8.7,149.074,66.758,47.2,80.34,24
Bharati,2015-10-18,-6.797,-9.74,-4.81,977.308,7.089,9.89,77.082,65.29,55.91,84.7,24
Bharati,2015-10-19,-10.063,-14.38,-7.13,976.805,5.731,9.47,92.358,48.417,42.09,57.59,24
Bharati,2015-10-20,-11.84,-16.04,-9.03,978.676,5.002,9.86,126.255,44.133,38.27,55.12,24
Bharati,2015-10-21,-12.955,-15.95,-11.05,985.381,5.335,9.47,95.612,46.486,36.84,52.49,24
Bharati,2015-10-22,-11.063,-13.54,-9.28,986.493,5.119,8.96,89.648,52.375,42.89,69.17,24
Bharati,2015-10-23,-10.598,-11.63,-9.06,980.474,2.528,5.92,156.356,61.539,48.49,75.97,24
Bharati,2015-10-24,-10.843,-15.08,-8.08,976.937,4.639,8.85,132.652,48.234,41.55,59.4,24
Bharati,2015-10-25,-14.565,-18.67,-10.95,977.002,5.667,10.84,118.718,41.105,31.18,48.18,24
Bharati,2015-10-26,-14.584,-18.55,-12.21,977.089,6.557,11.8,76.889,49.389,39.79,67.82,24
Bharati,2015-10-27,-13.2,-17.09,-10.77,973.009,5.813,11.25,136.694,45.938,36.22,61.53,24
Bharati,2015-10-28,-8.796,-12.5,-6.75,976.142,5.624,10.55,117.193,46.415,42.09,56.85,24
Bharati,2015-10-29,-8.554,-10.32,-6.82,983.857,7.029,11.76,70.168,71.104,47.4,89.17,24
Bharati,2015-10-30,-10.438,-14.57,-7.73,990.131,4.875,9.65,79.556,53.649,44.97,60.57,24
Bharati,2015-10-31,-11.506,-13.93,-8.1,982.683,7.39,12.75,124.091,44.889,38.72,51.56,24
Bharati,2015-11-01,-6.439,-12.91,-4.14,970.132,7.176,14.51,109.252,47.18,42.19,56.54,24
Bharati,2015-11-02,-4.432,-5.3,-3.65,968.096,8.776,13.58,75.156,75.526,45.14,92.01,24
Bharati,2015-11-03,-3.781,-8.07,-1.13,983.415,4.407,9.93,112.32,58.637,47.26,74.34,24
Bharati,2015-11-04,-7.512,-10.76,-4.51,978.574,3.8,6.3,138.857,47.554,37.31,51.73,24
Bharati,2015-11-05,-6.183,-10.35,-4.63,973.541,3.05,6.28,116.245,54.19,45.75,62.75,24
Bharati,2015-11-06,-6.862,-12.19,-3.27,969.7,4.905,8.41,131.017,58.636,41.04,73.32,24
Bharati,2015-11-07,-9.506,-11.72,-7.31,964.015,5.741,8.27,67.028,60.537,39.8,84.49,24
Bharati,2015-11-08,-8.501,-10.17,-7.24,971.579,5.6,8.38,83.245,57.022,52.21,64.89,24
Bharati,2015-11-09,-6.865,-11.12,-3.04,984.415,10.428,13.64,86.844,50.723,41.92,62.03,24
Bharati,2015-11-10,-6.63,-11.35,-2.9,985.382,8.977,12.47,92.054,48.646,40.87,62.64,24
Bharati,2015-11-11,-6.02,-9.43,-3.34,976.163,13.835,16.68,96.877,49.465,40.26,59.11,24
Bharati,2015-11-12,-7.036,-9.11,-5.64,981.916,10.044,12.67,80.477,39.346,31.44,50.04,24
Bharati,2015-11-13,-5.342,-9.97,-1.71,988.373,10.004,12.5,88.41,41.589,37.19,51.56,24
Bharati,2015-11-14,-6.6,-10.37,-3.95,986.512,8.222,14.51,87.722,40.245,32.67,46.82,24
Bharati,2015-11-15,-7.139,-9.85,-4.75,992.66,5.968,13.59,124.5,44.055,30.76,53.23,24
Bharati,2015-11-16,-7.716,-12.09,-4.32,998.101,4.801,9.8,128.962,43.51,34.02,53.32,24
Bharati,2015-11-17,-8.057,-11.09,-6.35,990.053,5.91,13.94,101.574,38.485,32.28,48.94,24
Bharati,2015-11-18,-4.202,-8.45,-2.16,973.899,10.483,13.32,82.358,48.177,36.07,70.04,24
Bharati,2015-11-19,-4.098,-6.32,-2.36,973.041,8.55,11.9,83.28,43.942,39.02,51.29,24
Bharati,2015-11-20,-5.574,-9.59,-2.62,980.091,3.953,9.62,141.627,42.973,35.75,49.6,24
Bharati,2015-11-21,-5.917,-7.59,-4.44,976.618,3.798,7.9,98.578,43.577,37.13,52.49,24
Bharati,2015-11-22,-6.37,-9.37,-4.69,978.573,2.867,8.16,150.877,46.505,38.24,61.05,24
Bharati,2015-11-23,-5.109,-8.62,-3.63,987.894,4.732,9.64,122.956,40.462,32.25,48.57,24
Bharati,2015-11-24,-2.408,-4.05,-1.21,986.363,9.715,16.5,63.21,83.001,42.41,95.95,24
Bharati,2015-11-25,-1.528,-1.81,-1.18,985.192,9.919,15.68,59.412,93.657,88.15,96.09,24
Bharati,2015-11-26,-0.373,-1.62,1.15,976.761,5.161,10.9,135.275,91.422,78.56,97.22,24
Bharati,2015-11-27,-2.466,-3.72,-1.31,969.161,11.138,12.87,68.284,91.958,85.18,96.69,24
Bharati,2015-11-28,-2.469,-3.65,-1.33,975.975,2.236,6.03,58.815,88.148,81.69,93.83,24
Bharati,2015-11-29,-1.721,-4.98,0.98,984.108,1.758,2.91,235.045,79.932,63.9,91.69,24
Bharati,2015-11-30,-3.072,-5.39,-0.18,984.17,2.271,3.81,196.832,74.816,54.73,90.28,24
Bharati,2015-12-01,-4.063,-4.71,-3.52,984.272,2.562,3.91,48.285,55.67,53.55,57.14,6
Bharati,2016-01-01,0.267,-2.6,1.34,985.055,4.189,8.68,112.03,60.045,41.23,73.75,24
Bharati,2016-01-02,1.277,-1.37,2.95,976.76,2.973,7.45,153.945,49.345,37.58,63.67,24
Bharati,2016-01-03,0.532,-2.55,2.62,973.048,6.394,9.69,68.357,65.335,40.77,94.49,24
Bharati,2016-01-04,-0.765,-2.57,1.21,984.767,5.248,9.61,78.77,74.396,53.61,84.85,24
Bharati,2016-01-05,1.325,-1.02,3.51,975.618,4.334,8.28,86.878,49.322,36.04,59.43,24
Bharati,2016-01-06,1.429,-0.41,3.97,970.502,5.148,9.28,79.081,63.694,45.09,83.14,24
Bharati,2016-01-07,0.392,-0.66,1.93,979.041,4.337,8.06,89.574,76.887,56.26,94.15,24
Bharati,2016-01-08,0.444,-2.61,2.76,984.848,1.848,3.75,148.503,60.849,50.68,73.1,24
Bharati,2016-01-09,-0.914,-3.53,0.88,990.392,2.998,4.2,78.598,61.851,46.52,78.92,24
Bharati,2016-01-10,-0.703,-2.89,0.8,991.223,2.725,5.36,126.79,46.851,40.08,57.88,24
Bharati,2016-01-11,-1.018,-3.52,1.07,989.437,4.212,9.19,68.692,46.073,37.86,56.16,24
Bharati,2016-01-12,-2.111,-5.99,0.52,992.392,5.385,8.83,110.313,45.737,35.79,57.16,24
Bharati,2016-01-13,-1.903,-3.99,0.16,986.271,6.001,8.09,77.557,42.505,34.65,54.71,24
Bharati,2016-01-14,-0.91,-3.0,0.58,982.972,2.273,7.18,155.081,51.739,43.0,63.4,24
Bharati,2016-01-15,-2.179,-3.98,-0.65,985.547,2.184,3.93,186.99,65.871,56.73,74.35,24
Bharati,2016-01-16,-1.131,-3.04,0.05,977.306,3.203,7.26,117.415,56.936,45.27,74.69,24
Bharati,2016-01-17,0.028,-2.8,1.28,983.685,2.47,6.22,166.588,60.992,45.66,87.25,24
Bharati,2016-01-18,-1.245,-3.22,1.28,985.076,7.165,9.01,71.5,74.09,60.25,89.29,24
Bharati,2016-01-19,-0.721,-2.19,0.58,986.199,5.788,7.63,67.648,74.444,59.57,83.48,24
Bharati,2016-01-20,-1.715,-4.96,0.58,988.291,4.328,7.74,88.303,69.752,42.06,88.73,24
Bharati,2016-01-21,-1.448,-3.51,0.38,979.63,4.443,7.14,76.153,45.437,37.7,52.32,24
Bharati,2016-01-22,0.25,-2.31,1.63,978.384,5.624,9.77,73.83,58.092,39.53,75.2,24
Bharati,2016-01-23,0.321,-0.77,2.11,979.038,3.727,8.2,133.266,63.136,50.99,75.04,24
Bharati,2016-01-24,0.568,-0.84,1.92,980.021,3.476,6.94,155.733,58.35,43.96,85.63,24
Bharati,2016-01-25,0.39,-1.26,2.11,979.923,3.914,8.9,130.475,68.819,53.67,91.31,24
Bharati,2016-01-26,-0.618,-2.47,0.44,979.785,6.84,9.54,78.098,64.536,45.33,77.82,24
Bharati,2016-01-27,-1.328,-3.98,1.16,980.319,5.603,7.86,111.802,47.733,35.88,55.13,24
Bharati,2016-01-28,-1.188,-4.52,1.19,984.119,3.373,7.59,91.402,48.835,39.96,55.25,24
Bharati,2016-01-29,-0.852,-3.79,0.3,989.412,4.643,12.05,80.459,57.857,42.29,95.11,24
Bharati,2016-01-30,-1.445,-1.66,-1.09,983.055,10.911,13.85,59.344,96.14,95.42,96.7,24
Bharati,2016-01-31,-1.379,-4.23,1.82,984.809,3.23,7.41,131.074,72.74,51.47,96.59,24
Bharati,2016-02-01,-1.469,-3.69,0.72,978.117,4.035,5.61,94.106,51.359,43.7,61.97,24
Bharati,2016-02-02,-0.402,-2.29,0.71,982.465,5.85,8.59,80.498,63.346,53.53,74.59,24
Bharati,2016-02-03,-2.303,-6.76,1.54,983.891,5.164,9.53,118.732,53.089,42.29,60.28,24
Bharati,2016-02-04,-3.015,-5.55,-1.47,982.38,5.168,8.66,82.885,58.84,51.59,63.55,24
Bharati,2016-02-05,-2.5,-3.6,-1.22,986.55,3.525,7.07,90.235,77.571,59.94,93.61,24
Bharati,2016-02-06,-3.156,-6.91,-1.37,984.558,4.318,6.03,90.551,75.978,56.23,85.87,24
Bharati,2016-02-07,-3.968,-6.44,-1.66,982.002,4.236,6.88,85.697,58.282,52.07,65.78,24
Bharati,2016-02-08,-3.809,-7.1,-2.29,981.576,5.638,7.22,82.487,61.89,56.66,66.63,24
Bharati,2016-02-09,-5.154,-8.64,-1.83,980.75,4.565,6.92,95.063,56.474,49.24,61.27,24
Bharati,2016-02-10,-6.731,-10.62,-2.78,984.068,5.498,8.01,93.116,51.912,38.1,61.65,24
Bharati,2016-02-11,-7.279,-10.97,-3.47,983.24,5.926,9.18,90.406,51.189,43.38,58.68,24
Bharati,2016-02-12,-7.759,-11.31,-5.03,983.084,6.466,8.18,90.559,54.736,44.48,61.65,24
Bharati,2016-02-13,-6.686,-10.55,-3.02,985.118,6.552,10.36,87.198,51.74,44.09,60.6,24
Bharati,2016-02-14,-7.63,-10.33,-5.15,980.438,6.787,9.19,93.447,54.211,42.29,61.4,24
Bharati,2016-02-15,-6.596,-9.65,-3.62,975.452,3.012,8.85,139.177,55.026,44.43,65.88,24
Bharati,2016-02-16,-7.65,-8.99,-6.3,974.728,2.828,6.89,155.919,55.46,38.59,68.68,24
Bharati,2016-02-17,-0.898,-6.03,1.74,970.78,7.346,14.43,76.802,51.572,45.6,58.52,24
Bharati,2016-02-18,-0.173,-4.16,1.13,979.097,9.403,13.59,75.369,58.4,56.45,62.21,24
Bharati,2016-02-19,-4.01,-8.62,-0.42,982.342,5.322,8.15,105.083,48.645,40.03,55.56,24
Bharati,2016-02-20,-6.362,-9.26,-3.35,978.261,4.415,8.05,105.388,49.937,41.07,59.59,24
Bharati,2016-02-22,-4.053,-5.37,-3.1,993.695,9.721,13.78,68.89,81.064,44.9,94.66,24
Bharati,2016-02-23,-4.955,-7.24,-2.28,1005.478,6.403,13.97,95.542,53.396,41.12,68.2,24
Bharati,2016-02-24,-4.074,-7.0,-1.6,998.363,8.223,15.18,74.769,59.53,44.64,90.5,24
Bharati,2016-02-25,-6.143,-9.18,-2.97,995.884,5.223,10.37,117.823,46.387,34.38,55.85,24
Bharati,2016-02-26,-8.627,-12.89,-4.83,984.947,8.971,12.77,84.243,49.89,37.21,65.0,24
Bharati,2016-02-27,-9.59,-12.28,-7.39,988.892,7.715,12.38,86.78,49.398,40.81,62.07,24
Bharati,2016-02-28,-7.422,-10.43,-4.72,993.776,7.334,10.42,88.066,45.99,37.34,50.97,24
Bharati,2016-02-29,-7.59,-10.66,-4.16,992.352,6.067,10.5,90.261,44.266,35.77,50.14,24
Bharati,2016-03-01,-7.499,-10.81,-4.36,980.458,6.652,11.82,80.155,42.796,32.9,53.05,24
Bharati,2016-03-02,-9.054,-11.2,-6.3,967.296,8.245,11.5,88.175,50.905,42.11,57.58,24
Bharati,2016-03-03,-4.702,-10.13,-2.25,964.7,3.424,6.3,135.444,54.228,50.48,60.17,24
Bharati,2016-03-04,-2.552,-6.6,-1.16,974.335,6.137,10.75,80.745,51.295,43.73,61.11,24
Bharati,2016-03-05,-6.695,-9.17,-4.68,976.603,5.144,10.28,129.718,61.49,39.11,86.9,24
Bharati,2016-03-06,-4.9,-6.85,-3.5,980.082,10.778,12.61,57.425,90.788,74.64,94.7,24
Bharati,2016-03-07,-3.006,-4.78,-1.4,973.825,12.376,16.55,76.541,70.291,54.8,93.31,24
Bharati,2016-03-08,-4.149,-6.32,-2.39,971.549,5.744,13.27,97.649,59.675,52.56,76.89,24
Bharati,2016-03-09,-7.09,-10.03,-5.38,972.68,7.693,11.48,109.683,61.477,46.89,85.32,24
Bharati,2016-03-10,-9.786,-11.78,-7.29,978.354,7.058,11.14,93.735,53.94,47.93,59.69,24
Bharati,2016-03-11,-10.536,-14.4,-5.51,976.18,6.901,10.7,95.598,53.258,43.89,61.53,24
Bharati,2016-03-12,-11.69,-14.86,-8.5,975.491,7.455,9.3,91.59,52.865,43.41,60.32,24
Bharati,2016-03-13,-9.2,-12.11,-7.81,974.96,3.349,6.62,111.843,58.787,48.02,82.15,24
Bharati,2016-03-14,-8.166,-9.49,-6.88,972.735,6.64,9.74,112.678,82.55,66.16,90.14,24
Bharati,2016-03-15,-10.64,-12.32,-7.55,980.313,4.36,8.26,142.002,84.211,76.13,89.37,24
Bharati,2016-03-16,-8.13,-11.51,-6.85,984.618,2.765,7.57,147.486,73.868,60.82,82.4,24
Bharati,2016-03-17,-7.286,-9.24,-5.36,988.161,1.955,3.55,106.796,59.895,52.53,64.74,24
Bharati,2016-03-18,-9.304,-11.43,-7.48,981.371,4.628,6.39,90.288,50.155,46.98,54.07,24
Bharati,2016-03-19,-10.579,-13.03,-8.94,979.569,5.552,8.25,88.496,50.114,46.39,53.75,24
Bharati,2016-03-20,-14.525,-18.66,-11.39,982.597,5.888,8.12,101.19,48.176,41.3,60.87,24
Bharati,2016-03-21,-16.498,-19.38,-14.78,985.369,6.848,9.02,85.124,47.568,40.58,56.5,24
Bharati,2016-03-22,-16.272,-18.66,-13.2,980.671,4.215,8.3,92.605,46.558,38.83,51.76,24
Bharati,2016-03-23,-17.93,-19.56,-15.36,974.741,6.495,9.01,92.366,49.713,42.5,52.76,24
Bharati,2016-03-24,-18.689,-19.98,-17.11,974.324,7.229,8.78,90.242,48.516,44.15,59.98,24
Bharati,2016-03-25,-18.882,-21.89,-15.09,976.858,4.754,8.46,104.652,54.604,46.13,69.33,24
Bharati,2016-03-26,-16.767,-21.23,-13.23,977.61,2.191,5.52,214.536,78.546,71.83,83.17,24
Bharati,2016-03-27,-22.962,-25.6,-21.02,978.058,1.315,2.49,248.821,77.203,75.51,78.35,24
Bharati,2016-03-28,-21.224,-25.53,-16.57,971.164,5.007,11.66,168.077,74.066,68.69,76.73,24
Bharati,2016-03-29,-17.088,-21.11,-13.36,970.26,6.454,9.67,92.538,55.964,48.28,72.19,24
Bharati,2016-03-30,-11.197,-13.2,-9.0,988.469,6.141,7.55,92.081,49.403,44.78,51.65,24
Bharati,2016-03-31,-12.755,-14.44,-10.35,982.435,7.368,11.26,89.648,49.577,44.33,53.43,24
Bharati,2016-04-01,-12.96,-14.32,-11.16,970.202,6.815,9.72,87.35,51.15,45.1,57.11,24
Bharati,2016-04-02,-13.317,-15.07,-11.65,981.91,5.394,8.11,78.077,63.991,48.8,82.45,24
Bharati,2016-04-03,-12.655,-15.83,-5.95,985.219,1.978,6.09,123.382,76.836,63.73,83.69,24
Bharati,2016-04-04,-5.2,-5.63,-4.87,970.823,6.191,11.59,82.001,83.76,70.06,93.73,24
Bharati,2016-04-05,-5.783,-7.71,-4.83,973.918,8.491,11.03,69.982,86.854,71.72,93.96,24
Bharati,2016-04-06,-10.129,-13.62,-8.1,982.722,6.767,10.25,81.758,64.63,55.69,74.51,24
Bharati,2016-04-07,-15.327,-17.68,-13.61,972.288,6.299,7.74,88.355,50.493,45.3,58.36,24
Bharati,2016-04-08,-18.226,-19.68,-16.76,969.363,6.275,10.22,89.3,48.44,44.29,60.71,24
Bharati,2016-04-09,-15.615,-17.92,-12.92,976.025,5.145,10.33,114.138,68.811,58.59,80.02,24
Bharati,2016-04-10,-10.831,-14.28,-8.38,963.419,7.448,10.52,89.777,54.169,48.91,66.38,24
Bharati,2016-04-11,-8.241,-9.84,-7.21,967.52,7.553,10.34,73.171,67.958,52.46,88.31,24
Bharati,2016-04-12,-11.648,-15.56,-9.7,978.03,4.858,8.02,126.332,70.013,59.23,87.03,24
Bharati,2016-04-13,-14.378,-16.94,-10.23,980.189,4.917,8.4,103.272,55.68,46.63,66.82,24
Bharati,2016-04-14,-18.15,-20.98,-15.28,978.516,8.394,12.83,88.611,53.832,46.3,64.52,24
Bharati,2016-04-15,-18.7,-19.87,-17.63,969.655,6.908,12.26,93.561,50.319,43.77,56.4,24
Bharati,2016-04-16,-20.432,-21.53,-19.49,979.696,4.931,8.52,86.243,69.997,53.69,76.52,24
Bharati,2016-04-17,-12.347,-19.67,-7.52,985.814,2.477,7.12,125.459,66.063,57.54,76.12,24
Bharati,2016-04-18,-6.745,-9.7,-5.29,988.02,4.778,7.87,98.399,64.635,49.64,86.24,24
Bharati,2016-04-19,-11.349,-14.34,-10.04,990.382,3.273,5.97,99.185,46.458,41.95,50.02,24
Bharati,2016-04-20,-15.387,-17.1,-12.96,994.142,4.942,7.16,94.708,44.405,41.43,48.11,24
Bharati,2016-04-21,-16.903,-18.55,-15.41,999.856,3.32,5.95,100.147,43.491,40.31,47.29,24
Bharati,2016-04-22,-19.434,-21.18,-17.94,1003.937,2.55,4.05,93.675,39.384,37.33,41.5,24
Bharati,2016-04-23,-20.4,-21.13,-19.68,1006.577,2.785,5.03,100.48,42.557,38.12,46.15,24
Bharati,2016-04-24,-21.268,-21.89,-20.17,1004.489,1.721,3.28,101.636,42.237,39.73,44.54,24
Bharati,2016-04-25,-16.97,-20.88,-12.54,991.687,1.287,3.01,182.956,55.307,30.73,81.95,24
Bharati,2016-04-26,-15.165,-18.15,-12.35,989.44,4.68,8.07,95.208,58.032,40.64,76.07,24
Bharati,2016-04-27,-19.223,-20.38,-17.88,992.63,3.542,7.11,97.588,42.599,38.84,46.76,24
Bharati,2016-04-28,-15.666,-19.46,-11.09,989.11,1.445,4.04,149.613,64.617,37.98,86.77,24
Bharati,2016-04-29,-10.111,-10.78,-9.54,974.756,2.347,5.3,93.408,83.078,74.9,88.54,24
Bharati,2016-04-30,-10.312,-10.88,-9.9,972.61,3.467,7.85,94.582,61.629,54.12,73.51,24
Bharati,2016-05-01,-17.237,-22.98,-11.17,980.209,4.908,7.16,66.376,69.19,56.35,80.38,24
Bharati,2016-05-02,-24.793,-26.16,-23.36,984.018,2.225,5.14,103.448,69.387,56.63,77.21,24
Bharati,2016-05-03,-25.967,-26.74,-24.18,985.065,1.976,3.03,101.421,66.012,55.6,75.55,24
Bharati,2016-05-04,-26.397,-27.78,-24.87,1000.886,0.857,3.01,175.812,74.016,70.44,76.06,24
Bharati,2016-05-05,-15.005,-25.29,-8.38,1003.666,1.528,4.6,169.125,66.29,43.42,83.19,24
Bharati,2016-05-06,-11.777,-13.12,-9.58,985.502,2.463,4.35,106.761,54.295,47.03,74.86,24
Bharati,2016-05-07,-6.706,-9.14,-5.53,971.358,6.811,11.58,84.446,75.737,65.76,86.84,24
Bharati,2016-05-08,-6.987,-9.31,-5.81,974.058,9.341,12.65,88.055,64.843,58.9,69.71,24
Bharati,2016-05-09,-11.152,-13.69,-8.49,980.619,9.129,12.08,89.07,55.348,48.91,62.02,24
Bharati,2016-05-10,-14.353,-15.4,-12.42,984.811,6.608,10.29,91.077,56.244,48.66,65.59,24
Bharati,2016-05-11,-10.787,-12.46,-8.94,991.444,3.44,5.66,100.55,64.115,57.85,73.21,24
Bharati,2016-05-12,-10.369,-13.89,-8.7,983.225,4.243,8.5,88.642,58.841,43.61,71.55,24
Bharati,2016-05-13,-17.13,-19.69,-14.4,979.228,7.214,11.1,95.698,46.533,43.04,53.2,24
Bharati,2016-05-14,-16.216,-16.49,-15.93,987.024,2.083,3.99,96.332,53.158,47.55,59.44,24
Bharati,2016-05-15,-15.511,-17.09,-13.38,983.559,4.173,7.45,91.852,56.262,52.21,65.93,24
Bharati,2016-05-16,-12.642,-13.71,-11.6,982.872,7.328,9.75,79.098,64.95,56.67,81.88,24
Bharati,2016-05-17,-12.864,-13.43,-12.42,989.285,8.155,10.5,77.012,65.925,55.09,76.6,24
Bharati,2016-05-18,-16.679,-18.08,-13.27,992.504,1.816,5.45,158.545,81.176,73.79,82.85,24
Bharati,2016-05-19,-15.171,-17.76,-13.18,992.225,2.264,5.14,118.205,61.776,56.52,78.48,24
Bharati,2016-05-20,-16.978,-18.38,-15.72,982.429,3.995,7.27,92.325,49.635,46.54,56.1,24
Bharati,2016-05-21,-18.018,-19.07,-16.78,985.217,3.014,5.37,116.776,51.174,45.75,60.45,24
Bharati,2016-05-22,-17.759,-19.1,-16.69,973.251,4.352,8.63,99.94,49.954,43.99,59.26,24
Bharati,2016-05-23,-16.54,-17.76,-13.16,974.99,5.06,6.95,79.186,62.13,48.92,80.21,24
Bharati,2016-05-24,-12.496,-14.22,-10.19,983.039,6.125,11.57,114.753,60.66,48.27,75.25,24
Bharati,2016-05-25,-13.512,-15.66,-10.75,978.738,6.728,12.77,99.054,50.119,44.23,54.01,24
Bharati,2016-05-26,-17.503,-19.29,-13.92,966.983,6.998,9.79,71.743,67.005,47.67,75.66,24
Bharati,2016-05-27,-11.862,-17.04,-7.96,989.369,7.17,13.85,99.901,50.275,39.91,62.99,24
Bharati,2016-05-28,-13.177,-18.16,-9.14,985.643,11.222,15.21,96.39,53.61,43.93,74.39,24
Bharati,2016-05-29,-16.197,-17.22,-14.68,972.754,5.712,9.4,94.843,47.697,41.87,51.43,24
Bharati,2016-05-30,-18.604,-19.91,-16.7,967.155,4.726,6.92,95.181,46.948,38.89,56.12,24
Bharati,2016-05-31,-19.602,-22.17,-18.73,973.616,2.201,5.18,93.21,70.073,57.21,79.28,24
Bharati,2016-06-01,-21.698,-23.72,-18.58,980.887,4.106,8.2,129.492,59.326,46.01,74.12,24
Bharati,2016-06-02,-15.16,-18.19,-13.68,977.876,2.693,4.6,126.037,62.331,50.13,77.54,24
Bharati,2016-06-03,-16.287,-17.28,-14.6,976.662,5.952,6.98,80.427,58.51,44.46,77.54,24
Bharati,2016-06-04,-15.813,-20.06,-14.53,982.989,5.914,7.61,88.774,68.14,61.37,74.27,24
Bharati,2016-06-05,-23.822,-24.66,-21.51,980.855,5.913,7.4,108.202,60.9,52.4,66.36,24
Bharati,2016-06-06,-23.158,-24.57,-20.48,976.285,2.792,4.4,96.881,43.815,33.99,54.24,24
Bharati,2016-06-07,-15.298,-20.39,-12.16,981.456,2.829,4.93,100.44,58.892,36.26,84.88,24
Bharati,2016-06-08,-11.269,-12.13,-10.43,987.279,6.101,8.38,80.632,71.566,66.19,79.64,24
Bharati,2016-06-09,-10.424,-12.77,-8.24,983.891,5.761,8.93,90.44,75.144,60.19,82.67,24
Bharati,2016-06-10,-10.975,-13.78,-9.34,969.928,9.264,14.97,90.872,63.89,57.25,80.94,24
Bharati,2016-06-11,-14.683,-16.38,-10.92,969.332,8.226,10.64,91.068,54.981,51.92,59.89,24
Bharati,2016-06-12,-16.091,-16.93,-14.46,971.388,6.043,7.24,84.788,49.09,45.33,55.09,24
Bharati,2016-06-13,-20.343,-23.59,-17.02,978.1,2.848,7.39,121.158,67.701,51.59,79.02,24
Bharati,2016-06-14,-24.559,-27.83,-20.78,995.068,1.177,3.82,190.124,63.448,48.74,74.27,24
Bharati,2016-06-15,-21.01,-25.14,-18.84,987.098,2.55,4.46,204.947,67.822,45.54,77.09,24
Bharati,2016-06-16,-30.848,-32.53,-26.95,981.31,3.202,6.19,114.254,71.633,68.61,74.92,24
Bharati,2016-06-17,-29.738,-32.49,-27.16,986.035,3.951,9.77,102.632,61.378,55.14,68.39,24
Bharati,2016-06-18,-27.643,-28.56,-27.18,985.649,4.495,6.09,104.902,50.087,45.02,55.52,24
Bharati,2016-06-19,-28.677,-31.54,-28.07,978.416,3.389,5.53,114.115,49.156,41.56,64.3,24
Bharati,2016-06-20,-32.68,-34.1,-29.63,983.978,2.329,6.04,107.026,66.44,60.59,70.93,24
Bharati,2016-06-21,-33.892,-35.91,-30.9,990.682,1.222,2.87,187.309,54.343,43.82,63.95,24
Bharati,2016-06-22,-25.321,-30.92,-22.22,985.256,2.829,5.39,187.162,68.767,54.75,75.53,24
Bharati,2016-06-23,-23.39,-24.88,-22.18,985.234,0.878,3.09,175.294,75.591,74.21,76.95,24
Bharati,2016-06-24,-24.957,-31.7,-21.39,974.129,0.382,1.47,223.666,75.75,71.56,77.78,24
Bharati,2016-06-25,-19.401,-30.56,-13.08,980.512,2.032,5.03,152.022,72.73,60.04,81.36,24
Bharati,2016-06-26,-10.475,-14.21,-8.96,978.727,4.039,6.56,106.312,81.814,71.67,87.62,24
Bharati,2016-06-27,-11.508,-14.52,-9.12,978.327,5.788,7.19,100.982,64.396,56.8,72.9,24
Bharati,2016-06-28,-17.311,-18.61,-15.32,979.291,6.645,8.16,94.461,55.645,48.5,61.75,24
Bharati,2016-06-29,-18.856,-20.49,-17.33,981.604,6.091,7.91,94.783,53.883,50.48,56.55,24
Bharati,2016-06-30,-21.307,-21.9,-20.89,983.333,4.214,4.87,101.21,51.403,50.34,53.42,10
Bharati,2016-07-01,-26.131,-26.93,-25.57,974.371,4.071,4.96,100.398,46.68,42.07,52.83,17
Bharati,2016-07-02,-24.864,-26.09,-23.56,971.009,5.476,8.18,106.394,54.258,42.42,62.56,24
Bharati,2016-07-03,-24.601,-26.42,-22.98,965.772,2.638,3.97,85.864,68.432,57.83,75.76,24
Bharati,2016-07-04,-28.003,-32.16,-24.87,979.857,1.939,3.49,98.113,73.809,71.19,75.68,24
Bharati,2016-07-05,-33.284,-37.88,-30.16,984.94,2.521,5.63,157.049,68.828,63.46,71.97,24
Bharati,2016-07-06,-34.876,-37.51,-31.96,994.19,1.751,3.47,119.437,69.066,67.98,70.23,24
Bharati,2016-07-07,-21.473,-31.15,-14.04,980.651,3.533,9.78,156.607,70.017,56.43,80.21,24
Bharati,2016-07-08,-17.013,-18.74,-15.39,980.975,2.501,5.71,186.152,78.032,72.0,81.26,24
Bharati,2016-07-09,-22.38,-28.84,-15.61,997.865,2.11,4.76,92.761,73.229,65.98,77.15,24
Bharati,2016-07-10,-15.919,-27.04,-9.32,992.401,3.198,8.91,88.081,81.539,60.5,90.21,24
Bharati,2016-07-11,-10.796,-12.57,-9.3,985.134,3.683,7.55,187.937,85.965,79.44,90.27,24
Bharati,2016-07-12,-9.848,-11.47,-7.91,988.864,3.291,6.75,149.161,73.352,60.1,85.67,24
Bharati,2016-07-13,-8.595,-10.78,-7.73,987.265,6.435,8.35,79.838,71.815,66.71,80.06,24
Bharati,2016-07-14,-9.468,-10.47,-7.81,991.643,6.229,9.72,74.413,66.99,55.9,76.23,24
Bharati,2016-07-15,-12.711,-14.93,-10.71,991.189,4.852,7.42,91.444,60.572,56.87,66.79,24
Bharati,2016-07-16,-13.536,-14.86,-12.47,981.085,2.567,4.96,100.462,57.017,50.3,60.48,24
Bharati,2016-07-17,-17.078,-19.53,-14.82,973.86,2.901,3.71,98.123,54.335,52.1,59.5,24
Bharati,2016-07-18,-21.748,-23.47,-19.45,975.245,2.62,4.25,110.785,50.801,49.14,53.65,24
Bharati,2016-07-19,-20.378,-23.66,-15.74,980.532,3.11,6.57,103.38,53.793,49.24,60.53,24
Bharati,2016-07-20,-10.245,-15.37,-7.98,975.605,10.838,16.71,68.357,78.098,52.89,91.06,24
Bharati,2016-07-21,-12.195,-14.85,-8.82,972.829,3.752,7.19,100.027,69.542,53.84,86.86,24
Bharati,2016-07-22,-16.322,-18.74,-13.6,978.23,4.717,8.94,90.895,71.215,59.48,83.36,24
Bharati,2016-07-23,-17.067,-19.08,-15.09,976.356,2.496,5.3,133.844,65.817,53.49,81.34,24
Bharati,2016-07-24,-18.235,-22.07,-14.49,981.179,4.251,8.82,84.537,67.994,56.79,81.07,24
Bharati,2016-07-25,-22.963,-23.71,-21.96,983.915,4.844,7.95,93.425,54.617,51.04,60.48,24
Bharati,2016-07-26,-21.431,-22.77,-19.47,984.135,8.228,9.29,89.152,56.382,51.71,62.65,24
Bharati,2016-07-27,-20.377,-22.35,-19.25,987.887,5.027,8.7,91.316,52.52,47.64,56.33,24
Bharati,2016-07-28,-15.059,-19.44,-10.47,986.511,6.172,11.56,88.869,59.254,52.78,68.42,24
Bharati,2016-07-29,-12.039,-13.56,-9.86,986.918,8.836,11.85,64.966,71.361,55.2,84.09,24
Bharati,2016-07-30,-16.488,-18.63,-14.16,980.41,6.211,8.52,85.444,50.624,47.36,59.42,24
Bharati,2016-07-31,-8.708,-18.43,-2.89,963.23,8.584,17.74,100.071,58.985,46.97,83.22,24
Bharati,2016-08-01,-12.581,-15.31,-9.15,990.368,8.752,16.82,88.043,68.243,51.49,83.93,24
Bharati,2016-08-02,-10.784,-12.69,-7.85,980.332,6.761,10.0,86.521,50.345,48.4,53.61,24
Bharati,2016-08-03,-6.405,-8.96,-4.99,971.77,13.111,17.42,76.883,57.292,47.43,76.34,24
Bharati,2016-08-04,-11.737,-13.72,-10.51,982.48,6.495,11.6,87.285,64.646,47.53,86.4,24
Bharati,2016-08-05,-15.286,-17.09,-11.91,1000.555,7.622,15.29,84.563,66.949,56.75,80.49,24
Bharati,2016-08-06,-15.634,-16.43,-15.15,998.596,5.425,7.75,104.49,52.498,46.11,58.77,24
Bharati,2016-08-07,-14.227,-17.06,-9.82,997.94,6.024,9.0,92.447,52.088,44.94,59.88,24
Bharati,2016-08-08,-6.698,-9.18,-5.78,1013.589,6.581,9.08,81.865,52.852,43.11,60.68,24
Bharati,2016-08-09,-7.906,-8.84,-5.99,1010.721,8.008,11.66,87.284,37.94,34.76,40.84,24
Bharati,2016-08-10,-9.855,-11.43,-8.42,995.353,12.106,15.53,88.094,43.731,36.68,49.53,24
Bharati,2016-08-11,-11.218,-12.18,-10.44,985.457,11.613,14.49,87.391,44.468,40.26,48.91,24
Bharati,2016-08-12,-12.268,-14.65,-10.49,982.959,7.987,10.62,85.717,41.792,39.23,47.05,24
Bharati,2016-08-13,-13.528,-15.72,-11.5,994.33,6.993,10.24,89.978,46.229,39.68,53.56,24
Bharati,2016-08-14,-17.755,-21.4,-15.42,999.619,6.424,10.73,86.013,37.231,35.66,39.87,24
Bharati,2016-08-15,-24.493,-25.76,-22.04,1006.733,4.972,8.48,93.247,40.843,37.34,45.8,24
Bharati,2016-08-16,-22.521,-25.44,-21.68,1000.875,5.418,8.15,81.028,43.719,40.52,47.76,24
Bharati,2016-08-17,-21.33,-23.02,-20.16,994.898,2.883,3.92,98.392,44.672,39.61,50.08,24
Bharati,2016-08-18,-19.839,-21.37,-17.98,985.82,5.084,8.79,93.971,38.093,35.43,41.73,24
Bharati,2016-08-19,-17.417,-20.52,-12.53,982.094,4.956,10.06,103.385,49.98,37.43,71.53,24
Bharati,2016-08-20,-9.77,-11.33,-7.98,979.791,10.958,15.15,84.048,61.465,48.37,83.44,24
Bharati,2016-08-21,-9.388,-11.75,-7.02,978.25,15.771,18.04,86.548,52.361,47.09,74.14,24
Bharati,2016-08-22,-14.17,-16.58,-10.68,989.302,3.799,13.42,95.101,47.885,42.3,63.25,24
Bharati,2016-08-23,-14.335,-15.87,-12.74,977.479,0.0,0.0,85.109,44.158,41.28,54.52,24
Bharati,2016-08-24,-16.764,-19.62,-13.6,978.247,0.0,0.0,105.56,68.794,51.84,80.34,24
Bharati,2016-08-25,-18.473,-20.26,-15.5,986.955,0.0,0.0,92.949,65.08,49.93,77.28,24
Bharati,2016-08-26,-10.155,-14.67,-8.93,969.078,7.356,13.32,75.006,83.358,57.33,90.47,24
Bharati,2016-08-27,-14.309,-18.74,-10.58,979.743,6.275,8.52,85.959,65.098,54.61,88.34,24
Bharati,2016-08-28,-20.566,-24.61,-18.02,975.757,5.195,6.4,91.685,48.836,41.92,58.86,24
Bharati,2016-08-29,-26.395,-28.96,-23.78,977.684,3.879,5.28,98.159,44.377,37.0,49.19,24
Bharati,2016-08-30,-26.169,-28.38,-23.92,981.645,2.947,5.41,92.951,47.34,38.86,68.68,24
Bharati,2016-08-31,-25.242,-27.79,-22.28,984.385,0.264,1.28,145.288,61.268,51.37,68.57,24
Bharati,2016-09-01,-20.814,-24.64,-17.75,963.929,0.26,3.71,135.122,73.303,50.47,79.49,24
Bharati,2016-09-02,-18.7,-22.12,-15.6,953.728,4.065,7.98,71.727,78.55,75.38,83.54,24
Bharati,2016-09-03,-23.229,-24.9,-22.25,966.905,3.448,7.56,91.693,67.938,50.33,77.26,24
Bharati,2016-09-04,-24.321,-27.39,-21.55,971.598,0.0,0.0,130.537,64.447,47.77,75.21,24
Bharati,2016-09-05,-29.551,-32.84,-24.8,974.16,0.0,0.0,86.149,72.297,67.99,75.05,24
Bharati,2016-09-06,-36.05,-41.19,-32.45,979.571,0.217,1.32,131.842,68.749,65.8,70.65,24
Bharati,2016-09-07,-33.537,-40.11,-25.11,964.799,0.224,3.26,118.819,67.718,62.01,72.64,24
Bharati,2016-09-08,-35.63,-39.48,-30.59,966.066,1.034,4.73,136.319,60.545,42.88,67.42,24
Bharati,2016-09-09,-29.772,-32.79,-24.74,969.734,0.388,3.51,108.512,55.945,43.5,65.41,24
Bharati,2016-09-10,-20.356,-29.72,-7.22,959.892,6.209,19.06,94.516,76.753,63.62,87.34,24
Bharati,2016-09-11,-11.573,-19.24,-6.9,932.737,11.965,17.17,64.362,76.827,64.3,88.98,24
Bharati,2016-09-12,-16.265,-19.23,-14.41,953.765,5.223,12.77,104.681,65.404,54.86,82.98,24
Bharati,2016-09-13,-18.503,-25.67,-15.0,971.508,3.457,7.85,91.585,54.191,45.62,68.22,24
Bharati,2016-09-14,-24.131,-25.55,-22.44,976.8,0.851,2.44,133.105,62.047,44.04,76.19,24
Bharati,2016-09-15,-19.828,-23.58,-17.54,971.807,5.133,8.75,84.685,45.538,38.66,51.36,24
Bharati,2016-09-16,-15.237,-18.29,-12.67,983.378,5.381,11.73,99.571,44.538,35.45,69.94,24
Bharati,2016-09-17,-15.666,-20.42,-12.33,990.504,10.462,16.3,89.844,56.26,33.68,73.85,24
Bharati,2016-09-18,-13.877,-17.75,-11.45,984.402,6.897,11.64,84.602,40.272,35.35,50.78,24
Bharati,2016-09-19,-15.75,-18.7,-12.84,981.82,5.751,7.93,88.216,36.812,32.05,40.03,24
Bharati,2016-09-20,-18.934,-22.49,-15.44,977.793,2.492,5.75,113.974,35.914,28.81,44.37,24
Bharati,2016-09-21,-20.887,-23.21,-17.83,982.531,2.41,6.59,112.394,35.892,31.58,40.97,24
Bharati,2016-09-22,-21.486,-23.05,-19.89,985.165,2.622,6.85,124.099,38.426,32.68,44.43,24
Bharati,2016-09-23,-20.18,-23.1,-18.4,992.718,5.688,7.42,87.531,43.64,33.39,51.55,24
Bharati,2016-09-24,-17.694,-19.22,-15.43,991.155,4.771,6.55,83.291,45.245,38.17,50.89,24
Bharati,2016-09-25,-20.048,-22.41,-17.85,991.646,2.508,6.81,116.3,51.993,39.16,68.35,24
Bharati,2016-09-26,-20.085,-22.6,-18.38,997.972,1.105,3.45,113.177,39.035,29.94,48.7,24
Bharati,2016-09-27,-14.244,-18.83,-9.36,996.303,2.093,7.62,132.354,36.334,27.31,44.41,24
Bharati,2016-09-28,-7.72,-10.08,-5.68,985.756,9.883,13.13,87.34,16.793,0.0,39.48,24
Bharati,2016-09-29,-9.482,-12.94,-6.75,989.748,5.87,9.03,90.443,0.012,0.0,0.02,24
Bharati,2016-09-30,-11.305,-13.62,-8.15,997.123,4.38,6.52,97.088,0.011,0.0,0.02,24
Bharati,2016-10-01,-10.658,-13.55,-7.96,995.551,3.571,7.93,119.582,0.011,0.0,0.03,24
Bharati,2016-10-02,-8.596,-12.15,-4.59,989.525,3.617,7.45,103.188,0.012,0.0,0.02,24
Bharati,2016-10-03,-10.744,-12.49,-8.22,986.077,1.602,4.2,101.077,0.011,0.0,0.02,24
Bharati,2016-10-04,-7.849,-10.68,-3.36,986.27,1.794,5.69,129.35,0.015,0.0,0.02,24
Bharati,2016-10-05,-7.909,-10.29,-4.26,985.927,2.1,5.78,102.646,0.012,0.0,0.02,24
Bharati,2016-10-06,-8.282,-10.24,-6.03,983.068,3.697,7.49,87.758,0.013,0.01,0.02,24
Bharati,2016-10-07,-9.761,-14.0,-6.78,987.43,5.238,9.68,79.913,0.01,0.0,0.02,24
Bharati,2016-10-08,-11.54,-14.12,-10.11,987.677,4.804,9.79,93.903,0.01,0.0,0.02,24
Bharati,2016-10-09,-9.406,-13.16,-7.03,968.826,6.766,12.81,81.383,0.011,0.0,0.02,24
Bharati,2016-10-10,-6.578,-8.33,-5.7,964.427,9.482,14.41,74.111,0.01,0.01,0.02,24
Bharati,2016-10-11,-9.772,-13.4,-6.11,988.11,4.806,8.5,90.13,0.011,0.0,0.02,24
Bharati,2016-10-12,-8.236,-12.14,-5.6,993.534,4.644,12.76,74.038,0.012,0.01,0.02,24
Bharati,2016-10-13,-8.184,-9.78,-6.22,976.737,13.47,17.07,71.979,0.012,0.01,0.02,24
Bharati,2016-10-14,-10.343,-12.33,-9.93,983.759,9.004,14.73,70.537,0.01,0.01,0.02,24
Bharati,2016-10-15,-12.586,-15.51,-9.13,982.202,2.62,8.01,115.247,0.01,0.0,0.02,24
Bharati,2016-10-16,-11.251,-14.52,-8.19,980.573,2.43,5.57,120.425,0.009,0.0,0.03,24
Bharati,2016-10-17,-16.395,-22.2,-10.94,982.95,0.928,3.01,194.461,0.002,-0.03,0.02,24
Bharati,2016-10-18,-17.282,-21.0,-13.42,986.298,1.478,2.79,166.552,0.0,-0.04,0.03,24
Bharati,2016-10-19,-18.94,-20.59,-16.56,979.701,1.969,6.16,141.278,0.002,-0.02,0.05,24
Bharati,2016-10-20,-19.375,-22.29,-17.04,976.722,4.825,7.12,90.342,0.004,-0.02,0.04,24
Bharati,2016-10-21,-18.545,-21.78,-15.89,977.642,4.372,7.23,89.353,0.004,-0.03,0.05,24
Bharati,2016-10-22,-16.21,-19.02,-13.22,968.089,3.376,8.2,134.06,0.005,-0.03,0.03,24
Bharati,2016-10-23,-15.604,-18.32,-14.33,967.654,3.694,8.32,70.652,0.005,-0.01,0.03,24
Bharati,2016-10-24,-13.148,-14.52,-9.59,974.004,2.382,4.3,182.599,0.006,-0.01,0.01,24
Bharati,2016-10-25,-10.033,-16.1,-6.04,975.621,8.146,11.09,90.993,0.01,0.0,0.02,24
Bharati,2016-10-26,-13.238,-16.52,-12.01,975.14,6.257,8.61,75.389,0.008,-0.01,0.02,24
Bharati,2016-10-27,-10.963,-14.06,-8.93,989.304,2.66,7.9,125.853,0.01,0.0,0.02,24
Bharati,2016-10-28,-9.177,-12.45,-7.5,977.442,7.649,15.76,70.095,0.011,0.0,0.02,24
Bharati,2016-10-29,-6.378,-9.22,-5.12,967.402,5.898,15.58,75.405,0.012,0.0,0.02,24
Bharati,2016-10-30,-8.455,-13.02,-4.66,990.659,2.71,6.7,133.752,0.014,0.01,0.02,24
Bharati,2016-10-31,-5.645,-10.1,-1.91,999.452,6.182,10.3,91.758,0.015,0.01,0.02,24
Bharati,2016-11-01,-3.863,-8.21,-0.71,996.027,4.009,10.23,120.12,0.017,0.01,0.02,24
Bharati,2016-11-02,-5.38,-12.0,-1.22,994.294,6.315,11.58,80.262,0.017,0.01,0.02,24
Bharati,2016-11-03,-7.535,-13.35,-4.41,991.167,7.449,15.09,112.45,0.012,0.01,0.02,24
Bharati,2016-11-04,-4.67,-8.72,-1.99,988.345,6.867,13.06,112.763,0.014,0.0,0.02,24
Bharati,2016-11-05,-3.972,-6.39,-2.78,977.855,4.281,10.38,71.24,0.014,0.01,0.02,24
Bharati,2016-11-06,-1.329,-4.65,1.28,983.123,6.551,12.35,76.91,0.017,0.01,0.03,24
Bharati,2016-11-07,-2.094,-5.31,0.83,978.134,6.682,9.99,84.417,0.017,0.01,0.02,24
Bharati,2016-11-08,-2.615,-4.38,-1.23,981.344,5.844,10.22,72.716,0.016,0.01,0.03,24
Bharati,2016-11-09,0.536,-2.72,2.05,989.606,7.344,13.22,72.688,0.018,0.01,0.02,24
Bharati,2016-11-10,0.96,-1.74,2.67,991.987,7.304,12.46,74.985,0.02,0.01,0.03,24
Bharati,2016-11-11,-1.289,-7.93,2.59,988.635,7.663,15.37,81.954,0.017,0.01,0.03,24
Bharati,2016-11-12,-1.478,-7.74,1.02,984.586,6.725,16.06,93.792,0.019,0.01,0.03,24
Bharati,2016-11-13,0.977,-1.89,4.01,996.387,5.558,13.66,76.296,0.021,0.01,0.03,24
Bharati,2016-11-14,0.761,-2.7,2.7,1001.042,2.357,8.49,74.272,0.021,0.01,0.04,24
Bharati,2016-11-15,-2.068,-5.67,0.03,1002.79,3.487,11.82,139.784,0.017,0.01,0.02,24
Bharati,2016-11-16,-3.955,-8.06,-1.68,995.879,3.626,14.5,151.777,0.016,0.01,0.03,24
Bharati,2016-11-17,-5.0,-7.75,-2.34,993.053,3.178,13.68,144.946,0.017,0.01,0.02,24
Bharati,2016-11-18,-5.511,-8.32,-3.61,987.935,4.208,11.02,123.708,0.013,0.01,0.02,24
Bharati,2016-11-19,-6.153,-9.45,-4.05,991.37,3.898,11.57,74.218,0.014,0.01,0.02,24
Bharati,2016-11-20,-4.948,-8.28,-2.87,986.456,3.72,13.99,69.471,0.016,0.01,0.02,24
Bharati,2016-11-21,-2.88,-6.25,-0.54,980.577,4.853,12.38,79.052,0.017,0.01,0.02,24
Bharati,2016-11-22,-2.266,-6.16,0.05,981.694,2.57,10.71,92.903,0.016,0.01,0.02,24
Bharati,2016-11-23,-4.924,-7.59,-3.0,982.79,2.368,8.89,79.507,0.015,0.01,0.02,24
Bharati,2016-11-24,-0.72,-3.97,2.11,984.242,0.757,2.02,134.565,0.02,0.01,0.04,24
Bharati,2016-11-25,-0.575,-4.46,2.08,982.785,1.524,8.94,76.133,0.018,0.01,0.03,24
Bharati,2016-11-26,-1.835,-5.09,0.87,985.759,1.684,8.54,128.037,0.017,0.01,0.03,24
Bharati,2016-11-27,-2.475,-6.24,-0.16,987.185,0.251,1.21,137.53,0.018,0.01,0.03,24
Bharati,2016-11-28,-2.96,-5.91,-0.39,987.011,1.344,10.85,132.227,0.017,0.01,0.03,24
Bharati,2016-11-29,-1.305,-4.28,0.89,987.848,0.834,7.75,110.136,0.018,0.01,0.03,24
Bharati,2016-11-30,-0.418,-3.31,2.09,992.014,1.21,6.65,138.196,0.017,0.01,0.03,24
Bharati,2016-12-01,-0.24,-2.8,2.07,997.435,0.447,1.67,198.438,0.015,0.01,0.02,24
Bharati,2016-12-02,-0.187,-3.75,2.29,996.046,0.358,2.5,118.002,0.016,0.01,0.03,24
Bharati,2016-12-03,0.877,-2.24,2.87,986.309,4.827,16.62,66.127,0.019,0.01,0.02,24
Bharati,2016-12-04,0.578,-2.17,2.14,990.713,7.048,14.45,67.572,0.017,0.0,0.03,24
Bharati,2016-12-05,-0.02,-2.19,1.86,989.58,8.568,11.95,76.513,0.017,0.01,0.03,24
Bharati,2016-12-06,-0.137,-2.5,1.72,988.996,1.358,9.36,133.91,0.015,0.01,0.03,24
Bharati,2016-12-07,-0.673,-3.56,1.43,987.769,0.586,1.68,137.874,0.017,0.0,0.03,24
Bharati,2016-12-08,-1.62,-5.77,0.62,988.481,0.975,7.79,137.541,0.015,0.01,0.03,24
Bharati,2016-12-09,-1.065,-4.57,2.44,987.783,0.204,0.86,119.758,0.017,0.01,0.03,24
Bharati,2016-12-10,-0.643,-2.42,0.8,982.309,0.259,1.46,73.713,0.015,0.01,0.02,24
Bharati,2016-12-11,0.462,-2.23,3.39,982.496,0.508,1.52,121.184,0.018,0.01,0.03,24
Bharati,2016-12-12,2.358,0.34,4.12,982.75,0.433,1.13,74.03,0.018,0.01,0.03,24
Bharati,2016-12-13,1.518,-2.35,4.38,983.862,0.435,2.22,140.012,0.017,0.0,0.03,24
Bharati,2016-12-14,0.063,-1.46,1.09,988.762,0.222,1.23,146.914,0.019,0.01,0.03,24
Bharati,2016-12-15,1.332,-0.88,2.85,993.815,0.385,2.07,161.291,0.02,0.01,0.03,24
Bharati,2016-12-16,2.248,-1.46,4.81,989.69,0.471,2.42,78.373,0.019,0.01,0.03,24
Bharati,2016-12-17,0.896,-0.84,2.39,992.031,0.675,1.97,148.485,0.018,0.01,0.03,24
Bharati,2016-12-18,1.173,-0.16,2.35,991.864,1.713,8.94,71.467,0.017,0.0,0.03,24
Bharati,2016-12-19,1.764,0.45,3.15,994.029,2.272,11.14,81.159,0.02,0.01,0.03,24
Bharati,2016-12-20,5.347,2.43,7.64,992.373,0.769,5.02,97.534,0.023,0.01,0.03,24
Bharati,2016-12-21,3.91,-0.65,7.09,991.585,1.386,8.86,76.612,0.023,0.01,0.03,24
Bharati,2016-12-22,1.532,-0.07,3.25,988.265,10.12,14.33,82.908,0.016,0.0,0.03,24
Bharati,2016-12-23,2.108,-0.69,3.89,988.165,2.511,13.03,86.884,0.02,0.01,0.03,24
Bharati,2016-12-24,2.077,-0.1,4.03,988.286,0.495,1.11,159.385,0.019,0.01,0.03,24
Bharati,2016-12-25,2.802,0.77,4.53,989.877,0.5,1.66,141.547,0.02,0.0,0.03,24
Bharati,2016-12-26,2.392,1.32,3.64,982.66,2.811,9.68,64.116,0.018,0.01,0.02,24
Bharati,2016-12-27,3.42,1.02,5.39,980.735,6.526,12.87,69.848,0.02,0.01,0.03,24
Bharati,2016-12-28,2.732,0.86,4.8,982.914,1.679,11.27,72.48,0.021,0.01,0.03,24
Bharati,2016-12-29,3.405,1.19,4.88,984.389,1.63,8.8,78.307,0.02,0.01,0.03,24
Bharati,2016-12-30,2.698,-0.39,5.41,987.977,1.03,4.51,117.579,0.02,0.01,0.03,24
Bharati,2016-12-31,1.072,-2.51,3.05,987.142,0.428,1.22,134.344,0.017,0.01,0.03,24
