station,date,temperature_mean,temperature_min,temperature_max,pressure_mean,pressure_min,pressure_max,wind_speed_mean,wind_speed_max,weather_observations
Maitri,1985-01-01,-4.477,-8.2,-1.8,979.685,977.2,982.6,11.154,14.0,13
Maitri,1985-01-02,-7.046,-14.4,-2.0,987.058,983.0,989.0,9.958,18.0,24
Maitri,1985-01-03,-11.933,-16.0,-7.7,979.019,971.5,987.0,14.762,32.0,21
Maitri,1985-01-04,-11.296,-13.8,-10.0,972.225,970.9,973.8,40.667,60.0,24
Maitri,1985-01-05,-7.767,-10.0,-5.0,975.953,974.3,977.2,43.533,62.0,15
Maitri,1985-01-06,-6.017,-12.0,-2.0,976.538,974.0,977.8,29.167,48.0,24
Maitri,1985-01-07,-7.748,-14.0,-2.2,971.222,970.3,973.7,13.435,24.0,23
Maitri,1985-01-08,-8.083,-14.0,-5.8,973.796,970.7,976.4,26.292,37.0,24
Maitri,1985-01-09,-5.125,-8.0,-1.2,979.156,976.3,984.5,46.5,110.0,16
Maitri,1985-01-10,-1.954,-4.9,-0.7,984.6,966.0,988.0,54.125,90.0,24
Maitri,1985-01-11,-2.488,-7.0,1.9,986.429,981.5,987.0,35.375,60.0,24
Maitri,1985-01-12,-3.5,-7.3,-0.4,984.162,982.7,985.7,14.25,42.0,24
Maitri,1985-01-13,-3.113,-10.6,5.5,985.712,983.4,986.9,27.042,55.0,24
Maitri,1985-01-14,-4.067,-12.8,0.9,985.321,981.5,986.9,18.25,60.0,24
Maitri,1985-01-15,-1.933,-4.5,-0.3,984.217,982.2,985.2,14.0,20.0,24
Maitri,1985-01-16,-1.392,-3.4,0.3,982.929,982.0,984.7,49.875,80.0,24
Maitri,1985-01-17,-2.308,-6.0,1.1,981.483,963.3,984.8,41.125,70.0,24
Maitri,1985-01-18,-4.725,-7.2,-4.0,975.212,965.2,980.8,33.25,46.0,24
Maitri,1985-01-19,-4.117,-5.7,-2.0,980.471,978.5,981.9,55.833,72.0,24
Maitri,1985-01-20,-2.05,-7.2,0.0,978.783,976.9,980.0,30.958,40.0,24
Maitri,1985-01-21,-3.696,-8.0,-1.0,975.375,974.1,976.8,3.917,18.0,24
Maitri,1985-01-22,-4.692,-10.0,-0.8,980.075,975.9,982.0,13.75,20.0,24
Maitri,1985-01-23,-4.1,-6.0,-2.0,979.075,978.0,980.0,22.5,30.0,8
Maitri,1985-01-25,-7.128,-12.0,-1.8,977.017,974.3,981.1,17.333,30.0,18
Maitri,1985-01-26,-5.024,-7.2,-4.2,991.159,990.0,993.1,38.941,65.0,17
Maitri,1985-01-27,-4.157,-8.0,-1.8,988.743,985.9,992.3,20.429,55.0,21
Maitri,1985-01-28,-6.183,-12.0,1.7,986.609,985.5,988.0,12.913,30.0,23
Maitri,1985-01-29,-5.05,-9.9,0.5,984.875,983.2,986.0,13.708,40.0,24
Maitri,1985-01-30,-5.538,-12.0,-0.2,983.917,983.3,985.0,20.875,40.0,24
Maitri,1985-01-31,-1.486,-7.1,1.6,987.659,985.1,990.7,6.0,6.0,22
Maitri,1985-02-01,-0.433,-1.5,0.8,992.858,990.9,994.0,6.0,6.0,24
Maitri,1985-02-02,-2.487,-6.5,-0.1,992.143,987.0,994.5,9.261,38.0,23
Maitri,1985-02-03,-2.8,-7.6,0.2,984.267,982.9,986.6,22.375,45.0,24
Maitri,1985-02-04,-3.281,-4.8,-1.8,988.0,984.3,990.1,30.25,50.0,16
Maitri,1985-02-06,-4.05,-4.9,-3.4,995.8,995.1,996.5,6.667,10.0,6
Maitri,1985-02-07,-3.339,-4.9,-2.3,995.422,993.0,996.9,6.522,10.0,23
Maitri,1985-02-08,-2.673,-4.5,-1.0,986.836,978.7,992.3,23.409,35.0,22
Maitri,1985-02-09,-4.622,-6.0,-3.1,975.565,974.6,978.1,16.957,35.0,23
Maitri,1985-02-10,-5.333,-9.6,-0.6,976.604,975.9,976.9,14.333,30.0,24
Maitri,1985-02-11,-7.817,-11.1,-3.6,975.279,974.0,976.9,8.958,15.0,24
Maitri,1985-02-12,-6.722,-12.6,1.7,973.05,970.4,974.0,6.0,6.0,18
Maitri,1985-02-13,-5.055,-11.5,-2.4,968.718,968.3,969.7,10.364,20.0,22
Maitri,1985-02-14,-7.032,-12.6,-3.7,969.453,968.3,971.0,14.632,26.0,19
Maitri,1985-02-15,-3.775,-9.2,-1.0,975.542,974.6,977.0,16.417,20.0,12
Maitri,1985-02-16,-6.883,-13.2,-1.5,978.988,977.0,981.2,13.917,30.0,24
Maitri,1985-02-17,-4.771,-11.6,-1.9,984.167,981.8,985.7,15.417,25.0,24
Maitri,1985-02-18,-10.965,-14.3,-7.8,985.735,985.3,986.0,15.294,30.0,17
Maitri,1985-02-19,-8.77,-10.1,-7.9,983.97,982.0,985.7,13.6,20.0,10
Maitri,1985-02-27,-14.964,-22.0,-10.0,976.543,976.1,977.1,2.286,10.0,14
Maitri,1985-02-28,-16.4,-22.5,-10.5,981.709,977.3,984.4,0.783,18.0,23
Maitri,1985-03-01,-11.954,-20.0,-7.7,983.0,979.0,989.0,50.542,94.0,24
Maitri,1985-03-02,-8.806,-12.6,-6.2,992.338,989.5,994.4,55.812,82.0,16
Maitri,1985-03-03,-8.824,-13.1,-7.0,996.035,994.6,996.8,37.706,63.0,17
Maitri,1985-03-04,-16.523,-21.5,-13.5,992.709,987.7,996.2,8.727,26.0,22
Maitri,1985-03-05,-12.354,-16.0,-9.2,980.679,978.0,987.0,35.792,52.0,24
Maitri,1985-03-06,-10.967,-14.0,-8.0,978.554,975.5,979.5,50.042,64.0,24
Maitri,1985-03-07,-7.587,-9.9,-6.0,973.071,972.6,975.0,73.5,88.0,24
Maitri,1985-03-08,-6.633,-8.5,-4.5,973.0,973.0,973.0,36.25,82.0,24
Maitri,1985-03-09,-8.862,-12.4,-5.8,974.779,973.0,977.0,17.083,34.0,24
Maitri,1985-03-10,-9.896,-15.5,-6.5,977.496,977.0,978.0,20.708,37.0,24
Maitri,1985-03-11,-16.258,-20.0,-13.0,977.617,976.0,978.0,9.5,18.0,12
Maitri,1985-03-12,-16.846,-24.0,-10.0,980.642,976.8,986.0,14.375,38.0,24
Maitri,1985-03-13,-12.6,-18.0,-8.8,988.554,985.0,990.5,19.708,54.0,24
Maitri,1985-03-14,-11.104,-17.0,-6.8,979.629,976.5,984.6,22.958,56.0,24
Maitri,1985-03-15,-16.88,-20.0,-14.0,981.24,980.1,983.0,10.6,22.0,15
Maitri,1985-03-16,-21.254,-22.6,-18.5,990.146,983.4,995.2,24.538,37.0,13
Maitri,1985-03-17,-17.15,-22.0,-13.8,995.312,991.6,996.6,43.917,63.0,24
Maitri,1985-03-18,-12.8,-14.0,-12.0,986.922,984.4,991.0,81.444,89.0,9
Maitri,1985-03-29,-11.6,-12.0,-11.0,981.28,980.0,982.3,40.6,46.0,5
Maitri,1985-03-30,-16.379,-20.0,-14.0,981.0,977.8,982.8,35.75,48.0,24
Maitri,1985-03-31,-21.717,-24.0,-18.6,973.062,968.2,977.7,22.75,32.0,24
Maitri,1985-04-01,-18.388,-22.0,-14.0,967.075,965.6,970.8,41.292,52.0,24
Maitri,1985-04-02,-15.25,-18.0,-12.6,973.391,971.0,975.4,21.591,34.0,22
Maitri,1985-04-03,-16.64,-19.0,-14.0,974.08,972.0,975.5,18.533,30.0,15
Maitri,1985-04-04,-15.362,-20.3,-12.0,976.646,973.0,978.2,24.792,37.0,24
Maitri,1985-04-05,-13.886,-15.4,-12.0,974.329,973.4,976.0,33.857,42.0,7
Maitri,1985-04-07,-6.638,-7.7,-6.0,975.875,972.9,978.9,48.5,60.0,8
Maitri,1985-04-08,-7.938,-8.0,-7.8,985.738,979.0,992.0,58.75,74.0,8
Maitri,1985-04-09,-8.973,-9.8,-8.4,981.482,981.0,982.1,72.909,86.0,11
Maitri,1985-04-10,-10.0,-10.2,-9.8,976.171,974.2,978.5,81.143,89.0,7
Maitri,1985-04-11,-12.183,-14.0,-10.5,973.033,971.0,974.7,86.667,89.0,6
Maitri,1985-04-13,-5.271,-6.0,-4.6,969.0,967.0,970.5,37.571,60.0,7
Maitri,1985-04-14,-11.732,-14.2,-8.0,973.442,970.5,976.5,13.737,29.0,19
Maitri,1985-04-15,-24.0,-26.0,-22.0,983.94,983.2,984.5,3.6,10.0,5
Maitri,1985-04-16,-26.66,-28.0,-26.0,979.06,978.0,979.8,2.0,10.0,5
Maitri,1985-04-17,-23.25,-28.0,-18.0,980.296,974.2,990.0,13.708,34.0,24
Maitri,1985-04-18,-18.975,-22.0,-16.8,996.37,991.0,1001.3,32.5,40.0,20
Maitri,1985-04-19,-18.75,-19.8,-17.0,1001.275,1001.0,1001.6,23.0,26.0,4
Maitri,1985-04-21,-22.327,-24.0,-18.5,985.891,984.4,987.0,27.364,37.0,11
Maitri,1985-04-22,-23.791,-26.0,-20.4,988.296,987.0,989.5,30.304,48.0,23
Maitri,1985-04-23,-24.5,-26.0,-23.0,990.4,989.5,991.3,37.0,40.0,2
Maitri,1985-04-24,-16.556,-18.0,-14.8,989.488,985.2,992.0,66.125,78.0,16
Maitri,1985-04-25,-13.638,-16.0,-10.0,978.588,974.1,985.2,52.792,64.0,24
Maitri,1985-04-26,-8.462,-10.5,-5.3,974.75,973.0,976.0,45.625,64.0,24
Maitri,1985-04-27,-9.967,-12.0,-7.8,978.696,975.6,980.0,53.042,66.0,24
Maitri,1985-04-28,-14.717,-20.0,-11.0,981.879,980.0,984.9,51.667,66.0,24
Maitri,1985-04-29,-14.812,-16.0,-13.0,987.65,984.9,990.0,68.333,74.0,24
Maitri,1985-04-30,-14.05,-14.6,-14.0,990.742,988.4,991.8,59.958,72.0,24
Maitri,1985-05-01,-14.321,-16.0,-13.0,984.017,982.8,988.0,51.917,60.0,24
Maitri,1985-05-02,-19.771,-24.2,-17.0,987.7,984.0,990.5,29.833,54.0,24
Maitri,1985-05-03,-24.971,-27.2,-22.0,993.492,991.0,996.1,17.25,22.0,24
Maitri,1985-05-04,-27.667,-32.2,-21.0,995.863,993.0,996.2,15.958,44.0,24
Maitri,1985-05-05,-23.958,-30.2,-21.5,985.411,982.3,992.0,51.368,60.0,19
Maitri,1985-05-06,-21.529,-22.0,-21.0,981.308,980.0,983.5,64.208,86.0,24
Maitri,1985-05-07,-23.425,-28.0,-20.8,983.879,983.0,985.5,31.792,37.0,24
Maitri,1985-05-08,-30.533,-34.8,-27.8,987.625,985.5,989.0,31.333,50.0,24
Maitri,1985-05-09,-28.167,-34.0,-24.0,989.342,988.8,990.0,24.042,46.0,24
Maitri,1985-05-10,-29.612,-33.0,-24.0,988.129,987.2,989.2,21.917,37.0,24
Maitri,1985-05-11,-30.404,-37.7,-26.0,982.762,978.8,988.2,36.375,78.0,24
Maitri,1985-05-12,-24.475,-26.0,-22.0,979.812,979.0,980.9,48.417,89.0,24
Maitri,1985-05-13,-29.404,-34.0,-22.8,973.417,968.0,979.9,11.083,36.0,24
Maitri,1985-05-14,-23.092,-29.0,-20.0,973.433,966.4,981.6,28.542,52.0,24
Maitri,1985-05-15,-21.332,-23.4,-20.0,975.932,971.2,981.8,78.182,108.0,22
Maitri,1985-05-16,-21.3,-22.0,-20.6,975.429,970.3,982.0,94.625,108.0,24
Maitri,1985-05-17,-18.396,-20.2,-17.2,991.304,982.0,998.5,51.5,98.0,24
Maitri,1985-05-18,-24.154,-31.0,-17.0,992.183,987.0,998.1,21.542,40.0,24
Maitri,1985-05-19,-31.821,-37.0,-26.0,989.55,987.0,991.0,15.5,38.0,24
Maitri,1985-05-20,-24.122,-25.0,-23.7,990.826,990.0,992.3,37.652,50.0,23
Maitri,1985-05-21,-26.973,-30.2,-24.0,991.687,991.0,992.8,29.933,40.0,15
Maitri,1985-05-22,-31.133,-34.0,-28.6,994.088,991.9,998.9,25.75,36.0,24
Maitri,1985-05-23,-31.283,-34.0,-28.2,1002.788,999.0,1005.0,28.167,36.0,24
Maitri,1985-05-24,-30.938,-35.4,-27.2,1000.475,995.5,1004.1,27.583,37.0,24
Maitri,1985-05-25,-31.495,-36.0,-27.4,985.829,978.6,995.0,39.952,56.0,21
Maitri,1985-05-26,-25.1,-27.0,-23.0,971.716,969.8,977.5,43.842,60.0,19
Maitri,1985-05-27,-25.833,-30.0,-17.0,975.592,970.0,981.1,17.042,40.0,24
Maitri,1985-05-28,-17.717,-19.0,-16.4,981.525,980.0,982.8,74.5,90.0,24
Maitri,1985-05-29,-20.621,-26.0,-17.8,986.104,983.0,988.9,48.208,74.0,24
Maitri,1985-05-30,-29.104,-32.0,-26.0,993.238,989.5,996.0,27.042,44.0,24
Maitri,1985-05-31,-26.742,-31.8,-24.0,987.829,978.6,996.0,45.125,62.0,24
Maitri,1985-06-01,-29.367,-32.0,-27.8,975.308,973.8,978.0,35.667,50.0,24
Maitri,1985-06-02,-25.612,-33.0,-18.0,980.958,978.5,982.6,52.667,84.0,24
Maitri,1985-06-03,-15.165,-18.0,-12.2,971.906,966.5,978.6,83.235,94.0,17
Maitri,1985-06-04,-13.638,-18.0,-12.0,964.792,962.8,968.5,51.667,70.0,24
Maitri,1985-06-05,-22.888,-26.0,-19.0,972.075,969.0,975.7,30.667,38.0,24
Maitri,1985-06-06,-23.6,-28.0,-21.0,980.671,976.0,985.4,35.208,48.0,24
Maitri,1985-06-07,-24.275,-29.2,-20.0,986.571,985.7,987.0,33.25,44.0,24
Maitri,1985-06-08,-29.046,-35.0,-24.0,977.779,973.0,985.6,21.958,37.0,24
Maitri,1985-06-09,-32.1,-36.8,-28.6,979.662,975.1,981.2,13.875,28.0,24
Maitri,1985-06-10,-30.442,-34.2,-25.0,984.908,981.0,989.3,24.25,40.0,24
Maitri,1985-06-11,-21.9,-26.0,-20.0,988.873,988.5,989.3,42.091,54.0,22
Maitri,1985-06-12,-22.547,-24.0,-19.8,988.441,988.0,988.5,48.706,56.0,17
Maitri,1985-06-13,-18.057,-18.4,-17.8,994.75,993.0,996.0,63.857,70.0,14
Maitri,1985-06-14,-20.55,-23.2,-18.0,993.65,991.0,996.0,67.188,86.0,16
Maitri,1985-06-15,-23.207,-26.0,-21.8,979.887,979.0,981.5,67.133,88.0,15
Maitri,1985-06-16,-25.217,-28.0,-22.0,985.909,980.6,989.9,63.348,86.0,23
Maitri,1985-06-17,-29.48,-30.0,-28.0,990.9,990.0,992.0,36.6,46.0,10
Maitri,1985-06-25,-18.312,-18.8,-18.0,981.525,978.8,984.5,34.75,37.0,8
Maitri,1985-06-26,-19.071,-21.6,-17.8,991.162,985.4,994.4,39.833,48.0,24
Maitri,1985-06-27,-27.004,-31.0,-20.2,995.521,994.5,996.1,24.25,32.0,24
Maitri,1985-06-28,-25.862,-29.2,-24.0,991.167,987.0,994.6,19.625,30.0,24
Maitri,1985-06-29,-29.479,-34.0,-24.4,979.792,974.3,986.3,17.5,36.0,24
Maitri,1985-07-01,-26.5,-27.0,-26.0,937.9,936.8,939.0,33.0,34.0,2
Maitri,1985-07-02,-22.379,-33.0,-15.5,946.621,938.1,950.2,39.75,86.0,24
Maitri,1985-07-03,-26.429,-34.2,-19.2,961.8,948.8,970.4,23.875,35.0,24
Maitri,1985-07-04,-27.346,-32.0,-24.2,976.408,970.6,981.0,16.792,30.0,24
Maitri,1985-07-05,-33.958,-38.0,-32.0,977.817,971.8,981.5,17.167,28.0,24
Maitri,1985-07-06,-28.183,-31.3,-25.0,965.275,962.0,971.5,32.958,42.0,24
Maitri,1985-07-07,-35.283,-40.0,-32.0,960.254,957.0,962.0,15.167,28.0,24
Maitri,1985-07-08,-31.037,-34.4,-28.0,967.113,958.5,978.4,54.875,84.0,24
Maitri,1985-07-09,-25.2,-27.6,-23.7,958.29,958.0,958.5,39.7,46.0,10
Maitri,1985-07-10,-28.029,-28.2,-28.0,958.514,957.8,960.5,26.286,32.0,7
Maitri,1985-07-11,-28.874,-30.3,-26.0,972.753,971.6,973.1,36.789,50.0,19
Maitri,1985-07-12,-30.296,-34.3,-27.0,968.883,968.0,971.0,10.083,22.0,24
Maitri,1985-07-13,-31.821,-34.8,-26.5,968.017,967.4,968.6,6.417,20.0,24
Maitri,1985-07-14,-37.975,-46.8,-34.0,968.121,967.0,969.2,3.958,9.0,24
Maitri,1985-07-15,-32.308,-41.0,-28.0,963.342,960.3,966.9,24.583,46.0,12
Maitri,1985-07-17,-35.562,-41.4,-27.8,955.808,953.8,960.0,24.708,37.0,24
Maitri,1985-07-18,-32.508,-39.0,-28.0,965.788,956.0,972.4,15.25,44.0,24
Maitri,1985-07-19,-29.445,-36.8,-26.0,978.945,973.5,984.0,38.182,56.0,22
Maitri,1985-07-20,-33.529,-40.0,-30.0,985.783,984.4,986.8,31.708,50.0,24
Maitri,1985-07-21,-29.7,-31.8,-28.6,983.6,981.6,986.0,66.25,76.0,8
Maitri,1985-07-22,-26.996,-28.0,-26.0,980.35,980.0,981.1,65.833,80.0,24
Maitri,1985-07-23,-24.242,-26.0,-20.0,972.467,968.0,978.2,106.792,122.0,24
Maitri,1985-07-24,-20.879,-22.0,-19.0,963.967,954.0,974.0,103.75,148.0,24
Maitri,1985-07-25,-25.417,-30.0,-19.2,975.158,973.1,978.9,39.417,82.0,24
Maitri,1985-07-26,-23.596,-32.2,-18.3,970.637,957.9,978.2,26.083,70.0,24
Maitri,1985-07-27,-25.917,-36.3,-18.4,967.404,958.5,974.8,13.217,40.0,23
Maitri,1985-07-28,-23.125,-26.0,-20.0,976.988,975.4,978.0,51.417,74.0,24
Maitri,1985-07-29,-22.725,-25.0,-21.7,970.869,967.3,975.2,101.312,112.0,16
Maitri,1985-07-30,-15.133,-17.2,-12.0,963.656,960.0,966.8,63.333,80.0,9
Maitri,1985-08-02,-24.538,-29.8,-19.8,996.031,994.5,996.9,26.308,48.0,13
Maitri,1985-08-03,-19.688,-23.0,-17.0,990.988,987.2,994.0,25.941,44.0,17
Maitri,1985-08-06,-29.669,-33.6,-26.4,988.585,985.8,990.0,5.538,8.0,13
Maitri,1985-08-08,-26.5,-28.0,-25.0,984.45,984.1,984.8,3.1,6.0,2
Maitri,1985-08-09,-36.538,-40.0,-34.0,995.762,991.2,999.0,2.0,6.0,13
Maitri,1985-08-10,-40.229,-44.0,-36.0,998.9,996.8,1000.1,3.5,6.0,24
Maitri,1985-08-11,-34.25,-41.6,-23.0,990.525,988.0,996.1,5.25,12.0,24
Maitri,1985-08-12,-38.692,-41.2,-35.0,987.242,986.7,988.0,4.25,6.0,24
Maitri,1985-08-13,-37.912,-42.0,-32.0,987.088,986.0,990.7,4.167,6.0,24
Maitri,1985-08-14,-38.057,-43.0,-34.0,991.422,988.0,992.9,5.826,18.0,23
Maitri,1985-08-15,-41.012,-45.4,-34.8,982.387,981.0,987.0,4.667,8.0,24
Maitri,1985-08-16,-46.083,-50.0,-42.0,981.383,978.8,982.4,5.083,10.0,24
Maitri,1985-08-17,-35.375,-46.0,-32.0,971.517,968.5,977.0,30.875,58.0,24
Maitri,1985-08-18,-29.8,-34.0,-24.8,970.108,966.0,972.9,93.667,120.0,24
Maitri,1985-08-19,-23.758,-24.8,-22.2,965.892,965.0,966.8,114.167,128.0,12
Maitri,1985-08-21,-21.921,-25.2,-20.0,978.546,973.0,981.1,36.833,66.0,24
Maitri,1985-08-22,-29.125,-32.0,-27.0,977.842,975.0,980.5,17.542,34.0,24
Maitri,1985-08-23,-29.033,-31.8,-27.0,976.475,975.1,978.5,29.25,46.0,24
Maitri,1985-08-24,-29.125,-33.8,-26.0,980.825,978.2,982.6,20.208,34.0,24
Maitri,1985-08-25,-35.304,-39.0,-32.4,985.021,982.9,986.0,14.667,22.0,24
Maitri,1985-08-26,-31.692,-34.2,-29.0,985.762,985.0,986.7,36.917,54.0,24
Maitri,1985-08-27,-32.767,-37.0,-30.0,986.333,983.8,987.0,37.958,66.0,24
Maitri,1985-08-28,-39.333,-43.8,-34.0,973.621,964.2,983.0,2.25,6.0,24
Maitri,1985-08-31,-37.875,-42.2,-30.2,975.012,971.1,977.2,13.792,18.0,24
Maitri,1985-09-01,-39.425,-42.5,-33.0,977.775,976.4,982.1,9.167,14.0,24
Maitri,1985-09-02,-38.042,-42.8,-30.0,990.175,983.0,994.3,14.625,37.0,24
Maitri,1985-09-03,-25.921,-29.0,-21.0,991.571,987.8,997.0,76.75,94.0,24
Maitri,1985-09-04,-19.037,-20.4,-17.8,987.458,974.8,997.0,80.708,102.0,24
Maitri,1985-09-05,-18.424,-20.0,-17.8,970.053,968.6,974.0,93.294,104.0,17
Maitri,1985-09-06,-26.233,-30.0,-24.0,980.627,977.2,983.2,21.733,28.0,15
Maitri,1985-09-07,-27.975,-30.0,-26.0,986.267,983.4,989.1,29.125,44.0,24
Maitri,1985-09-08,-31.033,-36.0,-26.0,989.025,988.4,990.0,15.5,28.0,24
Maitri,1985-09-09,-33.713,-35.2,-30.0,983.927,979.1,987.7,20.8,28.0,15
Maitri,1985-09-15,-25.74,-33.0,-20.0,972.0,970.0,973.1,13.6,18.0,10
Maitri,1985-09-16,-24.096,-32.0,-21.6,973.029,971.2,974.1,43.833,70.0,24
Maitri,1985-09-17,-21.85,-23.8,-20.5,969.608,968.8,970.8,45.25,64.0,24
Maitri,1985-09-18,-21.963,-23.7,-20.0,972.8,970.4,976.8,31.833,40.0,24
Maitri,1985-09-19,-23.467,-32.2,-19.8,984.387,977.2,990.3,20.958,40.0,24
Maitri,1985-09-20,-20.061,-24.0,-18.0,988.061,982.6,990.6,26.278,56.0,18
Maitri,1985-09-21,-20.871,-28.3,-15.8,974.654,968.8,982.0,19.542,52.0,24
Maitri,1985-09-22,-29.833,-35.8,-26.0,973.321,969.0,978.0,16.917,39.0,24
Maitri,1985-09-23,-31.062,-38.0,-26.0,975.804,972.8,978.2,16.5,24.0,24
Maitri,1985-09-24,-26.508,-32.8,-24.0,973.308,972.5,973.8,24.375,40.0,24
Maitri,1985-09-25,-26.15,-30.0,-24.2,971.996,969.9,976.4,49.0,74.0,24
Maitri,1985-09-26,-26.479,-32.0,-20.5,974.738,972.4,977.4,10.833,18.0,24
Maitri,1985-09-27,-26.15,-28.0,-24.0,982.52,982.0,982.7,25.4,44.0,10
Maitri,1985-09-28,-23.709,-26.0,-21.8,981.427,980.0,982.4,71.091,102.0,11
Maitri,1985-09-29,-19.604,-22.0,-17.6,985.712,981.9,989.0,95.458,104.0,24
Maitri,1985-09-30,-16.129,-17.4,-14.0,985.808,983.0,989.1,78.375,94.0,24
Maitri,1985-10-06,-22.888,-27.8,-20.0,978.846,978.2,979.4,37.833,50.0,24
Maitri,1985-10-07,-20.308,-22.0,-17.8,978.3,977.3,979.4,28.833,44.0,24
Maitri,1985-10-08,-17.447,-21.7,-12.0,976.887,975.8,977.2,18.667,22.0,15
Maitri,1985-10-09,-21.45,-24.4,-17.0,975.0,975.0,975.0,35.375,40.0,8
Maitri,1985-10-10,-26.269,-34.0,-18.7,980.231,977.5,982.9,17.25,30.0,16
Maitri,1985-10-11,-23.48,-28.0,-18.8,980.95,976.0,982.6,15.4,18.0,10
Maitri,1985-10-12,-30.8,-32.4,-30.0,972.8,972.6,972.9,16.667,18.0,3
Maitri,1985-10-13,-26.2,-34.0,-24.0,969.504,967.0,972.9,36.292,89.0,24
Maitri,1985-10-14,-23.55,-24.0,-22.4,966.625,965.0,967.8,76.667,84.0,24
Maitri,1985-10-15,-20.739,-22.0,-18.0,964.861,964.0,965.7,67.87,78.0,23
Maitri,1985-10-16,-19.5,-19.5,-19.5,966.6,966.6,966.6,64.0,64.0,1
Maitri,1985-10-17,-18.733,-22.0,-16.6,972.811,970.8,975.0,65.778,74.0,9
Maitri,1985-10-18,-18.872,-21.0,-17.2,975.211,974.1,976.0,71.056,80.0,18
Maitri,1985-10-22,-15.237,-16.0,-14.0,978.704,977.3,979.8,55.417,74.0,24
Maitri,1985-10-23,-12.267,-14.0,-10.8,976.707,973.0,979.4,54.8,74.0,15
Maitri,1985-10-24,-9.427,-10.8,-7.2,967.632,965.4,972.0,56.5,82.0,22
Maitri,1985-10-25,-7.067,-8.0,-6.0,970.533,970.2,970.7,38.0,40.0,3
Maitri,1985-10-27,-15.112,-19.2,-12.0,975.165,971.5,979.8,30.471,39.0,17
Maitri,1985-10-28,-17.421,-26.0,-10.6,989.158,980.7,992.9,31.792,37.0,24
Maitri,1985-10-29,-17.308,-27.8,-11.0,988.846,983.0,992.8,29.75,40.0,24
Maitri,1985-10-30,-16.529,-22.5,-14.0,978.917,977.0,983.0,30.208,38.0,24
Maitri,1985-10-31,-19.125,-24.0,-16.0,983.779,979.9,987.5,31.542,38.0,24
Maitri,1985-11-01,-20.338,-26.0,-14.6,984.475,982.1,987.8,26.667,28.0,24
Maitri,1985-11-02,-21.325,-26.0,-16.0,982.392,981.6,983.0,31.5,37.0,24
Maitri,1985-11-03,-17.3,-21.0,-15.0,978.808,977.5,981.2,41.208,48.0,24
Maitri,1985-11-04,-16.738,-24.0,-13.2,978.55,977.1,981.6,31.125,37.0,24
Maitri,1985-11-05,-18.838,-26.8,-13.7,985.75,981.9,988.2,28.0,34.0,24
Maitri,1985-11-06,-14.812,-18.6,-13.2,987.3,985.0,988.4,29.708,48.0,24
Maitri,1985-11-07,-17.696,-23.6,-12.6,981.321,980.0,984.8,16.542,24.0,24
Maitri,1985-11-08,-18.325,-24.8,-14.4,978.579,974.6,980.3,41.083,56.0,24
Maitri,1985-11-09,-11.792,-16.3,-8.0,971.321,969.6,974.5,43.125,70.0,24
Maitri,1985-11-10,-15.696,-22.0,-10.0,971.083,966.0,973.2,23.667,48.0,24
Maitri,1985-11-11,-15.287,-18.0,-12.1,955.027,951.0,965.0,36.867,70.0,15
Maitri,1985-11-12,-12.06,-14.0,-9.8,962.63,959.1,970.1,35.5,40.0,10
Maitri,1985-11-13,-15.325,-18.0,-12.0,966.4,964.8,969.9,32.542,52.0,24
Maitri,1985-11-14,-13.354,-15.2,-11.0,970.654,965.5,974.0,39.958,56.0,24
Maitri,1985-11-15,-7.696,-11.0,-4.0,973.637,972.1,974.5,9.667,18.0,24
Maitri,1985-11-16,-11.514,-15.2,-9.0,969.214,965.8,972.0,8.286,14.0,7
Maitri,1985-11-17,-15.692,-21.4,-10.0,965.45,965.1,966.0,27.875,40.0,24
Maitri,1985-11-18,-12.0,-12.0,-12.0,965.88,965.7,966.0,81.2,84.0,5
Maitri,1985-11-29,-9.342,-18.0,-3.0,984.683,982.0,988.0,10.167,18.0,24
Maitri,1985-11-30,-6.95,-11.0,-4.6,975.8,973.2,980.9,34.25,48.0,24
Maitri,1985-12-28,-4.46,-7.0,-0.2,988.46,988.1,988.8,24.2,28.0,10
Maitri,1985-12-29,-4.375,-7.8,-2.0,985.933,984.0,988.5,54.333,86.0,24
Maitri,1985-12-30,-3.086,-5.6,-1.2,986.048,983.2,988.0,76.238,94.0,21
Maitri,1985-12-31,-2.379,-3.2,-1.2,989.893,988.1,991.9,65.071,70.0,14
Maitri,1986-01-01,-7.167,-8.0,-6.0,985.467,984.4,986.1,13.833,14.0,6
Maitri,1986-01-02,-2.762,-6.8,-0.1,982.375,980.5,984.0,25.5,40.0,8
Maitri,1986-01-03,-3.083,-4.4,-2.0,984.283,981.3,986.9,47.304,56.0,23
Maitri,1986-01-04,-1.317,-2.8,-0.1,985.787,985.3,986.5,45.913,64.0,23
Maitri,1986-01-05,-1.354,-2.0,0.0,981.271,977.9,985.0,44.125,52.0,24
Maitri,1986-01-06,-0.671,-1.8,0.0,975.958,974.1,979.5,52.958,63.0,24
Maitri,1986-01-07,-0.3,-1.4,0.0,987.921,980.0,992.0,47.333,68.0,24
Maitri,1986-01-08,-2.525,-5.6,-0.1,984.167,977.7,991.5,14.792,26.0,24
Maitri,1986-01-09,-2.814,-5.8,0.0,975.619,974.0,977.0,14.381,24.0,21
Maitri,1986-01-10,-3.054,-5.4,0.0,976.229,973.7,981.7,7.625,13.0,24
Maitri,1986-01-11,-2.275,-4.6,0.0,986.775,983.0,990.2,10.417,28.0,24
Maitri,1986-01-12,-1.182,-2.8,0.0,992.771,990.7,994.1,21.529,30.0,17
Maitri,1986-01-13,-2.364,-3.8,-0.2,994.145,993.3,994.5,38.727,44.0,11
Maitri,1986-01-14,-3.6,-4.0,-2.7,990.262,988.7,993.0,28.375,37.0,24
Maitri,1986-01-15,-2.978,-8.0,0.0,991.244,990.4,992.0,12.278,18.0,18
Maitri,1986-01-16,-1.653,-4.8,0.0,987.807,984.5,991.2,16.533,28.0,15
Maitri,1986-01-17,-3.45,-5.4,-1.8,982.8,982.0,984.2,31.917,48.0,24
Maitri,1986-01-18,-3.683,-5.4,-2.0,983.067,982.0,984.8,33.75,40.0,24
Maitri,1986-01-19,-2.313,-3.8,-1.6,987.122,985.0,988.0,39.609,48.0,23
Maitri,1986-01-23,-8.119,-12.0,-0.8,987.312,986.4,987.8,11.5,22.0,16
Maitri,1986-01-25,-8.5,-12.0,-6.4,984.875,984.6,985.1,10.75,13.0,4
Maitri,1986-01-27,-6.0,-6.0,-6.0,983.3,983.3,983.3,30.0,30.0,1
Maitri,1986-02-01,-5.871,-10.8,-3.6,983.907,983.6,984.4,17.286,26.0,14
Maitri,1986-02-02,-8.458,-13.4,-6.0,982.633,981.0,984.5,37.333,52.0,24
Maitri,1986-02-03,-3.983,-8.0,0.0,980.675,979.9,981.6,34.417,50.0,24
Maitri,1986-02-04,-4.695,-7.8,-2.0,987.127,982.2,991.2,17.091,30.0,22
Maitri,1986-02-05,-5.291,-8.5,-0.6,992.391,991.4,993.0,10.783,24.0,23
Maitri,1986-02-06,-3.188,-10.0,0.5,990.594,990.1,991.7,3.824,15.0,17
Maitri,1986-02-07,-4.335,-10.0,-1.5,993.559,990.3,995.7,1.471,17.0,17
Maitri,1986-02-08,-4.417,-13.5,6.5,997.535,996.0,998.5,1.217,4.0,23
Maitri,1986-02-09,-7.837,-12.0,-3.8,995.763,995.0,996.7,2.947,8.0,19
Maitri,1986-02-10,-6.196,-8.5,-3.5,993.496,990.0,995.9,7.708,13.0,24
Maitri,1986-02-11,-4.7,-8.0,-2.0,988.487,983.9,990.3,12.2,28.0,15
Maitri,1986-02-12,-1.636,-3.0,0.0,983.345,983.0,983.9,33.273,52.0,22
Maitri,1986-02-13,-3.478,-5.0,-2.0,984.456,984.0,985.0,35.0,41.0,18
Maitri,1986-02-14,-6.065,-7.5,-6.0,985.709,983.9,989.6,30.348,48.0,23
Maitri,1986-02-15,-7.0,-7.5,-6.5,991.08,990.0,994.2,44.8,48.0,5
Maitri,1986-02-16,-7.914,-10.0,-4.0,996.807,994.8,997.6,17.5,33.0,14
Maitri,1986-02-17,-7.909,-15.5,-4.0,990.723,985.0,996.3,15.591,28.0,22
Maitri,1986-02-18,-15.357,-17.5,-13.5,984.329,984.0,985.0,26.286,30.0,7
Maitri,1986-02-19,-6.222,-9.0,-2.5,992.889,992.5,993.0,13.222,22.0,9
Maitri,1986-02-20,-8.833,-9.5,-8.0,992.267,992.0,992.5,20.0,24.0,3
Maitri,1986-02-21,-8.583,-14.0,-5.0,995.117,994.0,996.0,19.75,26.0,12
Maitri,1986-02-22,-12.889,-14.5,-10.0,992.2,991.8,993.0,22.444,30.0,9
Maitri,1986-02-23,-6.929,-8.0,-6.0,990.507,989.0,992.0,56.357,74.0,14
Maitri,1986-02-24,-8.5,-9.5,-8.0,994.088,992.0,996.5,50.0,54.0,16
Maitri,1986-02-25,-6.75,-7.0,-6.0,995.2,994.8,996.0,41.5,43.0,4
Maitri,1986-02-26,-7.167,-8.0,-6.0,993.95,993.5,994.5,50.722,65.0,18
Maitri,1986-02-27,-5.559,-6.5,-5.0,993.071,988.0,995.7,59.835,63.0,17
Maitri,1986-02-28,-5.042,-6.0,-4.0,986.05,985.0,987.5,56.125,59.0,24
Maitri,1986-03-01,-6.792,-12.0,-4.5,987.029,986.8,987.5,49.875,56.0,24
Maitri,1986-03-02,-7.95,-12.0,-5.0,988.05,987.0,988.5,21.2,41.0,10
Maitri,1986-03-03,-7.333,-8.0,-6.0,982.467,980.3,986.3,19.0,19.0,6
Maitri,1986-03-04,-10.857,-12.0,-9.0,974.143,973.5,974.8,16.286,19.0,7
Maitri,1986-03-05,-4.222,-6.5,-3.5,981.067,978.3,982.3,31.333,37.0,9
Maitri,1986-03-06,-8.067,-12.5,-3.5,977.8,977.3,978.5,25.889,28.0,9
Maitri,1986-03-07,-7.918,-12.0,-4.0,978.627,978.3,979.3,23.818,24.0,11
Maitri,1986-03-17,-11.192,-12.0,-10.0,986.169,983.5,988.5,33.385,59.0,13
Maitri,1986-03-18,-7.75,-9.0,-6.5,988.183,988.0,988.5,59.5,93.0,12
Maitri,1986-03-20,-12.816,-15.0,-10.5,993.905,992.5,996.5,27.789,37.0,19
Maitri,1986-03-21,-12.075,-17.5,11.0,995.13,991.5,997.0,23.1,37.0,20
Maitri,1986-03-22,-17.81,-22.0,-14.0,982.633,977.0,990.2,12.238,22.0,21
Maitri,1986-03-23,-22.841,-27.0,-19.0,981.173,976.5,987.0,6.955,11.0,22
Maitri,1986-03-24,-22.5,-28.0,-18.0,990.08,987.2,992.0,16.5,24.0,20
Maitri,1986-03-25,-17.857,-20.0,-15.0,987.481,982.2,992.0,29.714,37.0,21
Maitri,1986-03-26,-18.017,-20.0,-15.0,978.174,977.0,982.0,23.609,37.0,23
Maitri,1986-03-27,-19.65,-22.5,-17.0,976.14,975.5,977.0,18.15,28.0,20
Maitri,1986-03-28,-20.45,-23.0,-18.0,972.17,969.0,976.2,7.6,19.0,20
Maitri,1986-03-29,-20.913,-25.0,-18.0,963.561,960.6,968.5,6.478,19.0,23
Maitri,1986-03-30,-17.211,-24.5,-11.5,971.044,961.5,978.5,31.167,69.0,18
Maitri,1986-03-31,-10.75,-11.0,-10.5,978.5,978.2,978.8,74.5,82.0,2
Maitri,1986-04-03,-15.0,-16.5,-13.5,975.5,975.3,975.7,0.0,0.0,2
Maitri,1986-04-04,-13.867,-18.0,-10.5,977.289,973.0,984.0,21.222,41.0,18
Maitri,1986-05-17,-24.182,-28.0,-20.0,995.155,993.5,996.6,5.455,42.0,11
Maitri,1986-05-18,-32.605,-38.0,-23.5,989.189,986.8,993.0,13.211,24.0,19
Maitri,1986-05-19,-29.853,-35.0,-26.0,989.771,986.2,995.8,14.765,26.0,17
Maitri,1986-05-20,-28.308,-30.0,-25.0,996.285,992.8,997.8,22.154,32.0,13
Maitri,1986-05-21,-25.917,-29.0,-22.0,991.017,988.0,992.5,21.833,26.0,6
Maitri,1986-05-22,-19.192,-25.5,-13.5,981.492,975.0,988.0,42.231,89.0,13
Maitri,1986-05-23,-15.5,-18.0,-14.0,978.594,975.0,981.2,75.765,96.0,17
Maitri,1986-05-24,-16.088,-20.0,-14.0,982.241,980.0,984.8,55.059,80.0,17
Maitri,1986-05-25,-20.644,-28.0,-18.0,987.831,985.0,993.0,29.25,39.0,16
Maitri,1986-05-26,-28.917,-34.0,-27.0,995.933,993.5,997.0,18.083,24.0,12
Maitri,1986-05-27,-26.656,-31.5,-20.5,989.5,984.4,994.8,18.0,69.0,16
Maitri,1986-05-28,-24.69,-34.0,-19.0,991.357,982.8,999.8,15.476,41.0,21
Maitri,1986-05-29,-18.016,-23.5,-12.0,1002.258,1000.0,1004.3,6.684,22.0,19
Maitri,1986-05-30,-9.725,-15.0,-6.0,997.12,991.5,1002.5,49.55,63.0,20
Maitri,1986-05-31,-9.2,-11.5,-7.0,984.405,976.0,990.8,49.25,56.0,20
Maitri,1986-06-01,-14.424,-20.0,-10.0,971.562,965.0,975.3,35.19,65.0,21
Maitri,1986-06-02,-25.225,-36.0,-16.5,979.535,975.5,982.3,17.85,32.0,20
Maitri,1986-06-03,-15.364,-36.0,-8.0,970.414,965.9,976.0,31.909,67.0,22
Maitri,1986-06-04,-27.429,-32.5,-23.5,965.276,964.0,968.5,37.571,52.0,21
Maitri,1986-06-05,-23.306,-34.0,-12.0,973.444,969.9,976.2,41.556,93.0,18
Maitri,1986-06-06,-12.816,-14.0,-12.0,975.974,972.0,979.8,86.053,104.0,19
Maitri,1986-06-07,-20.806,-30.5,-12.0,979.444,979.0,980.0,15.167,48.0,18
Maitri,1986-06-08,-32.81,-38.0,-26.0,980.295,976.2,988.0,4.619,7.0,21
Maitri,1986-06-09,-22.45,-38.5,-18.0,1000.505,989.0,1011.0,20.5,56.0,20
Maitri,1986-06-10,-20.833,-24.0,-18.0,1010.933,1010.2,1012.0,14.25,24.0,12
Maitri,1986-06-11,-15.429,-22.0,-9.0,998.533,989.0,1010.2,36.857,67.0,21
Maitri,1986-06-12,-14.932,-18.0,-12.0,998.032,993.9,1003.5,34.545,63.0,22
Maitri,1986-06-13,-17.295,-20.5,-14.0,1007.923,1004.3,1010.0,33.727,41.0,22
Maitri,1986-06-14,-23.273,-28.0,-14.5,1001.686,997.0,1008.0,30.364,72.0,22
Maitri,1986-06-15,-13.071,-14.5,-10.5,996.476,994.3,998.0,91.143,107.0,21
Maitri,1986-06-16,-18.31,-25.5,-15.0,997.595,996.3,998.6,45.952,82.0,21
Maitri,1986-06-17,-28.05,-32.0,-24.0,996.98,996.2,997.8,26.3,33.0,20
Maitri,1986-06-18,-30.286,-35.0,-24.0,996.019,993.8,997.9,21.524,28.0,21
Maitri,1986-06-19,-23.176,-30.0,-18.0,994.171,993.0,996.1,23.294,33.0,17
Maitri,1986-06-20,-35.316,-40.0,-29.5,998.863,996.1,1000.9,9.0,22.0,19
Maitri,1986-06-21,-40.0,-40.5,-39.5,1000.2,1000.1,1000.3,0.0,0.0,3
Maitri,1986-06-23,-32.0,-32.0,-32.0,1002.382,1001.9,1003.0,28.727,35.0,11
Maitri,1986-06-24,-24.316,-32.0,-17.0,996.021,991.0,1001.8,39.579,54.0,19
Maitri,1986-06-25,-18.286,-23.0,-16.0,991.871,989.8,995.5,49.0,63.0,7
Maitri,1986-06-26,-27.536,-29.0,-25.0,991.771,989.0,995.8,23.5,28.0,14
Maitri,1986-06-27,-28.444,-29.5,-28.0,987.033,985.9,988.3,17.889,28.0,9
Maitri,1987-01-25,-2.023,-6.0,1.0,998.15,997.9,998.7,18.136,32.0,22
Maitri,1987-01-26,-1.705,-8.0,4.0,997.445,996.8,998.1,17.091,26.0,22
Maitri,1987-01-27,-2.75,-8.0,2.0,996.73,996.3,997.2,10.7,20.0,10
Maitri,1989-01-01,-6.023,-11.2,-2.3,986.077,984.0,988.1,6.615,7.0,13
Maitri,1989-01-02,-8.846,-14.0,-5.2,983.679,983.0,985.0,10.375,17.0,24
Maitri,1989-01-03,-6.733,-12.7,-3.8,984.333,983.9,985.0,6.083,15.0,24
Maitri,1989-01-04,-7.521,-12.5,-2.5,989.442,984.0,995.0,15.083,33.0,24
Maitri,1989-01-05,-6.471,-10.0,-4.0,992.754,988.3,995.5,18.125,24.0,24
Maitri,1989-01-06,-5.617,-9.0,-1.0,983.358,980.2,987.5,15.0,37.0,24
Maitri,1989-01-07,-5.825,-9.0,-2.5,991.483,986.1,995.3,27.417,41.0,24
Maitri,1989-01-08,-4.15,-9.3,-0.5,992.679,991.5,994.4,14.583,24.0,24
Maitri,1989-01-09,-4.188,-10.8,2.0,990.85,988.4,993.0,8.792,20.0,24
Maitri,1989-01-10,-3.808,-11.8,0.3,987.012,985.0,989.1,23.958,43.0,24
Maitri,1989-01-11,-3.617,-8.1,-1.0,989.058,986.0,990.6,27.167,46.0,24
Maitri,1989-01-12,-4.004,-8.2,-2.0,985.65,984.6,986.4,16.667,31.0,24
Maitri,1989-01-13,-5.379,-11.5,-0.5,984.221,983.6,984.5,3.958,15.0,24
Maitri,1989-01-14,-5.85,-10.2,-2.0,983.538,983.1,986.3,2.708,7.0,24
Maitri,1989-01-15,-3.621,-9.2,4.0,988.942,986.2,990.7,7.167,15.0,24
Maitri,1989-01-16,-4.283,-10.0,-0.5,985.292,984.5,986.6,3.5,13.0,24
Maitri,1989-01-17,-3.192,-8.0,-0.7,988.279,987.0,989.0,12.333,20.0,24
Maitri,1989-01-18,-4.656,-8.0,-1.8,985.322,983.0,986.7,3.889,9.0,18
Maitri,1989-01-19,-5.004,-10.0,-1.0,981.261,978.2,983.0,7.174,19.0,23
Maitri,1989-01-20,-6.587,-11.2,-2.0,980.858,975.0,983.2,8.833,19.0,24
Maitri,1989-01-21,-5.204,-11.7,0.0,979.988,975.2,987.7,9.917,30.0,24
Maitri,1989-01-22,-3.8,-6.0,-1.8,994.529,987.1,998.2,31.917,41.0,24
Maitri,1989-01-23,-3.639,-4.2,-2.7,994.417,991.7,997.9,36.609,46.0,23
Maitri,1989-01-24,-3.315,-7.0,-1.2,986.838,985.4,988.6,10.231,19.0,13
Maitri,1989-01-25,-3.208,-6.0,-1.0,986.238,984.0,992.0,10.5,33.0,24
Maitri,1989-01-26,-4.337,-10.0,-2.2,994.458,992.0,996.5,21.542,33.0,24
Maitri,1989-01-27,-3.538,-10.0,1.0,983.133,976.0,991.0,11.542,20.0,24
Maitri,1989-01-28,-1.321,-4.2,0.7,974.971,974.3,975.9,26.429,37.0,14
Maitri,1989-03-01,-11.242,-19.7,-7.2,976.121,969.0,979.8,13.125,24.0,24
Maitri,1989-03-02,-11.254,-18.2,-8.0,978.4,977.0,979.4,16.958,28.0,24
Maitri,1989-03-03,-10.042,-11.1,-9.5,982.817,979.8,985.0,46.875,56.0,24
Maitri,1989-03-04,-7.846,-10.4,-5.7,973.458,969.9,981.4,78.583,83.0,24
Maitri,1989-03-05,-2.892,-5.9,-1.8,973.387,965.7,980.7,65.75,89.0,24
Maitri,1989-03-06,-4.508,-9.0,-2.0,984.912,981.3,987.3,45.875,70.0,24
Maitri,1989-03-07,-7.163,-11.5,-3.2,985.196,983.0,990.2,29.25,37.0,24
Maitri,1989-03-08,-10.254,-12.6,-8.2,989.863,982.2,992.9,18.625,31.0,24
Maitri,1989-03-09,-12.746,-23.8,-6.8,974.508,972.7,981.2,19.667,46.0,24
Maitri,1989-03-10,-18.448,-24.7,-13.5,976.862,975.6,979.9,21.81,41.0,21
Maitri,1989-03-11,-18.783,-22.5,-14.8,983.546,980.2,985.0,12.208,20.0,24
Maitri,1989-03-12,-18.979,-22.5,-16.8,990.05,985.9,993.0,23.708,41.0,24
Maitri,1989-03-13,-15.246,-16.3,-14.7,992.985,992.5,993.8,52.077,61.0,13
Maitri,1989-03-15,-10.714,-11.0,-10.5,979.2,978.5,979.9,75.571,81.0,7
Maitri,1989-03-16,-10.83,-11.0,-10.6,975.93,974.0,978.0,79.1,83.0,10
Maitri,1989-03-17,-6.446,-7.9,-5.5,977.479,970.5,983.2,66.042,78.0,24
Maitri,1989-03-18,-7.133,-7.5,-6.8,978.933,975.1,983.3,42.292,56.0,24
Maitri,1989-03-19,-7.346,-8.6,-6.5,977.121,975.1,980.0,39.667,46.0,24
Maitri,1989-03-20,-11.271,-16.3,-9.0,980.117,979.8,980.7,31.458,45.0,24
Maitri,1989-03-21,-18.775,-23.8,-15.5,979.033,977.0,980.0,9.0,36.0,24
Maitri,1989-03-22,-22.004,-25.4,-18.5,979.117,977.6,981.2,7.75,22.0,24
Maitri,1989-03-23,-19.7,-24.0,-16.5,982.079,981.4,983.9,10.958,22.0,24
Maitri,1989-03-24,-23.225,-25.6,-19.5,985.329,984.0,986.0,6.417,15.0,24
Maitri,1989-03-25,-24.233,-27.2,-20.2,987.562,985.5,989.5,11.292,15.0,24
Maitri,1989-03-26,-20.342,-26.2,-15.8,985.825,982.4,988.8,24.333,39.0,24
Maitri,1989-03-27,-17.871,-24.2,-14.8,979.221,977.9,981.7,18.625,31.0,24
Maitri,1989-03-28,-20.733,-27.2,-15.0,984.983,979.8,990.6,11.292,15.0,24
Maitri,1989-03-29,-15.317,-22.8,-9.2,991.342,989.6,992.4,17.083,39.0,24
Maitri,1989-03-30,-10.304,-14.6,-8.0,989.821,987.5,992.9,27.875,52.0,24
Maitri,1989-03-31,-18.713,-23.1,-13.0,994.958,992.7,998.7,8.292,28.0,24
Maitri,1989-04-01,-13.242,-20.5,-11.0,1000.479,998.6,1001.5,26.333,37.0,24
Maitri,1989-04-02,-16.662,-24.1,-13.0,991.887,987.5,999.0,20.958,28.0,24
Maitri,1989-04-03,-24.75,-28.5,-20.3,987.508,987.4,987.9,14.458,20.0,24
Maitri,1989-04-04,-26.838,-28.7,-23.3,987.438,986.3,990.1,9.542,15.0,24
Maitri,1989-04-05,-24.708,-28.5,-22.0,994.358,990.2,997.6,11.333,24.0,24
Maitri,1989-04-06,-21.4,-23.2,-18.8,995.267,992.5,996.5,19.958,24.0,24
Maitri,1989-04-07,-24.333,-25.8,-22.5,991.042,990.2,992.3,16.333,19.0,24
Maitri,1989-04-08,-14.9,-21.5,-11.5,996.462,992.7,999.5,27.375,41.0,24
Maitri,1989-04-09,-16.392,-20.4,-14.3,993.9,987.4,999.5,25.792,41.0,24
Maitri,1989-04-10,-16.104,-19.0,-12.7,982.858,978.5,987.4,21.333,39.0,24
Maitri,1989-04-11,-9.779,-12.6,-7.2,980.738,972.5,988.8,25.417,56.0,24
Maitri,1989-04-12,-11.529,-15.5,-7.5,993.167,989.0,994.5,43.083,56.0,24
Maitri,1989-04-13,-19.011,-23.0,-15.6,990.067,986.3,994.0,16.222,22.0,18
Maitri,1989-04-14,-27.685,-30.0,-25.2,989.069,987.8,990.0,9.385,22.0,13
Maitri,1989-04-15,-26.233,-31.0,-22.0,990.929,990.0,992.2,20.792,30.0,24
Maitri,1989-04-16,-23.304,-25.4,-21.6,990.637,989.4,991.8,23.167,28.0,24
Maitri,1989-04-17,-24.508,-26.0,-23.2,988.046,987.0,989.5,14.083,22.0,24
Maitri,1989-04-18,-24.871,-30.5,-16.5,994.108,988.5,1000.8,13.75,19.0,24
Maitri,1989-04-19,-19.362,-23.6,-15.5,998.025,994.0,1000.5,17.125,43.0,24
Maitri,1989-04-27,-19.796,-25.2,-15.5,975.025,974.7,975.2,14.333,46.0,24
Maitri,1989-04-28,-17.979,-22.0,-16.0,976.096,974.4,978.4,36.417,46.0,24
Maitri,1989-04-29,-25.304,-28.0,-22.0,982.917,978.2,987.5,11.833,24.0,24
Maitri,1989-04-30,-27.638,-31.2,-23.7,986.863,985.5,988.1,11.25,30.0,24
Maitri,1989-05-01,-22.963,-25.9,-20.2,990.967,988.0,992.8,41.75,74.0,24
Maitri,1989-05-02,-18.362,-20.5,-17.5,986.375,984.5,988.3,74.583,89.0,24
Maitri,1989-05-03,-24.221,-28.9,-19.8,982.758,977.5,986.5,15.25,52.0,24
Maitri,1989-05-04,-31.579,-33.7,-30.0,972.833,970.0,977.2,6.583,15.0,24
Maitri,1989-05-05,-30.104,-33.0,-23.0,977.275,971.2,981.4,11.0,30.0,24
Maitri,1989-05-06,-21.012,-23.0,-20.2,972.871,970.8,979.5,69.417,87.0,24
Maitri,1989-05-07,-24.592,-29.6,-18.0,977.912,972.7,981.7,17.333,62.0,24
Maitri,1989-05-10,-35.758,-38.4,-28.2,993.262,989.3,998.7,7.5,9.0,24
Maitri,1989-05-11,-27.989,-35.0,-21.3,999.283,998.7,999.7,6.222,9.0,18
Maitri,1989-05-12,-26.609,-30.5,-22.3,986.259,981.4,993.0,8.818,13.0,22
Maitri,1989-05-13,-32.767,-35.0,-29.5,977.521,973.7,981.0,6.708,17.0,24
Maitri,1989-05-14,-31.095,-39.0,-26.0,972.136,971.4,973.5,16.409,28.0,22
Maitri,1989-05-15,-34.417,-37.2,-32.1,979.058,973.1,983.0,11.0,15.0,24
Maitri,1989-05-16,-32.396,-38.0,-26.4,977.633,972.5,983.5,9.625,17.0,24
Maitri,1989-05-17,-30.792,-37.0,-26.5,971.496,970.5,972.2,12.833,17.0,24
Maitri,1989-05-18,-32.708,-36.3,-28.1,972.738,970.3,973.8,11.167,19.0,24
Maitri,1989-05-19,-33.412,-37.8,-30.0,961.658,956.8,969.8,10.917,22.0,24
Maitri,1989-05-20,-33.558,-38.0,-30.5,962.983,956.7,968.5,13.667,26.0,24
Maitri,1989-05-21,-35.162,-38.8,-30.5,967.096,966.4,969.2,10.792,13.0,24
Maitri,1989-05-22,-39.071,-41.6,-36.5,974.925,969.3,979.6,12.167,13.0,24
Maitri,1989-05-23,-34.546,-38.1,-30.0,984.196,980.3,986.6,11.667,22.0,24
Maitri,1989-05-24,-30.189,-36.7,-23.0,981.472,975.8,986.2,9.611,19.0,18
Maitri,1989-05-25,-35.494,-41.0,-30.7,984.931,981.8,988.5,13.5,17.0,16
Maitri,1989-05-26,-33.579,-42.0,-24.0,989.412,987.6,990.8,9.875,37.0,24
Maitri,1989-05-27,-26.346,-31.3,-23.6,987.854,985.0,991.7,31.042,46.0,24
Maitri,1989-05-28,-29.862,-32.8,-25.4,993.308,991.2,995.0,14.167,30.0,24
Maitri,1989-05-29,-29.612,-34.2,-25.0,985.7,982.0,990.3,14.5,20.0,24
Maitri,1989-05-30,-31.021,-35.7,-23.4,986.262,982.0,987.8,18.125,33.0,24
Maitri,1989-05-31,-20.138,-23.8,-17.8,980.075,970.2,987.7,61.625,96.0,24
Maitri,1989-06-01,-16.5,-18.2,-14.5,972.038,969.5,976.0,70.583,96.0,24
Maitri,1989-06-02,-14.043,-15.7,-12.5,979.03,976.2,980.2,55.478,63.0,23
Maitri,1989-06-03,-15.362,-22.0,-13.2,985.546,979.3,994.8,36.208,52.0,24
Maitri,1989-06-04,-21.308,-26.0,-15.5,1000.054,995.0,1004.0,7.208,22.0,24
Maitri,1989-06-05,-19.45,-23.0,-16.8,995.863,992.8,1001.0,6.667,26.0,24
Maitri,1989-06-06,-16.158,-18.7,-12.5,1003.05,1001.0,1004.0,15.583,43.0,24
Maitri,1989-06-07,-15.392,-17.0,-12.7,998.538,993.7,1002.1,27.75,33.0,24
Maitri,1989-06-08,-17.992,-19.0,-16.0,988.533,982.5,993.8,27.833,37.0,24
Maitri,1989-06-09,-19.304,-22.6,-16.7,973.425,969.0,981.5,26.75,41.0,24
Maitri,1989-06-10,-19.612,-25.0,-10.6,971.367,970.0,973.0,22.083,33.0,24
Maitri,1989-06-11,-12.521,-16.1,-10.0,979.854,974.0,983.3,43.542,52.0,24
Maitri,1989-06-12,-18.342,-21.0,-16.0,983.646,982.9,984.0,43.083,56.0,24
Maitri,1989-06-13,-22.812,-26.3,-19.7,982.833,982.6,983.5,25.917,37.0,24
Maitri,1989-06-14,-28.104,-30.5,-26.2,981.925,981.5,982.6,9.167,19.0,24
Maitri,1989-06-15,-21.404,-28.5,-17.2,981.158,980.6,983.3,15.333,37.0,24
Maitri,1989-06-16,-22.542,-26.0,-20.0,986.446,984.0,987.8,13.292,28.0,24
Maitri,1989-06-17,-27.8,-31.5,-20.5,981.162,979.0,985.2,7.708,9.0,24
Maitri,1989-06-18,-34.196,-38.0,-27.5,976.821,974.7,979.0,7.5,11.0,24
Maitri,1989-06-19,-36.629,-40.5,-30.5,975.271,974.0,978.0,6.5,11.0,24
Maitri,1989-06-20,-39.821,-43.5,-36.0,982.042,978.5,983.9,8.042,13.0,24
Maitri,1989-06-21,-37.504,-43.5,-32.5,976.783,973.4,981.8,13.167,24.0,24
Maitri,1989-06-22,-38.667,-40.2,-33.5,975.571,974.0,978.9,8.667,13.0,24
Maitri,1989-06-23,-38.317,-40.5,-36.0,981.462,979.0,983.1,9.208,11.0,24
Maitri,1989-06-24,-36.596,-40.5,-33.4,982.729,982.0,983.2,17.417,30.0,24
Maitri,1989-06-25,-32.146,-35.0,-29.8,982.208,981.8,983.0,23.667,30.0,24
Maitri,1989-06-26,-29.975,-31.0,-29.0,983.762,982.8,985.0,20.625,26.0,24
Maitri,1989-06-27,-29.963,-35.0,-28.0,982.517,975.2,985.0,15.0,22.0,24
Maitri,1989-06-28,-32.833,-40.0,-25.5,970.363,969.0,974.0,14.417,20.0,24
Maitri,1989-06-29,-18.667,-24.0,-15.0,973.338,970.0,976.4,32.542,50.0,24
Maitri,1989-06-30,-21.621,-30.5,-11.5,968.067,966.0,974.0,20.375,56.0,24
Maitri,1989-07-01,-16.004,-19.6,-12.0,976.017,968.5,984.5,40.667,65.0,24
Maitri,1989-07-02,-20.258,-25.5,-15.5,986.262,983.8,987.8,15.75,28.0,24
Maitri,1989-07-03,-23.604,-31.5,-17.8,986.471,984.5,987.8,14.5,28.0,24
Maitri,1989-07-04,-32.383,-35.3,-28.0,986.896,984.5,990.0,8.958,19.0,24
Maitri,1989-07-05,-28.287,-35.6,-23.0,990.433,990.0,991.0,25.375,45.0,24
Maitri,1989-07-06,-21.642,-22.5,-20.8,988.133,981.2,991.0,45.875,56.0,24
Maitri,1989-07-07,-20.162,-20.5,-19.0,970.738,964.0,979.5,70.917,83.0,24
Maitri,1989-07-08,-20.654,-24.1,-18.0,959.104,955.2,963.5,38.833,74.0,24
Maitri,1989-07-09,-17.917,-25.0,-14.1,953.892,952.8,956.8,34.417,65.0,24
Maitri,1989-07-10,-18.025,-26.0,-14.0,961.433,958.4,964.9,26.0,48.0,24
Maitri,1989-07-11,-23.583,-26.8,-19.0,974.908,966.2,984.5,18.625,30.0,24
Maitri,1989-07-12,-19.996,-25.8,-16.0,988.375,984.5,989.7,18.75,31.0,24
Maitri,1989-07-13,-25.304,-33.0,-19.5,980.971,979.0,985.7,20.0,46.0,24
Maitri,1989-07-14,-30.229,-33.0,-27.0,985.142,982.0,988.5,10.667,19.0,24
Maitri,1989-07-15,-34.417,-37.0,-32.1,988.442,988.0,989.0,7.0,20.0,24
Maitri,1989-07-16,-36.363,-40.5,-31.5,986.133,984.5,988.0,5.958,19.0,24
Maitri,1989-07-17,-34.629,-37.5,-29.5,990.817,985.2,999.6,8.875,17.0,24
Maitri,1989-07-18,-40.383,-46.0,-31.5,1003.579,1001.0,1005.0,5.792,17.0,24
Maitri,1989-07-19,-36.304,-45.0,-25.4,988.462,980.0,1000.2,15.833,46.0,24
Maitri,1989-07-20,-28.057,-31.0,-26.0,975.574,971.6,979.4,29.826,46.0,23
Maitri,1989-07-21,-29.238,-33.0,-27.9,970.679,970.0,971.5,12.042,26.0,24
Maitri,1989-07-22,-30.062,-33.1,-24.0,972.696,971.3,974.3,11.792,19.0,24
Maitri,1989-07-23,-34.804,-38.0,-28.1,971.7,969.8,973.8,7.5,15.0,24
Maitri,1989-07-24,-38.596,-42.0,-32.5,972.654,970.4,974.7,6.792,9.0,24
Maitri,1989-07-25,-38.392,-44.0,-24.0,971.067,968.9,974.3,9.875,28.0,24
Maitri,1989-07-26,-30.046,-33.2,-24.5,976.675,972.2,978.3,11.375,28.0,24
Maitri,1989-07-27,-28.3,-31.0,-25.7,975.186,975.0,975.4,26.286,37.0,7
Maitri,1989-07-28,-22.045,-26.9,-20.8,978.991,978.0,980.0,55.591,72.0,22
Maitri,1989-07-29,-23.411,-29.0,-20.8,977.322,975.0,978.7,36.222,59.0,18
Maitri,1989-07-30,-32.929,-35.0,-30.3,973.425,971.8,977.4,7.708,11.0,24
Maitri,1989-07-31,-33.212,-35.0,-30.5,981.633,978.3,984.5,10.292,13.0,24
Maitri,1989-08-01,-30.225,-33.0,-28.2,982.546,980.0,984.5,16.833,30.0,24
Maitri,1989-08-02,-35.154,-40.0,-29.5,976.312,975.0,979.7,10.583,17.0,24
Maitri,1989-08-03,-38.792,-42.1,-32.0,977.892,975.2,981.4,13.125,24.0,24
Maitri,1989-08-04,-30.771,-33.0,-26.5,982.383,981.3,982.8,21.292,41.0,24
Maitri,1989-08-06,-25.604,-33.0,-21.5,976.412,974.5,979.8,22.125,31.0,24
Maitri,1989-08-07,-25.833,-28.5,-21.0,985.346,981.1,990.0,22.5,37.0,24
Maitri,1989-08-08,-28.465,-31.5,-25.6,996.265,990.4,998.8,24.478,41.0,23
Maitri,1989-08-09,-30.713,-33.0,-27.2,994.667,991.5,997.7,14.083,22.0,24
Maitri,1989-08-10,-33.1,-35.9,-30.5,986.822,983.0,991.8,11.833,20.0,18
Maitri,1989-08-11,-28.85,-32.0,-25.0,983.325,982.5,983.6,14.458,24.0,24
Maitri,1989-08-12,-31.104,-36.2,-26.5,983.821,983.2,984.2,15.917,24.0,24
Maitri,1989-08-13,-26.162,-30.0,-22.0,984.412,983.0,985.8,40.875,54.0,24
Maitri,1989-08-14,-20.992,-22.0,-20.0,988.562,986.3,989.8,54.458,65.0,24
Maitri,1989-08-15,-23.604,-30.0,-21.2,984.433,974.0,990.2,30.292,54.0,24
Maitri,1989-08-16,-33.489,-36.0,-30.0,966.811,965.0,972.2,11.0,17.0,18
Maitri,1989-08-17,-19.746,-25.4,-17.8,975.842,968.0,980.4,44.792,65.0,24
Maitri,1989-08-18,-32.538,-40.0,-27.0,981.271,980.1,982.9,10.917,24.0,24
Maitri,1989-08-19,-38.5,-42.0,-36.0,983.692,982.8,984.2,7.458,11.0,24
Maitri,1989-08-20,-36.667,-38.0,-34.0,984.167,984.0,984.3,8.333,9.0,3
Maitri,1989-08-22,-16.023,-18.0,-15.2,975.454,974.5,976.8,25.462,33.0,13
Maitri,1989-08-23,-16.795,-23.0,-14.0,975.67,974.8,976.8,18.3,37.0,20
Maitri,1989-08-24,-17.812,-23.1,-13.5,982.654,977.3,985.8,17.458,26.0,24
Maitri,1989-08-25,-28.162,-33.0,-21.7,984.279,982.5,985.7,9.083,17.0,24
Maitri,1989-08-26,-26.208,-30.5,-23.0,987.842,985.0,990.0,23.167,33.0,24
Maitri,1989-08-27,-26.4,-31.5,-23.5,994.637,990.6,997.4,24.833,43.0,24
Maitri,1989-08-28,-27.342,-31.0,-24.5,1005.45,998.5,1012.9,28.792,39.0,24
Maitri,1989-08-29,-24.592,-26.2,-21.2,1017.562,1013.3,1019.8,24.208,37.0,24
Maitri,1989-08-30,-24.917,-29.5,-23.0,1012.108,1006.9,1018.8,11.5,17.0,24
Maitri,1989-08-31,-21.629,-24.5,-19.0,1006.825,1006.2,1007.7,26.208,35.0,24
Maitri,1989-09-01,-17.55,-22.4,-14.4,1010.712,1008.5,1012.1,30.812,43.0,16
Maitri,1989-09-02,-23.986,-31.0,-20.0,1006.571,999.5,1011.3,12.476,20.0,21
Maitri,1989-09-03,-28.262,-35.0,-21.0,995.142,993.7,998.6,8.375,24.0,24
Maitri,1989-09-04,-24.579,-30.0,-21.8,995.679,994.0,996.7,16.583,24.0,24
Maitri,1989-09-05,-27.146,-31.5,-22.5,992.738,989.7,996.0,13.25,19.0,24
Maitri,1989-09-06,-33.417,-39.5,-28.9,992.342,990.0,995.8,9.167,11.0,24
Maitri,1989-09-07,-32.775,-37.5,-28.5,997.967,996.0,999.0,6.0,9.0,24
Maitri,1989-09-08,-32.783,-37.1,-27.2,993.242,989.7,997.5,8.042,17.0,24
Maitri,1989-09-09,-33.858,-40.5,-27.2,988.992,988.0,990.2,9.875,19.0,24
Maitri,1989-09-10,-37.05,-42.0,-30.0,993.433,990.1,995.8,11.083,15.0,24
Maitri,1989-09-11,-36.637,-42.1,-31.8,991.4,988.7,995.2,7.042,11.0,24
Maitri,1989-09-12,-39.504,-44.5,-34.0,988.0,987.3,989.5,4.333,13.0,24
Maitri,1989-09-13,-38.75,-44.5,-32.0,991.8,987.9,999.7,9.708,15.0,24
Maitri,1989-09-14,-26.908,-34.2,-16.0,1002.317,1000.1,1004.8,14.417,37.0,24
Maitri,1989-09-15,-18.771,-27.5,-12.0,997.788,995.7,1000.0,20.917,41.0,24
Maitri,1989-09-16,-21.658,-28.0,-18.0,994.629,984.0,999.5,14.542,26.0,24
Maitri,1989-09-17,-24.483,-29.8,-20.5,986.071,982.7,991.7,20.333,31.0,24
Maitri,1989-09-18,-23.746,-28.5,-20.1,994.379,992.0,995.9,21.0,24.0,24
Maitri,1989-09-19,-24.542,-32.5,-20.1,994.162,992.5,995.3,15.458,28.0,24
Maitri,1989-09-20,-32.15,-37.0,-27.8,992.296,991.6,993.7,9.833,11.0,24
Maitri,1989-09-21,-25.867,-38.0,-21.8,998.583,994.2,1001.8,34.0,48.0,24
Maitri,1989-09-22,-20.6,-22.5,-18.5,986.767,979.8,995.0,35.625,48.0,24
Maitri,1989-09-23,-20.588,-22.2,-19.5,977.054,974.8,979.0,33.625,37.0,24
Maitri,1989-09-24,-17.6,-20.0,-15.9,972.137,971.0,974.0,51.625,65.0,24
Maitri,1989-09-25,-19.079,-25.0,-14.5,974.471,972.5,976.5,22.083,46.0,24
Maitri,1989-09-26,-26.646,-32.8,-22.2,977.912,976.5,979.0,10.75,19.0,24
Maitri,1989-09-27,-29.388,-33.1,-25.1,979.517,978.8,980.0,9.333,17.0,24
Maitri,1989-09-28,-27.9,-33.4,-24.0,974.108,968.0,978.0,5.917,13.0,24
Maitri,1989-09-29,-30.858,-36.5,-27.5,965.704,964.8,967.7,9.375,17.0,24
Maitri,1989-09-30,-26.463,-31.5,-21.5,965.096,961.0,967.2,13.833,19.0,24
Maitri,1989-10-01,-27.225,-32.5,-22.0,963.708,960.4,969.8,11.833,15.0,24
Maitri,1989-10-02,-22.529,-27.0,-20.0,974.717,970.1,978.1,11.708,15.0,24
Maitri,1989-10-03,-24.327,-31.7,-17.0,980.173,978.2,982.2,9.364,13.0,22
Maitri,1989-10-04,-28.596,-33.0,-23.1,986.217,982.3,993.0,9.042,13.0,24
Maitri,1989-10-05,-26.529,-32.0,-21.0,996.171,993.7,997.3,12.333,19.0,24
Maitri,1989-10-06,-24.375,-28.9,-19.8,996.333,996.0,996.6,12.417,19.0,24
Maitri,1989-10-07,-24.054,-30.0,-18.0,996.621,996.0,996.9,6.667,19.0,24
Maitri,1989-10-08,-29.367,-35.0,-24.0,992.633,990.7,995.7,11.25,19.0,24
Maitri,1989-10-09,-26.925,-33.0,-21.2,993.15,991.3,994.2,12.25,19.0,24
Maitri,1989-10-10,-29.183,-34.5,-22.4,989.233,984.0,993.5,11.917,24.0,24
Maitri,1989-10-11,-26.521,-34.1,-21.0,982.558,980.2,983.9,18.875,46.0,24
Maitri,1989-10-12,-20.417,-23.8,-17.5,982.096,980.0,987.0,56.833,70.0,24
Maitri,1989-10-13,-15.65,-17.5,-13.5,990.038,987.0,991.0,40.875,48.0,24
Maitri,1989-10-14,-14.288,-17.1,-12.8,989.879,988.5,991.0,45.875,52.0,24
Maitri,1989-10-15,-12.692,-15.0,-8.8,984.2,977.5,988.4,42.917,56.0,24
Maitri,1989-10-16,-10.513,-12.4,-9.5,975.542,974.5,977.6,39.875,52.0,24
Maitri,1989-10-17,-12.925,-17.5,-10.5,982.508,978.0,986.4,26.625,46.0,24
Maitri,1989-10-18,-18.767,-23.0,-14.8,984.675,979.3,988.0,11.75,22.0,24
Maitri,1989-10-19,-19.183,-27.0,-14.2,976.55,971.1,979.1,28.375,63.0,24
Maitri,1989-10-20,-14.842,-17.9,-12.8,970.292,969.2,971.5,55.833,65.0,24
Maitri,1989-10-21,-11.492,-14.6,-10.0,971.125,968.5,972.3,49.5,70.0,24
Maitri,1989-10-22,-11.458,-18.1,-8.5,963.758,960.2,967.4,45.542,65.0,24
Maitri,1989-10-23,-7.337,-10.0,-5.7,954.042,950.0,960.3,47.583,78.0,24
Maitri,1989-10-24,-9.333,-12.3,-6.8,970.2,961.5,975.1,18.667,31.0,24
Maitri,1989-10-25,-12.723,-17.1,-8.2,976.9,975.1,979.0,5.769,9.0,13
Maitri,1989-10-26,-13.492,-16.5,-9.0,982.633,981.8,983.0,8.667,13.0,12
Maitri,1989-10-29,-18.617,-20.5,-16.6,967.183,966.7,967.6,15.167,20.0,6
Maitri,1989-10-30,-18.968,-25.5,-15.2,965.741,964.9,966.5,19.273,33.0,22
Maitri,1989-10-31,-18.975,-26.0,-12.0,974.679,968.0,979.9,11.417,13.0,24
Maitri,1989-11-01,-18.5,-25.0,-11.5,978.658,976.0,980.2,7.958,30.0,24
Maitri,1989-11-02,-15.283,-20.5,-13.0,973.392,970.0,975.0,53.875,65.0,24
Maitri,1989-11-03,-11.846,-15.0,-9.4,965.725,963.2,969.0,80.792,89.0,24
Maitri,1989-11-04,-9.617,-11.2,-7.9,969.725,965.7,971.5,51.25,78.0,24
Maitri,1989-11-05,-10.983,-18.5,-6.5,977.692,971.8,982.5,21.167,37.0,24
Maitri,1989-11-06,-15.921,-24.0,-10.0,981.142,977.0,982.5,7.833,24.0,24
Maitri,1989-11-07,-14.617,-18.5,-12.0,973.3,970.7,976.4,38.417,52.0,24
Maitri,1989-11-08,-13.583,-19.3,-9.0,980.613,977.0,981.9,15.458,22.0,24
Maitri,1989-11-09,-15.954,-24.5,-9.0,979.488,978.8,980.4,4.042,20.0,24
Maitri,1989-11-10,-12.175,-14.2,-10.0,980.242,978.2,982.0,15.958,28.0,24
Maitri,1989-11-11,-10.675,-14.0,-9.1,981.325,980.8,982.8,45.083,59.0,24
Maitri,1989-11-12,-10.112,-11.2,-9.7,988.992,983.6,993.8,45.042,59.0,24
Maitri,1989-11-13,-9.658,-14.4,-7.5,996.742,993.3,997.8,27.333,43.0,24
Maitri,1989-11-14,-11.608,-17.5,-6.9,989.229,977.5,997.0,14.625,20.0,24
Maitri,1989-11-15,-6.475,-14.5,-3.0,974.258,969.5,982.5,33.667,59.0,24
Maitri,1989-11-16,-7.371,-11.0,-5.5,988.067,984.5,991.4,31.167,46.0,24
Maitri,1989-11-17,-7.292,-12.0,-5.0,992.504,991.1,993.4,26.792,41.0,24
Maitri,1989-11-18,-7.233,-10.5,-4.0,985.075,980.4,991.0,22.167,30.0,24
Maitri,1989-11-19,-7.921,-13.5,-5.8,980.988,980.6,981.9,24.25,41.0,24
Maitri,1989-11-20,-9.275,-12.5,-7.5,985.238,982.1,986.9,25.333,37.0,24
Maitri,1989-11-21,-9.467,-12.3,-7.5,985.721,984.0,986.9,22.5,35.0,24
Maitri,1989-11-22,-9.217,-11.0,-8.5,984.442,983.5,986.9,28.667,37.0,24
Maitri,1989-11-23,-8.404,-11.0,-7.2,989.613,987.2,990.7,34.167,43.0,24
Maitri,1989-11-24,-7.567,-10.5,-5.8,984.025,976.6,989.4,48.958,61.0,24
Maitri,1989-11-25,-4.679,-7.2,-3.0,974.104,970.5,976.7,48.042,65.0,24
Maitri,1989-11-26,-2.604,-3.7,-2.0,978.488,975.3,983.2,50.292,69.0,24
Maitri,1989-11-27,-2.212,-2.9,-1.3,988.5,983.4,992.2,40.042,50.0,24
Maitri,1989-11-28,-4.983,-9.2,-3.0,991.562,989.0,993.3,25.708,31.0,24
Maitri,1989-11-29,-7.267,-12.5,-4.2,986.188,984.0,988.8,25.208,35.0,24
Maitri,1989-11-30,-8.696,-13.0,-5.8,985.95,984.2,987.4,23.125,37.0,24
Maitri,1989-12-28,-1.9,-2.9,-0.5,976.286,974.8,976.9,15.143,22.0,7
Maitri,1989-12-29,-1.8,-3.0,-1.2,981.992,977.1,987.0,27.375,37.0,24
Maitri,1989-12-30,-1.467,-2.3,-0.5,987.721,985.3,988.8,10.708,20.0,24
Maitri,1989-12-31,-1.45,-3.4,1.8,981.992,980.2,984.9,3.25,11.0,24
Maitri,1990-01-01,-1.371,-3.4,-0.2,979.467,969.0,986.3,10.208,22.0,24
Maitri,1990-01-02,-1.079,-3.5,0.0,975.646,961.0,987.0,29.417,56.0,24
Maitri,1990-01-03,-0.708,-2.0,2.5,964.425,955.2,976.2,33.75,59.0,24
Maitri,1990-01-04,-0.788,-1.5,0.0,977.779,960.3,984.2,23.958,52.0,24
Maitri,1990-01-05,-0.646,-3.1,0.3,972.504,955.7,986.5,22.417,59.0,24
Maitri,1990-01-06,-1.188,-3.0,0.0,960.708,956.2,964.8,44.917,56.0,24
Maitri,1990-01-07,-1.521,-3.0,0.0,971.296,965.0,986.8,26.083,48.0,24
Maitri,1990-01-08,-1.625,-4.6,-0.2,964.258,949.9,983.6,18.333,28.0,24
Maitri,1990-01-09,-1.979,-4.7,0.0,959.613,949.6,973.7,23.833,41.0,24
Maitri,1990-01-10,-1.625,-3.2,-0.2,975.133,971.0,978.0,26.542,45.0,24
Maitri,1990-01-11,-1.621,-3.7,0.0,972.583,971.0,975.2,7.25,33.0,24
Maitri,1990-01-12,-1.492,-2.6,0.0,981.812,975.3,988.7,18.375,45.0,24
Maitri,1990-01-13,-2.467,-4.2,-0.4,984.204,974.0,989.5,26.667,50.0,24
Maitri,1990-01-14,-3.033,-5.4,-1.4,984.675,972.7,992.9,30.167,59.0,24
Maitri,1990-01-15,-2.55,-3.4,-1.0,990.871,976.0,1001.0,29.5,43.0,24
Maitri,1990-01-16,-1.508,-3.8,-0.5,990.554,978.6,999.4,21.583,31.0,24
Maitri,1990-01-17,-2.442,-4.9,-0.3,989.412,973.4,1004.2,25.667,37.0,24
Maitri,1990-01-18,-1.371,-3.7,0.0,979.2,973.6,983.0,22.5,41.0,24
Maitri,1990-01-19,-1.812,-3.6,-0.2,979.071,978.2,981.0,7.75,20.0,24
Maitri,1990-01-20,-1.579,-4.0,0.0,981.183,979.7,982.4,4.25,15.0,24
Maitri,1990-01-21,-1.9,-3.7,-0.4,976.121,973.0,979.3,20.292,37.0,24
Maitri,1990-01-22,-1.371,-3.3,0.0,975.3,973.0,977.1,27.792,43.0,24
Maitri,1990-01-23,-1.058,-3.2,0.0,975.379,974.7,976.0,37.0,52.0,24
Maitri,1990-01-24,-1.542,-3.8,0.0,977.154,975.1,978.8,36.458,56.0,24
Maitri,1990-01-25,-2.104,-4.3,-0.8,984.662,979.2,987.0,28.708,39.0,24
Maitri,1990-01-26,-1.787,-3.0,-0.3,981.633,977.9,986.3,9.708,19.0,24
Maitri,1990-01-27,-2.608,-4.4,-0.2,977.779,976.4,981.0,22.0,45.0,24
Maitri,1990-01-28,-3.093,-5.8,-0.2,982.736,981.0,983.7,26.071,37.0,14
Maitri,1990-02-21,-5.143,-5.4,-4.6,961.5,955.7,967.4,63.0,83.0,14
Maitri,1990-02-22,-1.275,-4.1,-0.2,955.883,954.7,958.6,58.667,74.0,24
Maitri,1990-02-23,-1.569,-3.4,-0.2,962.338,959.4,965.0,62.125,67.0,16
Maitri,1990-02-24,-2.379,-5.2,0.0,965.288,963.0,966.8,34.333,59.0,24
Maitri,1990-02-25,-3.604,-7.3,-1.3,960.85,959.0,962.7,40.125,54.0,24
Maitri,1990-02-26,-3.946,-5.4,-2.2,961.021,960.0,962.6,38.333,48.0,24
Maitri,1990-02-27,-5.129,-6.5,-4.0,965.7,962.9,968.0,29.542,43.0,24
Maitri,1990-02-28,-6.512,-9.8,-3.2,971.229,968.1,973.9,30.208,41.0,24
Maitri,1990-03-01,-3.8,-5.2,-2.5,976.936,974.0,977.6,15.455,24.0,11
Maitri,1990-03-02,-5.696,-7.0,-4.0,978.95,977.7,981.0,18.0,33.0,24
Maitri,1990-03-03,-6.586,-10.8,-4.0,980.182,977.2,981.3,30.773,48.0,22
Maitri,1990-03-04,-8.462,-11.8,-6.6,972.117,966.2,977.0,27.583,50.0,24
Maitri,1990-03-05,-4.317,-8.8,-1.8,966.254,963.5,970.3,46.458,65.0,24
Maitri,1990-03-06,-3.787,-4.8,-3.0,970.652,969.6,971.7,34.217,43.0,23
Maitri,1990-03-07,-5.475,-7.7,-4.8,971.479,969.7,974.7,48.708,69.0,24
Maitri,1990-03-08,-6.617,-8.2,-3.7,971.617,968.3,975.3,79.208,93.0,24
Maitri,1990-03-09,-2.683,-3.8,-2.0,968.442,966.9,969.2,66.375,93.0,24
Maitri,1990-03-10,-4.283,-5.0,-2.8,972.554,969.2,977.3,47.5,56.0,24
Maitri,1990-03-11,-2.904,-4.2,-1.0,975.758,971.7,978.0,58.167,67.0,24
Maitri,1990-03-12,-3.804,-5.0,-1.0,973.262,971.1,975.1,41.25,65.0,24
Maitri,1990-03-13,-3.617,-5.0,-2.7,973.408,973.0,975.3,28.083,46.0,24
Maitri,1990-03-14,-7.071,-8.6,-4.8,976.742,975.0,977.5,12.417,31.0,24
Maitri,1990-03-15,-7.304,-9.8,-5.0,969.113,966.0,973.5,33.792,46.0,24
Maitri,1990-03-16,-9.225,-11.3,-6.0,963.021,961.4,966.0,9.667,39.0,24
Maitri,1990-03-17,-9.513,-12.3,-7.0,963.846,961.6,966.8,20.0,43.0,24
Maitri,1990-03-18,-9.2,-11.0,-7.0,971.104,966.8,973.7,36.792,48.0,24
Maitri,1990-03-19,-9.996,-11.8,-7.2,971.012,970.0,973.0,46.75,63.0,24
Maitri,1990-03-20,-11.858,-15.2,-9.0,974.554,971.3,978.0,32.833,65.0,24
Maitri,1990-03-21,-15.558,-18.4,-13.5,980.762,978.0,983.7,2.958,20.0,24
Maitri,1990-03-22,-15.487,-19.0,-12.0,983.321,980.0,984.7,0.792,19.0,24
Maitri,1990-03-23,-12.321,-17.8,-7.3,972.079,967.2,979.4,14.458,48.0,24
Maitri,1990-03-24,-10.021,-12.8,-6.8,968.079,967.0,970.0,31.708,52.0,24
Maitri,1990-03-25,-10.196,-12.0,-7.0,970.25,968.0,972.0,43.417,61.0,24
Maitri,1990-03-26,-9.546,-12.0,-6.2,967.387,956.5,970.9,48.375,65.0,24
Maitri,1990-03-27,-4.825,-10.0,-2.3,948.117,945.6,954.5,54.667,65.0,24
Maitri,1990-03-28,-3.096,-6.0,-1.0,958.142,949.8,971.0,46.375,59.0,24
Maitri,1990-03-29,-5.746,-10.0,-2.7,972.575,970.0,974.5,48.5,63.0,24
Maitri,1990-03-30,-8.088,-9.2,-6.6,967.325,966.0,970.0,60.708,69.0,24
Maitri,1990-03-31,-9.033,-11.4,-6.2,971.004,969.0,974.2,57.375,70.0,24
Maitri,1990-04-01,-4.642,-6.6,-3.0,976.712,975.0,978.3,47.417,59.0,24
Maitri,1990-04-02,-6.575,-10.3,-3.8,977.004,975.9,978.0,12.833,45.0,24
Maitri,1990-04-03,-12.754,-14.0,-10.1,975.108,974.6,975.7,21.625,41.0,24
Maitri,1990-04-04,-11.379,-13.8,-7.0,973.488,971.0,975.0,49.958,70.0,24
Maitri,1990-04-05,-6.825,-11.8,-4.8,976.058,971.0,978.6,49.667,70.0,24
Maitri,1990-04-06,-11.0,-14.4,-8.5,974.042,973.0,975.0,18.167,46.0,24
Maitri,1990-04-07,-9.2,-12.6,-7.0,972.604,971.8,973.6,40.75,56.0,24
Maitri,1990-04-08,-7.425,-13.4,-2.8,972.808,970.4,978.2,34.458,50.0,24
Maitri,1990-04-09,-4.154,-7.8,-2.2,981.812,976.8,985.7,41.417,59.0,24
Maitri,1990-04-10,-6.488,-8.2,-4.2,982.708,980.9,983.9,36.542,56.0,24
Maitri,1990-04-11,-8.204,-11.8,-5.8,983.271,982.5,983.7,21.458,48.0,24
Maitri,1990-04-12,-8.908,-9.3,-7.8,979.396,978.0,982.1,26.667,37.0,24
Maitri,1990-04-13,-12.554,-16.2,-8.8,981.183,979.0,982.4,16.958,63.0,24
Maitri,1990-04-14,-11.779,-13.1,-10.3,974.329,972.3,978.7,48.0,67.0,24
Maitri,1990-04-15,-10.412,-12.5,-7.7,974.712,974.1,975.9,57.917,67.0,24
Maitri,1990-04-16,-7.675,-10.0,-5.8,972.367,969.6,975.6,42.333,56.0,24
Maitri,1990-04-17,-5.425,-7.8,-4.2,968.971,968.6,969.5,33.042,43.0,24
Maitri,1990-04-18,-7.438,-9.0,-6.3,973.021,969.8,976.0,23.542,43.0,24
Maitri,1990-04-19,-10.267,-12.2,-9.2,973.325,965.5,976.6,35.375,65.0,24
Maitri,1990-04-20,-9.263,-11.2,-7.0,960.133,957.5,965.0,61.292,81.0,24
Maitri,1990-04-21,-8.504,-14.2,-6.0,958.938,957.6,961.3,35.5,65.0,24
Maitri,1990-04-22,-14.925,-19.7,-12.2,966.546,961.7,972.4,8.917,22.0,24
Maitri,1990-04-23,-16.537,-19.8,-13.6,982.212,973.2,990.0,16.708,37.0,24
Maitri,1990-04-24,-12.462,-14.6,-9.7,993.779,990.3,998.0,49.375,56.0,24
Maitri,1990-04-25,-8.517,-9.8,-6.8,999.925,998.2,1000.7,45.167,56.0,24
Maitri,1990-04-26,-11.154,-16.0,-6.0,995.954,990.2,1000.2,15.875,63.0,24
Maitri,1990-04-27,-12.162,-16.3,-10.3,997.788,993.0,1002.6,37.167,59.0,24
Maitri,1990-04-28,-18.154,-21.6,-13.2,1009.371,1003.0,1014.6,3.875,19.0,24
Maitri,1990-04-29,-6.342,-19.3,-1.7,1011.8,1007.6,1014.3,50.458,78.0,24
Maitri,1990-04-30,-5.562,-6.3,-4.8,1004.254,1003.0,1007.7,53.083,70.0,24
Maitri,1990-05-01,-6.854,-7.8,-5.6,1001.55,999.6,1003.6,53.375,59.0,24
Maitri,1990-05-02,-5.571,-7.0,-3.9,997.346,995.7,999.0,60.0,72.0,24
Maitri,1990-05-03,-3.967,-4.8,-2.8,991.038,988.8,995.0,65.5,78.0,24
Maitri,1990-05-04,-4.929,-5.8,-4.0,995.092,988.8,998.3,54.417,67.0,24
Maitri,1990-05-05,-5.612,-6.9,-4.3,994.962,992.8,997.7,51.167,65.0,24
Maitri,1990-05-06,-5.779,-8.8,-4.1,991.204,990.7,992.3,52.5,63.0,24
Maitri,1990-05-07,-7.9,-9.4,-5.1,989.721,989.0,990.3,48.875,69.0,24
Maitri,1990-05-08,-5.175,-7.3,-2.0,990.942,989.6,991.8,47.667,57.0,24
Maitri,1990-05-09,-4.254,-6.2,-2.8,993.9,990.7,995.9,48.292,61.0,24
Maitri,1990-05-10,-7.196,-8.3,-6.4,995.646,995.0,996.0,40.417,54.0,24
Maitri,1990-05-11,-7.658,-10.0,-6.0,993.438,992.0,994.7,26.333,48.0,24
Maitri,1990-05-12,-8.642,-12.0,-7.2,990.475,988.0,992.0,37.125,52.0,24
Maitri,1990-05-13,-12.533,-16.0,-10.8,980.062,973.0,987.6,4.75,22.0,24
Maitri,1990-05-14,-16.054,-20.2,-9.4,967.962,965.5,972.4,21.417,70.0,24
Maitri,1990-05-15,-15.233,-18.2,-11.0,971.788,970.0,972.9,43.875,63.0,24
Maitri,1990-05-16,-9.325,-10.7,-8.0,972.379,971.0,974.1,48.958,61.0,24
Maitri,1990-05-17,-14.192,-17.2,-9.2,970.892,970.0,973.4,34.875,63.0,24
Maitri,1990-05-18,-13.379,-16.0,-10.8,972.667,970.0,975.6,27.417,50.0,24
Maitri,1990-05-19,-13.938,-16.3,-11.0,976.608,975.6,977.6,25.917,48.0,24
Maitri,1990-05-20,-12.892,-14.0,-11.7,979.871,977.7,984.7,51.625,65.0,24
Maitri,1990-05-21,-14.567,-18.0,-12.2,984.608,980.0,986.6,20.542,52.0,24
Maitri,1990-05-22,-19.742,-22.7,-17.8,970.625,966.7,978.9,3.0,22.0,24
Maitri,1990-05-23,-25.042,-30.0,-19.2,970.096,966.7,975.1,4.25,33.0,24
Maitri,1990-05-24,-24.271,-29.6,-20.7,974.246,971.6,975.8,22.125,48.0,24
Maitri,1990-05-25,-19.504,-24.2,-17.0,965.779,962.0,971.4,48.458,70.0,24
Maitri,1990-05-26,-16.471,-20.0,-14.3,964.904,962.0,969.7,55.042,69.0,24
Maitri,1990-05-27,-15.263,-20.7,-10.7,968.133,966.5,971.0,47.417,63.0,24
Maitri,1990-05-28,-13.421,-16.7,-11.8,974.488,971.6,975.8,24.125,41.0,24
Maitri,1990-05-29,-17.979,-28.0,-15.0,976.983,974.9,980.1,32.542,45.0,24
Maitri,1990-05-30,-23.246,-26.2,-20.0,978.704,977.0,980.1,5.625,33.0,24
Maitri,1990-05-31,-20.262,-24.0,-16.2,975.183,972.6,977.0,21.042,52.0,24
Maitri,1990-06-01,-21.154,-24.8,-18.2,971.021,969.0,973.2,44.833,67.0,24
Maitri,1990-06-02,-20.675,-29.0,-8.0,971.992,969.0,975.1,17.458,72.0,24
Maitri,1990-06-03,-7.854,-11.3,-6.0,974.975,972.1,976.8,54.5,69.0,24
Maitri,1990-06-04,-11.462,-12.8,-10.2,970.65,970.0,971.9,49.75,63.0,24
Maitri,1990-06-05,-11.104,-40.8,-0.8,970.608,969.3,971.9,60.125,74.0,24
Maitri,1990-06-06,-8.833,-10.2,-6.8,976.758,972.0,983.2,66.833,74.0,24
Maitri,1990-06-07,-10.896,-14.3,-7.2,982.442,980.0,984.5,49.208,63.0,24
Maitri,1990-06-08,-15.017,-16.4,-13.8,979.275,978.6,979.9,40.333,50.0,24
Maitri,1990-06-09,-14.558,-16.2,-13.3,978.204,977.0,979.4,35.458,43.0,24
Maitri,1990-06-10,-12.9,-15.6,-11.4,977.296,976.7,978.0,32.125,43.0,24
Maitri,1990-06-11,-12.425,-13.0,-11.5,979.875,978.1,981.0,37.958,50.0,24
Maitri,1990-06-12,-13.042,-14.8,-11.8,979.613,976.7,981.0,26.792,48.0,24
Maitri,1990-06-13,-18.608,-21.7,-14.0,972.75,970.0,976.7,15.417,45.0,24
Maitri,1990-06-14,-20.575,-21.8,-19.4,974.458,969.2,982.8,31.417,52.0,24
Maitri,1990-06-15,-18.321,-22.6,-14.7,987.846,983.7,990.5,20.417,37.0,24
Maitri,1990-06-16,-18.404,-22.0,-14.6,988.475,984.6,990.6,6.458,22.0,24
Maitri,1990-06-17,-19.938,-22.8,-17.8,976.108,970.0,983.7,26.083,45.0,24
Maitri,1990-06-18,-19.667,-21.4,-18.0,970.35,969.2,972.2,45.25,59.0,24
Maitri,1990-06-19,-14.967,-17.3,-12.8,980.483,972.8,989.4,47.5,56.0,24
Maitri,1990-06-20,-17.042,-23.6,-13.4,991.0,989.1,992.3,28.167,65.0,24
Maitri,1990-06-21,-14.879,-17.0,-13.4,982.137,975.7,988.5,32.875,56.0,24
Maitri,1990-06-22,-15.504,-19.0,-13.0,974.658,972.3,978.6,44.625,59.0,24
Maitri,1990-06-23,-21.367,-23.8,-18.5,977.912,976.8,979.2,20.958,43.0,24
Maitri,1990-06-24,-22.529,-26.0,-20.4,982.517,979.6,984.0,35.083,59.0,24
Maitri,1990-06-25,-20.312,-21.4,-18.6,982.075,981.3,983.4,44.417,52.0,24
Maitri,1990-06-26,-25.033,-27.8,-23.0,985.288,984.0,986.1,11.042,31.0,24
Maitri,1990-06-27,-20.383,-27.8,-12.2,987.5,983.7,992.8,19.042,56.0,24
Maitri,1990-06-28,-17.438,-22.4,-12.4,992.658,987.7,995.2,8.625,33.0,24
Maitri,1990-06-29,-12.817,-17.6,-10.0,982.25,978.7,987.7,35.042,70.0,24
Maitri,1990-06-30,-16.083,-18.2,-14.0,979.079,977.4,980.6,36.167,56.0,24
Maitri,1990-07-01,-15.333,-16.8,-12.0,976.288,973.4,980.0,65.0,74.0,24
Maitri,1990-07-02,-11.933,-14.3,-10.0,967.058,962.3,972.9,58.625,67.0,24
Maitri,1990-07-03,-10.604,-14.0,-8.0,968.696,962.1,977.5,46.417,65.0,24
Maitri,1990-07-04,-8.662,-10.6,-7.0,978.8,970.0,982.4,64.208,85.0,24
Maitri,1990-07-05,-5.071,-9.0,-3.0,961.7,958.7,969.0,64.375,74.0,24
Maitri,1990-07-06,-6.746,-10.2,-5.2,969.875,962.0,975.2,60.875,70.0,24
Maitri,1990-07-07,-7.404,-10.0,-6.0,971.471,970.2,973.9,59.292,70.0,24
Maitri,1990-07-08,-6.533,-7.8,-5.6,970.942,968.6,972.6,61.667,67.0,24
Maitri,1990-07-09,-7.308,-8.5,-6.3,969.142,967.3,970.5,68.042,93.0,24
Maitri,1990-07-10,-4.738,-8.3,-1.0,957.258,941.0,968.9,83.042,93.0,24
Maitri,1990-07-11,-8.042,-9.6,-5.2,969.096,942.8,985.4,58.5,87.0,24
Maitri,1990-07-12,-9.058,-12.4,-7.0,994.562,986.8,997.9,56.417,69.0,24
Maitri,1990-07-13,-13.483,-15.5,-12.0,989.617,984.7,995.3,42.167,59.0,24
Maitri,1990-07-14,-13.412,-16.8,-7.6,972.788,965.8,984.6,48.042,69.0,24
Maitri,1990-07-15,-10.462,-16.4,-4.6,982.083,970.2,988.5,66.417,80.0,24
Maitri,1990-07-16,-5.017,-6.4,-3.2,972.629,970.6,977.0,59.0,70.0,24
Maitri,1990-07-17,-5.108,-6.4,-4.2,971.8,970.9,972.6,45.708,69.0,24
Maitri,1990-07-18,-5.888,-7.0,-4.4,972.488,971.2,973.7,51.667,67.0,24
Maitri,1990-07-19,-5.542,-6.3,-5.0,974.504,972.4,978.5,52.917,70.0,24
Maitri,1990-07-20,-10.146,-15.0,-6.2,985.492,978.7,992.4,14.25,41.0,24
Maitri,1990-07-21,-17.45,-20.2,-14.7,992.821,990.2,994.0,8.333,20.0,24
Maitri,1990-07-22,-15.883,-18.7,-11.4,983.842,976.7,990.0,28.458,70.0,24
Maitri,1990-07-23,-12.6,-14.4,-10.9,974.117,972.2,976.3,58.958,78.0,24
Maitri,1990-07-24,-12.725,-14.2,-11.3,972.75,972.0,973.8,47.833,65.0,24
Maitri,1990-07-25,-10.6,-13.0,-9.6,972.267,971.9,972.7,34.042,48.0,24
Maitri,1990-07-26,-12.504,-15.7,-11.0,970.867,970.1,972.2,21.333,41.0,24
Maitri,1990-07-27,-18.304,-20.8,-15.2,973.304,970.2,976.9,10.917,30.0,24
Maitri,1990-07-28,-16.658,-18.0,-15.0,975.883,972.0,977.1,30.208,48.0,24
Maitri,1990-07-29,-11.6,-14.8,-7.0,964.004,952.7,972.2,46.667,56.0,24
Maitri,1990-07-30,-8.138,-10.3,-6.1,941.471,934.8,951.0,56.542,74.0,24
Maitri,1990-07-31,-10.421,-12.7,-7.2,950.033,940.4,954.4,53.667,67.0,24
Maitri,1990-08-01,-11.983,-15.2,-9.4,955.946,954.3,962.4,58.25,80.0,24
Maitri,1990-08-02,-12.021,-13.5,-10.3,967.296,962.5,971.4,45.375,56.0,24
Maitri,1990-08-03,-12.954,-14.0,-12.0,968.579,964.5,971.4,35.5,48.0,24
Maitri,1990-08-04,-18.467,-22.0,-15.0,962.554,960.3,967.2,26.208,48.0,24
Maitri,1990-08-05,-23.058,-25.3,-21.0,973.483,967.8,977.0,30.417,45.0,24
Maitri,1990-08-06,-22.058,-25.5,-20.2,969.729,964.1,975.8,33.583,45.0,24
Maitri,1990-08-07,-23.537,-26.0,-21.0,965.729,963.4,968.3,12.125,46.0,24
Maitri,1990-08-08,-19.825,-23.2,-18.0,971.454,967.9,973.1,34.542,50.0,24
Maitri,1990-08-09,-19.529,-22.5,-17.8,964.596,958.3,972.0,27.292,33.0,24
Maitri,1990-08-10,-23.017,-26.0,-20.6,956.033,954.7,958.2,21.292,37.0,24
Maitri,1990-08-11,-24.758,-31.0,-21.3,954.317,951.4,962.7,22.667,48.0,24
Maitri,1990-08-12,-22.008,-25.7,-18.7,975.887,965.0,981.3,21.583,52.0,24
Maitri,1990-08-13,-25.746,-29.0,-21.8,981.942,979.1,983.4,1.792,19.0,24
Maitri,1990-08-14,-23.808,-26.2,-20.0,973.738,968.0,978.5,4.792,26.0,24
Maitri,1990-08-15,-22.154,-25.8,-19.8,960.75,957.3,967.0,16.0,31.0,24
Maitri,1990-08-16,-17.7,-22.0,-14.7,962.425,957.4,971.3,42.042,56.0,24
Maitri,1990-08-17,-22.696,-28.0,-17.3,977.183,972.0,979.1,23.458,41.0,24
Maitri,1990-08-18,-29.546,-32.6,-27.7,975.967,974.0,978.3,3.083,31.0,24
Maitri,1990-08-19,-23.417,-29.4,-19.1,970.938,967.2,974.0,6.917,41.0,24
Maitri,1990-08-20,-19.392,-22.0,-17.2,969.517,965.4,975.3,16.958,48.0,24
Maitri,1990-08-21,-19.471,-25.6,-13.5,976.875,968.7,980.7,8.125,37.0,24
Maitri,1990-08-22,-15.388,-19.6,-12.0,961.483,958.2,968.0,27.958,52.0,24
Maitri,1990-08-23,-23.579,-28.2,-18.4,961.346,959.2,966.9,3.833,22.0,24
Maitri,1990-08-24,-25.475,-27.7,-23.0,971.812,967.8,974.3,1.417,15.0,24
Maitri,1990-08-25,-24.912,-27.7,-21.0,973.521,973.0,974.0,12.0,52.0,24
Maitri,1990-08-26,-21.446,-25.7,-18.0,973.846,972.2,974.6,32.125,48.0,24
Maitri,1990-08-27,-16.817,-20.5,-13.7,975.558,972.9,980.5,18.667,41.0,24
Maitri,1990-08-28,-17.979,-20.5,-14.2,981.279,980.3,982.1,15.208,37.0,24
Maitri,1990-08-29,-19.521,-23.2,-16.2,982.238,980.2,986.3,10.208,30.0,24
Maitri,1990-08-30,-20.7,-23.3,-17.6,985.046,981.2,987.0,14.375,48.0,24
Maitri,1990-08-31,-17.3,-21.3,-14.6,983.383,981.3,985.3,34.042,52.0,24
Maitri,1990-09-01,-18.367,-20.2,-16.8,981.188,974.0,985.2,29.375,41.0,24
Maitri,1990-09-02,-20.233,-25.6,-16.5,974.254,972.0,976.9,26.083,56.0,24
Maitri,1990-09-03,-23.688,-26.2,-21.4,973.688,970.6,976.0,16.292,37.0,24
Maitri,1990-09-04,-25.912,-28.5,-23.7,969.863,968.7,971.1,14.333,31.0,24
Maitri,1990-09-05,-29.625,-31.8,-27.0,965.954,964.3,968.9,1.958,11.0,24
Maitri,1990-09-06,-24.162,-27.7,-22.5,964.225,963.5,964.8,24.208,43.0,24
Maitri,1990-09-07,-25.362,-29.0,-22.8,961.921,956.8,964.6,18.458,37.0,24
Maitri,1990-09-08,-24.375,-31.3,-21.0,953.696,950.7,960.3,46.958,70.0,24
Maitri,1990-09-09,-22.512,-27.4,-19.3,968.142,961.7,970.3,12.625,52.0,24
Maitri,1990-09-10,-18.912,-25.8,-12.2,963.408,959.5,968.0,11.917,59.0,24
Maitri,1990-09-11,-17.75,-22.8,-13.0,971.625,962.6,975.6,8.542,41.0,24
Maitri,1990-09-12,-19.233,-23.7,-15.0,972.629,970.6,975.0,2.167,19.0,24
Maitri,1990-09-13,-17.304,-21.0,-15.2,971.079,969.0,974.5,13.542,37.0,24
Maitri,1990-09-14,-15.763,-19.4,-13.8,969.071,960.0,974.5,20.0,33.0,24
Maitri,1990-09-15,-19.096,-21.6,-17.0,947.658,943.6,958.5,26.667,43.0,24
Maitri,1990-09-16,-19.654,-21.4,-18.0,956.346,947.7,962.2,38.125,56.0,24
Maitri,1990-09-17,-18.617,-24.2,-14.3,971.633,962.0,979.7,22.875,48.0,24
Maitri,1990-09-18,-20.429,-26.4,-16.0,970.425,962.3,979.3,18.292,46.0,24
Maitri,1990-09-19,-19.483,-21.4,-18.2,962.475,959.7,963.7,31.208,57.0,24
Maitri,1990-09-20,-17.608,-20.7,-15.7,962.346,959.6,964.1,48.083,59.0,24
Maitri,1990-09-21,-15.638,-17.8,-14.0,952.921,946.3,959.0,33.708,50.0,24
Maitri,1990-09-22,-13.021,-16.8,-10.0,947.179,944.3,954.0,36.833,52.0,24
Maitri,1990-09-23,-12.679,-16.6,-10.2,962.925,955.8,966.3,42.167,56.0,24
Maitri,1990-09-24,-16.204,-17.7,-13.4,968.821,966.7,970.1,35.208,56.0,24
Maitri,1990-09-25,-14.533,-17.1,-12.7,967.408,964.0,970.2,31.833,48.0,24
Maitri,1990-09-26,-16.158,-19.7,-12.0,965.342,962.0,969.0,26.208,57.0,24
Maitri,1990-09-27,-19.171,-22.7,-15.8,966.383,965.3,968.6,8.333,31.0,24
Maitri,1990-09-28,-19.912,-22.2,-17.8,968.387,965.0,971.7,16.333,48.0,24
Maitri,1990-09-29,-19.162,-22.0,-16.2,968.592,966.4,971.0,38.625,59.0,24
Maitri,1990-09-30,-18.638,-20.8,-16.0,961.279,958.9,966.0,31.083,52.0,24
Maitri,1990-10-01,-19.533,-22.8,-17.0,953.579,950.0,958.9,16.792,48.0,24
Maitri,1990-10-02,-14.688,-19.0,-11.2,963.121,952.2,970.0,38.958,48.0,24
Maitri,1990-10-03,-13.571,-17.3,-11.0,969.65,969.0,970.3,36.625,52.0,24
Maitri,1990-10-04,-11.588,-13.0,-10.7,969.95,969.2,970.6,40.667,56.0,24
Maitri,1990-10-05,-11.633,-14.0,-9.0,967.892,966.1,969.7,27.333,41.0,24
Maitri,1990-10-06,-10.996,-13.8,-9.0,970.071,967.2,971.6,37.75,46.0,24
Maitri,1990-10-07,-9.833,-12.0,-8.2,969.608,967.6,971.1,34.875,48.0,24
Maitri,1990-10-08,-7.163,-8.8,-4.3,966.629,965.8,967.7,35.417,56.0,24
Maitri,1990-10-09,-7.442,-11.1,-4.2,970.75,967.7,973.0,41.167,61.0,24
Maitri,1990-10-10,-7.712,-10.1,-6.0,974.363,973.0,976.3,45.542,63.0,24
Maitri,1990-10-11,-7.388,-12.3,-4.8,968.825,963.4,974.1,47.583,65.0,24
Maitri,1990-10-12,-12.338,-15.6,-9.6,962.933,961.0,965.2,76.292,102.0,24
Maitri,1990-10-13,-7.167,-10.7,-3.0,978.488,966.5,985.3,64.25,85.0,24
Maitri,1990-10-14,-2.654,-5.0,-0.3,989.192,985.8,990.6,34.292,52.0,24
Maitri,1990-10-15,-5.108,-11.0,-1.1,985.892,982.7,989.6,43.5,61.0,24
Maitri,1990-10-16,-10.096,-11.3,-8.0,994.467,989.9,997.1,39.208,48.0,24
Maitri,1990-10-17,-8.9,-11.2,-6.3,990.117,981.0,996.7,19.625,46.0,24
Maitri,1990-10-18,-9.838,-10.8,-8.1,974.392,971.6,979.8,48.375,59.0,24
Maitri,1990-10-19,-8.604,-10.3,-6.3,965.517,961.2,974.2,70.333,83.0,24
Maitri,1990-10-20,-5.779,-8.6,-4.1,957.017,953.8,960.7,51.958,67.0,24
Maitri,1990-10-21,-8.388,-10.0,-6.6,954.217,953.2,955.3,42.833,63.0,24
Maitri,1990-10-22,-8.412,-11.3,-5.5,958.754,955.5,961.2,26.667,37.0,24
Maitri,1990-10-23,-10.317,-13.6,-6.0,960.875,959.6,962.3,9.125,37.0,24
Maitri,1990-10-24,-13.096,-15.7,-10.1,968.754,963.0,975.4,2.292,13.0,24
Maitri,1990-10-25,-11.279,-16.0,-9.0,972.137,965.0,975.9,17.667,48.0,24
Maitri,1990-10-26,-7.842,-9.0,-6.8,966.446,963.3,973.0,40.042,56.0,24
Maitri,1990-10-27,-6.988,-8.2,-5.3,975.842,973.7,977.1,55.375,69.0,24
Maitri,1990-10-28,-6.188,-9.8,-4.0,970.646,967.0,975.4,33.958,52.0,24
Maitri,1990-10-29,-7.096,-12.0,-4.6,966.121,965.0,969.0,25.458,50.0,24
Maitri,1990-10-30,-9.462,-12.8,-7.5,973.692,969.7,975.4,21.542,41.0,24
Maitri,1990-10-31,-12.908,-14.6,-11.6,973.533,972.4,974.7,6.875,24.0,24
Maitri,1990-11-01,-11.358,-15.2,-9.0,974.904,972.9,976.9,13.708,30.0,24
Maitri,1990-11-02,-12.225,-14.2,-10.2,976.596,975.7,977.3,10.0,28.0,24
Maitri,1990-11-03,-12.208,-15.5,-8.7,972.421,970.0,975.7,8.833,26.0,24
Maitri,1990-11-04,-10.329,-14.3,-7.3,972.579,969.7,975.1,21.958,48.0,24
Maitri,1990-11-05,-9.633,-13.6,-6.6,972.354,970.1,975.0,17.0,48.0,24
Maitri,1990-11-06,-8.392,-11.0,-5.2,971.262,970.1,972.4,30.042,48.0,24
Maitri,1990-11-07,-7.392,-11.1,-5.0,971.225,969.9,972.3,30.542,48.0,24
Maitri,1990-11-08,-7.979,-10.7,-6.2,971.517,970.0,973.2,31.083,48.0,24
Maitri,1990-11-09,-6.558,-9.6,-2.8,973.188,971.5,974.2,45.625,61.0,24
Maitri,1990-11-10,-5.483,-9.0,-1.3,965.929,962.0,971.0,46.125,69.0,24
Maitri,1990-11-11,-3.6,-8.0,-0.2,966.783,962.2,971.8,34.667,63.0,24
Maitri,1990-11-12,-4.112,-8.0,-0.2,973.758,972.1,974.7,29.833,52.0,24
Maitri,1990-11-13,-6.796,-8.8,-5.0,971.846,970.6,973.4,8.0,41.0,24
Maitri,1990-11-14,-3.375,-7.8,0.0,971.025,967.3,973.1,22.5,65.0,24
Maitri,1990-11-15,-4.004,-6.0,0.0,965.817,965.0,967.1,39.625,67.0,24
Maitri,1990-11-16,-3.825,-6.0,-1.7,968.387,966.3,971.7,33.833,56.0,24
Maitri,1990-11-17,-3.35,-5.8,-0.8,982.383,972.0,993.7,22.333,61.0,24
Maitri,1990-11-18,-1.604,-3.8,0.0,1002.588,994.8,1005.1,13.167,33.0,24
Maitri,1990-11-19,-1.946,-4.0,0.0,1003.392,1002.4,1005.0,19.042,33.0,24
Maitri,1990-11-20,-1.842,-4.0,0.0,999.079,993.6,1003.0,24.167,50.0,24
Maitri,1990-11-21,-2.808,-4.3,0.0,986.067,981.6,992.6,35.917,52.0,24
Maitri,1990-11-22,-0.825,-2.3,0.0,978.317,975.6,981.4,35.792,48.0,24
Maitri,1990-11-23,-0.946,-3.1,-0.1,972.833,971.3,975.6,46.958,63.0,24
Maitri,1990-11-24,-2.733,-3.6,-2.0,970.621,970.0,971.2,51.833,65.0,24
Maitri,1990-11-25,-1.6,-2.8,0.0,970.292,969.0,971.6,38.208,48.0,24
Maitri,1990-11-26,-1.146,-1.8,0.0,965.208,960.6,969.5,52.875,63.0,24
Maitri,1990-11-27,-0.95,-2.0,0.0,959.654,959.0,961.0,55.333,65.0,24
Maitri,1990-11-28,-0.754,-1.3,0.0,961.629,959.7,963.6,50.833,63.0,24
Maitri,1990-11-29,-1.154,-3.8,0.0,965.2,963.7,968.0,38.417,56.0,24
Maitri,1990-11-30,-1.846,-4.0,-0.2,971.438,968.3,973.7,17.25,37.0,24
Maitri,1990-12-28,-1.38,-2.3,-0.2,984.26,983.7,985.3,14.2,22.0,10
Maitri,1990-12-29,-0.983,-2.2,-0.2,986.754,985.4,987.8,11.958,26.0,24
Maitri,1990-12-30,-1.438,-3.8,0.0,979.35,974.5,985.0,3.333,11.0,24
Maitri,1990-12-31,-3.625,-5.8,-0.4,974.258,973.3,975.3,19.083,37.0,24
Maitri,1991-01-01,-0.583,-3.8,3.4,974.496,972.0,976.2,38.625,59.0,24
Maitri,1991-01-02,0.425,-1.3,1.8,976.654,976.0,978.6,23.333,35.0,24
Maitri,1991-01-03,0.925,-1.2,2.3,980.771,966.0,983.2,29.5,45.0,24
Maitri,1991-01-04,0.779,-1.5,2.0,984.712,983.0,986.0,44.583,59.0,24
Maitri,1991-01-05,1.9,-1.3,4.9,981.65,975.3,985.7,36.75,50.0,24
Maitri,1991-01-06,2.504,-2.0,6.6,974.571,972.5,978.7,46.583,65.0,24
Maitri,1991-01-07,2.417,-1.3,4.8,980.125,978.8,981.1,36.875,48.0,24
Maitri,1991-01-08,1.463,-1.1,3.6,978.575,975.0,981.1,21.875,45.0,24
Maitri,1991-01-09,1.888,-1.2,4.4,975.6,974.2,977.9,36.458,50.0,24
Maitri,1991-01-10,1.35,-0.5,3.0,977.654,976.1,978.7,15.542,30.0,24
Maitri,1991-01-11,0.667,-1.5,2.6,974.779,973.3,975.9,30.833,39.0,24
Maitri,1991-01-12,0.029,-2.5,3.5,975.946,968.0,978.7,22.125,35.0,24
Maitri,1991-01-13,0.596,-2.3,4.2,979.733,971.9,983.6,18.25,41.0,24
Maitri,1991-01-14,-0.35,-3.2,2.0,982.154,961.7,984.5,10.542,30.0,24
Maitri,1991-01-15,-0.208,-2.0,2.0,978.929,958.4,984.7,19.625,59.0,24
Maitri,1991-01-16,-0.233,-1.6,3.0,975.35,957.3,988.1,23.833,61.0,24
Maitri,1991-01-17,-1.892,-3.6,-0.2,980.767,957.9,990.4,22.708,54.0,24
Maitri,1991-01-18,1.088,-4.0,4.0,981.679,948.0,988.4,31.875,74.0,24
Maitri,1991-01-19,2.817,2.0,3.5,979.071,977.1,981.3,55.042,74.0,24
Maitri,1991-01-20,4.971,2.1,7.3,980.788,979.9,981.7,39.083,56.0,24
Maitri,1991-01-21,5.142,2.5,6.8,983.613,980.0,986.0,37.708,48.0,24
Maitri,1991-01-22,6.2,2.2,9.2,986.283,985.1,987.3,36.583,59.0,24
Maitri,1991-01-23,4.462,2.8,6.1,986.279,985.3,987.2,43.5,59.0,24
Maitri,1991-01-24,3.05,1.4,3.7,984.317,982.1,985.7,44.958,61.0,24
Maitri,1991-01-25,-0.996,-4.0,2.1,977.6,975.3,979.7,29.292,61.0,24
Maitri,1991-01-26,1.567,0.8,2.5,982.5,979.0,989.7,44.667,57.0,24
Maitri,1991-01-27,2.425,1.5,3.2,994.475,990.1,996.2,23.542,41.0,24
Maitri,1991-01-28,6.386,2.5,9.5,987.25,982.1,991.9,35.0,50.0,14
Maitri,1991-02-01,0.4,0.1,0.6,974.0,973.9,974.1,12.333,22.0,6
Maitri,1991-02-02,1.883,1.8,2.0,981.933,980.9,982.8,27.0,28.0,6
Maitri,1991-02-03,0.967,0.5,1.5,983.15,982.1,983.8,36.5,50.0,6
Maitri,1991-02-04,2.233,1.8,3.0,976.1,975.8,976.5,52.833,59.0,6
Maitri,1991-02-05,2.1,-0.3,4.5,971.033,970.8,971.3,43.0,56.0,6
Maitri,1991-02-06,1.767,1.1,2.7,980.183,978.9,981.1,47.0,52.0,6
Maitri,1991-02-07,0.167,-1.8,2.1,981.867,980.5,983.2,42.167,67.0,6
Maitri,1991-02-08,-3.867,-5.0,-2.8,972.75,971.9,973.1,7.667,26.0,6
Maitri,1991-02-09,-3.95,-4.1,-3.8,973.767,973.1,974.2,23.5,30.0,6
Maitri,1991-02-10,-3.167,-3.9,-2.3,978.9,978.3,979.7,23.5,26.0,6
Maitri,1991-02-11,-2.15,-2.5,-1.5,980.267,979.7,980.9,11.833,22.0,6
Maitri,1991-02-12,-3.217,-3.5,-3.0,980.483,980.2,980.7,25.0,39.0,6
Maitri,1991-02-13,-4.167,-6.3,-2.7,976.867,975.6,978.3,31.0,45.0,6
Maitri,1991-02-14,-2.867,-3.7,-2.2,970.967,970.4,971.2,26.667,37.0,6
Maitri,1991-02-15,-2.683,-3.0,-2.1,972.133,972.0,972.3,20.0,22.0,6
Maitri,1991-02-16,-3.05,-7.2,-1.5,972.45,972.0,973.0,23.167,33.0,6
Maitri,1991-02-17,-1.717,-1.9,-1.4,972.95,971.1,974.4,56.333,67.0,6
Maitri,1991-02-18,-0.567,-1.0,-0.3,968.267,967.4,969.2,68.667,74.0,3
Maitri,1991-02-19,2.0,2.0,2.0,981.1,981.1,981.1,52.0,52.0,1
Maitri,1991-02-20,2.667,1.5,3.6,967.117,965.5,967.8,37.667,59.0,6
Maitri,1991-02-21,-0.517,-1.5,0.6,971.867,970.4,973.2,37.333,46.0,6
Maitri,1991-02-22,-2.467,-2.8,-2.2,979.283,978.9,979.6,21.333,26.0,6
Maitri,1991-02-23,-5.983,-7.0,-5.2,975.683,975.3,976.0,19.5,30.0,6
Maitri,1991-02-24,-6.2,-6.4,-5.8,975.983,975.8,976.2,21.0,35.0,6
Maitri,1991-02-25,-4.767,-5.0,-4.2,971.85,970.1,973.3,51.167,59.0,6
Maitri,1991-02-26,-2.95,-3.3,-2.7,959.833,959.6,960.1,71.167,81.0,6
Maitri,1991-02-27,-0.333,-0.5,-0.2,950.233,949.6,950.8,62.667,72.0,6
Maitri,1991-02-28,0.533,0.3,0.8,958.817,957.5,960.6,38.833,48.0,6
Maitri,1991-03-01,-1.583,-2.2,-1.0,968.25,967.8,968.5,31.5,39.0,6
Maitri,1991-03-02,-2.55,-3.2,-1.6,968.133,967.5,968.4,14.5,19.0,6
Maitri,1991-03-14,-6.6,-7.1,-5.7,954.067,953.6,954.4,38.667,45.0,6
Maitri,1991-03-15,-2.85,-3.1,-2.4,965.1,962.8,967.4,32.5,37.0,6
Maitri,1991-03-16,-7.433,-8.2,-6.7,964.383,963.9,964.7,24.333,46.0,6
Maitri,1991-03-17,-10.7,-11.0,-10.4,965.45,965.3,965.7,42.5,48.0,6
Maitri,1991-03-18,-6.617,-6.7,-6.5,967.55,967.3,967.9,45.5,48.0,6
Maitri,1991-03-19,-10.817,-12.5,-9.9,968.05,966.9,968.8,11.0,22.0,6
Maitri,1991-03-20,-12.267,-13.1,-11.1,963.25,962.6,964.0,9.833,20.0,6
Maitri,1991-03-21,-8.667,-9.2,-8.3,979.6,978.2,980.9,8.333,22.0,6
Maitri,1991-03-22,-16.783,-17.7,-16.0,976.15,973.1,979.0,18.833,30.0,6
Maitri,1991-03-23,-15.817,-16.7,-15.2,964.333,963.2,965.5,42.833,48.0,6
Maitri,1991-03-24,-8.567,-9.2,-7.9,961.483,959.5,963.1,69.167,72.0,6
Maitri,1991-03-25,-2.183,-2.7,-2.0,948.517,947.5,949.0,91.0,100.0,6
Maitri,1991-03-26,-1.15,-2.0,-0.8,956.733,955.3,958.8,57.333,59.0,6
Maitri,1991-03-27,-3.167,-3.5,-2.9,972.017,971.7,972.5,47.0,50.0,6
Maitri,1991-03-28,-6.55,-7.7,-5.2,970.467,970.1,970.8,35.667,39.0,6
Maitri,1991-03-29,-10.75,-11.5,-10.3,974.533,974.0,974.9,25.833,33.0,6
Maitri,1991-03-30,-10.383,-11.0,-9.0,973.267,972.2,974.5,36.667,46.0,6
Maitri,1991-03-31,-6.667,-7.5,-6.0,968.35,968.1,968.7,59.667,63.0,6
Maitri,1991-04-01,-6.462,-7.9,-5.6,970.371,968.7,971.4,51.708,65.0,24
Maitri,1991-04-02,-7.354,-9.1,-4.1,970.387,970.0,970.9,29.083,45.0,24
Maitri,1991-04-03,-9.371,-11.7,-7.8,971.008,970.3,972.2,40.583,45.0,24
Maitri,1991-04-04,-10.792,-12.4,-8.7,974.671,972.3,977.0,44.042,52.0,24
Maitri,1991-04-05,-11.929,-15.6,-8.5,976.7,976.1,977.0,30.542,50.0,24
Maitri,1991-04-06,-15.242,-17.5,-12.7,977.0,976.0,978.5,20.125,33.0,24
Maitri,1991-04-07,-14.596,-18.0,-12.7,980.604,978.6,982.1,39.208,52.0,24
Maitri,1991-04-08,-13.633,-18.0,-11.0,981.308,977.6,982.8,25.917,43.0,24
Maitri,1991-04-09,-17.271,-19.0,-15.0,970.983,966.0,977.0,1.833,22.0,24
Maitri,1991-04-10,-12.462,-18.3,-9.0,965.917,963.5,972.0,31.458,70.0,24
Maitri,1991-04-11,-7.333,-11.0,-5.2,978.4,972.2,982.3,63.583,74.0,24
Maitri,1991-04-12,-6.3,-8.0,-3.9,981.738,979.0,983.2,45.792,61.0,24
Maitri,1991-04-13,-10.271,-16.3,-7.0,973.471,971.1,978.3,22.0,48.0,24
Maitri,1991-04-14,-12.396,-17.0,-9.6,969.567,966.9,971.4,21.75,46.0,24
Maitri,1991-04-15,-9.492,-11.7,-8.0,966.729,965.5,969.0,36.875,48.0,24
Maitri,1991-04-16,-9.083,-10.7,-7.0,969.158,967.2,970.4,25.958,46.0,24
Maitri,1991-04-17,-11.612,-13.1,-10.0,963.396,961.0,966.8,21.125,31.0,24
Maitri,1991-04-18,-11.825,-13.5,-9.5,962.696,961.0,966.0,33.333,41.0,24
Maitri,1991-04-19,-11.008,-15.9,-5.6,969.625,966.1,972.9,35.083,50.0,24
Maitri,1991-04-20,-7.783,-8.9,-5.8,970.854,969.5,972.9,17.583,45.0,24
Maitri,1991-04-21,-10.858,-15.7,-7.0,971.0,970.0,971.8,16.167,52.0,24
Maitri,1991-04-22,-12.412,-15.7,-9.0,970.971,969.3,975.3,44.25,59.0,24
Maitri,1991-04-23,-11.733,-16.7,-9.0,981.025,976.0,983.2,28.708,48.0,24
Maitri,1991-04-24,-17.958,-22.1,-15.4,973.692,968.6,980.0,2.042,15.0,24
Maitri,1991-04-25,-17.608,-21.1,-15.3,971.508,968.1,975.0,32.375,63.0,24
Maitri,1991-04-26,-16.171,-20.0,-11.0,980.312,975.5,984.8,15.25,48.0,24
Maitri,1991-04-27,-17.787,-21.5,-10.0,985.622,984.8,985.9,2.217,24.0,23
Maitri,1991-04-28,-12.288,-18.5,-7.5,977.95,971.8,984.4,14.375,52.0,24
Maitri,1991-04-29,-16.467,-21.0,-9.7,972.333,970.3,975.8,8.792,22.0,24
Maitri,1991-04-30,-10.558,-18.0,-7.0,977.517,976.1,978.8,50.292,69.0,24
Maitri,1991-05-01,-10.979,-13.3,-8.5,977.667,976.1,979.0,52.333,61.0,24
Maitri,1991-05-02,-14.729,-17.7,-12.5,975.062,974.3,975.9,37.917,59.0,24
Maitri,1991-05-03,-17.846,-19.1,-17.0,975.017,972.3,976.0,32.958,48.0,24
Maitri,1991-05-04,-15.05,-17.9,-12.0,968.871,966.5,972.0,33.458,56.0,24
Maitri,1991-05-05,-15.796,-19.7,-13.0,963.517,962.1,965.8,37.75,56.0,24
Maitri,1991-05-06,-15.112,-16.4,-13.9,966.554,962.9,971.0,47.417,56.0,24
Maitri,1991-05-07,-16.2,-21.5,-14.0,971.908,970.9,972.8,18.75,41.0,24
Maitri,1991-05-08,-16.912,-20.5,-14.7,973.738,970.1,977.2,41.875,65.0,24
Maitri,1991-05-09,-16.767,-19.1,-13.0,978.217,977.2,978.4,42.417,56.0,24
Maitri,1991-05-10,-15.862,-18.3,-13.3,977.333,976.3,977.9,32.208,48.0,24
Maitri,1991-05-11,-17.996,-19.6,-16.3,972.35,966.0,976.3,39.792,59.0,24
Maitri,1991-05-12,-13.617,-16.5,-9.8,962.838,960.7,965.9,75.167,93.0,24
Maitri,1991-05-13,-10.608,-12.7,-8.5,961.229,959.6,962.6,67.25,87.0,24
Maitri,1991-05-14,-11.604,-12.7,-10.0,959.758,956.9,962.7,62.917,69.0,24
Maitri,1991-05-15,-11.271,-12.6,-10.0,956.142,955.5,956.7,52.333,63.0,24
Maitri,1991-05-16,-15.962,-18.5,-11.0,960.854,956.7,963.0,29.333,43.0,24
Maitri,1991-05-17,-16.642,-19.5,-14.0,966.175,962.5,969.8,25.25,48.0,24
Maitri,1991-05-18,-17.171,-20.3,-14.3,970.662,969.8,971.4,1.458,19.0,24
Maitri,1991-05-19,-16.133,-21.0,-13.7,968.658,967.6,970.5,19.292,37.0,24
Maitri,1991-05-20,-16.938,-22.6,-13.0,969.9,968.0,971.9,19.333,37.0,24
Maitri,1991-05-21,-9.975,-14.0,-6.5,972.883,971.4,976.0,51.458,67.0,24
Maitri,1991-05-22,-5.904,-6.8,-4.3,980.592,976.0,983.9,68.25,83.0,24
Maitri,1991-05-23,-2.625,-7.0,2.3,984.233,982.2,986.5,48.958,81.0,24
Maitri,1991-05-24,-5.05,-7.5,-0.7,983.812,980.3,985.8,26.792,52.0,24
Maitri,1991-05-25,-6.508,-13.3,-1.0,979.408,977.2,981.0,46.375,69.0,24
Maitri,1991-05-26,-10.217,-14.1,-8.1,971.758,968.0,976.1,53.542,67.0,24
Maitri,1991-05-27,-9.212,-9.7,-7.7,966.088,959.1,968.0,61.667,76.0,24
Maitri,1991-05-28,-7.367,-9.3,-4.7,955.887,952.5,959.4,70.458,87.0,24
Maitri,1991-05-29,-6.788,-7.7,-4.4,965.038,958.5,972.4,52.208,67.0,24
Maitri,1991-05-30,-7.817,-9.0,-6.0,977.129,972.9,979.0,38.542,52.0,24
Maitri,1991-05-31,-8.342,-10.5,-6.7,965.721,957.8,977.0,45.667,67.0,24
Maitri,1991-06-01,-8.162,-9.8,-6.1,956.579,954.9,958.1,51.167,99.0,24
Maitri,1991-06-02,-6.804,-8.7,-5.1,964.671,958.2,974.2,34.292,46.0,24
Maitri,1991-06-03,-7.879,-9.7,-7.0,979.425,975.0,982.9,49.333,63.0,24
Maitri,1991-06-04,-9.908,-15.5,-6.3,978.121,970.4,983.3,37.833,89.0,24
Maitri,1991-06-05,-4.579,-5.7,-3.5,958.771,954.0,968.0,80.375,96.0,24
Maitri,1991-06-06,-5.779,-7.5,-5.1,967.358,955.6,975.6,68.625,93.0,24
Maitri,1991-06-07,-7.271,-8.8,-5.0,977.05,975.0,978.9,51.958,69.0,24
Maitri,1991-06-08,-13.021,-18.0,-7.7,973.475,972.8,975.0,32.208,50.0,24
Maitri,1991-06-09,-13.967,-16.5,-11.6,970.942,969.0,972.5,51.125,69.0,24
Maitri,1991-06-10,-10.842,-12.8,-8.2,975.875,971.6,978.9,35.292,48.0,24
Maitri,1991-06-11,-14.862,-17.1,-8.0,980.562,978.8,982.5,21.667,48.0,24
Maitri,1991-06-12,-17.725,-19.1,-15.7,988.171,982.7,993.7,30.625,46.0,24
Maitri,1991-06-13,-13.05,-16.0,-11.3,991.025,983.1,994.2,41.917,67.0,24
Maitri,1991-06-14,-12.529,-13.3,-11.5,982.442,977.2,990.0,57.292,89.0,24
Maitri,1991-06-15,-16.292,-22.1,-12.5,994.108,990.7,995.5,14.542,37.0,24
Maitri,1991-06-16,-16.821,-21.0,-14.6,986.692,981.5,992.8,22.0,45.0,24
Maitri,1991-06-17,-14.3,-16.2,-12.0,976.096,971.7,981.0,36.167,52.0,24
Maitri,1991-06-18,-13.442,-14.3,-12.0,975.846,973.6,977.2,31.208,43.0,24
Maitri,1991-06-19,-13.912,-15.8,-10.3,971.129,964.5,976.3,54.708,70.0,24
Maitri,1991-06-20,-12.296,-15.4,-10.2,964.338,963.8,964.8,44.208,63.0,24
Maitri,1991-06-21,-17.733,-22.5,-13.5,966.142,964.4,970.0,29.125,43.0,24
Maitri,1991-06-22,-16.717,-20.0,-13.5,977.667,970.5,986.5,47.708,61.0,24
Maitri,1991-06-23,-17.362,-23.8,-12.9,988.017,983.5,989.9,32.792,52.0,24
Maitri,1991-06-24,-20.713,-24.5,-15.3,972.729,965.3,982.0,6.875,48.0,24
Maitri,1991-06-25,-23.162,-29.0,-18.5,966.2,964.7,971.6,1.083,26.0,24
Maitri,1991-06-26,-11.158,-23.1,-8.0,972.688,970.0,974.6,58.083,85.0,24
Maitri,1991-06-27,-8.717,-10.3,-5.7,969.204,967.6,970.6,54.375,70.0,24
Maitri,1991-06-28,-8.478,-10.9,-6.5,972.57,969.0,975.8,30.652,54.0,23
Maitri,1991-06-29,-13.346,-17.8,-8.9,977.771,975.8,979.1,16.125,37.0,24
Maitri,1991-06-30,-12.817,-13.9,-11.3,978.775,974.6,981.0,36.333,45.0,24
Maitri,1991-07-01,-12.6,-14.6,-10.8,965.646,957.7,973.8,29.75,59.0,24
Maitri,1991-07-02,-13.342,-15.6,-9.6,965.296,957.7,972.2,34.5,56.0,24
Maitri,1991-07-03,-10.375,-12.2,-8.7,978.329,972.3,984.2,35.083,48.0,24
Maitri,1991-07-04,-10.412,-13.6,-8.5,974.975,969.0,983.4,43.958,61.0,24
Maitri,1991-07-05,-12.658,-16.3,-9.0,966.658,962.4,968.7,60.833,74.0,24
Maitri,1991-07-06,-9.767,-11.1,-7.7,956.55,948.5,961.9,69.667,85.0,24
Maitri,1991-07-07,-9.667,-15.0,-4.1,952.308,938.2,973.2,54.625,67.0,24
Maitri,1991-07-08,-11.142,-14.0,-2.1,973.308,972.0,974.1,53.875,87.0,24
Maitri,1991-07-09,-9.382,-10.3,-8.7,976.209,974.0,978.1,76.636,93.0,11
Maitri,1991-08-01,-21.508,-26.2,-17.4,973.658,968.9,974.9,16.833,56.0,24
Maitri,1991-08-02,-26.783,-30.2,-24.0,975.338,972.9,977.6,0.375,9.0,24
Maitri,1991-08-03,-18.383,-26.5,-11.5,973.938,969.4,977.3,24.875,50.0,24
Maitri,1991-08-04,-11.312,-13.9,-9.1,964.029,961.2,969.0,50.667,59.0,24
Maitri,1991-08-05,-11.246,-13.3,-8.7,958.208,955.9,962.0,51.292,69.0,24
Maitri,1991-08-06,-7.975,-11.4,-4.3,958.75,954.5,968.1,61.0,81.0,24
Maitri,1991-08-07,-10.492,-13.3,-7.8,967.492,964.7,969.5,29.25,61.0,24
Maitri,1991-08-08,-7.929,-12.2,-5.6,963.863,962.4,964.5,50.542,65.0,24
Maitri,1991-08-09,-15.204,-20.3,-10.5,965.104,961.7,968.8,19.083,56.0,24
Maitri,1991-08-10,-20.646,-24.2,-18.0,971.558,968.9,972.7,8.167,22.0,24
Maitri,1991-08-11,-21.988,-25.0,-19.5,974.371,972.0,976.0,7.917,28.0,24
Maitri,1991-08-12,-22.875,-24.8,-21.5,976.3,975.3,977.8,2.458,22.0,24
Maitri,1991-08-13,-19.112,-21.1,-16.9,975.012,973.8,976.0,23.458,41.0,24
Maitri,1991-08-14,-18.767,-20.6,-16.9,977.133,975.3,978.0,25.083,69.0,24
Maitri,1991-08-15,-16.796,-21.3,-13.2,971.446,961.2,977.0,35.042,65.0,24
Maitri,1991-08-16,-15.617,-18.3,-13.8,952.721,949.8,960.5,48.333,72.0,24
Maitri,1991-08-17,-14.312,-18.5,-11.6,958.167,951.9,963.1,45.708,56.0,24
Maitri,1991-08-18,-15.2,-15.3,-15.1,962.6,962.5,962.7,41.0,45.0,2
Maitri,1991-08-19,-18.22,-19.9,-15.3,976.35,975.7,977.4,47.3,54.0,10
Maitri,1991-08-20,-14.478,-18.2,-12.4,977.961,974.4,979.9,42.833,52.0,18
Maitri,1991-08-21,-14.829,-16.7,-13.1,968.708,965.0,973.3,48.875,65.0,24
Maitri,1991-08-22,-12.329,-15.0,-8.9,956.387,949.6,964.5,67.167,81.0,24
Maitri,1991-08-23,-8.846,-10.8,-7.5,951.367,949.4,955.3,50.625,70.0,24
Maitri,1991-08-24,-10.825,-12.6,-8.3,965.012,955.7,970.7,57.667,70.0,24
Maitri,1991-08-25,-16.408,-22.0,-11.0,966.712,960.2,970.5,11.167,37.0,24
Maitri,1991-08-26,-21.7,-26.0,-19.0,963.238,958.7,970.5,24.25,48.0,24
Maitri,1991-08-27,-20.404,-22.8,-17.5,974.246,970.8,975.7,24.375,50.0,24
Maitri,1991-08-28,-25.238,-28.5,-21.2,970.562,965.7,974.6,3.292,19.0,24
Maitri,1991-08-29,-23.121,-29.0,-18.0,966.65,964.7,971.6,11.542,41.0,24
Maitri,1991-08-30,-21.271,-23.4,-19.3,970.438,965.1,972.6,21.208,41.0,24
Maitri,1991-08-31,-18.179,-25.3,-13.8,958.521,954.8,964.5,33.333,56.0,24
Maitri,1991-09-01,-16.642,-20.7,-14.7,957.812,954.0,964.2,25.917,46.0,24
Maitri,1991-09-02,-17.946,-20.5,-15.5,972.179,965.1,977.0,24.667,37.0,24
Maitri,1991-09-03,-16.521,-21.3,-13.8,976.312,974.6,977.6,31.0,43.0,24
Maitri,1991-09-04,-17.396,-21.7,-14.8,974.296,973.5,976.5,22.417,41.0,24
Maitri,1991-09-05,-20.371,-23.4,-18.2,979.521,976.8,981.0,31.833,50.0,24
Maitri,1991-09-06,-17.058,-19.4,-15.3,979.046,975.0,981.2,42.208,56.0,24
Maitri,1991-09-07,-16.604,-20.6,-14.6,967.288,959.8,974.3,53.625,67.0,24
Maitri,1991-09-08,-18.45,-22.0,-14.6,957.904,956.2,960.7,35.25,48.0,24
Maitri,1991-09-09,-16.083,-17.3,-15.0,965.875,961.0,969.7,41.042,52.0,24
Maitri,1991-09-10,-18.825,-24.5,-16.6,968.717,968.0,969.1,32.167,48.0,24
Maitri,1991-09-11,-23.254,-27.0,-19.4,971.025,968.9,972.9,10.625,26.0,24
Maitri,1991-09-12,-25.1,-28.4,-20.0,969.367,965.0,971.7,1.5,11.0,24
Maitri,1991-09-13,-20.7,-27.2,-16.0,972.188,965.3,975.4,0.375,9.0,24
Maitri,1991-09-14,-19.812,-23.0,-16.7,973.6,970.2,981.8,3.875,20.0,24
Maitri,1991-09-15,-13.154,-22.7,-5.0,990.204,982.5,993.3,14.792,41.0,24
Maitri,1991-09-16,-8.55,-15.5,-3.0,990.242,988.5,993.0,40.792,89.0,24
Maitri,1991-09-17,-7.733,-16.5,-1.5,984.55,978.5,989.7,49.833,78.0,24
Maitri,1991-09-18,-12.608,-15.3,-10.5,982.9,974.7,989.6,47.208,74.0,24
Maitri,1991-09-19,-9.465,-14.0,-6.9,965.643,960.2,973.5,78.652,98.0,23
Maitri,1991-09-20,-11.108,-19.1,-9.4,970.6,968.5,971.7,55.542,81.0,24
Maitri,1991-09-21,-9.708,-11.9,-6.7,967.392,965.6,970.0,49.5,78.0,24
Maitri,1991-09-22,-12.083,-16.7,-8.0,963.146,961.6,965.8,25.375,52.0,24
Maitri,1991-09-23,-16.833,-19.3,-13.5,969.637,962.7,977.7,40.417,52.0,24
Maitri,1991-09-24,-11.442,-20.0,-6.5,978.142,976.8,979.1,49.875,74.0,24
Maitri,1991-09-25,-7.425,-10.8,-4.8,980.567,978.8,982.3,32.708,56.0,24
Maitri,1991-09-26,-11.75,-14.3,-9.3,981.758,980.7,982.7,24.375,46.0,24
Maitri,1991-09-27,-15.075,-15.7,-13.5,980.921,979.4,981.5,25.958,31.0,24
Maitri,1991-09-28,-16.246,-17.2,-15.3,974.746,971.4,978.7,21.542,37.0,24
Maitri,1991-09-29,-15.867,-19.3,-9.7,969.45,967.5,971.4,53.708,70.0,24
Maitri,1991-09-30,-11.914,-16.5,-8.1,959.55,956.6,967.2,80.143,89.0,14
Maitri,1991-10-01,-8.883,-12.0,-6.0,955.788,953.8,961.3,26.708,70.0,24
Maitri,1991-10-02,-15.721,-21.4,-11.5,971.083,962.3,975.1,13.5,35.0,24
Maitri,1991-10-03,-19.004,-22.0,-14.5,979.188,975.3,981.9,3.5,30.0,24
Maitri,1991-10-04,-7.517,-17.6,-2.3,978.912,976.8,981.6,45.458,80.0,24
Maitri,1991-10-05,-10.433,-13.5,-7.0,984.55,977.2,989.5,22.042,50.0,24
Maitri,1991-10-06,-12.112,-14.5,-10.4,990.117,988.0,991.7,29.583,46.0,24
Maitri,1991-10-07,-11.062,-14.1,-8.6,985.838,984.0,987.9,33.833,45.0,24
Maitri,1991-10-08,-15.904,-22.0,-12.2,985.104,983.5,986.0,31.542,48.0,24
Maitri,1991-10-09,-15.513,-22.5,-12.1,980.062,976.0,983.5,12.208,43.0,24
Maitri,1991-10-10,-11.396,-14.7,-8.9,970.1,965.1,976.0,54.25,78.0,24
Maitri,1991-10-11,-6.212,-10.5,-2.5,963.092,960.7,965.1,57.167,83.0,24
Maitri,1991-10-12,-5.45,-11.1,-0.9,960.642,959.5,963.9,38.292,70.0,24
Maitri,1991-10-13,-8.221,-13.7,-4.0,963.054,960.1,965.0,21.667,56.0,24
Maitri,1991-10-14,-14.088,-17.6,-10.6,960.433,959.3,962.4,6.0,22.0,24
Maitri,1991-10-15,-14.108,-17.1,-11.0,965.467,963.0,967.0,11.083,28.0,24
Maitri,1991-10-16,-16.138,-19.6,-12.9,966.129,965.5,966.8,11.25,26.0,24
Maitri,1991-10-17,-15.188,-18.3,-11.8,966.85,965.2,967.9,8.75,26.0,24
Maitri,1991-10-18,-15.9,-20.0,-12.0,962.275,961.0,964.4,5.458,15.0,24
Maitri,1991-10-19,-16.025,-20.1,-11.1,966.383,962.7,968.0,5.833,19.0,24
Maitri,1991-10-20,-16.417,-21.1,-13.7,965.367,960.7,967.8,5.333,22.0,18
Maitri,1991-10-21,-15.025,-19.5,-11.5,956.1,954.1,960.0,16.25,33.0,24
Maitri,1991-10-22,-16.804,-19.8,-14.3,955.033,954.5,956.4,13.083,22.0,24
Maitri,1991-10-23,-15.529,-19.3,-12.1,961.371,957.1,965.7,8.333,22.0,24
Maitri,1991-10-24,-14.708,-19.7,-10.3,966.208,965.6,966.9,22.917,37.0,24
Maitri,1991-10-25,-12.179,-15.8,-9.3,961.717,958.4,965.5,50.75,65.0,24
Maitri,1991-10-26,-9.15,-13.5,-4.5,956.829,955.8,957.9,27.5,59.0,24
Maitri,1991-10-27,-10.971,-14.6,-6.7,960.012,957.2,961.6,18.583,41.0,24
Maitri,1991-10-28,-8.304,-11.1,-6.7,957.667,954.5,960.6,51.458,67.0,24
Maitri,1991-10-29,-7.858,-10.7,-6.1,953.025,951.0,954.8,46.375,69.0,24
Maitri,1991-10-30,-9.112,-12.2,-6.6,954.042,951.0,957.1,20.583,43.0,24
Maitri,1991-10-31,-9.142,-12.0,-8.0,957.921,956.8,958.5,41.958,56.0,24
Maitri,1991-11-01,-8.829,-11.7,-6.8,957.325,956.2,958.3,28.5,52.0,24
Maitri,1991-11-02,-10.083,-12.7,-6.5,959.879,956.4,964.3,30.833,65.0,24
Maitri,1991-11-03,-8.542,-12.8,-4.0,968.333,964.9,970.1,35.75,70.0,24
Maitri,1991-11-04,-9.592,-11.6,-5.7,970.617,969.6,972.6,27.625,54.0,24
Maitri,1991-11-05,-9.508,-12.3,-7.7,975.008,973.0,977.9,16.958,43.0,24
Maitri,1991-11-06,-7.558,-12.5,-3.0,980.267,978.1,982.0,22.75,52.0,24
Maitri,1991-11-07,-8.6,-11.5,-5.3,981.304,980.7,981.9,19.542,54.0,24
Maitri,1991-11-08,-8.638,-12.3,-6.0,979.504,976.7,980.7,24.292,43.0,24
Maitri,1991-11-09,-8.933,-12.6,-6.5,977.717,976.7,979.5,24.667,45.0,24
Maitri,1991-11-10,-8.833,-12.2,-6.6,981.321,979.5,982.5,29.833,48.0,24
Maitri,1991-11-11,-5.076,-12.3,-2.1,978.671,976.5,979.7,28.762,50.0,21
Maitri,1991-11-12,-4.696,-9.0,-1.5,974.967,971.3,977.0,31.833,54.0,24
Maitri,1991-11-13,-7.375,-10.0,-5.0,974.279,971.3,976.6,30.958,48.0,24
Maitri,1991-11-14,-5.512,-7.4,-3.3,980.238,976.5,984.0,28.958,48.0,24
Maitri,1991-11-15,-4.958,-8.1,-1.3,982.842,980.5,984.0,13.958,37.0,24
Maitri,1991-11-16,-4.175,-9.3,-1.5,978.533,977.7,980.3,10.667,31.0,24
Maitri,1991-11-17,-5.562,-9.1,-1.4,979.179,978.7,979.7,13.708,30.0,24
Maitri,1991-11-18,-4.833,-8.8,-2.4,975.088,972.3,979.0,33.667,48.0,24
Maitri,1991-11-19,-5.367,-6.1,-4.6,971.504,971.0,972.1,46.792,61.0,24
Maitri,1991-11-20,-3.462,-6.5,-1.5,971.225,970.8,971.8,41.958,48.0,24
Maitri,1991-11-21,-3.679,-4.3,-3.0,968.083,963.5,971.9,56.708,74.0,24
Maitri,1991-11-22,-3.838,-5.5,-3.0,963.071,961.7,966.4,70.583,89.0,24
Maitri,1991-11-23,-3.85,-5.3,-2.2,971.288,966.9,975.8,45.5,57.0,24
Maitri,1991-11-24,-4.579,-6.7,-3.5,974.371,971.0,976.3,37.583,46.0,24
Maitri,1991-11-25,-4.571,-6.4,-2.7,966.071,964.0,970.5,43.417,52.0,24
Maitri,1991-11-26,-3.6,-6.5,-2.1,967.275,964.8,969.0,51.667,67.0,24
Maitri,1991-11-27,-3.212,-6.1,-1.1,967.283,966.1,968.0,40.375,56.0,24
Maitri,1991-11-28,-2.617,-6.2,-0.5,969.946,967.8,971.1,34.875,52.0,24
Maitri,1991-11-29,0.542,-3.4,3.2,972.363,970.6,973.8,34.458,50.0,24
Maitri,1991-11-30,-2.971,-4.7,-0.8,976.0,973.8,977.1,40.75,56.0,24
Maitri,1991-12-28,5.92,4.0,7.9,979.49,977.5,981.1,50.0,70.0,10
Maitri,1991-12-29,5.104,2.7,7.3,975.192,974.5,977.2,43.5,63.0,24
Maitri,1991-12-30,4.254,1.4,6.1,973.417,972.0,974.6,24.875,45.0,24
Maitri,1991-12-31,2.583,1.1,4.3,975.846,972.9,979.6,23.583,31.0,24
Maitri,1992-01-02,3.887,1.0,7.0,979.383,976.9,983.0,14.375,33.0,24
Maitri,1992-01-03,4.488,1.9,6.7,985.333,980.0,987.6,32.375,50.0,24
Maitri,1992-01-04,4.15,0.7,7.5,985.55,983.8,986.7,35.833,56.0,24
Maitri,1992-01-05,2.887,0.1,5.8,979.854,978.1,983.4,10.792,20.0,24
Maitri,1992-01-06,1.088,-2.3,2.2,979.137,978.3,981.7,8.083,19.0,24
Maitri,1992-01-07,1.4,-4.0,4.8,982.117,980.6,983.1,16.042,31.0,24
Maitri,1992-01-08,2.171,-4.0,6.8,976.096,971.8,980.2,19.583,39.0,24
Maitri,1992-01-09,1.329,-2.6,4.8,970.808,969.9,971.6,20.167,60.0,24
Maitri,1992-01-10,0.158,-3.3,2.5,973.654,971.1,975.0,15.167,31.0,24
Maitri,1992-01-11,-0.862,-4.6,3.5,973.238,971.7,974.7,12.25,28.0,24
Maitri,1992-01-12,-0.442,-4.7,2.7,972.208,971.3,973.8,14.958,28.0,24
Maitri,1992-01-13,-1.446,-3.3,2.5,973.762,973.2,974.1,32.667,54.0,24
Maitri,1992-01-14,-1.633,-4.0,2.0,971.304,969.1,973.1,40.917,56.0,24
Maitri,1992-01-15,-1.208,-4.6,3.2,970.179,967.7,974.1,48.0,67.0,24
Maitri,1992-01-16,-2.046,-5.3,3.3,979.575,974.8,983.3,35.625,46.0,24
Maitri,1992-01-17,-1.729,-4.8,1.8,981.613,977.3,983.9,26.542,48.0,24
Maitri,1992-01-18,-0.804,-2.7,-0.1,972.833,971.6,976.5,39.375,56.0,24
Maitri,1992-01-19,0.4,-1.4,2.8,974.6,971.0,980.0,47.0,69.0,10
Maitri,1992-01-20,3.525,1.4,5.7,980.5,978.8,982.0,33.75,48.0,24
Maitri,1992-01-21,4.138,1.7,6.2,977.708,975.0,979.1,24.292,45.0,24
Maitri,1992-01-22,2.412,1.3,3.6,975.65,974.2,977.2,29.5,41.0,24
Maitri,1992-01-23,1.925,0.3,3.1,979.004,977.2,981.2,25.708,45.0,24
Maitri,1992-01-24,1.383,-2.0,5.6,976.158,972.9,981.0,12.708,31.0,24
Maitri,1992-01-25,-0.129,-1.1,1.3,971.217,967.8,973.0,32.792,41.0,24
Maitri,1992-01-26,0.912,0.2,1.9,965.604,964.4,967.6,32.708,46.0,24
Maitri,1992-01-27,0.946,0.0,2.1,965.558,965.2,966.2,32.458,43.0,24
Maitri,1992-01-28,-0.538,-6.0,0.8,967.179,965.1,969.5,36.125,48.0,24
Maitri,1992-01-29,0.196,-1.5,2.1,971.675,969.1,974.0,25.833,37.0,24
Maitri,1992-01-30,-0.375,-2.8,2.2,975.121,974.0,976.2,26.5,37.0,24
Maitri,1992-01-31,-1.621,-6.2,1.9,975.846,974.5,976.5,25.917,37.0,24
Maitri,1992-02-01,1.171,-4.1,6.7,973.9,972.9,975.5,26.542,45.0,24
Maitri,1992-02-02,-1.833,-4.3,-0.1,978.167,975.8,979.2,25.083,37.0,24
Maitri,1992-02-03,-2.967,-5.8,0.0,977.25,975.9,978.7,22.833,45.0,24
Maitri,1992-02-04,-4.046,-6.8,-1.0,977.075,976.8,977.4,21.208,37.0,24
Maitri,1992-02-05,-3.317,-7.7,0.0,974.346,973.0,976.7,9.542,28.0,24
Maitri,1992-02-06,-4.046,-7.5,-1.6,973.383,971.9,976.8,4.708,19.0,24
Maitri,1992-02-07,-2.721,-4.6,-0.1,978.446,976.3,979.8,13.042,40.0,24
Maitri,1992-02-08,-0.737,-4.3,3.5,971.05,968.0,975.7,31.917,45.0,24
Maitri,1992-02-09,0.329,-4.0,2.9,964.088,959.4,967.1,41.333,56.0,24
Maitri,1992-02-10,3.742,2.3,4.5,960.6,959.4,962.0,23.417,31.0,12
Maitri,1992-02-11,1.946,-1.7,3.8,966.421,962.4,968.8,40.875,56.0,24
Maitri,1992-02-12,0.827,-2.9,4.0,962.614,960.7,966.0,34.818,56.0,22
Maitri,1992-02-13,1.167,-0.8,4.1,968.717,965.2,975.0,37.0,63.0,24
Maitri,1992-02-14,0.508,-1.4,3.1,977.367,975.6,979.2,43.167,56.0,24
Maitri,1992-02-15,-0.3,-1.7,0.9,980.262,979.6,980.9,34.917,52.0,24
Maitri,1992-02-16,1.104,-1.6,4.9,977.104,974.9,980.7,32.833,41.0,24
Maitri,1992-02-17,-0.312,-2.1,1.1,978.613,975.5,980.7,32.25,46.0,24
Maitri,1992-02-18,0.413,-1.4,2.4,980.267,979.7,981.2,34.0,46.0,24
Maitri,1992-02-19,-0.117,-1.8,1.4,980.408,979.5,981.8,32.417,43.0,24
Maitri,1992-02-20,-1.254,-4.0,-0.1,982.6,981.5,983.5,22.208,41.0,24
Maitri,1992-02-21,-3.433,-8.7,-0.8,983.125,982.6,983.8,18.375,37.0,24
Maitri,1992-02-22,-4.996,-8.6,-1.4,984.829,983.3,987.0,19.875,37.0,24
Maitri,1992-02-23,-5.2,-8.6,-0.9,988.021,986.9,988.4,12.792,28.0,24
Maitri,1992-02-24,-4.858,-7.7,-1.4,988.038,986.0,989.1,8.833,24.0,24
Maitri,1992-02-25,-3.442,-5.4,-1.1,983.621,981.6,985.6,8.333,22.0,24
Maitri,1992-02-26,-4.683,-9.0,-1.4,979.238,977.8,981.2,3.458,13.0,24
Maitri,1992-02-27,-5.167,-10.0,-0.1,978.742,977.7,980.9,18.917,46.0,24
Maitri,1992-02-28,-4.512,-9.5,-0.2,981.846,980.2,983.0,33.625,48.0,24
Maitri,1992-02-29,-4.658,-9.8,-0.8,980.758,979.9,981.4,9.375,41.0,24
Maitri,1992-03-01,-6.296,-7.5,-4.3,977.929,973.1,981.1,8.125,22.0,24
Maitri,1992-03-02,-5.112,-8.1,-0.8,963.467,957.9,972.5,60.917,93.0,24
Maitri,1992-03-03,-0.654,-2.4,0.0,962.221,958.1,967.3,57.333,93.0,24
Maitri,1992-03-04,-2.279,-4.4,0.0,972.396,968.1,977.1,6.375,17.0,24
Maitri,1992-03-05,-5.438,-7.0,-4.0,979.367,977.2,980.2,22.5,37.0,24
Maitri,1992-03-06,-4.054,-4.5,-3.6,974.962,970.2,979.6,33.042,43.0,24
Maitri,1992-03-07,-6.233,-8.0,-4.2,965.562,959.5,970.1,36.875,56.0,24
Maitri,1992-03-08,-7.65,-9.0,-6.2,964.954,960.1,969.6,27.5,46.0,24
Maitri,1992-03-09,-6.117,-9.8,-3.6,971.475,969.8,972.8,30.958,45.0,24
Maitri,1992-03-10,-5.45,-8.2,-3.6,970.113,968.0,971.6,55.958,78.0,24
Maitri,1992-03-11,-7.471,-9.8,-4.0,965.292,964.2,967.6,35.542,52.0,24
Maitri,1992-03-12,-4.046,-6.4,-3.1,965.783,964.7,967.3,19.875,30.0,24
Maitri,1992-03-13,-3.458,-7.0,-0.3,969.863,967.5,971.1,9.208,28.0,24
Maitri,1992-03-14,-8.3,-11.1,-6.2,971.821,971.0,973.4,7.708,24.0,24
Maitri,1992-03-15,-7.483,-9.8,-4.7,972.025,970.5,973.3,34.417,59.0,24
Maitri,1992-03-16,-6.246,-8.3,-4.4,967.096,966.3,970.2,40.917,61.0,24
Maitri,1992-03-17,-8.662,-11.0,-0.2,973.988,967.1,982.2,13.625,46.0,24
Maitri,1992-03-18,-5.95,-10.2,-3.2,984.642,982.9,986.3,45.25,54.0,24
Maitri,1992-03-19,-5.212,-7.8,-1.2,975.662,969.2,982.2,38.833,56.0,24
Maitri,1992-03-20,-6.475,-8.2,-4.0,966.796,963.8,969.0,45.167,59.0,24
Maitri,1992-03-21,-4.808,-7.5,-1.9,960.279,956.9,962.9,51.5,65.0,24
Maitri,1992-03-22,-4.771,-8.1,-2.6,955.667,955.0,956.6,37.958,52.0,24
Maitri,1992-03-23,-4.896,-8.4,-1.5,960.029,957.1,961.7,33.208,48.0,24
Maitri,1992-03-24,-4.017,-10.8,-2.2,962.8,960.9,966.3,43.125,50.0,24
Maitri,1992-03-25,-8.0,-10.8,-4.9,970.267,966.9,972.5,38.095,52.0,21
Maitri,1992-03-26,-10.446,-12.5,-8.1,974.196,972.9,975.0,37.5,59.0,24
Maitri,1992-03-27,-10.242,-12.6,-6.3,976.221,974.2,978.0,41.5,59.0,24
Maitri,1992-03-28,-8.696,-10.3,-6.6,973.363,968.5,978.0,58.417,74.0,24
Maitri,1992-03-29,-5.686,-6.9,-5.0,965.8,956.1,971.4,78.364,93.0,22
Maitri,1992-03-31,-10.533,-12.2,-10.2,985.933,985.0,987.0,26.0,37.0,6
Maitri,1992-04-01,-10.075,-13.5,-6.5,985.483,977.2,990.3,14.833,37.0,24
Maitri,1992-04-02,-11.263,-18.3,-9.8,973.404,971.8,977.0,24.292,46.0,24
Maitri,1992-04-03,-9.638,-12.3,-1.4,973.748,971.4,977.3,19.571,31.0,21
Maitri,1992-04-04,-14.683,-19.4,-8.1,977.55,977.1,978.0,23.917,39.0,24
Maitri,1992-04-05,-16.371,-21.8,-13.3,978.779,977.3,980.1,3.542,13.0,24
Maitri,1992-04-06,-15.221,-18.1,-12.6,979.654,977.9,980.8,34.75,59.0,24
Maitri,1992-04-07,-9.725,-13.1,-8.0,972.529,968.3,977.2,23.917,50.0,24
Maitri,1992-04-08,-8.267,-10.7,-5.6,969.546,965.0,976.0,11.875,33.0,24
Maitri,1992-04-09,-4.136,-6.5,-2.8,974.086,967.4,976.5,34.636,48.0,22
Maitri,1992-04-10,-8.15,-11.5,-5.8,959.617,955.8,966.2,41.417,52.0,24
Maitri,1992-04-11,-7.012,-8.3,-5.9,956.55,955.1,957.5,18.917,30.0,24
Maitri,1992-04-12,-8.046,-9.3,-6.9,958.242,957.4,959.6,18.167,33.0,24
Maitri,1992-04-13,-10.492,-11.8,-9.1,961.229,959.6,962.8,9.542,19.0,24
Maitri,1992-04-14,-11.354,-12.4,-9.7,961.988,959.3,963.5,38.042,59.0,24
Maitri,1992-04-15,-7.25,-9.6,-5.0,948.958,940.4,958.6,66.083,83.0,24
Maitri,1992-04-16,-4.35,-5.4,-3.4,947.717,938.1,951.8,22.125,46.0,24
Maitri,1992-04-17,-7.358,-10.8,-4.7,963.646,939.2,978.6,24.958,50.0,24
Maitri,1992-04-18,-5.921,-7.0,-4.6,981.896,978.6,983.1,33.417,48.0,24
Maitri,1992-04-19,-8.321,-10.6,-6.2,973.796,969.1,981.4,28.0,52.0,24
Maitri,1992-04-20,-11.233,-17.5,-8.2,960.012,955.7,968.4,14.25,37.0,24
Maitri,1992-04-21,-19.388,-22.7,-16.2,963.5,955.9,972.6,4.5,15.0,24
Maitri,1992-04-22,-14.692,-20.9,-10.0,974.629,973.0,975.5,38.333,65.0,24
Maitri,1992-04-23,-7.604,-9.4,-6.2,973.783,970.0,975.1,55.583,74.0,24
Maitri,1992-04-24,-13.119,-15.5,-9.1,961.219,956.1,968.8,59.476,83.0,21
Maitri,1992-04-25,-11.713,-13.7,-9.4,974.017,963.4,982.3,40.043,58.0,23
Maitri,1992-04-26,-11.933,-14.2,-10.7,983.15,981.6,984.2,43.25,70.0,24
Maitri,1992-04-27,-11.804,-13.4,-10.0,977.521,975.3,981.8,37.5,59.0,24
Maitri,1992-04-28,-13.533,-16.0,-12.1,974.054,973.3,975.0,29.75,41.0,24
Maitri,1992-04-29,-14.529,-15.7,-13.0,977.946,975.7,981.2,32.458,41.0,24
Maitri,1992-04-30,-13.633,-16.2,-11.0,983.646,981.6,986.2,45.583,56.0,24
Maitri,1992-05-01,-9.729,-10.7,-8.4,984.842,983.0,986.3,49.083,56.0,24
Maitri,1992-05-02,-8.042,-9.0,-7.0,983.717,981.0,987.5,49.292,59.0,24
Maitri,1992-05-03,-6.675,-8.1,-5.8,989.742,988.0,990.6,40.625,56.0,24
Maitri,1992-05-04,-10.546,-17.5,-7.0,984.35,978.8,989.5,19.25,46.0,24
Maitri,1992-05-05,-18.658,-21.2,-14.8,980.475,978.6,981.6,2.875,15.0,24
Maitri,1992-05-06,-17.383,-21.4,-14.2,981.121,980.0,982.1,6.917,22.0,24
Maitri,1992-05-07,-12.737,-15.6,-9.0,978.221,972.5,982.0,40.917,63.0,24
Maitri,1992-05-08,-8.658,-11.4,-5.3,969.583,963.9,972.6,39.292,83.0,24
Maitri,1992-05-09,-4.812,-8.3,-0.3,962.012,960.9,963.7,42.125,56.0,24
Maitri,1992-05-10,-7.262,-9.1,-4.6,969.367,964.6,971.5,58.542,67.0,24
Maitri,1992-05-11,-12.467,-19.5,-5.2,971.367,969.8,972.3,14.125,46.0,24
Maitri,1992-05-12,-18.233,-22.5,-14.0,970.45,968.7,975.4,1.917,9.0,24
Maitri,1992-05-13,-16.792,-18.6,-14.3,984.758,976.3,991.6,24.083,43.0,24
Maitri,1992-05-14,-9.917,-13.5,-7.1,984.633,978.2,991.3,67.125,89.0,24
Maitri,1992-05-15,-7.65,-9.8,-5.2,970.285,964.7,978.0,71.7,96.0,20
Maitri,1992-05-16,-7.425,-8.1,-6.9,969.708,965.6,976.9,58.458,74.0,24
Maitri,1992-05-17,-7.358,-11.0,-4.8,983.083,978.0,987.4,55.708,78.0,24
Maitri,1992-05-18,-14.588,-19.0,-10.5,981.012,977.6,987.2,11.5,39.0,24
Maitri,1992-05-19,-18.329,-20.6,-15.2,982.492,980.3,983.3,25.917,43.0,24
Maitri,1992-05-20,-19.471,-21.2,-18.2,983.067,982.8,983.4,38.833,48.0,24
Maitri,1992-05-21,-16.954,-18.3,-15.6,980.696,978.6,982.7,36.417,48.0,24
Maitri,1992-05-22,-16.125,-16.8,-15.2,976.855,973.4,978.8,45.3,80.0,20
Maitri,1992-05-23,-10.209,-15.4,-7.7,964.436,956.9,972.4,48.682,67.0,22
Maitri,1992-05-24,-9.225,-13.4,-7.0,955.829,952.5,963.2,32.667,61.0,24
Maitri,1992-05-25,-9.254,-10.9,-6.6,974.792,964.3,979.2,37.958,50.0,24
Maitri,1992-05-26,-6.229,-10.9,-4.0,978.317,976.6,979.9,38.292,67.0,24
Maitri,1992-05-27,-4.382,-6.3,-3.0,976.559,974.0,978.4,51.318,70.0,22
Maitri,1992-05-28,-3.262,-9.0,-1.4,968.1,965.8,972.8,44.542,54.0,24
Maitri,1992-05-29,-4.933,-6.3,-2.8,970.171,967.8,971.4,52.958,67.0,24
Maitri,1992-05-30,-6.779,-10.5,-2.8,967.933,967.0,969.0,28.042,50.0,24
Maitri,1992-05-31,-12.217,-15.7,-8.9,969.779,968.1,971.2,17.875,33.0,24
Maitri,1992-06-01,-18.592,-23.0,-14.8,973.983,971.1,978.7,7.625,18.0,24
Maitri,1992-06-02,-15.033,-18.7,-12.5,985.679,979.8,989.9,28.75,48.0,24
Maitri,1992-06-03,-12.388,-16.8,-10.5,982.788,974.3,989.3,32.125,50.0,24
Maitri,1992-06-04,-14.188,-20.4,-9.5,968.733,965.3,974.0,12.25,41.0,24
Maitri,1992-06-05,-21.654,-24.2,-16.9,967.792,963.8,972.1,7.625,33.0,24
Maitri,1992-06-06,-19.392,-26.3,-14.0,971.979,969.8,973.5,33.792,63.0,24
Maitri,1992-06-07,-10.167,-13.0,-7.8,971.321,969.5,972.9,54.708,67.0,24
Maitri,1992-06-08,-8.279,-11.5,-6.0,975.812,974.0,977.0,36.375,52.0,24
Maitri,1992-06-09,-8.292,-9.5,-6.9,972.133,970.5,975.7,61.458,78.0,24
Maitri,1992-06-10,-5.004,-6.6,-4.0,961.396,955.3,970.2,75.708,93.0,24
Maitri,1992-06-11,-6.554,-7.8,-5.3,960.417,954.1,967.9,67.792,97.0,24
Maitri,1992-06-12,-6.062,-9.9,-4.6,966.725,961.9,968.6,65.375,74.0,24
Maitri,1992-06-13,-10.354,-14.0,-7.5,963.321,959.5,969.0,54.375,74.0,24
Maitri,1992-06-14,-13.912,-15.9,-11.0,973.267,969.7,976.7,43.792,54.0,24
Maitri,1992-06-15,-15.438,-20.0,-11.0,978.954,976.8,982.2,19.375,37.0,24
Maitri,1992-06-16,-13.721,-17.0,-11.0,988.875,982.4,992.9,32.167,48.0,24
Maitri,1992-06-17,-12.825,-16.0,-5.2,986.229,979.0,992.9,31.25,50.0,24
Maitri,1992-06-18,-5.729,-7.0,-4.2,977.992,976.2,979.4,45.875,65.0,24
Maitri,1992-06-19,-6.533,-8.0,-5.2,983.254,977.3,988.0,35.125,54.0,24
Maitri,1992-06-20,-6.1,-7.6,-5.0,987.95,987.1,990.8,34.042,46.0,24
Maitri,1992-06-21,-11.017,-17.8,-5.5,992.488,991.0,993.2,14.042,30.0,24
Maitri,1992-06-22,-10.345,-15.0,-6.5,989.686,985.9,992.8,33.864,46.0,22
Maitri,1992-06-23,-11.904,-18.4,-6.0,983.93,981.3,986.0,22.13,48.0,23
Maitri,1992-06-24,-17.754,-22.6,-13.5,982.975,981.9,985.5,5.875,18.0,24
Maitri,1992-06-25,-18.904,-24.4,-15.0,989.692,986.0,993.4,9.417,24.0,24
Maitri,1992-06-26,-18.338,-24.0,-15.0,997.371,994.6,1000.4,29.125,52.0,24
Maitri,1992-06-27,-14.658,-16.4,-13.0,998.796,996.7,1000.5,36.333,69.0,24
Maitri,1992-06-28,-18.537,-22.5,-15.8,992.133,989.1,996.5,25.333,41.0,24
Maitri,1992-06-29,-15.987,-19.0,-12.2,987.954,987.2,989.0,32.375,45.0,24
Maitri,1992-06-30,-12.667,-16.5,-10.5,990.704,988.8,993.1,22.5,33.0,24
Maitri,1992-07-01,-19.175,-24.0,-14.0,992.25,991.0,993.0,10.458,37.0,24
Maitri,1992-07-02,-9.658,-12.2,-8.0,986.704,981.4,990.6,47.625,56.0,24
Maitri,1992-07-03,-9.075,-11.0,-7.8,984.0,980.2,986.4,43.167,61.0,24
Maitri,1992-07-04,-9.483,-11.0,-8.2,987.338,986.4,988.3,14.458,37.0,24
Maitri,1992-07-05,-13.917,-18.0,-9.4,985.412,984.4,986.8,3.5,18.0,24
Maitri,1992-07-06,-13.246,-18.0,-7.0,986.417,981.6,987.7,7.75,56.0,24
Maitri,1992-07-07,-5.762,-9.0,-2.5,974.725,969.4,980.7,55.042,74.0,24
Maitri,1992-07-08,-16.933,-21.6,-10.1,971.258,968.4,972.7,16.333,56.0,24
Maitri,1992-07-09,-15.875,-19.4,-12.0,971.946,970.6,972.6,41.708,56.0,24
Maitri,1992-07-10,-16.158,-18.8,-11.8,976.042,969.2,980.8,34.5,52.0,24
Maitri,1992-07-11,-14.721,-19.8,-11.2,977.4,974.3,980.9,35.542,56.0,24
Maitri,1992-07-12,-11.538,-13.2,-10.0,976.783,973.2,981.3,56.375,67.0,24
Maitri,1992-07-13,-10.633,-11.5,-9.6,974.858,970.0,980.0,57.125,70.0,24
Maitri,1992-07-14,-14.096,-15.5,-13.0,966.233,962.9,969.6,58.625,69.0,24
Maitri,1992-07-15,-17.167,-20.0,-15.0,960.221,956.4,963.1,37.667,52.0,24
Maitri,1992-07-16,-11.521,-15.6,-9.0,953.096,951.6,955.5,25.292,37.0,24
Maitri,1992-07-17,-12.212,-14.5,-10.0,956.983,952.8,960.7,13.542,30.0,24
Maitri,1992-07-18,-19.733,-22.2,-15.2,964.762,961.0,968.2,5.542,18.0,24
Maitri,1992-07-19,-21.396,-22.0,-20.0,970.829,968.7,971.8,19.917,30.0,24
Maitri,1992-07-20,-22.067,-25.0,-20.5,971.033,968.4,972.3,17.208,31.0,24
Maitri,1992-07-21,-23.938,-26.4,-21.9,964.25,960.9,968.2,15.583,28.0,24
Maitri,1992-07-22,-23.075,-25.0,-21.2,961.083,960.3,961.8,19.708,30.0,24
Maitri,1992-07-23,-20.438,-24.3,-18.8,960.038,958.4,961.6,27.708,54.0,24
Maitri,1992-07-24,-24.075,-28.8,-20.7,948.433,941.3,956.8,33.583,58.0,24
Maitri,1992-07-25,-22.025,-28.5,-16.0,945.171,940.7,948.5,28.042,56.0,24
Maitri,1992-07-26,-17.333,-20.5,-15.5,951.317,944.3,958.0,40.375,72.0,24
Maitri,1992-07-27,-20.521,-25.0,-15.0,961.954,958.5,963.7,9.292,33.0,24
Maitri,1992-07-28,-15.237,-16.8,-14.2,959.067,956.4,962.1,21.5,31.0,24
Maitri,1992-07-29,-16.979,-17.9,-16.2,953.075,950.5,956.1,18.083,41.0,24
Maitri,1992-07-30,-16.379,-17.5,-15.0,949.583,947.7,950.5,40.583,52.0,24
Maitri,1992-07-31,-18.042,-21.2,-16.5,948.996,946.8,953.9,27.208,46.0,24
Maitri,1992-08-01,-21.625,-24.2,-17.6,958.488,954.3,964.6,20.875,48.0,24
Maitri,1992-08-02,-19.755,-23.5,-16.5,966.291,964.2,967.8,39.091,52.0,22
Maitri,1992-08-03,-13.912,-17.0,-11.4,959.512,956.9,962.9,44.458,63.0,24
Maitri,1992-08-04,-17.312,-20.0,-13.0,959.854,953.7,965.9,30.292,48.0,24
Maitri,1992-08-05,-19.238,-21.8,-16.2,968.442,960.5,973.9,15.375,37.0,24
Maitri,1992-08-06,-11.508,-14.4,-8.4,959.508,953.8,962.4,35.417,48.0,24
Maitri,1992-08-07,-8.358,-9.4,-7.5,956.137,953.8,958.8,34.042,56.0,24
Maitri,1992-08-08,-12.562,-18.0,-6.9,969.704,960.0,980.8,23.5,56.0,24
Maitri,1992-08-09,-16.208,-19.6,-12.8,978.6,965.0,984.4,36.375,83.0,24
Maitri,1992-08-10,-15.246,-16.2,-14.4,961.758,959.5,964.6,54.875,85.0,24
Maitri,1992-08-11,-14.139,-15.7,-11.0,947.561,940.8,959.9,76.5,93.0,18
Maitri,1992-08-12,-14.912,-18.0,-10.4,955.238,944.3,965.6,29.917,67.0,24
Maitri,1992-08-13,-16.638,-22.5,-13.8,970.921,966.1,973.1,18.958,39.0,24
Maitri,1992-08-14,-17.2,-22.0,-15.0,967.733,960.3,972.2,26.083,43.0,24
Maitri,1992-08-15,-21.929,-25.8,-18.0,961.387,956.1,969.3,23.667,56.0,24
Maitri,1992-08-16,-23.975,-29.0,-20.6,967.65,963.1,970.5,19.417,46.0,24
Maitri,1992-08-17,-23.229,-29.0,-19.0,962.5,961.3,963.3,15.667,57.0,24
Maitri,1992-08-18,-22.004,-25.5,-18.8,962.0,960.7,963.2,15.667,35.0,24
Maitri,1992-08-19,-19.529,-21.6,-18.4,962.983,961.9,963.9,18.292,30.0,24
Maitri,1992-08-20,-17.517,-19.7,-15.8,964.525,962.8,968.1,25.958,43.0,24
Maitri,1992-08-21,-19.079,-24.5,-15.8,970.562,968.4,971.9,17.958,33.0,24
Maitri,1992-08-22,-23.146,-27.2,-20.6,971.988,971.0,973.7,12.292,33.0,24
Maitri,1992-08-23,-24.358,-26.1,-21.7,974.0,972.6,974.8,8.708,28.0,24
Maitri,1992-08-24,-25.408,-30.0,-22.0,972.871,972.1,973.8,10.25,20.0,24
Maitri,1992-08-25,-22.854,-27.5,-20.0,974.021,971.9,975.4,25.167,41.0,24
Maitri,1992-08-26,-19.488,-23.0,-17.5,966.258,963.2,971.2,39.25,56.0,24
Maitri,1992-08-27,-17.65,-19.6,-15.3,959.038,953.1,963.2,36.792,52.0,24
Maitri,1992-08-28,-18.208,-24.5,-15.0,950.754,947.4,954.5,25.667,50.0,24
Maitri,1992-08-29,-24.988,-32.7,-19.0,953.242,951.8,955.7,11.833,56.0,24
Maitri,1992-08-30,-20.892,-32.0,-14.5,958.788,956.4,961.8,28.292,50.0,24
Maitri,1992-08-31,-22.787,-26.3,-19.3,963.746,962.6,966.6,15.583,50.0,24
Maitri,1992-09-01,-20.708,-22.3,-19.4,972.912,967.5,976.3,41.25,52.0,24
Maitri,1992-09-02,-15.114,-20.2,-11.4,972.591,970.9,975.2,57.0,74.0,22
Maitri,1992-09-03,-14.833,-16.5,-13.0,982.25,982.0,982.5,2.5,11.0,6
Maitri,1992-09-04,-14.525,-19.5,-10.9,977.675,973.8,981.5,33.417,69.0,24
Maitri,1992-09-05,-16.088,-18.3,-14.8,979.117,973.4,982.4,35.75,56.0,24
Maitri,1992-09-06,-18.062,-20.8,-13.8,977.846,974.1,982.1,10.0,37.0,24
Maitri,1992-09-07,-22.357,-24.0,-19.0,979.083,974.4,984.4,44.13,58.0,23
Maitri,1992-09-08,-24.721,-26.0,-22.8,985.462,983.6,986.7,21.083,41.0,24
Maitri,1992-09-09,-23.246,-27.0,-20.5,976.629,970.5,983.2,43.833,56.0,24
Maitri,1992-09-10,-21.533,-25.5,-19.3,970.583,968.9,973.6,19.25,41.0,24
Maitri,1992-09-11,-23.95,-28.6,-21.2,975.162,972.5,976.5,3.0,15.0,24
Maitri,1992-09-12,-18.983,-22.9,-15.9,965.517,962.8,971.3,5.875,18.0,24
Maitri,1992-09-13,-17.4,-20.7,-14.7,963.333,962.4,965.6,12.333,30.0,24
Maitri,1992-09-14,-21.833,-24.3,-19.6,967.325,965.7,968.2,9.417,31.0,24
Maitri,1992-09-15,-21.312,-27.7,-13.0,967.254,966.5,968.6,7.25,41.0,24
Maitri,1992-09-16,-16.583,-22.8,-13.2,966.75,961.5,970.2,11.083,24.0,24
Maitri,1992-09-17,-14.367,-16.7,-10.0,958.504,955.6,961.8,21.833,48.0,24
Maitri,1992-09-18,-18.883,-21.0,-15.8,965.546,961.9,969.0,8.208,37.0,24
Maitri,1992-09-19,-22.004,-25.0,-19.1,972.338,969.2,973.9,3.708,18.0,24
Maitri,1992-09-20,-20.758,-26.4,-13.8,970.221,968.3,972.5,14.208,48.0,24
Maitri,1992-09-21,-21.383,-25.7,-17.2,977.613,972.3,980.0,4.583,20.0,24
Maitri,1992-09-22,-14.829,-20.5,-9.5,967.637,963.6,976.6,36.042,74.0,24
Maitri,1992-09-23,-17.704,-21.3,-14.5,963.275,961.2,965.4,29.583,48.0,24
Maitri,1992-09-24,-19.471,-23.2,-17.4,960.229,958.9,963.6,20.583,43.0,24
Maitri,1992-09-25,-21.292,-25.8,-15.0,962.108,954.7,966.2,31.917,46.0,24
Maitri,1992-09-26,-12.138,-16.0,-10.4,952.821,951.1,956.3,33.042,46.0,24
Maitri,1992-09-27,-12.467,-13.4,-11.8,962.571,957.0,965.3,37.167,48.0,24
Maitri,1992-09-28,-13.367,-15.6,-11.2,965.562,964.3,967.0,30.25,48.0,24
Maitri,1992-09-29,-14.971,-18.0,-11.8,968.975,966.3,973.4,29.542,61.0,24
Maitri,1992-09-30,-16.904,-18.8,-14.4,975.221,973.1,977.7,19.125,33.0,24
Maitri,1992-10-01,-17.4,-22.0,-14.0,975.096,968.5,978.0,12.125,28.0,24
Maitri,1992-10-02,-17.673,-22.2,-13.8,968.364,966.9,970.4,17.591,37.0,22
Maitri,1992-10-03,-21.058,-24.2,-17.4,967.171,963.0,970.3,22.25,41.0,24
Maitri,1992-10-04,-21.957,-24.5,-20.0,963.005,961.9,963.9,17.762,43.0,21
Maitri,1992-10-05,-19.338,-22.7,-13.0,961.8,960.8,963.3,4.5,30.0,24
Maitri,1992-10-06,-17.488,-21.0,-14.2,963.35,962.4,964.2,15.292,48.0,24
Maitri,1992-10-07,-14.133,-18.0,-10.0,964.4,962.6,965.9,34.083,59.0,24
Maitri,1992-10-08,-16.004,-22.0,-12.5,957.504,949.0,963.2,25.458,74.0,24
Maitri,1992-10-09,-18.471,-20.0,-16.6,957.408,950.2,962.5,44.042,74.0,24
Maitri,1992-10-10,-15.908,-19.2,-14.0,968.25,962.4,973.2,33.625,46.0,24
Maitri,1992-10-11,-15.912,-18.8,-12.4,971.225,968.5,973.3,19.125,52.0,24
Maitri,1992-10-12,-16.317,-18.8,-14.3,975.183,970.7,977.9,11.917,37.0,24
Maitri,1992-10-13,-14.308,-19.4,-10.2,980.358,978.0,981.7,16.417,45.0,24
Maitri,1992-10-14,-15.792,-18.8,-11.0,977.45,976.5,979.3,5.958,30.0,24
Maitri,1992-10-15,-13.55,-18.5,-7.3,980.242,976.9,987.3,3.25,9.0,24
Maitri,1992-10-16,-10.171,-15.2,-8.3,987.346,985.0,988.8,24.25,56.0,24
Maitri,1992-10-17,-7.414,-8.0,-7.2,980.5,976.6,984.8,55.571,70.0,7
Maitri,1992-11-03,-6.783,-7.0,-6.6,973.1,972.7,973.8,29.5,37.0,6
Maitri,1992-11-04,-5.844,-7.9,-3.6,973.244,972.7,973.8,29.556,37.0,9
Maitri,1992-11-06,-9.242,-14.7,-6.2,968.092,965.8,968.7,27.458,50.0,24
Maitri,1992-11-07,-9.083,-13.7,-6.5,967.971,962.9,970.2,35.5,56.0,24
Maitri,1992-11-08,-8.875,-9.6,-8.0,953.242,946.9,961.8,60.958,78.0,24
Maitri,1992-11-09,-7.411,-8.8,-6.3,949.158,944.9,954.2,54.684,86.0,19
Maitri,1992-11-10,-6.017,-10.0,-3.2,958.417,954.7,961.3,14.167,26.0,24
Maitri,1992-11-11,-8.242,-12.5,-5.8,961.854,961.0,962.8,13.0,28.0,24
Maitri,1992-11-12,-8.733,-14.5,-5.0,960.9,959.8,962.0,10.458,22.0,24
Maitri,1992-11-13,-11.204,-15.5,-7.0,960.117,959.6,961.6,4.0,18.0,24
Maitri,1992-11-14,-9.629,-14.0,-7.3,968.104,961.6,974.4,11.667,30.0,24
Maitri,1992-11-15,-7.4,-11.8,-4.8,978.329,975.0,979.8,6.125,28.0,24
Maitri,1992-11-16,-4.938,-7.8,-1.4,978.775,975.7,981.3,3.708,22.0,24
Maitri,1992-11-17,-5.038,-7.8,-3.0,965.613,955.1,975.2,22.375,35.0,24
Maitri,1992-11-18,-5.483,-9.2,-3.2,956.171,953.8,960.8,35.625,52.0,24
Maitri,1992-11-19,-5.158,-10.4,-3.0,960.917,959.0,961.8,28.458,46.0,24
Maitri,1992-11-20,-2.113,-9.0,1.9,950.754,946.5,958.7,13.792,37.0,24
Maitri,1992-11-21,-4.688,-10.2,-1.8,960.296,953.9,966.7,32.792,45.0,24
Maitri,1992-11-22,-4.454,-6.8,-3.0,966.171,965.3,966.7,15.333,30.0,24
Maitri,1992-11-23,-3.887,-7.0,0.0,964.517,963.2,965.1,31.292,48.0,24
Maitri,1992-11-24,-5.233,-8.0,-2.0,961.754,960.0,964.7,16.25,43.0,24
Maitri,1992-11-25,-4.375,-9.0,-1.9,966.412,964.8,967.6,29.417,41.0,24
Maitri,1992-11-26,-3.908,-8.2,-2.0,967.146,964.8,969.9,33.417,52.0,24
Maitri,1992-11-27,-3.121,-7.2,0.0,975.308,969.9,977.4,25.25,52.0,24
Maitri,1992-11-28,-2.592,-7.2,3.2,978.575,977.4,979.4,17.792,50.0,24
Maitri,1992-11-29,-3.579,-7.2,-0.3,975.383,972.8,977.5,12.042,33.0,24
Maitri,1992-11-30,0.383,-3.2,2.9,968.804,965.5,972.4,39.125,48.0,24
Maitri,1992-12-01,-0.396,-2.2,1.0,966.037,964.9,967.3,35.292,54.0,24
Maitri,1992-12-02,-0.867,-2.6,0.5,968.954,967.1,971.9,39.417,48.0,24
Maitri,1992-12-03,-0.083,-3.6,2.2,973.183,972.2,973.7,36.333,46.0,24
Maitri,1992-12-04,0.158,-5.0,3.9,969.858,968.0,972.0,20.042,45.0,24
Maitri,1992-12-05,-0.533,-2.6,1.1,970.167,968.2,971.2,16.125,33.0,24
Maitri,1992-12-06,-0.588,-3.2,1.0,968.721,968.4,969.5,9.417,18.0,24
Maitri,1992-12-07,-2.288,-9.2,-0.2,971.154,969.1,973.2,10.958,28.0,24
Maitri,1992-12-08,-3.121,-5.2,-0.4,972.0,970.4,973.1,9.208,15.0,24
Maitri,1992-12-09,-3.367,-5.8,-1.2,970.042,968.9,972.2,10.167,20.0,24
Maitri,1992-12-10,-2.533,-5.8,-0.4,973.546,972.4,974.2,11.667,20.0,24
Maitri,1992-12-11,-2.933,-7.6,0.0,971.288,970.8,972.3,7.292,24.0,24
Maitri,1992-12-12,-3.167,-6.0,-0.2,970.842,970.2,971.7,23.083,37.0,24
Maitri,1992-12-13,-4.408,-6.6,-2.7,964.933,956.7,970.0,45.833,78.0,24
Maitri,1992-12-14,-3.833,-6.2,-1.8,961.029,956.0,968.1,44.667,78.0,24
Maitri,1992-12-15,-1.408,-2.7,-0.1,973.471,968.8,975.1,29.5,45.0,24
Maitri,1992-12-16,-1.037,-3.2,2.0,967.554,961.5,972.9,41.25,52.0,24
Maitri,1992-12-17,-1.608,-4.1,2.8,963.504,959.6,969.9,49.083,67.0,24
Maitri,1992-12-18,1.933,1.1,3.0,975.017,970.6,976.4,27.417,52.0,24
Maitri,1992-12-19,1.754,0.0,3.4,971.171,966.3,975.1,10.375,46.0,24
Maitri,1992-12-20,-1.2,-3.0,0.6,966.542,965.7,967.9,23.0,46.0,24
Maitri,1992-12-21,-1.383,-3.6,0.7,970.704,968.4,972.1,12.333,22.0,24
Maitri,1992-12-22,-2.017,-3.6,1.0,973.725,972.0,974.6,13.667,30.0,24
Maitri,1992-12-23,-2.279,-5.1,-0.1,972.725,972.0,974.0,14.458,35.0,24
Maitri,1992-12-24,-5.175,-7.0,-2.8,971.229,970.3,972.1,6.708,11.0,24
Maitri,1992-12-25,-2.379,-7.6,0.0,973.412,972.1,974.4,15.75,22.0,24
Maitri,1992-12-26,-1.233,-2.5,0.2,970.092,966.0,973.9,43.333,50.0,24
Maitri,1992-12-27,-1.054,-2.5,0.8,963.688,962.9,965.2,38.083,52.0,24
Maitri,1992-12-28,1.275,0.0,2.6,967.404,963.2,971.0,33.667,50.0,24
Maitri,1992-12-29,1.171,0.0,2.6,974.929,971.3,977.2,41.583,52.0,24
Maitri,1992-12-30,1.654,-0.6,3.5,975.625,974.6,976.6,26.333,41.0,24
Maitri,1992-12-31,2.117,0.0,4.0,976.111,974.6,977.7,23.833,37.0,18
Maitri,1994-01-01,1.492,-1.2,4.2,979.3,975.4,981.6,25.333,48.0,24
Maitri,1994-01-02,0.933,-1.6,3.5,973.471,972.0,976.5,24.25,45.0,24
Maitri,1994-01-03,-0.583,-2.5,1.5,974.321,973.3,975.2,15.208,37.0,24
Maitri,1994-01-04,-1.129,-3.0,1.0,975.033,973.3,976.5,13.0,26.0,24
Maitri,1994-01-05,1.996,-3.0,4.5,972.233,971.0,973.2,27.708,48.0,24
Maitri,1994-01-06,2.071,-0.2,3.7,971.992,971.2,972.8,38.208,46.0,24
Maitri,1994-01-07,0.975,-0.1,2.3,973.571,971.2,975.7,36.375,45.0,24
Maitri,1994-01-08,1.029,-1.0,3.4,974.725,973.3,976.1,29.583,37.0,24
Maitri,1994-01-09,1.537,-1.0,3.6,973.446,973.0,973.8,21.625,48.0,24
Maitri,1994-01-10,0.725,-1.0,2.1,976.267,973.3,977.3,13.125,26.0,24
Maitri,1994-01-11,2.329,0.0,4.8,978.429,977.3,979.0,16.292,26.0,24
Maitri,1994-01-12,0.721,-2.6,2.6,977.479,976.1,979.0,18.625,41.0,24
Maitri,1994-01-13,-0.838,-2.5,0.0,977.858,976.1,980.2,16.167,31.0,24
Maitri,1994-01-14,-1.921,-3.4,-0.5,979.05,977.3,981.2,15.792,24.0,24
Maitri,1994-01-15,-1.475,-5.2,1.4,973.321,970.0,977.6,12.0,26.0,24
Maitri,1994-01-16,-2.496,-5.5,-0.8,975.925,971.8,978.0,24.333,30.0,24
Maitri,1994-01-17,-2.254,-4.0,-0.5,975.621,971.3,978.0,40.292,48.0,24
Maitri,1994-01-18,-1.958,-3.8,-0.5,968.65,967.7,970.8,45.833,56.0,24
Maitri,1994-01-19,-0.721,-4.0,2.0,968.5,967.7,969.3,28.333,48.0,24
Maitri,1994-01-20,1.213,-1.3,3.0,970.462,969.5,971.5,34.958,43.0,24
Maitri,1994-01-21,1.575,-1.2,4.0,973.354,971.7,973.9,30.708,43.0,24
Maitri,1994-01-22,1.604,-1.4,3.8,973.25,970.3,974.6,13.875,30.0,24
Maitri,1994-01-23,1.779,-1.5,4.9,971.662,969.3,975.4,18.542,37.0,24
Maitri,1994-01-24,1.271,-2.0,3.2,974.775,974.4,975.6,13.25,37.0,24
Maitri,1994-01-25,1.858,-2.0,5.0,974.992,973.9,976.0,14.792,45.0,24
Maitri,1994-01-26,-1.362,-3.3,1.0,971.712,970.5,973.7,8.708,41.0,24
Maitri,1994-01-27,-0.087,-3.0,2.3,967.317,965.1,970.2,27.583,41.0,24
Maitri,1994-01-28,-1.083,-4.0,1.6,966.212,964.7,968.4,40.167,48.0,24
Maitri,1994-01-29,-2.354,-3.0,-2.0,972.883,968.8,974.8,40.167,52.0,24
Maitri,1994-01-30,-2.246,-5.0,-0.2,974.4,973.9,974.8,29.5,43.0,24
Maitri,1994-01-31,-3.083,-5.0,-1.5,973.383,972.7,973.7,26.056,37.0,18
Maitri,1994-02-01,-2.704,-5.5,0.0,973.158,972.1,974.1,24.458,41.0,24
Maitri,1994-02-02,-3.483,-6.0,-1.0,968.958,963.8,971.8,41.083,48.0,24
Maitri,1994-02-03,-0.387,-6.0,3.6,962.158,961.2,964.4,32.75,48.0,24
Maitri,1994-02-04,2.338,0.0,4.6,970.354,965.0,971.8,38.875,56.0,24
Maitri,1994-02-05,1.942,-2.2,4.8,969.733,967.7,971.2,31.583,52.0,24
Maitri,1994-02-06,-1.296,-4.2,1.0,969.746,967.8,970.9,20.167,48.0,24
Maitri,1994-02-07,-2.458,-4.0,-1.0,968.875,967.2,970.7,28.292,37.0,24
Maitri,1994-02-08,-1.521,-6.3,1.0,967.363,967.0,967.8,24.125,35.0,24
Maitri,1994-02-09,-3.521,-7.5,-0.5,968.417,967.7,969.4,11.0,26.0,24
Maitri,1994-02-10,-4.692,-8.0,-1.5,972.363,968.3,977.3,4.792,19.0,24
Maitri,1994-02-11,-3.621,-6.0,-1.6,979.808,977.7,981.5,11.292,33.0,24
Maitri,1994-02-12,-4.104,-6.2,-1.5,972.475,969.3,977.3,7.125,19.0,24
Maitri,1994-02-13,-2.217,-6.0,-0.3,967.438,966.0,969.1,16.625,30.0,24
Maitri,1994-02-14,-5.208,-8.0,-3.2,970.792,969.1,973.0,12.833,26.0,24
Maitri,1994-02-15,-5.908,-9.0,-3.0,974.754,973.2,975.7,11.083,26.0,24
Maitri,1994-02-16,-6.604,-9.0,-4.4,970.933,970.0,973.3,10.5,37.0,24
Maitri,1994-02-17,-4.612,-8.0,-2.0,970.371,969.5,970.9,30.667,48.0,24
Maitri,1994-02-18,-5.683,-8.0,-4.0,968.704,967.5,969.9,19.375,37.0,24
Maitri,1994-02-19,-6.429,-8.0,-5.2,962.971,959.4,966.9,27.125,45.0,24
Maitri,1994-02-20,-5.821,-6.7,-5.0,963.567,959.0,967.9,51.292,63.0,24
Maitri,1994-02-21,-4.167,-5.0,-2.0,972.117,968.0,974.7,42.5,52.0,24
Maitri,1994-02-22,-2.721,-4.5,-1.2,974.496,973.2,976.0,39.75,48.0,24
Maitri,1994-02-23,-3.954,-6.8,-2.0,977.508,975.3,979.0,23.833,37.0,24
Maitri,1994-02-24,-6.646,-9.0,-4.0,979.613,977.9,980.4,4.333,32.0,24
Maitri,1994-02-25,-5.867,-9.0,-2.8,977.242,971.7,979.8,26.417,41.0,24
Maitri,1994-02-26,-4.092,-5.4,-3.5,968.767,967.9,971.4,55.167,65.0,24
Maitri,1994-02-27,-3.796,-5.0,-3.0,967.275,966.6,968.0,49.167,59.0,24
Maitri,1994-02-28,-3.867,-5.0,-2.0,967.887,966.5,970.8,37.0,45.0,24
Maitri,1994-03-01,-3.062,-5.0,-1.6,970.538,969.6,971.0,43.875,52.0,24
Maitri,1994-03-02,-3.6,-8.0,-1.5,967.742,966.5,970.1,13.625,45.0,24
Maitri,1994-03-03,-9.358,-12.6,-6.5,965.304,962.8,967.0,11.708,33.0,24
Maitri,1994-03-04,-9.196,-12.0,-7.5,962.696,961.1,964.8,27.292,45.0,24
Maitri,1994-03-05,-6.746,-8.5,-5.0,967.275,965.0,969.2,11.708,22.0,24
Maitri,1994-03-06,-8.675,-11.8,-5.5,971.525,969.5,972.8,9.542,37.0,24
Maitri,1994-03-07,-8.246,-12.0,-5.0,973.883,972.9,974.7,20.5,41.0,24
Maitri,1994-03-08,-6.438,-11.2,-2.2,970.9,969.2,973.6,20.333,56.0,24
Maitri,1994-03-09,-11.558,-13.6,-9.0,966.113,962.6,970.2,6.708,30.0,24
Maitri,1994-03-10,-9.6,-12.0,-8.0,968.483,966.6,969.6,49.625,67.0,24
Maitri,1994-03-11,-7.271,-9.5,-5.2,962.588,961.0,966.1,71.292,83.0,24
Maitri,1994-03-12,-4.908,-7.0,-3.0,961.333,960.8,963.1,27.292,56.0,24
Maitri,1994-03-13,-8.892,-11.6,-6.5,968.833,963.4,971.7,33.208,46.0,24
Maitri,1994-03-14,-7.663,-10.3,-5.5,967.408,966.3,970.4,50.375,65.0,24
Maitri,1994-03-15,-9.558,-14.4,-6.8,968.071,966.2,972.1,28.833,46.0,24
Maitri,1994-03-16,-13.054,-15.8,-11.8,976.3,972.4,978.6,4.583,19.0,24
Maitri,1994-03-17,-8.008,-12.1,-5.2,971.654,962.8,978.5,44.917,65.0,24
Maitri,1994-03-18,-4.95,-6.5,-3.2,954.058,951.0,961.1,62.375,65.0,24
Maitri,1994-03-19,-5.142,-7.1,-3.4,954.633,953.1,957.3,45.542,56.0,24
Maitri,1994-03-20,-5.629,-7.4,-4.1,965.333,958.0,971.0,31.667,37.0,24
Maitri,1994-03-21,-5.883,-6.9,-5.0,973.371,971.3,974.8,32.125,37.0,24
Maitri,1994-03-22,-7.392,-11.2,-4.2,964.358,961.9,970.6,11.833,37.0,24
Maitri,1994-03-23,-12.275,-15.1,-9.5,964.817,962.0,968.9,0.625,9.0,24
Maitri,1994-03-24,-12.104,-16.7,-10.1,971.104,969.6,972.2,28.917,41.0,24
Maitri,1994-03-25,-9.321,-10.9,-7.6,961.512,953.4,969.2,28.917,41.0,24
Maitri,1994-03-26,-8.525,-11.4,-6.0,956.554,953.3,961.6,34.792,46.0,24
Maitri,1994-03-27,-5.675,-9.1,-3.5,964.667,962.2,966.0,27.875,46.0,24
Maitri,1994-03-28,-6.946,-11.6,-4.1,963.417,962.9,966.0,35.125,56.0,24
Maitri,1994-03-29,-5.258,-8.8,-2.8,966.858,964.3,970.6,34.75,41.0,24
Maitri,1994-03-30,-12.15,-16.0,-9.8,967.654,964.8,970.5,2.958,28.0,24
Maitri,1994-03-31,-15.075,-17.1,-13.0,965.275,963.2,967.4,30.542,41.0,24
Maitri,1994-04-01,-11.346,-15.5,-5.6,967.879,967.1,968.6,46.792,52.0,24
Maitri,1994-04-02,-4.167,-6.0,-2.0,964.4,963.4,966.6,50.375,56.0,24
Maitri,1994-04-03,-5.562,-6.8,-4.8,968.338,965.2,969.3,48.583,65.0,24
Maitri,1994-04-04,-6.904,-7.7,-6.5,967.979,967.3,968.9,49.167,56.0,24
Maitri,1994-04-05,-7.425,-9.9,-6.0,970.233,969.1,972.9,39.958,48.0,24
Maitri,1994-04-06,-11.892,-15.1,-9.6,977.621,973.3,980.0,19.542,37.0,24
Maitri,1994-04-07,-16.233,-19.9,-12.8,977.792,976.5,979.5,8.75,52.0,24
Maitri,1994-04-08,-16.638,-20.0,-14.0,984.312,978.4,986.6,31.125,46.0,24
Maitri,1994-04-09,-10.625,-14.0,-6.5,974.946,961.6,983.7,56.208,65.0,24
Maitri,1994-04-10,-6.938,-7.9,-5.9,940.462,932.0,959.1,64.458,83.0,24
Maitri,1994-04-11,-7.225,-8.5,-6.5,946.375,940.8,950.9,46.0,46.0,24
Maitri,1994-04-12,-6.383,-8.8,-5.5,959.567,951.5,966.6,39.333,46.0,24
Maitri,1994-04-13,-10.821,-14.5,-6.5,971.433,967.1,973.8,28.917,37.0,24
Maitri,1994-04-14,-12.025,-13.5,-10.0,976.838,973.8,979.7,32.417,46.0,24
Maitri,1994-04-15,-17.188,-22.5,-14.0,976.996,973.6,979.8,0.375,9.0,24
Maitri,1994-04-16,-18.575,-23.5,-15.8,975.921,973.6,979.1,10.208,37.0,24
Maitri,1994-04-17,-18.254,-19.3,-16.8,983.525,979.4,987.5,25.792,33.0,24
Maitri,1994-04-18,-13.129,-17.5,-10.5,987.412,985.5,989.4,29.917,46.0,24
Maitri,1994-04-19,-9.008,-10.5,-7.3,982.208,978.5,985.3,61.25,74.0,24
Maitri,1994-04-20,-6.462,-7.4,-5.2,977.788,975.7,979.3,41.25,56.0,24
Maitri,1994-04-21,-6.779,-7.6,-6.0,975.838,974.2,978.9,38.5,46.0,24
Maitri,1994-04-22,-10.55,-13.9,-6.2,980.071,978.5,981.3,9.667,19.0,24
Maitri,1994-04-23,-12.429,-14.5,-10.0,977.554,976.1,979.9,14.042,28.0,24
Maitri,1994-04-24,-13.292,-14.9,-12.0,974.842,973.4,976.5,19.208,37.0,24
Maitri,1994-04-25,-10.7,-12.0,-9.9,972.496,971.1,973.4,31.083,37.0,24
Maitri,1994-04-26,-12.146,-15.2,-8.5,967.967,966.4,970.7,12.125,28.0,24
Maitri,1994-04-27,-16.675,-17.2,-15.5,964.65,963.7,966.1,2.333,28.0,24
Maitri,1994-04-28,-15.804,-17.8,-14.0,965.275,963.0,966.5,35.875,56.0,24
Maitri,1994-04-29,-11.554,-14.5,-9.0,959.975,957.5,962.7,54.25,65.0,24
Maitri,1994-04-30,-14.683,-17.0,-13.0,956.625,955.6,958.8,42.833,46.0,24
Maitri,1994-05-01,-11.417,-16.0,-8.0,963.454,959.3,965.4,45.0,52.0,24
Maitri,1994-05-02,-10.033,-12.9,-8.5,966.829,965.1,968.0,40.0,46.0,24
Maitri,1994-05-03,-17.713,-22.8,-13.5,962.217,960.5,964.9,0.792,19.0,24
Maitri,1994-05-04,-23.908,-25.2,-19.8,966.821,962.4,969.7,1.333,19.0,24
Maitri,1994-05-05,-19.204,-21.0,-15.2,969.717,969.2,970.0,18.5,46.0,24
Maitri,1994-05-06,-13.621,-15.0,-12.3,969.958,968.9,971.7,45.417,52.0,24
Maitri,1994-05-07,-12.558,-13.5,-11.0,972.821,971.3,973.9,41.667,46.0,24
Maitri,1994-05-08,-9.888,-11.0,-8.4,964.496,958.6,970.7,50.333,56.0,24
Maitri,1994-05-09,-8.854,-12.2,-7.0,955.604,954.1,958.5,50.625,56.0,24
Maitri,1994-05-10,-14.321,-15.8,-12.5,958.733,956.1,960.0,29.417,56.0,24
Maitri,1994-05-11,-13.096,-16.0,-10.6,959.671,959.1,960.2,27.708,37.0,24
Maitri,1994-05-12,-15.212,-18.5,-12.0,962.546,960.3,963.6,7.875,38.0,24
Maitri,1994-05-13,-16.021,-18.5,-13.5,962.85,961.8,963.4,29.083,46.0,24
Maitri,1994-05-14,-16.208,-18.8,-13.2,962.325,959.5,964.6,37.5,56.0,24
Maitri,1994-05-15,-13.421,-19.1,-9.6,959.704,958.3,962.6,30.375,65.0,24
Maitri,1994-05-16,-8.267,-10.0,-6.5,955.771,953.6,959.2,54.875,74.0,24
Maitri,1994-05-17,-5.525,-6.8,-4.9,964.596,957.3,970.2,51.667,83.0,24
Maitri,1994-05-18,-7.692,-11.2,-6.0,982.421,971.5,987.4,57.042,74.0,24
Maitri,1994-05-19,-14.404,-19.2,-10.5,979.738,976.9,983.4,8.917,33.0,24
Maitri,1994-05-20,-18.067,-20.4,-15.5,976.167,974.7,978.0,13.167,33.0,24
Maitri,1994-05-21,-21.671,-25.0,-16.8,974.971,974.5,976.6,0.625,15.0,24
Maitri,1994-05-22,-20.796,-24.5,-18.0,980.871,976.8,984.0,4.125,31.0,24
Maitri,1994-05-23,-16.45,-19.8,-13.2,984.475,983.8,985.4,32.292,46.0,24
Maitri,1994-05-24,-13.229,-14.2,-12.0,987.012,985.3,987.8,43.0,56.0,24
Maitri,1994-05-25,-10.754,-14.5,-8.0,986.8,984.7,989.2,61.0,74.0,24
Maitri,1994-05-26,-7.671,-8.8,-6.8,983.179,981.5,984.6,64.0,83.0,24
Maitri,1994-05-27,-9.117,-14.6,-6.0,986.317,984.8,988.4,21.208,37.0,24
Maitri,1994-05-28,-14.487,-16.5,-12.5,988.279,988.0,988.5,4.042,19.0,24
Maitri,1994-05-29,-15.371,-17.6,-12.6,986.529,984.6,988.3,16.375,46.0,24
Maitri,1994-05-30,-14.675,-17.0,-12.0,984.154,982.7,986.1,42.792,56.0,24
Maitri,1994-05-31,-14.362,-16.5,-11.8,984.829,983.5,986.1,53.667,65.0,24
Maitri,1994-06-01,-10.2,-11.0,-9.0,978.667,976.9,983.0,48.5,74.0,24
Maitri,1994-06-02,-11.058,-12.8,-9.9,975.067,972.8,977.3,43.083,56.0,24
Maitri,1994-06-03,-12.513,-17.6,-8.5,977.137,973.1,980.1,22.208,48.0,24
Maitri,1994-06-04,-19.138,-19.8,-18.0,981.342,980.4,981.9,7.75,28.0,24
Maitri,1994-06-05,-19.438,-23.0,-16.8,978.838,977.5,980.3,11.0,28.0,24
Maitri,1994-06-06,-15.679,-18.0,-13.6,979.9,977.8,982.8,34.083,52.0,24
Maitri,1994-06-07,-15.546,-16.8,-14.0,987.371,983.0,992.0,16.875,37.0,24
Maitri,1994-06-08,-15.808,-17.2,-12.6,986.462,975.7,991.9,50.958,65.0,24
Maitri,1994-06-09,-12.108,-13.5,-11.2,972.033,970.5,975.0,54.25,65.0,24
Maitri,1994-06-10,-11.208,-11.8,-9.6,974.767,972.1,977.4,59.75,65.0,24
Maitri,1994-06-11,-11.146,-12.8,-9.5,975.804,974.6,977.4,52.167,65.0,24
Maitri,1994-06-12,-13.896,-14.6,-12.5,974.646,973.6,976.3,41.083,46.0,24
Maitri,1994-06-13,-12.533,-15.5,-11.5,973.575,970.0,976.2,38.917,52.0,24
Maitri,1994-06-14,-8.775,-10.6,-6.9,973.971,970.2,976.2,47.25,65.0,24
Maitri,1994-06-15,-7.592,-8.0,-6.3,980.158,976.3,983.5,62.417,65.0,24
Maitri,1994-06-16,-7.325,-8.8,-6.1,985.133,983.4,988.4,39.125,56.0,24
Maitri,1994-06-17,-11.808,-13.5,-10.5,987.412,984.1,990.2,47.417,65.0,24
Maitri,1994-06-18,-14.008,-15.7,-10.8,988.854,984.7,991.3,37.708,46.0,24
Maitri,1994-06-19,-8.737,-13.5,-7.5,985.038,984.0,986.7,41.75,56.0,24
Maitri,1994-06-20,-9.975,-11.0,-8.5,985.904,984.1,987.0,53.667,56.0,24
Maitri,1994-06-21,-8.267,-9.8,-7.1,990.05,987.1,992.8,51.458,65.0,24
Maitri,1994-06-22,-7.658,-8.8,-6.2,990.979,987.0,992.9,33.375,52.0,24
Maitri,1994-06-23,-9.054,-10.8,-7.0,986.375,984.5,989.1,34.667,46.0,24
Maitri,1994-06-24,-13.362,-15.8,-11.0,988.329,985.1,990.0,38.167,46.0,24
Maitri,1994-06-25,-13.221,-15.8,-9.2,984.271,984.1,984.8,31.375,46.0,24
Maitri,1994-06-26,-10.321,-15.5,-8.5,988.833,985.1,991.3,21.958,33.0,24
Maitri,1994-06-27,-10.958,-15.0,-8.6,989.558,986.5,991.2,29.0,46.0,24
Maitri,1994-06-28,-10.912,-13.0,-9.2,984.025,982.5,986.3,22.542,41.0,24
Maitri,1994-06-29,-12.7,-15.0,-10.8,985.008,982.5,987.8,15.125,30.0,24
Maitri,1994-06-30,-12.521,-13.2,-12.0,989.296,987.6,990.2,46.0,56.0,24
Maitri,1994-07-01,-12.721,-13.0,-12.2,984.717,978.9,989.8,42.958,56.0,24
Maitri,1994-07-02,-10.804,-12.8,-8.2,969.908,964.7,977.9,64.458,74.0,24
Maitri,1994-07-03,-8.521,-9.1,-7.5,964.583,962.5,966.7,65.958,74.0,24
Maitri,1994-07-04,-8.954,-14.5,-6.4,968.392,966.7,969.6,36.375,65.0,24
Maitri,1994-07-05,-15.246,-16.5,-13.0,971.896,969.8,973.9,16.667,37.0,24
Maitri,1994-07-06,-16.075,-17.5,-15.0,972.342,971.5,973.6,27.0,41.0,24
Maitri,1994-07-07,-18.371,-22.0,-14.5,960.992,954.2,970.8,23.792,41.0,24
Maitri,1994-07-08,-16.446,-18.5,-14.5,965.05,959.5,968.6,28.083,48.0,24
Maitri,1994-07-09,-17.792,-20.0,-14.8,964.425,960.4,968.0,33.833,56.0,24
Maitri,1994-07-10,-14.775,-15.0,-14.4,961.812,958.8,968.8,53.708,65.0,24
Maitri,1994-07-11,-12.125,-14.8,-7.2,970.521,969.1,971.2,50.708,65.0,24
Maitri,1994-07-12,-11.942,-13.9,-7.0,968.679,968.0,969.8,26.958,33.0,24
Maitri,1994-07-13,-15.3,-16.9,-12.5,970.363,968.4,972.8,32.75,37.0,24
Maitri,1994-07-14,-15.088,-16.0,-14.2,975.592,972.9,978.9,30.0,37.0,24
Maitri,1994-07-15,-15.042,-15.5,-14.5,981.642,979.1,982.8,40.333,56.0,24
Maitri,1994-07-16,-15.912,-19.1,-14.1,978.071,975.9,980.3,37.375,46.0,24
Maitri,1994-07-17,-16.067,-17.0,-14.8,975.854,975.5,976.7,30.458,46.0,24
Maitri,1994-07-18,-15.5,-16.2,-14.0,972.404,968.0,975.3,51.708,65.0,24
Maitri,1994-07-19,-12.592,-13.5,-11.5,965.821,961.4,969.3,67.25,74.0,24
Maitri,1994-07-20,-12.167,-13.4,-10.8,956.9,948.4,963.4,65.375,74.0,24
Maitri,1994-07-21,-10.296,-11.5,-9.0,963.462,961.6,964.8,54.208,65.0,24
Maitri,1994-07-22,-11.258,-12.7,-10.5,965.438,961.8,971.8,56.458,65.0,24
Maitri,1994-07-23,-15.225,-19.2,-11.9,976.442,972.2,978.6,23.5,56.0,24
Maitri,1994-07-24,-19.696,-21.9,-18.5,973.271,969.2,977.6,22.667,56.0,24
Maitri,1994-07-25,-19.95,-21.0,-19.2,970.917,968.0,976.5,38.917,46.0,24
Maitri,1994-07-26,-23.108,-25.5,-20.3,979.712,976.8,981.3,26.917,56.0,24
Maitri,1994-07-27,-22.554,-25.5,-19.8,975.325,969.7,980.6,24.083,46.0,24
Maitri,1994-07-28,-20.308,-21.7,-19.2,967.683,966.4,969.5,43.625,56.0,24
Maitri,1994-07-29,-21.088,-24.5,-16.8,962.833,957.3,966.7,34.167,46.0,24
Maitri,1994-07-30,-14.517,-16.5,-12.6,956.288,954.7,959.2,45.625,52.0,24
Maitri,1994-07-31,-14.533,-16.2,-12.0,968.221,959.9,974.1,47.917,65.0,24
Maitri,1994-08-01,-16.125,-16.8,-15.3,973.617,970.5,974.8,43.125,46.0,24
Maitri,1994-08-02,-18.562,-19.9,-16.8,963.321,960.4,969.3,53.792,65.0,24
Maitri,1994-08-03,-21.217,-24.8,-19.0,961.058,960.4,961.7,22.083,56.0,24
Maitri,1994-08-04,-20.638,-25.2,-16.2,965.529,961.9,968.0,33.167,56.0,24
Maitri,1994-08-05,-14.35,-16.8,-11.2,966.592,965.2,968.2,56.125,65.0,24
Maitri,1994-08-06,-16.358,-19.4,-11.0,966.775,963.5,968.4,6.167,37.0,24
Maitri,1994-08-07,-21.825,-25.2,-19.0,961.279,960.1,963.1,9.708,28.0,24
Maitri,1994-08-08,-25.167,-28.8,-22.5,963.971,960.1,967.0,15.875,37.0,24
Maitri,1994-08-09,-27.467,-29.0,-21.5,966.488,965.8,967.5,0.25,6.0,24
Maitri,1994-08-10,-22.308,-25.6,-19.0,973.4,966.1,976.2,4.833,37.0,24
Maitri,1994-08-11,-15.612,-23.7,-11.2,963.896,954.9,971.6,23.208,65.0,24
Maitri,1994-08-12,-14.029,-16.5,-10.6,968.358,955.6,977.1,30.417,74.0,24
Maitri,1994-08-13,-17.875,-21.5,-12.0,977.738,974.4,979.7,1.25,15.0,24
Maitri,1994-08-14,-15.325,-19.2,-12.8,965.617,957.4,973.6,27.708,56.0,24
Maitri,1994-08-15,-13.987,-14.7,-13.0,951.025,947.6,956.8,69.875,74.0,24
Maitri,1994-08-16,-19.025,-22.5,-15.0,953.267,950.8,957.8,39.542,65.0,24
Maitri,1994-08-17,-19.133,-21.4,-15.5,965.158,958.7,969.4,52.625,74.0,24
Maitri,1994-08-18,-18.575,-21.8,-15.5,957.196,953.6,964.5,9.708,37.0,24
Maitri,1994-08-19,-15.938,-20.8,-14.5,965.162,957.2,971.8,35.083,46.0,24
Maitri,1994-08-20,-17.213,-22.5,-14.9,973.767,972.2,974.6,28.542,46.0,24
Maitri,1994-08-21,-24.133,-26.1,-21.8,971.8,970.8,974.4,0.5,6.0,24
Maitri,1994-08-22,-23.358,-25.6,-20.6,973.925,970.9,975.8,0.0,0.0,24
Maitri,1994-08-23,-20.158,-23.0,-14.5,978.358,975.0,983.0,25.0,46.0,24
Maitri,1994-08-24,-15.125,-19.5,-11.2,980.342,972.4,984.2,51.292,74.0,24
Maitri,1994-08-25,-9.408,-11.5,-8.0,962.387,957.7,971.0,97.833,112.0,24
Maitri,1994-08-26,-11.396,-13.1,-9.2,964.838,959.5,970.0,67.625,74.0,24
Maitri,1994-08-27,-13.408,-15.2,-11.8,972.667,970.0,975.6,54.208,65.0,24
Maitri,1994-08-28,-17.083,-19.9,-15.8,974.45,973.5,975.5,9.5,28.0,24
Maitri,1994-08-29,-18.421,-21.0,-16.1,973.525,972.4,976.0,10.875,28.0,24
Maitri,1994-08-30,-22.362,-25.8,-20.0,980.571,976.3,982.4,21.708,37.0,24
Maitri,1994-08-31,-21.933,-26.0,-18.5,977.4,974.5,981.0,13.083,19.0,24
Maitri,1994-09-01,-18.792,-25.6,-12.9,976.108,974.9,977.0,27.667,56.0,24
Maitri,1994-09-02,-13.654,-15.2,-12.0,973.2,968.2,975.6,40.5,52.0,24
Maitri,1994-09-03,-17.396,-22.8,-10.4,963.629,961.1,967.8,8.667,30.0,24
Maitri,1994-09-04,-20.733,-23.8,-17.8,965.975,961.2,971.0,2.625,37.0,24
Maitri,1994-09-05,-15.371,-17.8,-13.8,965.025,957.2,970.9,51.375,74.0,24
Maitri,1994-09-06,-15.892,-17.8,-14.9,954.096,953.3,956.7,61.208,74.0,24
Maitri,1994-09-07,-18.883,-20.6,-17.5,952.875,948.9,955.0,20.125,37.0,24
Maitri,1994-09-08,-17.121,-19.0,-15.8,947.629,947.1,948.5,34.667,37.0,24
Maitri,1994-09-09,-23.396,-27.8,-16.8,950.312,948.4,952.7,16.042,28.0,24
Maitri,1994-09-10,-22.271,-27.0,-17.0,953.0,949.9,954.2,16.792,46.0,24
Maitri,1994-09-11,-21.417,-23.2,-19.8,948.746,945.6,953.9,21.542,46.0,24
Maitri,1994-09-12,-20.408,-23.1,-17.5,964.296,954.7,969.3,22.583,46.0,24
Maitri,1994-09-13,-18.213,-22.0,-15.8,971.467,966.9,975.5,26.333,56.0,24
Maitri,1994-09-14,-21.908,-26.1,-18.5,975.046,973.3,978.0,2.458,9.0,24
Maitri,1994-09-15,-20.058,-25.2,-17.2,980.533,978.2,982.8,5.542,19.0,24
Maitri,1994-09-16,-17.433,-20.9,-15.0,985.058,982.4,987.5,4.75,19.0,24
Maitri,1994-09-17,-14.479,-22.0,-10.9,987.017,986.6,987.3,14.75,37.0,24
Maitri,1994-09-18,-9.65,-12.8,-8.0,984.358,979.7,986.8,39.667,65.0,24
Maitri,1994-09-19,-10.421,-14.3,-7.6,975.754,972.9,978.9,61.208,93.0,24
Maitri,1994-09-20,-9.675,-11.5,-8.1,974.129,971.8,975.8,76.375,93.0,24
Maitri,1994-09-21,-8.108,-9.0,-7.0,977.196,974.8,979.2,47.917,65.0,24
Maitri,1994-09-22,-10.279,-12.3,-9.0,980.212,978.9,981.4,37.083,46.0,24
Maitri,1994-09-23,-13.292,-16.8,-11.0,979.0,977.7,980.1,28.125,46.0,24
Maitri,1994-09-24,-18.517,-22.9,-15.8,985.85,980.5,990.9,5.083,30.0,24
Maitri,1994-09-25,-22.117,-24.8,-18.5,989.988,986.7,992.4,0.375,9.0,24
Maitri,1994-09-26,-22.104,-24.5,-18.2,990.246,986.3,997.6,0.0,0.0,24
Maitri,1994-09-27,-15.321,-23.8,-9.0,1004.175,998.1,1008.5,4.417,37.0,24
Maitri,1994-09-28,-10.108,-18.4,-4.5,999.325,990.7,1008.8,11.875,56.0,24
Maitri,1994-09-29,-6.279,-10.8,-1.2,981.212,972.6,990.2,39.125,56.0,24
Maitri,1994-09-30,-12.675,-16.4,-6.5,968.508,965.8,972.1,32.042,46.0,24
Maitri,1994-10-01,-15.146,-16.2,-14.0,963.975,962.2,965.4,38.208,46.0,24
Maitri,1994-10-02,-9.812,-14.0,-7.3,960.579,959.1,964.2,42.083,56.0,24
Maitri,1994-10-03,-10.592,-12.4,-9.3,966.488,962.1,968.7,50.208,65.0,24
Maitri,1994-10-04,-12.288,-13.4,-11.5,968.708,968.1,969.5,41.958,46.0,24
Maitri,1994-10-05,-11.312,-13.1,-9.2,969.867,968.9,970.8,34.5,48.0,24
Maitri,1994-10-06,-13.888,-19.2,-10.5,969.108,968.4,972.0,8.625,33.0,24
Maitri,1994-10-07,-16.421,-19.5,-15.0,971.383,964.4,974.3,40.292,93.0,24
Maitri,1994-10-08,-14.658,-15.5,-13.5,959.333,952.7,963.6,82.417,93.0,12
Maitri,1995-01-01,-1.869,-2.8,-0.8,974.015,973.2,975.9,54.615,58.0,13
Maitri,1995-01-02,-3.358,-4.8,-2.1,972.387,968.3,974.8,54.292,65.0,24
Maitri,1995-01-03,-0.9,-3.2,1.8,963.621,960.0,968.2,42.083,47.0,24
Maitri,1995-01-04,-1.158,-2.7,0.4,960.842,960.0,962.2,36.583,47.0,24
Maitri,1995-01-05,-0.846,-2.5,1.1,964.975,962.9,966.6,21.25,36.0,24
Maitri,1995-01-06,-0.825,-5.6,1.7,971.113,966.9,974.0,15.208,36.0,24
Maitri,1995-01-07,-3.983,-7.6,-1.6,976.35,974.0,977.2,11.333,29.0,24
Maitri,1995-01-08,-2.879,-4.5,-0.4,969.296,966.1,974.9,60.208,72.0,24
Maitri,1995-01-09,-2.137,-4.4,-0.8,967.425,964.7,970.8,54.958,61.0,24
Maitri,1995-01-10,-0.804,-2.2,0.6,964.133,960.1,966.3,33.833,54.0,24
Maitri,1995-01-11,-0.896,-3.5,0.6,957.392,955.1,959.8,41.208,56.0,24
Maitri,1995-01-12,-0.258,-3.3,1.5,961.092,958.0,964.7,26.333,41.0,24
Maitri,1995-01-13,1.317,-2.8,3.5,966.379,964.9,967.8,21.875,38.0,24
Maitri,1995-01-14,-0.354,-5.2,2.9,970.121,967.9,971.9,13.917,29.0,24
Maitri,1995-01-15,0.175,-5.3,3.7,971.438,969.9,972.2,17.167,43.0,24
Maitri,1995-01-16,0.175,-3.7,5.3,968.458,967.9,969.8,23.375,47.0,24
Maitri,1995-01-17,3.246,-0.6,6.3,971.204,967.7,974.0,13.875,43.0,24
Maitri,1995-01-18,0.879,-0.6,3.2,975.488,974.3,978.4,10.167,23.0,24
Maitri,1995-01-19,2.042,0.3,4.2,979.846,978.7,982.1,32.542,47.0,24
Maitri,1995-01-20,2.021,-0.5,4.0,987.562,982.6,989.9,12.583,40.0,24
Maitri,1995-01-21,1.629,-0.6,3.5,970.154,960.3,984.2,26.333,59.0,24
Maitri,1995-01-22,3.146,-2.8,6.2,969.075,962.8,973.9,20.542,32.0,24
Maitri,1995-01-23,-0.237,-2.9,2.1,976.558,974.1,979.0,33.667,47.0,24
Maitri,1995-01-24,-0.088,-1.8,3.5,972.325,964.5,978.9,43.708,54.0,24
Maitri,1995-01-25,1.125,-0.7,6.2,964.125,958.3,973.1,41.125,58.0,24
Maitri,1995-01-26,-0.008,-2.3,1.4,974.092,970.1,976.2,21.25,40.0,24
Maitri,1995-01-27,-0.513,-5.2,2.5,967.183,965.8,969.9,16.333,29.0,24
Maitri,1995-01-28,-1.221,-4.1,0.6,972.114,968.5,973.3,11.929,18.0,14
Maitri,1995-07-26,-16.686,-17.2,-15.8,980.643,980.1,981.2,55.0,63.0,7
Maitri,1995-07-27,-16.213,-17.8,-14.0,976.667,973.9,980.0,38.125,43.0,24
Maitri,1995-07-28,-18.183,-23.1,-12.5,969.771,964.2,974.1,21.333,45.0,24
Maitri,1995-07-29,-8.783,-13.8,-7.6,963.15,962.9,963.9,47.0,54.0,6
Maitri,1995-08-05,-14.373,-15.8,-12.9,981.255,979.1,982.8,31.636,47.0,11
Maitri,1995-08-06,-16.892,-19.6,-13.5,973.367,970.9,978.2,22.25,43.0,24
Maitri,1995-08-07,-17.608,-18.6,-16.3,979.387,972.9,984.1,48.5,59.0,24
Maitri,1995-08-08,-14.708,-16.3,-13.7,983.558,982.8,984.9,44.875,61.0,24
Maitri,1995-08-09,-18.458,-22.5,-14.3,982.683,980.9,986.3,8.167,22.0,24
Maitri,1995-08-10,-25.862,-32.2,-22.5,987.933,987.0,988.8,8.583,22.0,24
Maitri,1995-08-11,-31.062,-32.9,-27.4,985.183,983.8,987.7,5.958,23.0,24
Maitri,1995-08-12,-28.525,-34.8,-15.7,987.408,983.1,989.9,11.208,52.0,24
Maitri,1995-08-13,-13.14,-14.6,-11.5,978.64,968.6,982.0,64.8,68.0,5
Maitri,1995-08-14,-11.721,-13.4,-11.2,963.517,961.7,967.8,55.583,76.0,24
Maitri,1995-08-15,-16.238,-17.9,-13.7,964.929,963.3,965.9,25.333,38.0,24
Maitri,1995-08-16,-18.963,-21.1,-13.8,965.846,964.3,967.0,25.833,40.0,24
Maitri,1995-08-17,-21.258,-23.7,-19.5,960.95,958.7,963.8,30.208,43.0,24
Maitri,1995-08-18,-22.667,-24.1,-20.1,960.562,957.4,967.0,29.75,40.0,24
Maitri,1995-08-19,-23.754,-25.9,-21.2,975.129,967.9,980.1,25.375,45.0,24
Maitri,1995-08-20,-27.121,-29.4,-25.2,980.812,980.0,981.1,5.042,29.0,24
Maitri,1995-08-21,-26.842,-29.8,-23.9,981.325,980.0,982.1,7.542,22.0,24
Maitri,1995-08-22,-25.717,-29.6,-20.5,982.467,978.1,984.2,3.625,32.0,24
Maitri,1995-08-23,-18.504,-22.3,-17.2,971.062,967.3,977.6,27.083,45.0,24
Maitri,1995-08-24,-22.458,-27.9,-18.6,973.571,971.4,975.0,16.875,47.0,24
Maitri,1995-08-25,-15.9,-18.4,-14.2,963.389,957.7,969.7,67.333,77.0,9
Maitri,1995-08-26,-16.7,-17.1,-16.3,950.45,949.7,951.2,7.0,9.0,2
Maitri,1995-08-27,-14.438,-16.2,-12.4,948.962,943.9,959.0,37.042,65.0,24
Maitri,1995-08-28,-16.496,-19.6,-14.5,972.075,960.9,976.9,41.667,65.0,24
Maitri,1995-08-29,-21.2,-23.9,-18.4,977.429,976.8,978.2,14.083,45.0,24
Maitri,1995-08-30,-24.117,-26.3,-21.9,979.258,976.9,982.0,2.708,18.0,24
Maitri,1995-08-31,-23.875,-26.4,-21.6,973.396,962.8,982.1,0.0,0.0,24
Maitri,1995-09-01,-17.454,-21.2,-13.6,956.408,953.2,961.2,32.792,51.0,24
Maitri,1995-09-02,-18.454,-22.8,-15.5,966.108,959.1,968.8,14.5,38.0,24
Maitri,1995-09-03,-18.692,-25.3,-12.6,968.458,966.5,970.9,6.0,27.0,24
Maitri,1995-09-04,-21.383,-25.7,-16.1,971.675,968.2,975.3,3.708,29.0,24
Maitri,1995-09-05,-14.567,-21.8,-11.5,973.113,970.1,975.3,31.167,59.0,24
Maitri,1995-09-06,-13.867,-17.7,-11.4,974.679,970.1,977.7,24.417,52.0,24
Maitri,1995-09-07,-11.217,-15.5,-8.8,975.383,972.0,977.9,33.25,49.0,24
Maitri,1995-09-08,-10.954,-12.4,-9.6,967.079,963.1,971.3,39.292,56.0,24
Maitri,1995-09-09,-10.467,-12.5,-8.4,962.25,959.2,966.4,62.125,83.0,24
Maitri,1995-09-10,-9.571,-11.3,-7.6,969.538,966.9,972.7,57.917,70.0,24
Maitri,1995-09-11,-12.604,-17.4,-10.4,972.096,969.3,973.0,27.875,56.0,24
Maitri,1995-09-12,-16.992,-21.3,-14.3,966.942,965.7,969.3,7.833,25.0,24
Maitri,1995-09-13,-17.079,-23.5,-14.2,960.671,947.9,967.2,42.625,79.0,24
Maitri,1995-09-14,-12.538,-16.1,-10.1,945.242,942.8,950.2,41.583,76.0,24
Maitri,1995-09-15,-16.871,-18.6,-15.5,956.929,950.4,960.9,14.792,38.0,24
Maitri,1995-09-16,-20.229,-24.2,-17.5,958.733,957.7,960.9,17.833,36.0,24
Maitri,1995-09-17,-26.65,-31.8,-21.8,958.392,957.3,959.3,2.958,22.0,24
Maitri,1995-09-18,-24.908,-31.8,-19.6,960.258,957.4,961.9,9.042,32.0,24
Maitri,1995-09-19,-21.246,-24.7,-17.5,959.417,958.7,960.2,24.583,43.0,24
Maitri,1995-09-20,-23.755,-27.5,-22.5,953.691,945.2,958.7,34.636,61.0,22
Maitri,1995-09-22,-21.978,-23.3,-20.5,957.822,957.6,958.0,27.0,38.0,9
Maitri,1995-09-23,-21.367,-23.8,-18.8,959.225,957.2,961.4,21.042,38.0,24
Maitri,1995-09-24,-22.992,-27.2,-19.1,962.675,960.7,963.8,10.625,34.0,24
Maitri,1995-09-25,-21.267,-23.6,-19.1,957.967,953.8,960.1,36.167,51.0,24
Maitri,1995-09-26,-20.367,-26.1,-16.2,956.417,954.1,958.5,18.875,47.0,24
Maitri,1995-09-27,-22.792,-25.7,-20.8,954.971,953.4,957.3,20.25,43.0,24
Maitri,1995-09-28,-20.071,-21.8,-16.1,964.471,958.0,969.1,18.917,47.0,24
Maitri,1995-09-29,-18.925,-23.8,-16.1,972.896,970.0,975.7,5.583,29.0,24
Maitri,1995-09-30,-15.542,-23.7,-11.6,973.875,969.3,975.7,22.917,65.0,24
Maitri,1995-10-01,-14.029,-16.5,-12.1,961.367,956.2,968.1,47.042,68.0,24
Maitri,1995-10-02,-12.904,-16.2,-10.8,958.621,955.4,964.9,33.583,70.0,24
Maitri,1995-10-03,-11.487,-16.1,-8.3,971.883,965.7,975.1,18.833,40.0,24
Maitri,1995-10-04,-13.767,-18.3,-10.7,972.371,969.8,975.1,28.042,51.0,24
Maitri,1995-10-05,-12.804,-14.0,-11.7,972.204,969.0,977.9,48.292,61.0,24
Maitri,1995-10-06,-11.075,-13.4,-8.2,980.571,978.1,982.1,50.042,72.0,24
Maitri,1995-10-07,-4.762,-8.5,-2.3,976.7,974.9,978.7,57.25,70.0,24
Maitri,1995-10-08,-10.517,-13.1,-5.6,979.158,975.2,982.1,22.958,59.0,24
Maitri,1995-10-09,-13.371,-15.9,-10.5,977.642,971.6,982.9,21.5,47.0,24
Maitri,1995-10-10,-13.479,-15.1,-12.3,973.6,970.4,977.5,37.833,54.0,24
Maitri,1995-10-11,-12.596,-14.5,-10.5,978.458,977.3,979.1,36.542,51.0,24
Maitri,1995-10-12,-11.288,-12.7,-9.7,969.912,956.4,978.0,33.292,54.0,24
Maitri,1995-10-13,-9.196,-12.2,-5.6,950.833,948.8,955.5,44.167,68.0,24
Maitri,1995-10-14,-10.879,-13.9,-7.1,959.508,951.1,963.9,20.583,41.0,24
Maitri,1995-10-15,-11.171,-12.7,-9.8,962.875,962.3,963.9,43.792,56.0,24
Maitri,1995-10-16,-12.888,-16.5,-9.9,963.596,963.0,964.6,31.542,54.0,24
Maitri,1995-10-17,-12.412,-17.1,-10.3,962.171,960.3,963.4,37.667,58.0,24
Maitri,1995-10-18,-9.962,-14.2,-6.1,969.096,961.0,975.2,30.667,58.0,24
Maitri,1995-10-19,-13.642,-16.5,-10.7,973.796,970.9,976.7,4.125,22.0,24
Maitri,1995-10-20,-11.446,-15.2,-7.8,972.771,971.2,974.4,5.542,25.0,24
Maitri,1995-10-21,-9.662,-11.6,-8.2,974.375,968.1,977.5,37.5,72.0,24
Maitri,1995-10-22,-4.942,-8.3,-3.3,960.825,958.2,967.0,66.292,81.0,24
Maitri,1995-10-23,-3.125,-3.6,-2.5,960.905,958.2,968.1,60.3,68.0,20
Maitri,1995-10-24,-1.842,-3.5,-0.9,971.392,968.4,974.9,56.25,63.0,24
Maitri,1995-10-25,-2.821,-4.3,-1.1,975.925,974.8,979.2,38.417,47.0,24
Maitri,1995-10-26,-3.767,-7.9,-1.5,982.8,979.7,988.3,22.708,51.0,24
Maitri,1995-10-27,-5.742,-9.6,-3.5,993.221,988.7,995.1,14.833,38.0,24
Maitri,1995-10-28,-7.596,-9.9,-5.4,981.867,972.1,992.1,14.333,45.0,24
Maitri,1995-10-29,-8.496,-9.6,-7.2,967.621,965.1,971.8,62.667,70.0,24
Maitri,1995-10-30,-7.846,-10.5,-6.3,965.329,963.5,966.0,43.708,67.0,24
Maitri,1995-10-31,-12.15,-12.9,-10.6,963.229,960.8,965.1,59.292,74.0,24
Maitri,1995-11-01,-9.192,-12.7,-6.3,966.329,963.9,968.9,51.75,83.0,24
Maitri,1995-11-02,-8.4,-11.0,-5.5,966.621,966.0,967.1,28.75,54.0,24
Maitri,1995-11-03,-9.746,-11.3,-8.3,967.688,967.0,968.1,38.792,47.0,24
Maitri,1995-11-04,-9.65,-11.7,-7.6,969.283,967.9,970.0,34.333,49.0,24
Maitri,1995-11-05,-8.625,-12.3,-6.2,966.417,964.2,969.0,40.792,52.0,24
Maitri,1995-11-06,-7.087,-8.8,-6.3,964.304,963.2,965.3,52.292,61.0,24
Maitri,1995-11-07,-6.05,-6.7,-5.0,964.188,962.9,965.1,59.75,72.0,24
Maitri,1995-11-08,-3.854,-5.7,-2.8,969.221,964.9,976.8,60.042,70.0,24
Maitri,1995-11-09,-4.221,-8.1,-2.0,979.55,977.3,981.2,29.583,49.0,24
Maitri,1995-11-10,-7.342,-9.8,-4.9,979.542,978.1,981.2,37.667,52.0,24
Maitri,1995-11-11,-7.833,-9.4,-5.8,976.646,973.1,980.5,54.083,65.0,24
Maitri,1995-11-12,-5.325,-7.6,-3.7,967.321,963.0,972.4,42.75,58.0,24
Maitri,1995-11-13,-5.575,-7.0,-4.5,963.442,961.8,967.4,54.833,68.0,24
Maitri,1995-11-14,-6.104,-7.2,-5.1,970.596,967.9,971.3,42.0,59.0,24
Maitri,1995-11-15,-6.458,-9.6,-4.1,967.162,964.1,969.9,30.292,45.0,24
Maitri,1995-11-16,-7.167,-10.3,-5.9,966.312,964.1,968.5,19.583,36.0,24
Maitri,1995-11-17,-5.958,-7.9,-4.4,969.204,968.6,969.9,35.417,47.0,24
Maitri,1995-11-18,-4.125,-6.2,-2.9,971.821,968.9,974.8,33.875,51.0,24
Maitri,1995-11-19,-3.227,-5.1,-1.6,973.618,969.1,975.2,39.545,45.0,22
Maitri,1995-11-20,-3.554,-6.3,-0.5,964.729,963.1,968.1,29.167,51.0,24
Maitri,1995-11-21,-3.942,-6.7,-2.2,969.575,966.3,971.9,19.333,32.0,24
Maitri,1995-11-22,-3.708,-6.7,-0.8,971.033,969.1,972.0,27.292,43.0,24
Maitri,1995-11-23,-4.254,-7.8,-1.3,972.517,968.9,975.9,27.0,41.0,24
Maitri,1995-11-24,-4.638,-9.1,-2.2,977.396,975.9,977.9,15.25,40.0,24
Maitri,1995-11-25,-5.529,-9.8,-2.4,978.458,977.5,979.3,9.625,20.0,24
Maitri,1995-11-26,-7.688,-10.0,-5.5,979.425,978.2,983.2,21.667,36.0,24
Maitri,1995-11-27,-7.238,-10.0,-4.7,985.154,983.9,987.1,50.458,61.0,24
Maitri,1995-11-28,-5.996,-7.8,-4.3,983.383,978.2,985.8,39.625,63.0,24
Maitri,1995-11-29,-3.158,-6.7,-0.5,976.1,974.2,979.1,35.583,56.0,24
Maitri,1995-11-30,-3.058,-4.7,-1.6,976.95,975.0,979.8,54.792,65.0,24
Maitri,1995-12-28,-1.57,-6.2,0.8,973.23,973.1,973.3,15.1,20.0,10
Maitri,1995-12-29,-2.55,-6.2,-0.1,973.654,973.2,974.1,18.875,40.0,24
Maitri,1995-12-30,-0.962,-2.6,1.3,975.779,974.0,977.2,45.5,54.0,24
Maitri,1995-12-31,2.57,-0.8,4.5,975.391,972.0,977.2,39.478,49.0,23
Maitri,1996-01-01,4.554,1.9,8.0,966.262,964.1,970.2,34.917,56.0,24
Maitri,1996-01-02,2.592,-1.3,4.0,963.721,963.2,964.9,23.875,52.0,24
Maitri,1996-01-03,1.854,-1.9,4.8,965.079,962.9,968.4,25.375,44.0,24
Maitri,1996-01-04,2.558,-2.2,5.3,971.933,968.5,974.5,20.292,35.0,24
Maitri,1996-01-05,2.308,-2.3,5.0,974.879,974.1,975.9,15.042,24.0,24
Maitri,1996-01-06,0.979,-2.0,3.2,978.396,976.0,981.0,9.292,26.0,24
Maitri,1996-01-07,-0.254,-2.0,2.0,982.358,981.0,985.2,10.0,20.0,24
Maitri,1996-01-08,-0.321,-2.8,1.9,985.738,985.2,986.2,15.917,26.0,24
Maitri,1996-01-09,-1.579,-3.4,0.0,983.329,982.3,984.9,6.458,17.0,24
Maitri,1996-01-10,0.242,-3.5,3.0,984.671,983.0,986.2,18.917,39.0,24
Maitri,1996-01-11,-1.679,-4.0,0.0,982.808,979.5,985.9,9.167,26.0,24
Maitri,1996-01-12,-2.058,-5.0,0.0,977.229,974.8,979.3,14.292,26.0,24
Maitri,1996-01-13,-1.058,-5.0,2.3,973.942,973.1,975.0,19.0,37.0,24
Maitri,1996-01-14,-3.363,-6.5,-1.8,976.142,975.0,976.9,7.458,26.0,24
Maitri,1996-01-15,-3.887,-8.0,-2.0,976.079,975.2,977.5,11.583,22.0,24
Maitri,1996-01-16,-2.508,-4.4,-0.8,978.108,977.7,978.6,26.0,33.0,24
Maitri,1996-01-17,-2.108,-4.0,0.0,976.504,975.0,977.8,31.125,41.0,24
Maitri,1996-01-18,-1.154,-4.5,1.0,970.096,966.0,974.6,18.792,31.0,24
Maitri,1996-01-19,-1.817,-7.0,2.0,964.108,962.9,965.8,19.792,28.0,24
Maitri,1996-01-20,-2.317,-6.0,0.0,973.425,964.6,980.5,16.958,37.0,24
Maitri,1996-01-21,1.004,-5.0,4.0,981.154,980.2,982.0,24.083,43.0,24
Maitri,1996-01-22,1.762,-1.0,4.0,976.208,973.5,980.0,28.292,44.0,24
Maitri,1996-01-23,0.85,-2.2,4.0,974.408,974.0,974.7,31.875,57.0,24
Maitri,1996-01-24,-0.421,-3.3,2.0,973.983,972.6,975.0,30.667,54.0,24
Maitri,1996-01-25,-0.488,-3.9,2.0,973.363,971.9,977.2,34.208,43.0,24
Maitri,1996-01-26,-0.25,-3.0,2.0,983.596,977.5,988.0,29.042,44.0,24
Maitri,1996-01-27,2.658,-2.0,6.0,990.083,988.2,991.4,28.167,48.0,24
Maitri,1996-01-28,2.879,0.0,4.0,991.371,987.0,993.7,47.292,59.0,24
Maitri,1996-01-29,4.6,1.4,6.5,988.012,986.7,990.0,48.458,67.0,24
Maitri,1996-01-30,4.342,2.1,6.0,988.842,987.0,990.3,38.5,50.0,24
Maitri,1996-01-31,2.887,2.0,4.5,981.021,974.6,986.7,57.917,82.0,24
Maitri,1996-02-01,2.85,1.9,4.6,985.871,976.3,991.4,56.042,78.0,24
Maitri,1996-02-03,9.554,6.0,12.0,982.429,981.2,986.1,43.417,59.0,24
Maitri,1996-02-04,4.704,2.0,6.4,986.104,984.6,987.3,27.208,52.0,24
Maitri,1996-02-05,2.254,0.0,4.5,980.496,976.7,984.0,25.792,43.0,24
Maitri,1996-02-06,2.85,0.0,4.0,977.027,975.7,978.2,50.545,65.0,22
Maitri,1996-02-07,1.838,0.2,2.8,979.875,978.2,981.5,44.292,48.0,24
Maitri,1996-02-08,0.467,-1.5,2.0,981.946,981.6,982.4,31.125,46.0,24
Maitri,1996-02-09,-0.775,-2.8,1.6,982.942,982.1,983.5,31.958,41.0,24
Maitri,1996-02-10,-1.221,-3.2,0.6,981.867,980.2,983.0,31.875,56.0,24
Maitri,1996-02-11,-2.267,-4.5,-0.9,982.154,979.9,984.7,43.0,59.0,24
Maitri,1996-02-12,-1.662,-4.2,1.4,984.571,982.7,986.0,50.125,63.0,24
Maitri,1996-02-13,-2.225,-5.8,1.9,974.042,960.5,982.5,48.708,65.0,24
Maitri,1996-02-14,-0.817,-6.0,2.1,954.208,950.5,960.4,30.833,52.0,24
Maitri,1996-02-15,0.317,-3.8,2.2,970.333,961.5,973.7,30.333,46.0,24
Maitri,1996-02-16,-1.958,-6.0,2.0,973.296,972.5,974.3,21.708,57.0,24
Maitri,1996-02-17,-3.408,-7.0,-1.0,973.012,971.3,975.3,23.542,44.0,24
Maitri,1996-02-18,-1.746,-3.4,0.0,975.979,975.3,976.5,24.958,48.0,24
Maitri,1996-02-19,-3.342,-4.4,-2.0,976.233,976.0,976.6,35.708,48.0,24
Maitri,1996-02-20,-1.262,-4.0,1.0,975.933,975.6,976.2,32.25,50.0,24
Maitri,1996-02-21,-1.35,-3.0,0.6,976.133,975.5,977.5,27.917,35.0,24
Maitri,1996-02-22,-2.146,-7.2,0.6,974.983,970.3,977.4,26.542,48.0,24
Maitri,1996-02-23,-3.35,-6.0,-0.6,960.675,956.8,969.0,52.917,70.0,24
Maitri,1996-02-24,-2.929,-6.3,0.0,962.554,957.3,967.3,36.208,61.0,24
Maitri,1996-02-25,-4.533,-8.0,-2.0,966.6,964.2,973.0,43.167,59.0,24
Maitri,1996-02-26,-5.575,-8.0,-4.0,979.212,973.5,981.6,8.583,30.0,24
Maitri,1996-02-27,-3.0,-6.1,1.0,978.438,976.8,980.7,27.75,57.0,24
Maitri,1996-02-28,-5.171,-7.6,-2.8,977.762,976.9,978.9,14.625,30.0,24
Maitri,1996-02-29,-5.158,-7.0,-2.5,971.15,965.9,977.5,30.792,50.0,24
Maitri,1996-03-01,-6.65,-9.0,-4.0,968.775,965.6,971.5,25.25,41.0,20
Maitri,1996-03-02,-5.962,-9.0,-4.0,971.962,970.6,973.4,42.958,61.0,24
Maitri,1996-03-03,-4.404,-6.1,-2.8,965.308,960.9,970.5,68.042,78.0,24
Maitri,1996-03-04,-1.354,-4.0,0.0,961.071,960.0,962.5,62.417,78.0,24
Maitri,1996-03-05,-0.246,-2.0,1.2,965.067,962.5,968.0,44.0,52.0,24
Maitri,1996-03-06,-3.062,-6.8,0.0,970.488,968.2,972.7,16.875,41.0,24
Maitri,1996-03-07,-6.35,-8.0,-4.0,971.304,968.3,972.6,25.958,37.0,24
Maitri,1996-03-08,-7.408,-10.5,-4.8,967.121,966.3,968.9,27.875,46.0,24
Maitri,1996-03-09,-6.529,-10.0,-4.0,974.167,968.4,979.0,25.583,43.0,24
Maitri,1996-03-10,-8.554,-12.0,-5.0,978.504,976.0,980.0,16.417,43.0,24
Maitri,1996-03-11,-7.242,-11.3,-4.6,972.608,971.0,975.5,42.708,61.0,24
Maitri,1996-03-12,-7.904,-9.8,-6.0,970.038,969.6,970.5,38.0,57.0,24
Maitri,1996-03-13,-6.212,-9.0,-2.3,974.742,970.1,977.4,36.375,52.0,24
Maitri,1996-03-14,-7.925,-11.0,-5.9,974.917,971.0,976.8,26.75,43.0,24
Maitri,1996-03-15,-11.433,-14.0,-8.0,967.338,965.6,970.8,5.542,22.0,24
Maitri,1996-03-16,-13.138,-16.0,-11.0,968.671,965.7,971.0,2.708,19.0,24
Maitri,1996-03-17,-12.421,-16.0,-10.0,971.192,970.1,972.3,21.917,41.0,24
Maitri,1996-03-18,-9.975,-13.4,-6.0,970.012,969.0,971.9,26.0,52.0,24
Maitri,1996-03-19,-12.638,-15.0,-10.1,971.675,967.8,973.4,28.708,48.0,24
Maitri,1996-03-20,-12.733,-16.4,-10.0,963.521,961.7,967.0,16.375,46.0,24
Maitri,1996-03-21,-8.529,-11.0,-6.8,966.267,964.0,968.0,45.792,57.0,24
Maitri,1996-03-22,-9.254,-11.0,-7.5,966.046,965.0,967.5,24.917,39.0,24
Maitri,1996-03-23,-7.154,-9.0,-6.0,965.275,964.8,965.5,24.625,39.0,24
Maitri,1996-03-24,-6.917,-8.3,-5.2,966.146,964.9,968.4,50.792,63.0,24
Maitri,1996-03-25,-8.033,-10.0,-6.0,968.858,968.3,969.2,54.042,65.0,24
Maitri,1996-03-26,-9.071,-10.5,-7.4,963.842,959.8,968.5,56.958,67.0,24
Maitri,1996-03-27,-5.638,-10.5,-2.6,965.833,960.5,971.0,45.208,67.0,24
Maitri,1996-03-28,-9.617,-14.0,-5.0,973.412,971.4,977.4,12.417,50.0,24
Maitri,1996-03-29,-11.696,-15.0,-8.0,974.858,968.4,978.5,2.167,19.0,24
Maitri,1996-03-30,-8.188,-10.0,-6.0,966.471,964.8,970.2,45.625,70.0,24
Maitri,1996-03-31,-7.892,-10.0,-6.0,972.95,970.5,975.4,65.75,74.0,24
Maitri,1996-04-01,-6.558,-9.0,-4.5,970.933,966.0,975.0,62.708,70.0,24
Maitri,1996-04-02,-9.704,-13.0,-7.5,962.438,961.4,965.5,31.042,56.0,24
Maitri,1996-04-03,-12.288,-16.0,-8.0,966.625,962.0,971.0,34.458,46.0,24
Maitri,1996-04-04,-7.617,-8.6,-7.0,975.2,971.4,977.4,36.958,50.0,24
Maitri,1996-04-05,-6.629,-8.0,-5.0,969.354,961.2,976.8,63.417,74.0,24
Maitri,1996-04-06,-5.271,-6.3,-4.0,960.354,958.6,964.0,66.0,80.0,24
Maitri,1996-04-07,-7.171,-12.0,-4.0,969.9,964.5,972.3,27.125,59.0,24
Maitri,1996-04-08,-12.629,-15.0,-11.0,967.762,961.4,971.6,21.083,35.0,24
Maitri,1996-04-09,-15.362,-18.8,-12.3,956.604,954.2,961.4,9.833,30.0,24
Maitri,1996-04-10,-15.258,-18.4,-13.0,966.992,959.0,970.2,31.0,56.0,24
Maitri,1996-04-11,-11.188,-13.0,-9.0,966.621,964.5,969.3,58.208,70.0,24
Maitri,1996-04-12,-10.754,-14.0,-9.0,968.75,965.0,974.0,33.0,46.0,24
Maitri,1996-04-13,-11.671,-13.3,-10.0,971.904,967.0,974.0,33.917,50.0,24
Maitri,1996-04-14,-11.146,-12.0,-10.4,963.817,962.8,966.5,59.125,74.0,24
Maitri,1996-04-15,-10.696,-12.0,-9.0,961.35,957.7,963.0,74.0,89.0,24
Maitri,1996-04-16,-7.683,-10.0,-5.0,948.212,933.0,957.0,52.833,83.0,24
Maitri,1996-04-17,-9.35,-10.2,-8.0,967.796,957.0,978.4,34.667,57.0,24
Maitri,1996-04-18,-9.475,-10.5,-8.0,984.583,978.9,992.0,56.5,70.0,24
Maitri,1996-04-19,-8.0,-11.4,-6.4,984.85,970.0,992.5,47.833,69.0,24
Maitri,1996-04-20,-11.671,-14.0,-8.9,966.658,964.5,968.9,50.125,74.0,24
Maitri,1996-04-21,-8.504,-13.5,-6.0,969.671,965.2,973.8,47.25,56.0,24
Maitri,1996-04-22,-8.105,-10.0,-6.0,973.368,971.8,975.0,27.789,39.0,19
Maitri,1996-04-23,-10.038,-12.0,-8.4,972.775,971.4,973.8,40.625,52.0,24
Maitri,1996-04-24,-11.354,-12.7,-10.0,974.538,972.5,977.4,39.583,48.0,24
Maitri,1996-04-25,-14.721,-19.4,-12.0,980.938,977.6,983.5,23.958,37.0,24
Maitri,1996-04-26,-19.575,-21.0,-17.0,981.546,979.2,983.5,17.167,30.0,24
Maitri,1996-04-27,-19.783,-22.0,-17.4,979.367,978.8,979.5,29.833,56.0,24
Maitri,1996-04-28,-21.183,-23.3,-19.8,973.85,968.5,978.8,31.458,52.0,24
Maitri,1996-04-29,-20.079,-22.5,-18.0,966.196,965.5,968.0,29.25,41.0,24
Maitri,1996-04-30,-18.488,-20.0,-17.0,970.242,967.0,974.0,30.375,39.0,24
Maitri,1996-05-01,-15.354,-17.3,-13.8,975.042,974.2,976.0,51.333,67.0,24
Maitri,1996-05-02,-15.917,-20.0,-13.7,973.458,972.4,975.5,35.417,50.0,24
Maitri,1996-05-03,-16.604,-18.0,-15.8,971.825,971.4,972.5,43.208,52.0,24
Maitri,1996-05-04,-12.487,-16.0,-9.9,972.379,971.6,972.9,53.583,59.0,24
Maitri,1996-05-05,-9.854,-13.0,-8.7,970.246,969.3,971.6,34.458,56.0,24
Maitri,1996-05-06,-17.483,-20.4,-12.0,968.062,967.3,969.0,13.625,31.0,24
Maitri,1996-05-07,-17.775,-21.0,-15.0,966.492,963.1,967.7,22.333,39.0,24
Maitri,1996-05-08,-15.554,-18.0,-12.5,960.904,957.0,968.0,51.75,70.0,24
Maitri,1996-05-09,-16.5,-20.0,-13.0,974.808,968.5,979.0,28.958,59.0,24
Maitri,1996-05-10,-13.929,-17.0,-10.8,972.762,971.2,975.1,24.952,50.0,21
Maitri,1996-05-11,-23.858,-26.0,-21.0,966.568,961.0,972.8,0.474,9.0,19
Maitri,1996-05-12,-24.463,-30.0,-18.5,959.971,956.8,967.5,10.958,46.0,24
Maitri,1996-05-13,-23.352,-26.0,-21.0,972.352,968.0,978.6,25.762,54.0,21
Maitri,1996-05-14,-19.5,-22.0,-15.0,975.896,968.0,979.4,41.0,70.0,24
Maitri,1996-05-15,-13.029,-15.0,-12.0,963.912,958.5,968.3,60.333,70.0,24
Maitri,1996-05-16,-12.667,-14.0,-11.9,960.092,957.0,963.7,55.125,67.0,24
Maitri,1996-05-17,-12.917,-14.0,-11.0,967.55,963.8,971.0,33.25,52.0,24
Maitri,1996-05-18,-17.108,-20.0,-13.0,970.692,967.3,972.3,4.958,22.0,24
Maitri,1996-05-19,-20.379,-23.0,-17.0,965.271,964.2,967.5,8.458,22.0,24
Maitri,1996-05-20,-21.996,-25.8,-20.0,975.225,968.0,979.8,23.0,43.0,24
Maitri,1996-05-21,-19.121,-21.0,-15.4,978.238,977.5,980.0,17.708,50.0,24
Maitri,1996-05-22,-19.9,-23.0,-16.0,979.279,977.0,982.9,16.292,39.0,24
Maitri,1996-05-23,-22.046,-26.0,-18.0,983.246,982.3,984.0,5.875,30.0,24
Maitri,1996-05-24,-21.358,-24.0,-12.0,984.571,979.6,987.0,8.417,41.0,24
Maitri,1996-05-25,-13.2,-16.0,-11.0,974.879,973.0,978.5,50.417,61.0,24
Maitri,1996-05-26,-13.817,-15.8,-10.0,963.642,954.8,973.0,71.583,82.0,24
Maitri,1996-05-27,-12.296,-15.0,-10.0,948.838,945.7,954.0,54.167,76.0,24
Maitri,1996-05-28,-11.208,-14.0,-10.0,959.842,950.4,969.3,57.375,82.0,24
Maitri,1996-05-29,-14.358,-17.5,-10.0,969.738,968.7,970.0,44.833,56.0,24
Maitri,1996-05-30,-14.367,-18.5,-12.0,969.508,968.6,970.5,42.708,59.0,24
Maitri,1996-05-31,-12.217,-14.0,-10.8,970.717,970.0,971.3,56.583,67.0,24
Maitri,1996-06-01,-14.433,-16.0,-13.0,968.921,968.0,970.0,48.542,61.0,24
Maitri,1996-06-02,-13.996,-16.8,-12.0,964.7,962.4,967.7,36.917,52.0,24
Maitri,1996-06-03,-18.046,-22.0,-13.8,960.992,960.2,962.2,20.333,43.0,24
Maitri,1996-06-04,-16.287,-21.0,-13.0,965.079,960.9,970.0,39.25,52.0,24
Maitri,1996-06-05,-14.108,-14.5,-14.0,973.35,971.3,975.1,39.292,56.0,24
Maitri,1996-06-06,-17.871,-24.0,-14.0,967.321,963.8,973.5,15.625,31.0,24
Maitri,1996-06-07,-19.783,-23.0,-18.0,969.725,963.7,976.7,36.958,57.0,24
Maitri,1996-06-08,-13.525,-19.0,-9.0,979.512,977.0,981.0,44.708,57.0,24
Maitri,1996-06-09,-10.088,-12.0,-9.0,976.4,969.2,979.1,43.167,67.0,24
Maitri,1996-06-10,-7.733,-8.0,-7.0,961.475,957.7,968.5,64.083,82.0,24
Maitri,1996-06-11,-6.233,-7.3,-5.4,960.096,957.1,964.3,76.417,85.0,24
Maitri,1996-06-12,-7.312,-8.7,-6.0,972.012,965.5,975.4,67.167,85.0,24
Maitri,1996-06-13,-8.929,-10.0,-8.0,976.346,975.1,978.0,55.5,65.0,24
Maitri,1996-06-14,-8.688,-12.0,-7.0,975.196,973.9,978.0,60.333,74.0,24
Maitri,1996-06-15,-11.421,-12.0,-10.8,981.667,978.8,983.0,42.042,52.0,24
Maitri,1996-06-16,-12.429,-14.0,-10.6,982.308,981.5,983.0,28.083,41.0,24
Maitri,1996-06-17,-15.263,-20.0,-11.8,974.392,968.5,980.8,15.167,54.0,24
Maitri,1996-06-18,-20.362,-22.0,-19.0,965.217,962.7,968.5,32.708,50.0,24
Maitri,1996-06-19,-19.279,-22.0,-17.0,964.533,963.4,965.8,26.958,37.0,24
Maitri,1996-06-20,-22.958,-25.7,-19.0,966.704,966.2,967.2,5.167,28.0,24
Maitri,1996-06-21,-23.35,-26.0,-22.0,969.5,967.1,972.5,29.958,43.0,24
Maitri,1996-06-22,-22.408,-24.0,-21.0,975.104,972.9,978.8,38.625,50.0,24
Maitri,1996-06-23,-23.129,-26.8,-21.0,979.458,978.6,980.2,25.958,44.0,24
Maitri,1996-06-24,-24.608,-28.0,-18.0,983.725,980.4,986.0,16.292,63.0,24
Maitri,1996-06-25,-14.717,-18.0,-12.0,988.662,986.5,990.7,54.25,61.0,24
Maitri,1996-06-26,-12.825,-16.0,-12.0,988.792,985.4,991.0,28.5,52.0,24
Maitri,1996-06-27,-13.925,-15.0,-13.0,984.267,983.7,985.3,35.958,46.0,24
Maitri,1996-06-28,-13.696,-15.6,-10.0,971.504,955.5,983.5,68.083,107.0,24
Maitri,1996-06-29,-7.883,-10.0,-6.0,954.017,947.6,959.0,93.708,107.0,24
Maitri,1996-06-30,-5.55,-6.2,-4.0,967.367,959.5,970.7,79.125,87.0,24
Maitri,1996-07-01,-6.921,-8.8,-5.0,972.921,970.0,976.6,59.417,78.0,24
Maitri,1996-07-02,-8.987,-11.0,-7.8,973.762,971.3,976.0,41.708,50.0,24
Maitri,1996-07-03,-11.788,-12.7,-10.7,967.512,965.9,971.0,36.0,50.0,24
Maitri,1996-07-04,-10.95,-12.4,-9.0,967.075,965.3,968.4,49.042,67.0,24
Maitri,1996-07-05,-7.812,-9.0,-6.0,963.642,962.3,965.8,55.958,70.0,24
Maitri,1996-07-06,-9.633,-10.0,-9.0,969.029,966.2,970.3,80.083,85.0,24
Maitri,1996-07-07,-8.458,-9.5,-8.0,962.712,958.0,967.6,65.0,82.0,24
Maitri,1996-07-08,-13.425,-18.0,-10.0,958.092,954.2,960.2,38.208,48.0,24
Maitri,1996-07-09,-19.254,-21.0,-17.0,960.954,955.4,966.0,34.208,52.0,24
Maitri,1996-07-10,-18.946,-20.0,-18.0,972.675,966.5,975.8,45.0,54.0,24
Maitri,1996-07-11,-15.346,-18.0,-12.0,970.75,966.0,975.5,63.917,78.0,24
Maitri,1996-07-12,-11.746,-13.0,-11.0,967.175,965.9,970.5,61.0,70.0,24
Maitri,1996-07-13,-13.992,-15.3,-13.0,974.421,971.5,976.0,30.417,57.0,24
Maitri,1996-07-14,-15.554,-19.0,-13.8,979.062,976.0,983.4,16.0,31.0,24
Maitri,1996-07-15,-20.562,-22.0,-18.0,984.554,983.0,985.8,16.625,41.0,24
Maitri,1996-07-16,-17.896,-21.0,-15.8,978.812,973.8,982.4,49.958,74.0,24
Maitri,1996-07-17,-13.733,-15.0,-12.0,970.658,967.2,973.4,80.5,95.0,12
Maitri,1996-07-19,-8.725,-9.0,-8.6,980.012,979.6,980.3,57.0,61.0,8
Maitri,1996-07-20,-7.496,-9.0,-6.0,979.4,977.8,981.5,67.25,78.0,24
Maitri,1996-07-21,-8.508,-10.0,-7.2,985.246,981.5,988.3,55.583,70.0,24
Maitri,1996-07-22,-11.196,-12.5,-10.0,974.546,965.5,980.5,74.0,85.0,24
Maitri,1996-07-23,-11.625,-13.0,-10.5,953.217,947.0,964.0,103.375,126.0,24
Maitri,1996-07-24,-11.125,-12.0,-10.0,970.0,960.2,974.4,59.125,93.0,24
Maitri,1996-07-25,-12.604,-13.3,-12.0,975.038,973.0,979.0,60.375,70.0,24
Maitri,1996-07-26,-11.867,-13.0,-10.8,981.15,979.0,982.0,66.208,72.0,24
Maitri,1996-07-27,-12.662,-14.0,-11.0,976.079,970.0,980.3,55.208,70.0,24
Maitri,1996-07-28,-9.158,-12.0,-6.5,959.629,953.9,969.0,50.292,59.0,24
Maitri,1996-07-29,-7.833,-9.0,-6.0,963.7,957.5,970.3,59.125,76.0,24
Maitri,1996-07-30,-9.062,-11.3,-7.6,979.062,972.0,985.7,37.125,61.0,24
Maitri,1996-07-31,-12.354,-15.0,-9.8,979.833,971.0,985.5,13.667,50.0,24
Maitri,1996-08-01,-9.65,-11.2,-7.0,966.262,964.2,970.5,42.458,56.0,24
Maitri,1996-08-02,-13.412,-18.0,-10.4,975.979,969.4,981.2,22.25,43.0,24
Maitri,1996-08-03,-11.404,-14.0,-10.0,976.283,971.1,981.4,49.792,67.0,24
Maitri,1996-08-04,-10.867,-11.9,-10.0,967.838,963.7,971.7,60.875,69.0,24
Maitri,1996-08-05,-11.458,-12.0,-10.8,962.796,961.8,964.0,71.833,83.0,24
Maitri,1996-08-06,-14.142,-17.0,-11.8,969.363,965.5,974.4,52.042,67.0,24
Maitri,1996-08-07,-17.154,-19.0,-14.0,969.571,959.2,974.9,44.708,59.0,24
Maitri,1996-08-08,-13.658,-16.0,-12.0,952.342,950.1,958.0,25.458,59.0,24
Maitri,1996-08-09,-14.758,-20.0,-11.0,959.85,953.7,966.2,27.792,67.0,24
Maitri,1996-08-10,-11.362,-13.4,-10.0,967.588,966.4,968.4,47.833,70.0,24
Maitri,1996-08-11,-16.8,-20.5,-11.0,964.738,963.0,968.0,13.125,35.0,24
Maitri,1996-08-12,-19.721,-22.5,-18.0,971.304,964.6,976.9,32.25,39.0,24
Maitri,1996-08-13,-21.463,-24.0,-18.0,979.883,977.2,981.3,27.0,44.0,24
Maitri,1996-08-14,-20.467,-22.4,-18.0,981.033,979.9,981.6,32.25,50.0,24
Maitri,1996-08-15,-20.213,-24.0,-17.0,981.95,979.0,984.5,24.25,50.0,24
Maitri,1996-08-16,-23.671,-26.8,-19.5,976.262,971.3,984.1,2.708,24.0,24
Maitri,1996-08-18,-16.583,-20.0,-16.0,970.921,968.0,973.9,39.917,59.0,24
Maitri,1996-08-19,-17.321,-22.0,-15.0,969.142,966.0,970.8,25.833,63.0,24
Maitri,1996-08-20,-26.508,-29.0,-23.7,967.842,963.2,975.5,3.292,31.0,24
Maitri,1996-08-21,-22.262,-27.0,-19.0,971.804,969.1,976.0,12.458,31.0,24
Maitri,1996-08-22,-25.417,-28.0,-21.0,973.083,968.9,984.0,1.792,24.0,24
Maitri,1996-08-23,-15.729,-26.5,-5.0,992.033,985.5,996.0,23.083,67.0,24
Maitri,1996-08-24,-3.858,-5.6,-2.0,992.2,988.4,994.5,65.875,93.0,24
Maitri,1996-08-25,-2.137,-4.0,-0.8,995.683,993.1,997.2,67.167,78.0,24
Maitri,1996-08-26,-7.375,-11.3,-4.0,990.646,988.3,995.0,60.5,70.0,24
Maitri,1996-08-27,-9.846,-11.4,-4.2,983.312,981.5,987.3,82.667,93.0,24
Maitri,1996-08-28,-4.879,-6.5,-3.5,980.971,976.5,985.1,75.292,100.0,24
Maitri,1996-08-29,-3.083,-4.4,-2.0,977.008,975.0,981.6,71.208,93.0,24
Maitri,1996-08-30,-6.238,-7.0,-4.5,987.912,982.0,990.8,64.125,76.0,24
Maitri,1996-08-31,-6.079,-7.0,-5.8,988.788,988.0,990.5,42.75,67.0,24
Maitri,1996-09-01,-7.005,-8.2,-6.0,990.065,989.2,991.0,41.85,59.0,20
Maitri,1996-09-02,-7.672,-9.0,-6.8,988.317,986.3,989.9,44.111,65.0,18
Maitri,1996-09-03,-7.671,-8.4,-7.0,982.496,981.1,985.0,46.0,63.0,24
Maitri,1996-09-04,-9.771,-12.4,-8.0,987.429,984.0,991.0,32.042,43.0,24
Maitri,1996-09-05,-11.333,-12.0,-10.4,992.229,991.0,993.0,28.25,52.0,24
Maitri,1996-09-06,-11.229,-14.0,-9.8,990.125,988.0,991.2,23.208,55.0,24
Maitri,1996-09-07,-12.842,-16.0,-9.9,986.942,984.1,988.0,23.25,33.0,24
Maitri,1996-09-08,-16.696,-19.0,-14.5,980.421,979.0,983.5,11.875,43.0,24
Maitri,1996-09-09,-12.483,-19.0,-9.0,982.708,980.0,985.8,34.083,52.0,24
Maitri,1996-09-10,-12.708,-14.2,-11.0,990.346,985.8,995.7,30.833,46.0,24
Maitri,1996-09-11,-10.771,-16.0,-8.0,995.5,993.8,996.7,27.875,44.0,24
Maitri,1996-09-12,-7.925,-10.0,-6.0,992.967,991.0,993.8,38.083,46.0,24
Maitri,1996-09-13,-6.096,-8.0,-5.2,986.288,983.1,990.5,50.083,59.0,24
Maitri,1996-09-14,-7.788,-8.3,-7.0,983.167,982.5,984.0,44.458,54.0,24
Maitri,1996-09-15,-8.983,-11.0,-7.9,982.192,980.5,984.0,26.917,41.0,24
Maitri,1996-09-16,-10.192,-11.0,-9.4,982.65,981.0,984.3,41.625,59.0,24
Maitri,1996-09-17,-10.233,-10.8,-9.8,978.242,976.6,981.8,49.792,61.0,24
Maitri,1996-09-18,-8.029,-11.0,-4.5,967.967,955.0,976.8,49.833,74.0,24
Maitri,1996-09-19,-6.229,-10.0,-3.4,952.129,946.2,960.8,71.375,91.0,24
Maitri,1996-09-20,-4.096,-7.0,-3.0,956.996,951.4,961.0,73.75,87.0,24
Maitri,1996-09-21,-7.604,-9.0,-4.0,961.35,951.3,968.5,55.75,82.0,24
Maitri,1996-09-22,-9.596,-12.0,-8.0,972.458,969.0,975.2,54.25,63.0,24
Maitri,1996-09-23,-13.742,-20.0,-11.0,973.783,968.5,976.0,27.75,61.0,24
Maitri,1996-09-24,-18.704,-22.8,-16.0,963.454,961.2,967.8,0.708,17.0,24
Maitri,1996-09-25,-15.404,-18.8,-13.0,974.533,967.1,980.0,20.417,41.0,24
Maitri,1996-09-26,-14.683,-18.0,-11.0,979.008,976.3,980.4,38.0,52.0,24
Maitri,1996-09-27,-9.892,-11.0,-8.5,968.125,956.4,976.0,64.292,93.0,24
Maitri,1996-09-28,-9.088,-10.0,-8.0,955.154,949.5,966.3,72.25,104.0,24
Maitri,1996-09-29,-5.757,-8.7,-4.0,964.4,962.0,967.5,57.286,67.0,7
Maitri,1996-09-30,-8.369,-9.5,-4.0,974.706,963.0,977.0,22.375,83.0,16
Maitri,1996-10-01,-6.458,-10.0,-5.0,976.096,975.0,977.8,20.667,37.0,24
Maitri,1996-10-02,-8.412,-11.0,-5.0,973.329,969.8,977.3,20.667,63.0,24
Maitri,1996-10-03,-9.471,-11.4,-7.0,968.05,966.0,969.7,56.208,69.0,24
Maitri,1996-10-04,-8.217,-11.0,-6.8,970.067,968.6,971.5,54.125,67.0,24
Maitri,1996-10-05,-3.958,-7.0,-2.6,973.842,971.3,978.2,50.167,67.0,24
Maitri,1996-10-06,-6.367,-12.0,-3.9,977.833,976.3,979.0,29.125,43.0,24
Maitri,1996-10-07,-11.708,-14.0,-10.0,973.812,968.5,976.7,8.792,33.0,24
Maitri,1996-10-08,-10.867,-18.0,-8.0,961.546,959.4,968.4,27.167,56.0,24
Maitri,1996-10-09,-9.8,-10.5,-8.6,959.129,957.5,960.8,27.583,44.0,24
Maitri,1996-10-10,-8.912,-11.5,-6.0,958.175,956.2,960.5,36.417,50.0,24
Maitri,1996-10-11,-8.504,-10.0,-7.0,963.946,961.0,966.5,25.208,41.0,24
Maitri,1996-10-12,-11.046,-12.3,-9.8,971.204,967.2,973.4,30.333,39.0,24
Maitri,1996-10-13,-9.758,-12.3,-8.2,971.312,969.9,973.2,44.292,52.0,24
Maitri,1996-10-14,-9.746,-14.0,-7.0,972.967,971.0,974.1,23.875,44.0,24
Maitri,1996-10-15,-11.025,-13.4,-9.2,957.725,948.5,972.4,84.625,100.0,24
Maitri,1996-10-16,-6.938,-8.5,-5.0,955.967,948.7,961.0,61.667,96.0,24
Maitri,1996-10-17,-7.312,-8.0,-6.0,953.367,950.2,959.2,77.875,93.0,24
Maitri,1996-10-18,-6.621,-10.0,-4.0,953.433,950.0,955.6,54.292,89.0,24
Maitri,1996-10-19,-9.433,-13.0,-6.0,952.071,950.8,953.6,28.542,56.0,24
Maitri,1996-10-20,-12.487,-16.0,-9.0,952.338,950.9,956.5,9.792,33.0,24
Maitri,1996-10-21,-12.458,-17.3,-10.0,959.154,955.0,961.6,26.208,56.0,24
Maitri,1996-10-22,-10.45,-12.0,-9.4,951.271,949.4,954.3,65.0,76.0,24
Maitri,1996-10-23,-8.279,-10.0,-7.0,947.296,946.0,949.4,35.792,59.0,24
Maitri,1996-10-24,-9.55,-12.2,-8.0,955.45,948.2,960.4,21.208,39.0,24
Maitri,1996-10-25,-10.396,-12.4,-9.0,957.992,954.9,960.7,61.417,89.0,24
Maitri,1996-10-26,-7.642,-10.0,-6.0,962.221,956.3,966.0,69.375,93.0,24
Maitri,1996-10-27,-2.633,-6.0,-1.0,960.996,958.4,965.5,51.875,65.0,24
Maitri,1996-10-28,-2.488,-3.5,-1.9,962.404,957.9,970.8,65.958,72.0,24
Maitri,1996-10-29,-4.05,-7.9,-0.8,975.25,971.6,979.2,54.75,74.0,24
Maitri,1996-10-30,-5.25,-8.3,-1.8,980.708,979.5,981.8,50.333,78.0,24
Maitri,1996-10-31,-6.962,-9.8,-4.0,973.842,969.5,979.2,31.292,63.0,24
Maitri,1996-11-01,-6.712,-10.0,-4.5,970.942,969.0,972.7,30.917,67.0,24
Maitri,1996-11-02,-7.288,-14.0,-4.0,975.721,972.8,978.9,19.083,44.0,24
Maitri,1996-11-03,-8.571,-15.4,-5.8,980.454,979.0,981.4,14.417,28.0,24
Maitri,1996-11-04,-11.388,-17.0,-8.0,978.387,977.2,979.9,13.542,37.0,24
Maitri,1996-11-05,-12.629,-17.0,-9.0,978.825,977.6,980.4,5.292,19.0,24
Maitri,1996-11-06,-10.358,-16.0,-6.8,981.171,979.4,982.0,17.833,35.0,24
Maitri,1996-11-07,-7.167,-11.0,-5.0,977.808,976.2,979.0,32.708,56.0,24
Maitri,1996-11-08,-9.154,-10.4,-7.8,977.796,976.0,978.9,48.25,63.0,24
Maitri,1996-11-09,-6.892,-10.0,-4.0,970.7,967.0,974.5,69.5,82.0,24
Maitri,1996-11-10,-3.954,-6.0,-3.0,962.104,957.4,966.8,61.875,82.0,24
Maitri,1996-11-11,-4.333,-5.5,-3.8,958.717,955.5,961.3,54.167,67.0,24
Maitri,1996-11-12,-3.742,-5.0,-2.0,978.092,962.0,991.8,49.625,67.0,24
Maitri,1996-11-13,-2.183,-4.8,0.0,989.279,983.0,993.8,29.333,44.0,24
Maitri,1996-11-14,-4.104,-7.2,-1.0,978.775,976.0,983.6,43.208,63.0,24
Maitri,1996-11-15,-3.9,-6.0,-1.6,993.5,984.5,998.6,40.125,56.0,24
Maitri,1996-11-16,-2.667,-4.8,0.0,991.575,984.0,997.0,23.75,57.0,24
Maitri,1996-11-17,-2.588,-4.0,-0.2,976.775,973.4,983.4,28.958,57.0,24
Maitri,1996-11-18,-3.512,-5.0,-2.0,980.671,975.5,983.5,42.833,57.0,24
Maitri,1996-11-19,-3.529,-6.0,-1.8,983.238,982.5,983.9,37.0,52.0,24
Maitri,1996-11-20,-3.196,-6.2,-0.8,979.258,976.0,982.3,37.667,56.0,24
Maitri,1996-11-21,-3.508,-4.8,-2.5,971.458,966.5,975.0,50.625,74.0,24
Maitri,1996-11-22,-1.921,-4.0,0.0,964.4,963.0,966.1,56.25,67.0,24
Maitri,1996-11-23,-1.133,-4.8,0.0,970.483,965.0,975.4,50.833,61.0,24
Maitri,1996-11-24,-1.5,-3.0,0.0,978.504,975.5,981.0,41.417,54.0,24
Maitri,1996-11-25,-1.55,-3.0,0.0,975.671,967.5,981.0,39.25,44.0,24
Maitri,1996-11-26,-1.592,-3.0,0.0,964.004,962.8,966.5,40.25,59.0,24
Maitri,1996-11-27,-2.529,-7.4,0.0,964.971,963.9,965.5,21.375,46.0,24
Maitri,1996-11-28,-5.471,-7.0,-4.0,965.238,964.2,966.0,18.667,30.0,24
Maitri,1996-11-29,-4.308,-6.2,-2.8,971.642,966.7,977.5,12.833,28.0,24
Maitri,1996-11-30,-3.05,-7.0,0.0,979.575,978.0,980.3,18.208,48.0,24
Maitri,1996-12-01,1.171,-3.7,4.4,979.462,978.7,980.3,52.958,74.0,24
Maitri,1996-12-02,-1.604,-5.3,0.0,977.617,975.0,979.0,35.208,59.0,24
Maitri,1996-12-03,-4.042,-5.8,-3.0,969.817,967.6,974.0,14.042,22.0,24
Maitri,1996-12-04,-4.1,-6.2,-2.4,973.625,969.9,981.6,30.625,41.0,24
Maitri,1996-12-05,-2.183,-4.8,-0.8,983.183,978.0,985.8,42.75,70.0,24
Maitri,1996-12-06,-1.258,-4.2,1.0,973.6,972.3,977.0,31.583,52.0,24
Maitri,1996-12-07,-2.508,-5.2,0.0,978.154,974.5,981.0,19.875,33.0,24
Maitri,1996-12-08,-1.233,-3.2,0.5,980.258,978.0,981.6,14.083,24.0,24
Maitri,1996-12-09,-0.325,-2.0,1.0,975.938,974.1,978.0,14.75,33.0,24
Maitri,1996-12-10,1.696,-1.0,3.2,976.808,975.0,978.2,34.333,48.0,24
Maitri,1996-12-11,0.158,-2.0,1.6,980.454,978.5,982.3,25.875,37.0,24
Maitri,1996-12-12,0.662,-2.4,2.3,984.3,982.6,985.0,24.375,41.0,24
Maitri,1996-12-13,-1.333,-5.2,2.0,983.792,983.6,984.4,19.875,41.0,24
Maitri,1996-12-14,-2.363,-5.4,0.0,984.617,983.8,985.3,27.25,48.0,24
Maitri,1996-12-15,-0.625,-3.4,2.0,985.992,983.2,988.0,48.167,63.0,24
Maitri,1996-12-16,1.708,0.0,3.0,976.7,971.6,983.0,54.5,67.0,24
Maitri,1996-12-17,0.261,-2.0,2.0,970.33,969.5,971.5,45.478,59.0,23
Maitri,1996-12-18,0.317,-2.0,2.6,975.288,972.5,976.4,40.625,52.0,24
Maitri,1996-12-19,1.125,0.0,2.0,974.617,974.0,975.4,45.25,52.0,24
Maitri,1996-12-20,2.304,-2.0,4.4,971.533,970.6,974.3,24.792,52.0,24
Maitri,1996-12-21,1.108,-2.0,5.0,973.188,971.4,974.4,29.75,52.0,24
Maitri,1996-12-22,1.529,-3.0,5.5,975.483,973.5,976.8,32.5,56.0,24
Maitri,1996-12-23,1.438,-2.0,5.6,972.796,972.0,973.5,32.625,57.0,24
Maitri,1996-12-24,1.621,-3.0,4.5,972.042,971.6,973.0,29.917,48.0,24
Maitri,1996-12-25,1.046,-2.0,3.0,975.504,971.6,978.0,26.25,46.0,24
Maitri,1996-12-26,1.233,-2.0,4.0,975.908,972.6,977.5,12.042,22.0,24
Maitri,1996-12-27,1.996,-2.0,5.8,970.304,969.4,972.2,25.375,48.0,24
Maitri,1996-12-28,1.096,-1.0,2.6,969.708,969.0,970.5,30.292,39.0,24
Maitri,1996-12-29,-1.225,-2.0,-0.3,972.458,970.4,973.6,30.792,38.0,24
Maitri,1996-12-30,0.213,-2.0,2.0,971.808,968.5,973.8,39.542,52.0,24
Maitri,1996-12-31,1.458,0.0,2.9,970.783,968.0,974.2,52.083,63.0,24
Maitri,1997-01-01,4.392,0.6,7.0,975.838,974.0,978.0,39.5,52.0,24
Maitri,1997-01-02,5.583,3.3,7.5,980.821,978.7,982.0,41.625,56.0,24
Maitri,1997-01-03,5.342,2.6,8.3,979.371,978.2,981.6,26.875,39.0,24
Maitri,1997-01-04,2.708,-1.0,4.8,977.167,970.2,980.0,8.792,33.0,24
Maitri,1997-01-05,1.562,-2.0,3.8,975.108,962.4,981.2,11.125,33.0,24
Maitri,1997-01-06,2.212,-2.2,6.0,964.2,960.9,981.6,16.0,35.0,24
Maitri,1997-01-07,-2.188,-3.6,-1.0,978.204,971.6,982.6,14.292,24.0,24
Maitri,1997-01-08,-1.042,-3.1,0.6,977.683,976.1,979.0,17.375,33.0,24
Maitri,1997-01-09,0.9,-2.0,3.0,972.579,970.7,975.6,29.292,45.0,24
Maitri,1997-01-10,0.629,-1.8,2.6,973.875,970.7,975.3,35.083,57.0,24
Maitri,1997-01-11,1.983,-0.8,4.5,974.608,972.2,976.3,34.958,57.0,24
Maitri,1997-01-12,2.292,-0.4,4.0,972.008,971.3,974.0,38.042,59.0,24
Maitri,1997-01-13,1.021,-0.4,2.2,977.108,973.9,980.5,23.917,41.0,24
Maitri,1997-01-14,2.271,-1.7,5.7,980.221,978.0,981.3,21.75,43.0,24
Maitri,1997-01-15,0.888,-2.7,2.8,979.588,976.8,981.4,28.708,48.0,24
Maitri,1997-01-16,-0.583,-3.6,1.9,979.971,974.3,983.5,20.5,50.0,24
Maitri,1997-01-17,-0.183,-3.8,1.6,977.462,970.5,980.7,17.708,28.0,24
Maitri,1997-01-18,0.933,-2.0,3.3,962.929,960.0,969.0,30.792,45.0,24
Maitri,1997-01-19,0.867,-1.5,2.2,970.887,963.1,981.3,28.417,43.0,24
Maitri,1997-01-20,0.996,0.0,2.3,976.033,973.5,978.0,26.333,39.0,24
Maitri,1997-01-21,2.158,-0.3,4.3,977.058,975.7,979.9,24.458,37.0,24
Maitri,1997-01-22,2.812,0.2,4.7,978.258,976.3,979.5,23.583,33.0,24
Maitri,1997-01-23,3.387,-1.0,5.4,974.846,968.7,981.4,23.625,45.0,24
Maitri,1997-01-24,2.7,-0.1,4.2,970.392,968.7,977.6,29.917,50.0,24
Maitri,1997-01-25,0.938,-2.3,2.4,974.442,972.0,982.8,23.125,39.0,24
Maitri,1997-01-26,0.171,-2.7,1.7,981.775,974.9,987.0,23.667,43.0,24
Maitri,1997-01-27,1.396,-2.0,4.2,976.667,974.4,981.9,35.542,56.0,24
Maitri,1997-01-28,-0.758,-2.2,0.9,975.908,974.9,978.1,22.792,56.0,24
Maitri,1997-01-29,0.158,-2.2,2.0,979.296,976.2,981.2,25.833,35.0,24
Maitri,1997-01-30,-1.671,-5.8,0.1,979.5,977.2,980.7,29.292,48.0,24
Maitri,1997-01-31,-2.133,-7.7,0.0,977.475,976.2,980.9,21.667,43.0,24
Maitri,1997-02-01,-0.821,-3.4,1.3,984.921,981.2,986.6,28.667,52.0,24
Maitri,1997-02-02,3.75,-1.8,8.0,974.6,966.7,984.5,48.333,63.0,24
Maitri,1997-02-03,2.992,2.0,4.0,968.15,966.4,971.6,53.208,69.0,24
Maitri,1997-02-04,2.021,1.3,3.0,975.262,973.6,976.5,47.042,56.0,24
Maitri,1997-02-05,1.342,0.3,2.5,975.558,974.9,976.9,38.333,56.0,24
Maitri,1997-02-06,1.133,-1.8,3.4,973.104,972.0,974.9,30.375,45.0,24
Maitri,1997-02-07,-0.654,-4.0,1.0,972.342,970.0,974.0,26.667,52.0,24
Maitri,1997-02-08,-1.421,-3.6,-0.2,967.542,966.0,970.0,21.25,43.0,24
Maitri,1997-02-09,-0.908,-3.5,3.0,970.988,967.3,972.8,34.583,52.0,24
Maitri,1997-02-10,-1.617,-5.0,1.4,976.45,973.0,979.0,26.75,56.0,24
Maitri,1997-02-11,-2.863,-6.0,0.0,980.121,977.2,981.4,7.458,22.0,24
Maitri,1997-02-12,-2.796,-5.6,-0.6,967.262,957.0,976.6,38.125,79.0,24
Maitri,1997-02-13,-1.042,-2.3,1.9,963.567,957.0,969.5,38.042,67.0,24
Maitri,1997-02-14,-2.804,-6.1,-1.3,972.942,969.6,974.9,29.875,56.0,24
Maitri,1997-02-15,-4.092,-7.8,-0.5,974.621,973.0,976.0,38.458,52.0,24
Maitri,1997-02-16,-3.942,-7.3,-0.8,973.233,972.6,973.8,26.667,45.0,24
Maitri,1997-02-17,-1.338,-4.0,2.0,975.008,974.0,976.4,37.75,61.0,24
Maitri,1997-02-18,-4.096,-8.0,-1.4,974.521,972.7,975.6,23.875,52.0,24
Maitri,1997-02-19,-6.158,-8.1,-4.0,969.508,967.0,972.5,15.833,37.0,24
Maitri,1997-02-20,-5.546,-9.2,-2.0,965.979,964.7,967.0,19.292,41.0,24
Maitri,1997-02-21,-4.842,-8.6,-2.0,970.821,967.3,973.0,28.333,56.0,24
Maitri,1997-02-22,-3.688,-8.0,-1.4,971.938,968.5,973.9,16.833,31.0,24
Maitri,1997-02-23,-5.708,-8.4,-2.5,965.867,964.2,968.2,30.167,46.0,24
Maitri,1997-02-24,-7.538,-10.6,-4.8,969.829,964.3,977.0,22.25,41.0,24
Maitri,1997-02-25,-7.879,-12.0,-5.0,985.5,978.0,988.2,11.708,30.0,24
Maitri,1997-02-26,-4.854,-6.9,-1.2,982.038,977.5,986.1,36.292,56.0,24
Maitri,1997-02-27,-3.696,-5.6,-2.5,974.838,972.2,977.5,52.292,63.0,24
Maitri,1997-02-28,-2.454,-3.6,3.0,968.696,966.0,971.6,44.208,50.0,24
Maitri,1997-03-01,-3.208,-5.8,-0.7,964.871,964.0,966.1,24.583,37.0,24
Maitri,1997-03-02,-5.204,-9.4,-2.0,965.512,965.0,966.0,17.083,35.0,24
Maitri,1997-03-03,-7.058,-10.6,-3.5,970.571,966.1,975.6,21.042,43.0,24
Maitri,1997-03-04,-6.833,-8.6,-4.8,976.613,972.5,978.4,31.292,50.0,24
Maitri,1997-03-05,-6.738,-8.7,-4.2,964.296,960.3,972.0,44.083,63.0,24
Maitri,1997-03-06,-4.762,-7.5,-2.5,959.229,958.3,960.3,61.792,83.0,24
Maitri,1997-03-07,-2.454,-3.5,-1.2,958.904,958.4,959.7,31.792,45.0,24
Maitri,1997-03-08,-4.104,-6.0,-2.0,963.792,959.7,968.0,20.792,37.0,24
Maitri,1997-03-09,-4.096,-6.0,-2.0,968.654,967.7,969.6,18.375,45.0,24
Maitri,1997-03-10,-4.862,-6.2,-3.2,966.271,964.8,967.6,21.25,37.0,24
Maitri,1997-03-11,-6.508,-7.4,-4.6,960.842,959.0,962.5,37.375,48.0,24
Maitri,1997-03-12,-4.1,-5.3,-3.1,955.692,954.0,958.4,23.458,48.0,24
Maitri,1997-03-13,-5.225,-6.0,-4.0,952.137,950.5,954.1,26.833,45.0,24
Maitri,1997-03-14,-4.638,-6.0,-2.9,957.133,953.3,959.8,19.208,41.0,24
Maitri,1997-03-15,-5.142,-10.0,-3.0,961.408,959.7,963.0,17.083,31.0,24
Maitri,1997-03-16,-9.504,-12.0,-7.0,962.613,961.9,963.4,13.458,43.0,24
Maitri,1997-03-17,-11.633,-14.7,-10.0,965.983,962.4,968.6,21.833,39.0,24
Maitri,1997-03-18,-10.167,-13.5,-7.2,968.088,964.7,970.0,26.375,41.0,24
Maitri,1997-03-19,-7.558,-10.6,-5.6,962.546,961.3,964.0,32.417,50.0,24
Maitri,1997-03-20,-7.592,-9.5,-4.6,962.85,960.5,965.0,63.792,74.0,24
Maitri,1997-03-21,-7.371,-9.4,-6.0,964.542,963.6,965.6,57.208,70.0,24
Maitri,1997-03-22,-4.029,-7.4,-1.3,966.712,965.3,968.7,26.583,37.0,24
Maitri,1997-03-23,-5.292,-10.0,-2.0,970.075,968.7,970.5,9.5,26.0,24
Maitri,1997-03-24,-9.696,-16.7,-6.5,969.092,967.3,970.0,26.125,99.0,24
Maitri,1997-03-25,-8.829,-11.0,-6.4,966.0,965.2,967.0,45.333,52.0,24
Maitri,1997-03-26,-8.071,-11.2,-5.8,967.871,966.5,969.0,45.208,54.0,24
Maitri,1997-03-27,-11.858,-13.2,-9.0,969.646,969.0,970.0,14.417,41.0,24
Maitri,1997-03-28,-13.267,-14.3,-12.0,966.946,965.6,968.7,30.667,46.0,24
Maitri,1997-03-29,-13.182,-14.9,-11.0,967.445,965.7,968.3,38.273,48.0,22
Maitri,1997-03-30,-12.6,-15.7,-10.4,968.363,967.8,969.0,34.167,43.0,24
Maitri,1997-03-31,-10.471,-11.6,-8.8,968.433,966.9,969.6,37.375,48.0,24
Maitri,1997-04-01,-9.604,-13.0,-8.0,964.117,962.1,967.5,55.542,63.0,24
Maitri,1997-04-02,-9.067,-11.2,-7.4,970.238,967.7,973.1,49.125,56.0,24
Maitri,1997-04-03,-7.663,-9.3,-6.3,977.162,973.2,983.0,42.083,52.0,24
Maitri,1997-04-04,-6.217,-8.0,-4.2,983.529,979.3,985.1,36.917,48.0,24
Maitri,1997-04-05,-5.238,-7.4,-3.3,972.838,968.7,978.7,49.417,59.0,24
Maitri,1997-04-06,-8.196,-9.8,-7.4,965.467,964.0,968.5,49.583,56.0,24
Maitri,1997-04-07,-6.175,-8.0,-5.0,962.683,959.4,965.0,37.917,48.0,24
Maitri,1997-04-08,-9.6,-14.0,-6.5,957.908,955.5,960.7,15.917,37.0,24
Maitri,1997-04-09,-15.325,-17.7,-12.6,959.938,956.2,961.5,18.125,54.0,24
Maitri,1997-04-10,-11.183,-12.5,-10.0,961.096,959.1,962.5,46.125,52.0,24
Maitri,1997-04-11,-8.404,-10.0,-7.4,964.575,962.3,966.8,43.917,59.0,24
Maitri,1997-04-12,-7.471,-9.2,-5.0,962.45,961.0,965.5,57.792,70.0,24
Maitri,1997-04-13,-10.446,-12.0,-9.0,962.55,960.2,965.7,50.667,61.0,24
Maitri,1997-04-14,-11.45,-13.7,-10.0,969.412,965.5,973.3,52.167,67.0,24
Maitri,1997-04-15,-15.771,-18.5,-14.0,975.65,974.5,976.6,11.583,67.0,24
Maitri,1997-04-16,-11.304,-13.8,-9.0,976.508,975.1,977.6,58.583,67.0,24
Maitri,1997-04-17,-11.617,-14.8,-7.0,975.483,972.5,976.6,54.292,59.0,24
Maitri,1997-04-18,-7.2,-8.0,-6.0,971.921,969.0,974.0,64.583,78.0,24
Maitri,1997-04-19,-4.208,-5.9,-1.5,970.792,968.0,972.0,61.708,74.0,24
Maitri,1997-04-20,-3.796,-5.3,-2.0,971.588,965.0,977.8,55.417,63.0,24
Maitri,1997-04-21,-3.725,-4.0,-3.4,971.608,963.8,978.0,29.292,48.0,24
Maitri,1997-04-22,-5.208,-6.8,-3.8,959.454,958.5,961.7,28.25,37.0,24
Maitri,1997-04-23,-5.375,-7.0,-3.0,964.075,961.0,966.5,41.042,63.0,24
Maitri,1997-04-24,-3.542,-4.8,-2.5,968.042,965.2,969.5,35.167,50.0,24
Maitri,1997-04-25,-7.775,-11.4,-4.7,961.196,958.1,967.0,26.042,56.0,24
Maitri,1997-04-26,-5.567,-9.0,-4.0,965.979,960.3,968.9,44.542,52.0,24
Maitri,1997-04-27,-6.271,-10.0,-4.0,958.0,954.0,968.0,47.542,54.0,24
Maitri,1997-04-28,-6.921,-11.6,-4.6,964.062,954.6,974.7,32.75,65.0,24
Maitri,1997-04-29,-7.396,-9.0,-5.4,974.2,967.0,977.6,64.167,70.0,24
Maitri,1997-04-30,-12.421,-14.2,-9.5,961.375,959.2,965.7,58.417,78.0,24
Maitri,1997-05-01,-9.475,-12.0,-8.0,966.892,962.7,972.5,38.542,52.0,24
Maitri,1997-05-02,-10.925,-14.0,-9.0,977.175,972.5,980.9,17.75,35.0,24
Maitri,1997-05-03,-13.0,-13.6,-12.5,979.25,973.0,981.3,40.708,65.0,24
Maitri,1997-05-04,-10.354,-12.5,-8.8,965.229,960.8,972.0,68.042,80.0,24
Maitri,1997-05-05,-11.483,-16.3,-9.0,963.062,960.0,967.7,40.583,63.0,24
Maitri,1997-05-06,-16.812,-20.0,-14.0,972.075,968.3,976.2,13.375,28.0,24
Maitri,1997-05-07,-14.112,-19.6,-10.0,968.833,957.0,976.7,46.583,83.0,24
Maitri,1997-05-08,-11.525,-16.2,-9.5,954.475,953.0,956.5,54.917,83.0,24
Maitri,1997-05-09,-18.142,-21.8,-14.6,961.379,956.3,968.0,9.208,35.0,24
Maitri,1997-05-10,-19.213,-24.9,-15.5,970.738,968.5,972.5,6.583,31.0,24
Maitri,1997-05-11,-19.225,-22.0,-16.6,974.008,972.6,975.0,10.208,30.0,24
Maitri,1997-05-12,-16.617,-18.5,-14.5,969.975,968.0,972.8,21.542,31.0,24
Maitri,1997-05-13,-15.258,-17.0,-14.0,975.688,973.5,978.0,38.958,81.0,24
Maitri,1997-05-14,-15.708,-17.0,-12.2,970.025,968.8,973.2,73.208,93.0,24
Maitri,1997-05-15,-12.446,-15.0,-9.5,970.292,969.0,972.0,46.5,61.0,24
Maitri,1997-05-16,-9.133,-11.7,-5.5,967.438,964.5,969.0,63.667,78.0,24
Maitri,1997-05-17,-6.342,-9.0,-4.1,959.767,957.5,964.0,69.333,78.0,24
Maitri,1997-05-18,-7.958,-9.5,-6.5,956.3,953.2,959.8,69.792,78.0,24
Maitri,1997-05-19,-9.221,-16.0,-7.6,960.233,957.0,963.0,60.875,83.0,24
Maitri,1997-05-20,-9.55,-11.0,-7.5,960.679,955.3,964.0,52.875,74.0,24
Maitri,1997-05-21,-9.567,-12.0,-7.6,956.471,952.0,966.0,39.25,56.0,24
Maitri,1997-05-22,-10.733,-12.0,-10.0,968.512,966.2,970.3,52.042,61.0,24
Maitri,1997-05-23,-14.513,-17.0,-11.8,967.992,967.0,968.9,35.0,54.0,24
Maitri,1997-05-24,-19.55,-23.7,-13.8,968.179,965.7,971.3,9.833,35.0,24
Maitri,1997-05-25,-11.788,-13.7,-9.9,970.538,967.0,973.0,54.917,65.0,24
Maitri,1997-05-26,-9.321,-11.0,-7.6,969.142,966.8,971.0,69.5,81.0,24
Maitri,1997-05-27,-7.092,-10.0,-5.5,964.517,960.0,967.5,55.833,70.0,24
Maitri,1997-05-28,-14.517,-17.0,-10.7,953.829,951.0,959.4,8.75,28.0,24
Maitri,1997-05-29,-20.212,-23.0,-16.0,954.542,951.8,956.3,4.5,26.0,24
Maitri,1997-05-30,-16.625,-19.0,-15.5,952.004,950.8,954.3,33.25,41.0,24
Maitri,1997-05-31,-15.45,-16.2,-14.6,951.592,950.0,955.0,42.208,50.0,24
Maitri,1997-06-01,-14.008,-15.8,-12.5,961.567,955.3,969.2,46.375,54.0,24
Maitri,1997-06-02,-12.404,-14.4,-11.0,972.729,969.5,974.9,44.75,61.0,24
Maitri,1997-06-03,-15.104,-18.0,-13.0,977.062,975.0,978.0,35.25,52.0,24
Maitri,1997-06-04,-14.575,-17.0,-12.0,976.425,975.0,978.3,42.042,52.0,24
Maitri,1997-06-05,-9.892,-13.0,-8.0,973.746,971.7,977.7,60.708,78.0,24
Maitri,1997-06-06,-6.283,-9.5,-5.0,971.604,969.0,972.8,39.875,57.0,24
Maitri,1997-06-07,-10.608,-12.0,-10.0,965.458,963.7,969.0,22.958,37.0,24
Maitri,1997-06-08,-13.179,-14.9,-11.0,969.192,964.0,973.6,25.208,37.0,24
Maitri,1997-06-09,-15.404,-17.0,-14.0,972.1,969.7,974.0,12.042,33.0,24
Maitri,1997-06-10,-19.463,-23.0,-15.0,970.583,968.5,974.0,4.583,22.0,24
Maitri,1997-06-11,-21.092,-26.0,-15.1,974.738,968.7,977.1,23.167,50.0,24
Maitri,1997-06-12,-12.708,-14.5,-11.3,954.758,947.6,967.7,69.625,120.0,24
Maitri,1997-06-13,-12.138,-13.3,-11.5,965.671,955.0,972.2,39.958,63.0,24
Maitri,1997-06-14,-12.612,-14.0,-10.8,967.529,963.5,970.0,63.458,81.0,24
Maitri,1997-06-15,-9.258,-11.7,-8.0,959.225,956.9,962.5,46.583,69.0,24
Maitri,1997-06-16,-13.792,-18.0,-11.0,966.817,952.5,972.3,49.0,170.0,24
Maitri,1997-06-17,-8.554,-11.0,-3.6,957.312,943.6,972.7,55.375,98.0,24
Maitri,1997-06-18,-3.058,-4.8,-1.2,959.688,952.7,967.6,56.875,160.0,24
Maitri,1997-06-19,-4.138,-7.3,-1.5,987.958,966.0,996.6,56.167,111.0,24
Maitri,1997-06-20,-8.188,-14.0,-4.0,994.7,993.5,996.1,22.5,67.0,24
Maitri,1997-06-21,-6.258,-8.8,-3.0,995.562,990.8,998.7,40.75,61.0,24
Maitri,1997-06-22,-7.046,-9.6,-2.7,993.367,990.5,996.6,31.167,52.0,24
Maitri,1997-06-23,-10.6,-14.1,-6.0,994.262,992.5,996.3,9.125,41.0,24
Maitri,1997-06-24,-10.246,-16.5,-5.0,985.387,982.9,988.8,21.458,45.0,24
Maitri,1997-06-25,-12.746,-16.8,-10.0,987.046,985.0,988.0,20.958,43.0,24
Maitri,1997-06-26,-16.558,-19.1,-15.0,981.817,980.4,984.5,31.917,56.0,24
Maitri,1997-06-27,-13.942,-16.0,-12.5,983.708,982.0,986.0,39.292,54.0,24
Maitri,1997-06-28,-15.267,-17.0,-14.3,983.538,981.7,986.0,17.208,35.0,24
Maitri,1997-06-29,-21.196,-23.9,-17.1,984.588,984.0,985.1,9.917,31.0,24
Maitri,1997-06-30,-17.158,-19.7,-15.8,981.046,978.4,984.0,22.125,46.0,24
Maitri,1997-07-01,-12.508,-15.4,-11.2,978.438,977.1,981.0,31.125,46.0,24
Maitri,1997-07-03,-15.842,-22.0,-12.5,976.617,975.2,979.5,17.0,39.0,24
Maitri,1997-07-04,-20.492,-24.0,-18.0,980.396,976.0,983.7,7.708,24.0,24
Maitri,1997-07-05,-17.2,-21.5,-14.2,977.454,972.5,983.0,29.708,59.0,24
Maitri,1997-07-06,-15.533,-22.1,-12.0,973.229,971.4,975.0,23.75,59.0,24
Maitri,1997-07-07,-19.283,-22.0,-17.0,966.508,962.2,973.8,16.458,33.0,24
Maitri,1997-07-08,-24.167,-27.5,-20.8,965.129,962.4,966.5,5.292,20.0,24
Maitri,1997-07-09,-24.062,-29.8,-21.2,964.25,963.5,965.8,19.917,50.0,24
Maitri,1997-07-10,-19.804,-21.5,-18.5,963.121,961.7,964.6,51.333,56.0,24
Maitri,1997-07-11,-15.275,-18.0,-13.6,960.308,958.5,961.5,41.167,56.0,24
Maitri,1997-07-12,-16.558,-21.0,-13.6,955.25,953.7,958.5,41.625,65.0,24
Maitri,1997-07-13,-22.196,-25.0,-19.7,956.258,954.3,957.9,29.958,63.0,24
Maitri,1997-07-14,-20.762,-26.5,-19.5,966.4,958.4,975.0,19.75,45.0,24
Maitri,1997-07-15,-25.35,-29.1,-20.7,980.767,976.0,983.1,9.875,22.0,24
Maitri,1997-07-16,-27.417,-29.9,-25.6,976.488,970.6,982.2,3.125,22.0,24
Maitri,1997-07-17,-21.767,-29.0,-17.0,970.804,969.7,972.7,35.0,61.0,24
Maitri,1997-07-18,-17.504,-20.0,-16.4,971.712,971.0,972.3,46.292,63.0,24
Maitri,1997-07-19,-17.3,-18.5,-16.0,971.812,969.3,973.1,42.542,52.0,24
Maitri,1997-07-20,-19.304,-25.1,-16.5,966.592,965.0,969.0,30.0,54.0,24
Maitri,1997-07-21,-21.846,-23.3,-20.5,965.021,964.0,966.0,35.917,46.0,24
Maitri,1997-07-22,-21.467,-22.7,-20.0,968.983,964.6,973.0,46.458,52.0,24
Maitri,1997-07-24,-21.983,-26.7,-19.5,985.275,983.8,988.0,15.833,46.0,24
Maitri,1997-07-25,-16.321,-19.6,-13.7,985.775,982.7,988.5,42.625,56.0,24
Maitri,1997-07-26,-10.438,-13.7,-7.4,977.038,970.5,982.6,43.458,54.0,24
Maitri,1997-07-27,-8.5,-12.8,-5.5,963.908,961.3,970.0,27.292,59.0,24
Maitri,1997-07-28,-11.642,-12.7,-10.2,962.679,960.8,964.2,26.208,45.0,24
Maitri,1997-07-29,-13.196,-14.0,-11.9,956.525,950.5,962.5,53.875,70.0,24
Maitri,1997-07-30,-10.446,-11.5,-10.0,951.604,950.0,956.3,24.083,54.0,24
Maitri,1997-07-31,-14.921,-19.2,-11.0,965.217,957.0,970.6,15.75,37.0,24
Maitri,1997-08-01,-20.367,-25.0,-15.2,968.717,966.3,970.8,17.75,50.0,24
Maitri,1997-08-02,-17.55,-24.0,-14.0,960.683,957.0,967.0,35.708,65.0,24
Maitri,1997-08-03,-20.325,-24.0,-18.0,958.192,956.7,959.4,23.25,37.0,24
Maitri,1997-08-04,-19.55,-21.0,-18.0,961.762,956.4,965.7,37.417,59.0,24
Maitri,1997-08-05,-14.958,-18.7,-11.0,960.025,955.5,966.4,75.958,93.0,24
Maitri,1997-08-06,-12.821,-14.7,-11.0,958.517,953.0,967.3,51.458,78.0,24
Maitri,1997-08-07,-16.238,-23.2,-13.4,969.1,964.5,971.0,27.208,54.0,24
Maitri,1997-08-08,-21.129,-25.7,-18.0,962.288,961.2,964.0,21.542,61.0,24
Maitri,1997-08-09,-11.712,-17.1,-6.2,964.821,963.5,966.7,65.792,74.0,24
Maitri,1997-08-10,-7.967,-10.4,-5.8,967.662,966.0,968.8,65.75,81.0,24
Maitri,1997-08-11,-14.958,-18.1,-10.5,972.754,969.0,979.0,48.875,65.0,24
Maitri,1997-08-12,-16.329,-19.0,-10.3,978.488,976.6,980.3,46.083,67.0,24
Maitri,1997-08-13,-10.092,-16.2,-9.0,983.379,978.3,986.7,48.042,61.0,24
Maitri,1997-08-14,-13.067,-19.0,-10.0,981.875,977.3,985.6,31.833,56.0,24
Maitri,1997-08-15,-17.179,-21.5,-14.3,971.812,968.4,976.7,11.083,33.0,24
Maitri,1997-08-16,-16.504,-20.1,-14.8,972.158,968.2,977.3,22.5,52.0,24
Maitri,1997-08-17,-13.821,-16.0,-12.6,977.167,975.5,978.0,39.042,52.0,24
Maitri,1997-08-18,-12.343,-13.7,-10.0,969.039,963.7,975.4,66.652,87.0,23
Maitri,1997-08-21,-12.588,-15.3,-10.0,966.808,961.8,972.7,33.375,52.0,24
Maitri,1997-08-22,-14.996,-17.6,-13.2,975.892,973.3,977.0,32.417,46.0,24
Maitri,1997-08-24,-17.004,-19.5,-15.7,976.233,971.2,979.6,28.708,45.0,24
Maitri,1997-08-25,-18.208,-21.2,-16.0,975.262,971.8,979.0,20.167,33.0,24
Maitri,1997-08-26,-19.3,-24.0,-15.0,967.95,955.0,972.3,23.417,74.0,24
Maitri,1997-08-27,-20.417,-27.1,-15.5,950.217,948.9,953.8,27.292,70.0,24
Maitri,1997-08-29,-19.679,-23.0,-17.0,957.35,954.0,959.5,18.042,41.0,24
Maitri,1997-08-30,-20.921,-23.0,-19.7,962.392,959.8,966.0,23.792,43.0,24
Maitri,1997-08-31,-23.029,-26.9,-18.8,969.012,966.0,970.3,19.583,39.0,24
Maitri,1997-09-01,-25.429,-29.7,-23.0,966.929,965.5,969.0,20.75,31.0,24
Maitri,1997-09-02,-24.267,-28.0,-20.2,970.308,969.0,971.5,15.417,35.0,24
Maitri,1997-09-03,-20.621,-27.7,-16.0,969.171,968.5,969.9,23.208,37.0,24
Maitri,1997-09-04,-14.542,-16.0,-13.0,967.137,965.7,969.0,57.083,85.0,24
Maitri,1997-09-05,-14.971,-16.1,-13.7,974.625,969.0,977.9,61.083,74.0,24
Maitri,1997-09-06,-11.204,-13.7,-9.2,977.712,977.0,978.6,32.833,65.0,24
Maitri,1997-09-07,-15.679,-19.7,-11.6,978.879,977.8,980.0,12.5,33.0,24
Maitri,1997-09-08,-21.983,-24.0,-17.0,978.25,976.1,979.5,1.583,20.0,24
Maitri,1997-09-09,-17.817,-23.0,-15.0,973.121,971.5,976.0,13.0,41.0,24
Maitri,1997-09-10,-18.183,-22.0,-15.7,974.512,972.4,978.0,24.292,39.0,24
Maitri,1997-09-11,-23.367,-25.2,-20.2,979.358,976.7,981.1,10.083,33.0,24
Maitri,1997-09-12,-20.412,-25.0,-18.5,968.158,962.0,976.6,40.208,57.0,24
Maitri,1997-09-13,-17.092,-20.4,-15.0,955.558,953.0,960.5,47.5,63.0,24
Maitri,1997-09-14,-22.667,-27.5,-19.0,969.762,958.0,980.4,10.708,31.0,24
Maitri,1997-09-16,-12.317,-15.0,-11.4,974.242,969.3,983.6,65.417,85.0,24
Maitri,1997-09-17,-14.138,-18.7,-11.3,974.592,970.0,977.7,26.583,70.0,24
Maitri,1997-09-18,-18.292,-22.4,-15.4,972.529,971.8,975.0,8.083,26.0,24
Maitri,1997-09-19,-18.446,-22.7,-16.2,972.238,958.4,977.7,42.5,85.0,24
Maitri,1997-09-20,-16.133,-17.0,-15.3,970.033,956.9,984.5,48.542,93.0,24
Maitri,1997-09-21,-14.696,-15.8,-13.2,985.0,981.8,987.3,31.708,45.0,24
Maitri,1997-09-22,-16.713,-21.0,-13.0,981.775,980.4,984.0,3.125,20.0,24
Maitri,1997-09-23,-18.958,-24.0,-14.0,981.771,976.0,984.0,5.417,28.0,24
Maitri,1997-09-24,-20.0,-25.0,-15.3,972.175,970.0,976.0,14.708,43.0,24
Maitri,1997-09-25,-18.167,-19.6,-15.6,970.975,968.2,972.7,65.875,87.0,24
Maitri,1997-09-26,-12.117,-15.3,-9.0,970.646,967.0,973.7,73.042,93.0,24
Maitri,1997-09-27,-11.092,-15.0,-8.0,964.321,962.7,968.3,55.958,83.0,24
Maitri,1997-09-28,-13.804,-15.1,-12.0,972.467,967.0,974.2,61.542,70.0,24
Maitri,1997-09-29,-10.358,-12.0,-8.2,967.104,964.8,971.7,51.333,67.0,24
Maitri,1997-09-30,-10.054,-11.0,-8.3,966.125,964.5,969.5,58.542,70.0,24
Maitri,1997-10-01,-7.908,-10.7,-5.0,966.558,960.1,969.7,48.333,67.0,24
Maitri,1997-10-02,-8.608,-11.7,-5.8,961.146,956.3,964.9,59.083,81.0,24
Maitri,1997-10-03,-12.7,-13.5,-12.0,967.642,964.7,971.4,53.708,63.0,24
Maitri,1997-10-04,-14.829,-20.6,-11.7,972.887,971.6,973.6,24.583,56.0,24
Maitri,1997-10-05,-18.408,-22.3,-15.7,970.883,970.0,971.7,6.958,31.0,24
Maitri,1997-10-06,-16.238,-23.0,-13.8,973.571,971.6,976.8,31.083,45.0,24
Maitri,1997-10-07,-14.454,-19.1,-11.0,975.608,971.6,977.7,14.25,41.0,24
Maitri,1997-10-08,-19.604,-21.0,-17.1,970.967,969.1,974.0,9.25,20.0,24
Maitri,1997-10-09,-13.508,-20.0,-9.0,975.546,974.0,977.0,19.917,57.0,24
Maitri,1997-10-10,-7.858,-9.0,-6.3,976.958,975.5,978.0,57.708,65.0,24
Maitri,1997-10-11,-10.075,-11.3,-9.3,975.512,972.6,978.1,60.833,67.0,24
Maitri,1997-10-12,-10.0,-13.0,-7.4,971.754,971.0,972.5,42.417,67.0,24
Maitri,1997-10-13,-10.712,-13.4,-8.5,974.071,972.5,976.7,24.042,43.0,24
Maitri,1997-10-14,-13.842,-17.3,-10.0,980.442,976.8,982.5,4.833,31.0,24
Maitri,1997-10-15,-14.329,-17.5,-11.5,978.717,976.8,982.4,22.625,39.0,24
Maitri,1997-10-16,-17.408,-20.6,-15.0,977.029,976.3,978.9,3.708,19.0,24
Maitri,1997-10-17,-14.867,-16.7,-13.8,978.121,977.3,979.1,41.167,59.0,24
Maitri,1997-10-18,-15.662,-19.0,-12.0,979.942,978.4,981.1,9.25,30.0,24
Maitri,1997-10-19,-17.517,-24.2,-14.0,975.208,970.5,979.7,11.375,90.0,24
Maitri,1997-10-20,-20.7,-25.2,-17.0,965.929,963.0,970.0,4.167,33.0,24
Maitri,1997-10-21,-15.954,-21.7,-13.3,966.317,963.2,968.7,25.625,46.0,24
Maitri,1997-10-22,-12.562,-14.0,-11.4,968.571,968.0,969.0,51.667,67.0,24
Maitri,1997-10-23,-11.721,-14.4,-9.4,964.521,961.1,968.0,19.875,28.0,24
Maitri,1997-10-24,-13.479,-17.1,-10.1,961.204,960.2,962.5,19.208,37.0,24
Maitri,1997-10-25,-12.096,-17.0,-8.4,965.6,963.0,967.2,19.25,45.0,24
Maitri,1997-10-26,-10.142,-13.0,-6.8,967.312,966.3,968.0,26.125,46.0,24
Maitri,1997-10-27,-11.3,-13.0,-9.8,966.383,966.0,967.0,41.875,61.0,24
Maitri,1997-10-28,-11.546,-14.0,-9.5,965.633,963.3,966.5,56.583,69.0,24
Maitri,1997-10-29,-11.992,-14.7,-8.5,959.646,956.2,963.0,30.792,50.0,24
Maitri,1997-10-30,-11.783,-16.2,-8.6,956.562,955.1,958.0,26.5,46.0,24
Maitri,1997-10-31,-13.771,-19.1,-11.0,963.733,958.0,968.4,12.167,43.0,24
Maitri,1997-11-01,-16.054,-21.5,-12.3,972.221,969.0,975.4,0.375,9.0,24
Maitri,1997-11-02,-11.375,-16.0,-8.6,977.996,975.9,980.5,1.125,9.0,24
Maitri,1997-11-03,-9.254,-14.0,-6.0,980.567,978.8,982.3,3.417,19.0,24
Maitri,1997-11-04,-2.358,-7.5,-0.7,981.192,978.5,984.4,20.792,54.0,24
Maitri,1997-11-05,-4.679,-6.5,-2.1,986.583,984.6,988.1,54.958,74.0,24
Maitri,1997-11-06,-5.683,-6.6,-4.4,987.55,985.0,989.0,29.417,41.0,24
Maitri,1997-11-07,-5.325,-9.4,-2.0,982.212,980.5,984.7,35.125,56.0,24
Maitri,1997-11-08,-9.233,-11.6,-8.0,987.558,984.1,989.4,43.583,59.0,24
Maitri,1997-11-09,-9.625,-13.5,-5.4,988.158,986.4,989.6,30.292,50.0,24
Maitri,1997-11-10,-9.15,-11.3,-6.7,987.596,985.3,989.7,42.375,65.0,24
Maitri,1997-11-11,-9.304,-10.7,-8.5,986.167,984.0,989.0,67.625,74.0,24
Maitri,1997-11-12,-7.1,-9.0,-5.2,982.675,977.6,986.5,64.083,74.0,24
Maitri,1997-11-13,-5.554,-6.2,-4.8,972.825,968.0,977.0,80.0,96.0,24
Maitri,1997-11-14,-4.938,-5.6,-4.3,977.162,973.7,981.0,74.667,89.0,24
Maitri,1997-11-15,-3.383,-5.0,-2.0,975.562,967.1,980.8,59.333,80.0,24
Maitri,1997-11-16,-0.279,-3.3,2.5,970.863,967.0,976.0,42.292,74.0,24
Maitri,1997-11-17,-2.6,-4.0,-1.0,981.621,976.0,987.0,37.042,52.0,24
Maitri,1997-11-18,-1.492,-3.6,1.0,989.875,987.5,991.1,45.75,67.0,24
Maitri,1997-11-19,-0.442,-2.2,1.3,987.5,985.0,989.7,41.75,69.0,24
Maitri,1997-11-20,-1.208,-4.2,0.5,989.267,985.5,991.8,29.458,46.0,24
Maitri,1997-11-21,-1.771,-7.5,1.2,991.458,991.0,993.0,13.375,45.0,24
Maitri,1997-11-22,-0.904,-4.0,1.0,992.775,990.6,994.6,37.333,52.0,24
Maitri,1997-11-23,-2.367,-5.0,0.2,987.962,986.2,990.4,43.708,50.0,24
Maitri,1997-11-24,-4.908,-5.7,-3.7,988.488,986.8,989.5,36.083,47.0,24
Maitri,1997-11-25,-4.283,-6.0,-3.0,985.946,985.0,987.4,53.708,67.0,24
Maitri,1997-11-26,-4.042,-4.5,-3.7,981.35,974.0,987.2,61.292,67.0,24
Maitri,1997-11-27,-3.408,-4.9,-1.4,974.192,972.0,975.0,15.292,50.0,24
Maitri,1997-11-28,-3.125,-7.6,1.5,973.35,972.0,973.8,6.708,33.0,24
Maitri,1997-11-29,-2.496,-7.0,2.1,974.946,971.5,977.7,31.75,48.0,24
Maitri,1997-11-30,1.204,-5.0,5.2,970.175,968.5,971.7,39.667,59.0,24
Maitri,1997-12-28,0.55,-0.7,2.0,978.13,977.8,978.4,35.7,45.0,10
Maitri,1997-12-29,0.25,-2.2,2.2,976.075,974.5,977.7,24.542,33.0,24
Maitri,1997-12-30,1.463,-0.5,2.6,974.088,974.0,974.3,31.917,45.0,24
Maitri,1997-12-31,1.933,0.0,4.6,971.642,969.8,974.0,24.125,37.0,24
Maitri,1998-01-01,3.333,0.6,5.0,971.05,970.0,972.0,31.125,48.0,24
Maitri,1998-01-02,5.062,3.5,6.0,971.004,969.2,972.6,36.75,48.0,24
Maitri,1998-01-03,5.438,3.0,8.0,967.812,966.8,969.5,21.708,46.0,24
Maitri,1998-01-04,4.583,0.8,6.8,967.854,966.3,968.8,21.167,46.0,24
Maitri,1998-01-05,0.538,-1.5,1.5,970.825,967.1,973.5,25.583,32.0,24
Maitri,1998-01-06,2.042,0.0,4.0,974.154,973.5,975.0,15.5,28.0,24
Maitri,1998-01-07,1.796,-0.5,3.5,978.358,975.0,983.0,15.792,37.0,24
Maitri,1998-01-08,2.342,-0.8,4.8,984.225,982.5,985.1,25.333,41.0,24
Maitri,1998-01-09,1.688,-0.5,3.4,978.667,972.0,983.9,23.375,43.0,24
Maitri,1998-01-10,1.104,-1.2,3.0,968.188,960.6,971.5,29.542,41.0,24
Maitri,1998-01-11,0.4,-2.0,3.0,966.225,959.8,974.0,30.25,46.0,24
Maitri,1998-01-12,0.625,-1.5,3.0,971.967,961.7,975.5,34.125,46.0,24
Maitri,1998-01-13,2.267,-0.5,5.5,968.654,962.4,974.9,28.167,48.0,24
Maitri,1998-01-14,1.942,-1.0,3.0,969.908,968.7,971.3,36.667,48.0,24
Maitri,1998-01-15,1.192,-1.2,2.5,970.879,968.7,972.5,37.875,46.0,24
Maitri,1998-01-16,1.183,-1.8,3.5,972.854,970.9,974.0,27.375,41.0,24
Maitri,1998-01-17,0.783,-2.0,3.0,973.467,972.8,973.9,26.667,46.0,24
Maitri,1998-01-18,-0.137,-1.5,1.3,972.642,966.2,975.2,28.75,37.0,24
Maitri,1998-01-19,-0.1,-2.5,1.8,973.617,969.2,975.0,30.25,37.0,24
Maitri,1998-01-20,-0.583,-4.0,1.5,973.329,971.9,976.2,19.792,37.0,24
Maitri,1998-01-21,-1.458,-4.2,0.5,971.262,969.8,974.5,17.583,26.0,24
Maitri,1998-01-22,-0.65,-3.3,1.0,979.812,967.0,989.6,25.875,44.0,24
Maitri,1998-01-23,0.129,-1.9,2.9,974.05,964.8,985.7,29.458,52.0,24
Maitri,1998-01-24,-0.188,-1.6,0.5,959.738,957.0,963.8,62.75,74.0,24
Maitri,1998-01-25,1.579,-0.2,3.0,959.746,957.0,965.6,60.583,74.0,24
Maitri,1998-01-26,1.988,1.0,3.8,968.842,965.8,980.9,38.583,56.0,24
Maitri,1998-01-27,1.771,0.5,3.0,967.633,967.0,968.0,22.708,33.0,24
Maitri,1998-01-28,1.554,0.0,3.0,970.267,968.0,972.0,24.417,37.0,24
Maitri,1998-01-29,1.067,-1.0,3.0,973.054,972.0,974.3,26.125,33.0,24
Maitri,1998-01-30,0.083,-3.0,1.8,974.912,974.4,975.6,24.375,37.0,24
Maitri,1998-01-31,0.142,-3.2,2.0,977.517,975.7,979.8,23.625,33.0,24
Maitri,1998-02-01,0.375,-1.0,1.8,979.542,977.9,980.9,31.375,41.0,24
Maitri,1998-02-02,0.304,-3.1,3.0,975.562,973.2,977.6,22.5,35.0,24
Maitri,1998-02-03,0.342,-2.0,2.0,971.204,970.0,972.9,34.875,44.0,24
Maitri,1998-02-04,-0.129,-2.0,1.0,970.1,968.2,971.2,34.208,44.0,24
Maitri,1998-02-05,-1.133,-5.0,1.0,964.488,961.0,968.5,17.292,44.0,24
Maitri,1998-02-06,-2.867,-7.0,-0.5,964.479,961.0,967.8,17.625,33.0,24
Maitri,1998-02-07,-3.183,-7.0,-1.0,971.562,968.0,973.3,18.583,33.0,24
Maitri,1998-02-08,-2.496,-5.4,0.0,970.838,968.8,973.2,16.5,32.0,24
Maitri,1998-02-09,-3.6,-6.3,-1.2,971.038,968.9,975.0,9.5,28.0,24
Maitri,1998-02-10,-2.812,-4.9,-1.0,976.571,974.9,977.9,31.625,44.0,24
Maitri,1998-02-11,-2.288,-4.0,0.0,970.658,965.2,974.5,35.5,48.0,24
Maitri,1998-02-12,-2.858,-3.5,-2.0,961.3,957.0,965.2,66.792,85.0,24
Maitri,1998-02-13,-0.867,-3.0,0.8,958.479,956.1,962.5,66.542,85.0,24
Maitri,1998-02-14,0.654,-1.0,2.0,965.442,963.5,966.7,27.292,52.0,24
Maitri,1998-02-15,0.204,-1.5,2.0,964.629,963.1,966.1,24.75,44.0,24
Maitri,1998-02-17,-0.642,-3.0,1.0,963.863,962.0,968.0,63.708,72.0,24
Maitri,1998-02-18,0.35,0.0,1.0,966.196,963.3,968.5,67.75,74.0,24
Maitri,1998-02-19,0.271,-0.7,1.5,967.421,966.0,968.9,52.042,67.0,24
Maitri,1998-02-20,0.038,-2.0,1.2,967.042,966.0,969.0,36.875,48.0,24
Maitri,1998-02-21,0.108,-2.0,2.0,970.033,968.8,971.3,33.167,44.0,24
Maitri,1998-02-22,-0.867,-4.6,1.2,970.125,969.0,971.4,20.792,41.0,24
Maitri,1998-02-23,-1.929,-5.0,1.5,970.788,969.1,973.2,19.583,33.0,24
Maitri,1998-02-24,-4.671,-7.0,-1.0,975.292,974.0,976.0,16.792,33.0,24
Maitri,1998-02-25,-5.308,-7.2,-3.5,974.662,974.0,975.2,1.167,19.0,24
Maitri,1998-02-26,-4.55,-8.0,-1.5,973.088,972.3,973.8,20.292,56.0,24
Maitri,1998-02-27,-3.925,-7.0,-0.5,975.371,973.0,977.8,41.833,61.0,24
Maitri,1998-02-28,-4.546,-7.0,-2.0,976.579,975.0,978.0,38.958,46.0,24
Maitri,1998-03-01,-4.312,-6.0,-3.2,972.442,970.8,974.5,38.167,59.0,24
Maitri,1998-03-02,-2.754,-4.8,0.6,967.712,960.0,971.1,67.042,81.0,24
Maitri,1998-03-03,0.838,-0.5,1.2,950.738,946.8,958.5,83.125,96.0,24
Maitri,1998-03-04,1.271,-1.0,2.8,959.488,951.5,964.3,54.042,67.0,24
Maitri,1998-03-05,0.429,-2.5,3.5,964.275,963.0,966.0,42.042,61.0,24
Maitri,1998-03-06,-0.792,-2.0,0.5,962.746,954.9,969.0,30.708,43.0,24
Maitri,1998-03-07,-1.079,-4.0,1.0,952.054,949.4,957.2,38.167,46.0,24
Maitri,1998-03-08,0.171,-2.0,1.0,967.062,957.7,975.3,26.333,41.0,24
Maitri,1998-03-09,-3.075,-6.0,-1.0,972.167,968.9,975.6,61.958,81.0,24
Maitri,1998-03-10,-5.583,-6.6,-5.0,969.812,968.5,971.5,77.083,85.0,24
Maitri,1998-03-11,-4.612,-6.5,-3.0,974.946,972.0,976.8,77.083,85.0,24
Maitri,1998-03-12,-2.038,-7.0,-0.1,973.617,972.6,975.9,75.375,93.0,24
Maitri,1998-03-13,-4.188,-9.0,-0.5,972.904,972.0,974.5,29.292,80.0,24
Maitri,1998-03-14,-7.075,-11.0,-5.0,975.117,974.6,975.8,19.333,39.0,24
Maitri,1998-03-15,-5.775,-6.9,-2.9,973.525,972.0,974.5,42.083,52.0,24
Maitri,1998-03-16,-4.446,-5.6,-3.8,969.083,967.0,971.8,55.25,59.0,24
Maitri,1998-03-17,-4.879,-8.9,-3.0,966.258,964.8,968.0,43.458,59.0,24
Maitri,1998-03-18,-8.592,-12.0,-2.5,962.854,962.1,964.5,31.958,44.0,24
Maitri,1998-03-19,-9.392,-12.0,-5.5,959.3,954.5,962.8,31.375,41.0,24
Maitri,1998-03-20,-5.808,-7.8,-4.0,951.942,951.0,954.0,38.542,48.0,24
Maitri,1998-03-21,-2.412,-6.0,0.6,950.783,950.2,951.5,42.333,56.0,24
Maitri,1998-03-22,-1.55,-4.0,0.0,954.562,948.3,960.8,57.208,74.0,24
Maitri,1998-03-23,-6.292,-10.1,-4.0,960.054,959.2,960.5,14.917,43.0,24
Maitri,1998-03-24,-10.554,-13.6,-8.5,958.475,957.8,959.8,20.333,37.0,24
Maitri,1998-03-25,-9.996,-14.0,-8.0,963.417,958.9,969.1,25.708,37.0,24
Maitri,1998-03-26,-12.733,-15.0,-10.0,971.8,969.6,972.7,32.458,39.0,24
Maitri,1998-03-27,-11.996,-14.8,-9.5,970.412,968.2,972.0,35.917,46.0,24
Maitri,1998-03-28,-10.658,-13.0,-9.0,966.371,963.0,967.9,37.792,44.0,24
Maitri,1998-03-29,-9.083,-10.8,-7.0,967.717,966.9,968.5,37.542,44.0,24
Maitri,1998-03-30,-7.221,-8.6,-6.0,964.075,959.0,967.6,45.167,89.0,24
Maitri,1998-03-31,-7.421,-12.0,-6.0,959.875,957.2,962.0,51.917,67.0,24
Maitri,1998-04-01,-10.288,-13.1,-7.0,958.4,956.2,961.8,33.25,48.0,24
Maitri,1998-04-02,-5.042,-7.9,-3.5,966.217,959.8,970.5,34.75,59.0,24
Maitri,1998-04-03,-9.438,-16.0,-5.5,970.275,967.6,972.0,23.958,44.0,24
Maitri,1998-04-04,-10.475,-12.0,-8.0,967.812,967.0,968.4,32.5,46.0,24
Maitri,1998-04-05,-12.962,-15.0,-11.0,965.988,964.5,967.8,26.5,56.0,24
Maitri,1998-04-06,-13.858,-16.0,-11.0,958.712,955.3,964.0,49.583,56.0,24
Maitri,1998-04-07,-13.396,-17.5,-11.0,961.283,956.8,964.5,41.333,48.0,24
Maitri,1998-04-08,-10.875,-13.0,-9.1,966.358,965.0,967.5,45.25,52.0,24
Maitri,1998-04-09,-8.725,-11.8,-7.0,964.887,964.0,966.8,50.042,65.0,24
Maitri,1998-04-10,-14.212,-18.0,-11.7,961.821,960.0,964.8,4.083,33.0,24
Maitri,1998-04-11,-17.333,-20.0,-15.5,963.208,960.9,965.0,31.167,41.0,24
Maitri,1998-04-12,-17.075,-20.0,-14.0,964.304,963.0,965.0,36.208,46.0,24
Maitri,1998-04-13,-16.521,-18.0,-14.1,962.108,959.2,963.0,30.042,46.0,24
Maitri,1998-04-14,-15.771,-17.0,-14.0,960.488,959.0,962.1,28.333,43.0,24
Maitri,1998-04-16,-18.558,-21.7,-13.1,965.904,963.0,968.6,8.75,28.0,24
Maitri,1998-04-17,-18.875,-22.0,-16.4,964.404,962.0,967.0,8.167,33.0,24
Maitri,1998-04-18,-19.15,-22.0,-16.0,968.325,967.0,969.5,14.458,28.0,24
Maitri,1998-04-19,-17.988,-21.0,-15.0,965.038,962.0,969.4,8.417,33.0,24
Maitri,1998-04-20,-20.942,-24.0,-18.0,959.779,958.4,961.9,0.0,0.0,24
Maitri,1998-04-21,-20.825,-23.6,-17.2,954.387,951.6,957.3,2.542,33.0,24
Maitri,1998-04-22,-21.658,-24.0,-20.0,951.496,950.3,954.2,4.333,19.0,24
Maitri,1998-04-23,-23.871,-27.2,-20.4,957.783,954.6,962.7,5.583,26.0,24
Maitri,1998-04-24,-22.65,-26.8,-18.9,966.433,963.4,968.3,0.0,0.0,24
Maitri,1998-04-25,-19.254,-21.5,-15.2,968.175,967.3,970.7,7.833,26.0,24
Maitri,1998-04-26,-20.329,-24.0,-18.0,971.575,969.0,973.1,3.417,22.0,24
Maitri,1998-04-27,-23.662,-28.0,-19.2,962.7,956.7,968.5,5.917,33.0,24
Maitri,1998-04-28,-17.129,-26.0,-12.0,955.196,952.8,961.4,36.792,52.0,24
Maitri,1998-04-29,-9.679,-12.0,-8.0,963.267,962.0,964.2,56.125,67.0,24
Maitri,1998-04-30,-8.0,-9.3,-7.0,958.033,953.9,962.0,64.25,67.0,24
Maitri,1998-05-01,-6.904,-9.0,-5.6,947.725,945.5,953.5,61.5,74.0,24
Maitri,1998-05-02,-5.788,-8.0,-4.8,950.517,945.1,953.4,57.5,70.0,24
Maitri,1998-05-03,-6.558,-8.0,-5.0,959.729,953.2,964.0,45.292,65.0,24
Maitri,1998-05-04,-8.138,-9.8,-6.0,959.917,954.8,962.9,58.542,70.0,24
Maitri,1998-05-05,-5.071,-6.0,-4.2,965.708,961.1,972.6,56.875,59.0,24
Maitri,1998-05-06,-7.642,-13.5,-5.0,977.329,973.6,979.0,42.292,65.0,24
Maitri,1998-05-07,-13.592,-17.0,-9.0,971.208,968.4,976.3,7.792,41.0,24
Maitri,1998-05-08,-12.325,-18.0,-9.6,967.971,962.5,974.0,35.833,57.0,24
Maitri,1998-05-09,-19.112,-22.0,-15.3,974.225,973.4,974.9,25.792,43.0,24
Maitri,1998-05-10,-19.05,-24.0,-14.0,974.771,972.9,977.8,8.5,33.0,24
Maitri,1998-05-11,-12.646,-19.0,-11.0,980.742,977.5,988.8,40.5,63.0,24
Maitri,1998-05-12,-8.338,-11.0,-5.8,990.217,988.3,991.2,44.75,52.0,24
Maitri,1998-05-13,-6.112,-7.5,-6.0,986.733,982.5,990.8,48.292,65.0,24
Maitri,1998-05-14,-7.354,-8.0,-6.8,984.992,979.5,987.1,37.958,48.0,24
Maitri,1998-05-15,-5.471,-6.8,-3.5,969.533,966.0,978.0,39.333,52.0,24
Maitri,1998-05-16,-7.958,-10.0,-6.1,971.829,968.0,974.6,32.917,46.0,24
Maitri,1998-05-17,-9.892,-11.3,-8.0,975.096,974.0,976.0,36.333,48.0,24
Maitri,1998-05-18,-13.392,-17.5,-7.7,976.387,973.0,981.1,23.625,56.0,24
Maitri,1998-05-19,-14.562,-16.0,-11.5,977.446,975.4,980.0,33.292,56.0,24
Maitri,1998-05-20,-12.871,-16.0,-12.0,975.471,974.0,976.2,38.542,59.0,24
Maitri,1998-05-22,-7.721,-10.0,-5.2,961.429,960.2,963.5,45.083,63.0,24
Maitri,1998-05-23,-6.904,-10.0,-0.8,964.446,961.8,968.0,32.958,46.0,24
Maitri,1998-05-24,-4.913,-9.8,-1.0,966.083,964.0,968.0,35.458,41.0,24
Maitri,1998-05-25,-11.854,-18.0,-3.6,968.142,964.8,971.0,18.75,37.0,24
Maitri,1998-05-26,-16.004,-20.0,-13.0,968.108,966.5,970.5,24.042,35.0,24
Maitri,1998-05-27,-5.988,-13.0,-2.0,969.817,966.6,971.9,53.333,68.0,24
Maitri,1998-05-28,-4.625,-8.0,-2.5,965.842,964.0,968.8,67.0,74.0,24
Maitri,1998-05-29,-6.417,-11.6,-1.0,960.679,955.5,964.0,59.125,65.0,24
Maitri,1998-05-30,-12.229,-14.0,-10.0,953.104,952.0,955.2,46.417,56.0,24
Maitri,1998-05-31,-12.121,-14.0,-10.2,963.05,955.2,969.0,36.75,44.0,24
Maitri,1998-06-01,-13.629,-15.0,-12.8,967.754,965.6,969.0,37.292,43.0,24
Maitri,1998-06-02,-13.45,-16.0,-12.0,963.3,962.0,965.4,35.542,44.0,24
Maitri,1998-06-03,-13.258,-18.2,-8.5,956.475,954.0,962.0,39.917,54.0,24
Maitri,1998-06-04,-6.488,-10.0,-3.5,954.404,941.8,961.0,59.25,78.0,24
Maitri,1998-06-05,-3.917,-7.3,-3.0,946.621,940.6,952.0,73.708,89.0,24
Maitri,1998-06-06,-7.725,-9.0,-6.8,973.971,953.0,981.3,52.208,100.0,24
Maitri,1998-06-07,-11.171,-14.9,-7.0,969.992,964.9,977.0,39.083,56.0,24
Maitri,1998-06-08,-11.812,-15.8,-8.5,970.946,964.6,974.0,68.583,89.0,24
Maitri,1998-06-09,-7.742,-8.5,-6.9,962.363,961.0,965.0,80.167,93.0,24
Maitri,1998-06-10,-10.688,-15.0,-7.6,963.363,962.0,964.5,37.333,61.0,24
Maitri,1998-06-11,-18.875,-22.0,-16.0,965.104,963.0,966.9,26.708,65.0,24
Maitri,1998-06-12,-9.658,-15.0,-6.0,964.887,963.0,966.0,80.125,93.0,24
Maitri,1998-06-13,-6.892,-8.0,-5.5,965.017,961.0,968.8,73.542,91.0,24
Maitri,1998-06-14,-8.5,-11.0,-7.0,967.738,964.5,969.0,31.75,48.0,24
Maitri,1998-06-15,-12.979,-15.2,-10.8,960.075,957.2,963.9,15.167,35.0,24
Maitri,1998-06-16,-15.846,-19.7,-13.6,960.571,957.1,964.5,20.667,48.0,24
Maitri,1998-06-17,-13.121,-14.0,-12.1,963.342,961.0,965.0,43.792,52.0,24
Maitri,1998-06-18,-14.475,-17.6,-12.4,960.65,959.7,962.5,42.708,63.0,24
Maitri,1998-06-19,-15.404,-17.0,-13.6,964.442,962.0,969.0,47.958,59.0,24
Maitri,1998-06-20,-16.058,-17.1,-14.0,971.767,969.1,974.5,40.458,48.0,24
Maitri,1998-06-21,-18.617,-23.0,-14.8,972.971,972.0,973.7,11.083,33.0,24
Maitri,1998-06-22,-20.079,-24.0,-18.0,968.613,967.2,971.5,28.333,41.0,24
Maitri,1998-06-23,-22.375,-25.0,-20.0,969.858,967.4,973.3,26.458,46.0,24
Maitri,1998-06-24,-24.517,-27.2,-22.0,974.692,973.5,976.1,6.167,30.0,24
Maitri,1998-06-25,-24.325,-28.8,-22.0,979.408,976.5,982.0,5.042,28.0,24
Maitri,1998-06-26,-23.746,-28.0,-21.0,981.196,980.0,982.3,3.417,22.0,24
Maitri,1998-06-27,-19.488,-26.0,-13.0,986.579,980.8,990.4,3.167,22.0,24
Maitri,1998-06-28,-15.642,-20.0,-13.5,987.271,981.5,990.4,4.458,22.0,24
Maitri,1998-06-29,-10.996,-14.8,-8.0,971.042,967.8,980.5,56.042,83.0,24
Maitri,1998-06-30,-12.875,-15.0,-11.0,956.608,947.1,966.6,53.792,61.0,24
Maitri,1998-07-01,-14.192,-16.0,-11.5,958.438,946.9,973.0,43.917,67.0,24
Maitri,1998-07-02,-10.342,-15.0,-8.0,970.771,969.0,972.8,55.917,74.0,24
Maitri,1998-07-03,-13.038,-15.0,-10.3,966.567,964.9,969.0,49.875,63.0,24
Maitri,1998-07-04,-13.396,-14.6,-12.0,968.454,966.4,969.8,33.375,48.0,24
Maitri,1998-07-05,-13.8,-15.5,-12.0,962.175,960.2,966.7,12.292,33.0,24
Maitri,1998-07-06,-13.783,-14.2,-13.0,961.196,960.1,962.2,48.125,70.0,24
Maitri,1998-07-07,-10.983,-13.5,-8.8,967.261,962.0,972.5,65.478,74.0,23
Maitri,1998-07-08,-13.487,-16.5,-8.3,971.908,971.0,972.9,36.917,52.0,24
Maitri,1998-07-09,-16.658,-24.0,-11.8,965.588,955.0,970.5,27.583,74.0,24
Maitri,1998-07-10,-15.4,-18.0,-11.9,956.75,954.0,959.3,49.667,74.0,24
Maitri,1998-07-12,-13.008,-15.8,-11.5,961.492,955.2,969.2,38.125,48.0,24
Maitri,1998-07-13,-16.571,-22.3,-13.0,971.621,970.5,973.0,22.75,74.0,24
Maitri,1998-07-14,-20.287,-26.0,-17.0,973.712,973.0,975.2,20.208,35.0,24
Maitri,1998-07-15,-21.779,-24.0,-20.0,979.921,975.9,982.9,8.167,30.0,24
Maitri,1998-07-16,-20.296,-25.0,-15.0,979.3,975.2,983.0,11.75,52.0,24
Maitri,1998-07-18,-25.542,-28.0,-23.0,982.65,978.2,986.0,0.0,0.0,24
Maitri,1998-07-19,-19.542,-25.5,-13.6,984.75,983.7,986.7,3.875,26.0,24
Maitri,1998-07-20,-13.962,-20.5,-11.0,975.192,969.1,984.9,39.208,74.0,24
Maitri,1998-07-21,-10.487,-13.0,-9.0,965.921,963.0,970.0,52.625,67.0,24
Maitri,1998-07-22,-12.875,-13.4,-12.0,964.904,963.8,965.9,46.875,63.0,24
Maitri,1998-07-23,-11.475,-13.0,-10.0,964.692,963.0,968.2,37.375,52.0,24
Maitri,1998-07-24,-12.929,-13.1,-12.1,971.162,968.5,975.0,40.708,52.0,24
Maitri,1998-07-25,-12.375,-13.3,-10.0,973.8,971.4,976.0,45.875,56.0,24
Maitri,1998-07-26,-14.171,-16.8,-10.0,966.942,965.0,971.2,32.208,41.0,24
Maitri,1998-07-27,-14.517,-17.0,-12.0,972.2,965.5,977.5,28.583,33.0,24
Maitri,1998-07-28,-14.017,-17.0,-12.0,976.613,970.8,978.5,40.917,59.0,24
Maitri,1998-07-29,-19.942,-25.7,-14.2,959.129,955.9,969.0,21.208,52.0,24
Maitri,1998-07-30,-22.125,-27.0,-17.0,953.267,951.5,956.2,7.167,37.0,24
Maitri,1998-07-31,-22.388,-27.5,-19.0,962.471,953.2,968.2,9.833,24.0,24
Maitri,1998-08-01,-20.217,-25.0,-17.9,970.621,968.8,971.5,24.125,48.0,24
Maitri,1998-08-03,-19.925,-24.5,-16.0,971.879,970.5,973.0,29.708,56.0,24
Maitri,1998-08-04,-17.333,-20.0,-14.0,965.942,964.0,970.8,50.042,56.0,24
Maitri,1998-08-05,-17.45,-22.7,-15.0,965.442,964.0,966.3,31.458,50.0,24
Maitri,1998-08-06,-21.371,-25.0,-18.0,959.592,956.1,965.7,30.125,44.0,24
Maitri,1998-08-07,-16.229,-18.3,-15.0,965.2,957.9,973.3,36.875,43.0,24
Maitri,1998-08-08,-20.612,-25.0,-17.0,972.667,964.0,976.0,15.958,32.0,24
Maitri,1998-08-09,-20.588,-24.0,-18.0,959.754,958.0,963.0,24.667,56.0,24
Maitri,1998-08-10,-21.45,-27.7,-17.5,952.417,948.1,958.0,21.792,48.0,24
Maitri,1998-08-11,-14.912,-18.1,-13.0,956.475,950.0,964.8,43.792,56.0,24
Maitri,1998-08-12,-15.808,-18.0,-13.4,970.221,965.2,973.0,38.958,44.0,24
Maitri,1998-08-13,-20.517,-24.0,-16.0,971.279,970.2,972.9,11.417,37.0,24
Maitri,1998-08-14,-25.525,-31.8,-21.8,976.825,972.7,982.4,8.5,28.0,24
Maitri,1998-08-15,-17.996,-28.0,-15.0,986.062,983.1,988.5,40.167,63.0,24
Maitri,1998-08-16,-12.775,-16.0,-11.6,987.062,982.2,989.0,47.875,65.0,24
Maitri,1998-08-17,-10.483,-11.5,-10.0,972.804,966.0,981.1,69.667,78.0,24
Maitri,1998-08-18,-10.838,-11.5,-10.0,967.442,964.1,973.1,64.75,78.0,24
Maitri,1998-08-19,-12.562,-13.9,-11.8,978.1,974.5,980.0,48.625,65.0,24
Maitri,1998-08-20,-15.55,-20.5,-12.0,973.5,971.2,976.2,16.583,44.0,24
Maitri,1998-08-21,-19.375,-23.5,-17.0,984.146,976.0,990.8,17.417,33.0,24
Maitri,1998-08-22,-16.388,-20.3,-12.8,984.667,978.0,990.0,48.208,63.0,24
Maitri,1998-08-23,-13.033,-14.0,-12.0,972.758,969.5,977.3,52.708,65.0,24
Maitri,1998-08-24,-12.417,-13.3,-11.1,969.4,968.9,970.0,53.333,65.0,24
Maitri,1998-08-25,-14.226,-19.0,-11.0,969.561,965.0,971.6,17.565,37.0,23
Maitri,1998-08-26,-16.146,-18.5,-14.0,962.025,960.8,964.3,28.125,48.0,24
Maitri,1998-08-27,-21.721,-26.0,-16.5,966.825,964.0,968.3,5.875,26.0,24
Maitri,1998-08-28,-26.438,-29.0,-22.0,961.204,959.0,966.0,0.0,0.0,24
Maitri,1998-08-31,-28.662,-34.5,-22.0,968.137,966.0,970.3,12.708,37.0,24
Maitri,1998-09-01,-27.554,-33.5,-23.0,964.162,961.1,966.5,10.708,33.0,24
Maitri,1998-09-02,-28.296,-34.0,-24.2,965.554,961.0,969.3,32.042,63.0,24
Maitri,1998-09-03,-19.167,-25.0,-15.0,966.783,965.0,968.9,69.292,74.0,24
Maitri,1998-09-04,-11.283,-16.8,-9.5,959.238,951.0,965.0,53.625,74.0,24
Maitri,1998-09-05,-8.329,-10.0,-6.6,951.538,949.0,958.5,53.125,63.0,24
Maitri,1998-09-06,-8.454,-9.2,-7.0,967.363,960.5,970.0,52.583,65.0,24
Maitri,1998-09-07,-7.562,-10.0,-6.0,966.242,963.0,969.0,49.958,65.0,24
Maitri,1998-09-08,-7.413,-10.0,-5.8,965.75,961.6,972.8,68.75,81.0,24
Maitri,1998-09-09,-11.779,-15.9,-10.0,979.9,973.3,985.2,39.708,65.0,24
Maitri,1998-09-11,-19.404,-23.0,-13.5,989.733,986.0,993.0,13.333,46.0,24
Maitri,1998-09-13,-18.75,-23.9,-14.0,981.162,980.0,983.0,15.208,41.0,24
Maitri,1998-09-14,-14.171,-17.0,-11.5,965.412,955.1,978.0,28.667,52.0,24
Maitri,1998-09-15,-15.088,-18.5,-10.0,962.583,955.0,969.1,28.042,52.0,24
Maitri,1998-09-16,-16.604,-19.0,-15.0,966.225,963.0,970.0,38.833,46.0,24
Maitri,1998-09-17,-19.646,-28.0,-13.8,966.371,963.0,970.7,17.125,43.0,24
Maitri,1998-09-18,-23.221,-29.0,-18.0,969.383,965.0,971.9,15.458,56.0,24
Maitri,1998-09-19,-13.071,-17.8,-7.9,956.812,951.0,964.8,49.833,63.0,24
Maitri,1998-09-20,-7.983,-9.2,-7.0,956.596,953.1,959.0,60.875,68.0,24
Maitri,1998-09-21,-9.429,-13.0,-7.8,964.671,960.0,970.5,61.833,78.0,24
Maitri,1998-09-22,-14.208,-18.0,-11.0,976.5,971.0,979.1,29.75,46.0,24
Maitri,1998-09-23,-18.096,-22.0,-14.0,976.879,973.0,978.9,15.625,33.0,24
Maitri,1998-09-24,-22.367,-25.1,-20.0,967.083,963.0,972.8,0.0,0.0,24
Maitri,1998-09-25,-20.125,-24.0,-19.0,962.454,959.1,963.5,38.167,70.0,24
Maitri,1998-09-26,-15.917,-19.0,-13.0,963.883,959.0,967.4,47.25,74.0,24
Maitri,1998-09-27,-15.033,-18.0,-12.0,967.267,967.0,968.0,41.417,52.0,24
Maitri,1998-09-28,-17.333,-22.0,-14.7,967.158,963.2,968.8,37.25,54.0,24
Maitri,1998-09-29,-21.317,-23.4,-19.0,960.158,956.1,965.7,19.583,48.0,24
Maitri,1998-09-30,-12.533,-14.7,-10.0,968.229,965.4,970.2,36.042,56.0,24
Maitri,1998-10-01,-12.354,-16.0,-10.0,964.538,963.7,965.7,39.417,52.0,24
Maitri,1998-10-02,-16.062,-19.0,-13.7,968.312,963.5,974.4,18.0,41.0,24
Maitri,1998-10-03,-16.3,-20.0,-11.0,978.113,975.0,979.8,20.167,44.0,24
Maitri,1998-10-04,-19.388,-23.4,-16.9,975.871,973.5,978.0,0.0,0.0,24
Maitri,1998-10-05,-15.904,-19.9,-12.5,973.15,973.0,973.9,2.375,19.0,24
Maitri,1998-10-06,-18.671,-24.0,-15.2,975.579,974.0,976.4,10.708,28.0,24
Maitri,1998-10-07,-21.867,-27.2,-19.5,970.979,965.0,976.0,11.375,30.0,24
Maitri,1998-10-08,-17.308,-21.0,-13.5,960.221,958.0,963.3,41.292,46.0,24
Maitri,1998-10-09,-20.158,-24.5,-14.5,955.558,954.0,957.6,14.333,44.0,24
Maitri,1998-10-10,-15.388,-26.5,-9.2,964.012,956.7,972.1,21.417,44.0,24
Maitri,1998-10-11,-14.212,-17.4,-12.0,973.829,972.7,974.5,23.0,44.0,24
Maitri,1998-10-13,-7.638,-10.2,-5.0,971.762,965.8,975.6,45.292,56.0,24
Maitri,1998-10-14,-4.217,-6.5,-3.0,961.917,958.1,965.6,58.208,70.0,24
Maitri,1998-10-15,-4.812,-6.9,-3.5,964.292,958.1,971.0,59.417,74.0,24
Maitri,1998-10-16,-7.558,-12.0,-5.5,973.258,971.9,974.6,46.708,63.0,24
Maitri,1998-10-17,-12.288,-16.5,-8.5,978.262,974.0,980.5,21.833,43.0,24
Maitri,1998-10-18,-15.3,-19.0,-13.0,975.571,971.2,980.0,8.833,28.0,24
Maitri,1998-10-19,-16.25,-19.0,-14.0,966.383,963.4,969.8,5.792,30.0,24
Maitri,1998-10-20,-16.088,-19.0,-14.0,962.637,962.0,963.2,22.5,46.0,24
Maitri,1998-10-21,-13.904,-17.9,-11.9,965.233,962.6,968.2,43.625,59.0,24
Maitri,1998-10-22,-16.108,-20.5,-13.0,970.667,968.5,974.7,8.792,22.0,24
Maitri,1998-10-23,-14.942,-21.2,-13.0,979.25,975.0,981.8,4.5,24.0,24
Maitri,1998-10-24,-13.021,-14.0,-12.0,974.95,960.0,981.8,41.292,83.0,24
Maitri,1998-10-25,-10.421,-13.0,-8.0,959.008,955.4,967.5,107.208,170.0,24
Maitri,1998-10-26,-8.304,-11.6,-7.0,969.825,967.2,970.6,56.958,74.0,24
Maitri,1998-10-27,-14.208,-27.5,-5.0,969.742,968.0,971.9,21.25,46.0,12
Maitri,1998-10-28,-10.604,-12.9,-8.4,969.637,968.5,970.3,44.958,63.0,24
Maitri,1998-10-29,-10.004,-14.8,-6.0,968.512,967.0,969.8,31.333,48.0,24
Maitri,1998-10-30,-9.367,-12.6,-7.5,960.196,950.0,968.5,63.333,83.0,24
Maitri,1998-10-31,-4.958,-8.5,-1.0,955.875,948.2,966.5,42.208,87.0,24
Maitri,1998-11-01,-9.533,-13.0,-7.3,971.133,967.0,973.0,10.167,22.0,24
Maitri,1998-11-02,-10.038,-13.0,-9.0,974.479,972.8,976.8,21.167,33.0,24
Maitri,1998-11-03,-10.438,-12.2,-8.0,979.354,977.0,980.1,17.958,32.0,24
Maitri,1998-11-04,-11.3,-13.0,-9.0,976.608,972.0,978.9,23.792,48.0,24
Maitri,1998-11-05,-8.625,-12.0,-6.9,968.767,967.3,971.2,47.458,54.0,24
Maitri,1998-11-06,-8.579,-12.0,-6.5,967.429,965.1,969.3,52.917,59.0,24
Maitri,1998-11-07,-5.433,-6.4,-4.5,962.162,959.0,965.0,46.167,56.0,24
Maitri,1998-11-08,-4.729,-8.8,-2.0,960.108,959.0,962.0,25.792,46.0,24
Maitri,1998-11-09,-6.733,-11.0,-3.5,966.304,962.5,969.0,11.708,28.0,24
Maitri,1998-11-10,-7.604,-11.5,-6.0,968.012,963.0,970.0,13.917,37.0,24
Maitri,1998-11-11,-7.558,-10.0,-5.0,953.425,944.2,962.2,15.167,37.0,24
Maitri,1998-11-12,-4.633,-8.0,-2.0,950.417,943.2,958.0,31.208,43.0,24
Maitri,1998-11-14,-6.158,-9.9,-3.0,959.583,958.0,962.8,35.333,44.0,24
Maitri,1998-11-15,-6.542,-9.0,-3.5,961.575,958.8,962.9,35.292,46.0,24
Maitri,1998-11-16,-4.454,-6.4,-3.0,959.075,957.8,961.5,49.083,59.0,24
Maitri,1998-11-17,-6.167,-11.5,-3.0,957.083,956.2,958.0,39.0,74.0,24
Maitri,1998-11-18,-5.129,-8.6,-2.4,962.317,957.9,967.6,17.375,41.0,24
Maitri,1998-11-19,-4.804,-8.2,-2.0,974.246,968.8,976.8,12.875,30.0,24
Maitri,1998-11-20,-2.8,-7.2,1.4,966.796,961.0,974.7,43.292,56.0,24
Maitri,1998-11-21,-2.238,-4.0,-1.0,964.363,960.7,967.2,51.583,63.0,24
Maitri,1998-11-22,-1.158,-2.8,0.0,967.554,966.2,968.0,51.5,70.0,24
Maitri,1998-11-23,-0.579,-3.5,2.5,961.212,956.2,965.8,34.583,56.0,24
Maitri,1998-11-24,-0.092,-4.0,2.0,959.021,956.2,960.4,42.333,56.0,24
Maitri,1998-11-25,0.442,-3.8,4.0,959.958,959.0,960.5,34.167,56.0,24
Maitri,1998-11-27,-2.3,-5.5,0.4,965.529,958.7,968.0,17.458,37.0,24
Maitri,1998-11-28,-3.042,-7.2,1.0,964.188,962.2,966.6,13.875,33.0,24
Maitri,1998-11-29,-2.358,-8.0,0.0,962.542,961.5,964.0,21.208,46.0,24
Maitri,1998-11-30,-2.312,-7.0,0.0,968.404,964.0,973.4,26.958,52.0,24
Maitri,1998-12-28,0.23,-1.0,1.0,983.02,982.8,983.9,46.2,52.0,10
Maitri,1998-12-29,0.133,-3.0,2.5,978.575,974.2,982.8,45.333,52.0,24
Maitri,1998-12-30,2.292,1.4,3.0,972.442,970.9,974.0,50.0,59.0,24
Maitri,1998-12-31,3.0,1.5,4.8,971.308,970.2,974.0,45.25,52.0,24
Maitri,1999-01-01,2.633,-3.6,5.0,974.083,961.5,977.0,23.389,43.0,18
Maitri,1999-01-02,3.613,-1.0,5.8,965.296,964.5,968.5,26.042,44.0,24
Maitri,1999-01-03,-1.617,-7.1,4.5,964.458,963.9,966.2,28.417,43.0,24
Maitri,1999-01-04,0.121,-2.3,2.5,967.658,956.8,971.2,32.375,52.0,24
Maitri,1999-01-05,-3.137,-8.0,0.3,967.887,959.6,976.0,25.167,50.0,24
Maitri,1999-01-06,0.742,-2.0,2.5,976.775,975.5,977.5,20.708,37.0,24
Maitri,1999-01-07,0.854,-1.9,3.2,969.004,964.5,974.5,21.583,37.0,24
Maitri,1999-01-08,3.054,-2.0,5.5,965.308,964.5,966.0,27.75,52.0,24
Maitri,1999-01-09,3.571,1.5,5.5,964.462,963.6,966.0,20.667,37.0,24
Maitri,1999-01-10,-2.029,-5.0,4.2,963.088,962.1,965.8,22.25,48.0,24
Maitri,1999-01-11,-1.862,-4.0,1.3,965.583,962.0,972.5,32.958,46.0,24
Maitri,1999-01-12,1.054,-1.9,3.0,975.071,972.5,978.5,4.708,19.0,24
Maitri,1999-01-13,1.904,-2.0,4.0,979.567,957.8,982.0,34.292,52.0,24
Maitri,1999-01-14,0.121,-3.8,2.8,963.225,960.4,965.1,26.958,48.0,24
Maitri,1999-01-15,-0.392,-4.0,2.1,966.312,965.2,968.5,26.208,43.0,24
Maitri,1999-01-16,4.075,-3.3,7.5,972.046,968.5,974.1,28.667,37.0,24
Maitri,1999-01-17,2.342,-1.0,4.0,977.875,974.8,981.0,19.292,33.0,24
Maitri,1999-01-18,1.542,-1.0,4.0,983.525,981.0,985.5,17.458,43.0,24
Maitri,1999-01-19,0.979,-2.0,5.0,985.742,984.5,987.5,12.167,33.0,24
Maitri,1999-01-20,-0.375,-3.8,2.5,982.767,968.8,985.0,40.917,63.0,24
Maitri,1999-01-21,-2.642,-3.7,-1.8,971.333,968.6,973.0,53.583,80.0,24
Maitri,1999-01-22,-0.496,-2.7,1.7,968.858,967.4,971.0,55.208,74.0,24
Maitri,1999-01-23,0.958,-2.6,3.5,967.283,963.9,970.8,24.5,41.0,24
Maitri,1999-01-24,1.658,-0.5,4.0,965.542,962.8,969.5,20.917,41.0,24
Maitri,1999-01-25,0.133,-2.8,2.0,973.721,970.0,978.0,21.625,41.0,24
Maitri,1999-01-26,-1.125,-3.0,0.0,971.775,968.5,975.5,50.875,67.0,24
Maitri,1999-01-27,-0.921,-1.4,-0.2,969.004,967.5,970.0,64.208,74.0,24
Maitri,1999-01-28,-0.308,-1.9,1.3,966.354,964.8,969.0,46.125,61.0,24
Maitri,1999-01-29,0.362,-2.0,1.8,965.488,964.5,966.4,38.167,48.0,24
Maitri,1999-01-30,1.129,-0.3,3.2,965.617,964.5,967.0,43.375,52.0,24
Maitri,1999-01-31,-0.646,-3.5,1.0,965.508,964.0,967.0,40.792,63.0,24
Maitri,1999-02-01,-2.779,-6.7,-0.1,970.417,967.0,975.5,16.917,33.0,24
Maitri,1999-02-02,-2.675,-6.3,0.0,980.408,976.0,985.0,18.167,46.0,24
Maitri,1999-02-03,-1.704,-4.8,1.6,985.267,984.5,986.8,14.542,41.0,24
Maitri,1999-02-04,-1.233,-4.0,3.0,981.692,980.0,984.0,3.25,15.0,24
Maitri,1999-02-05,-0.154,-3.0,2.4,975.296,966.5,980.6,28.958,56.0,24
Maitri,1999-02-06,-0.408,-2.7,2.5,964.433,963.5,966.0,13.708,37.0,24
Maitri,1999-02-07,-2.538,-4.3,-0.5,965.333,965.0,966.0,22.208,35.0,24
Maitri,1999-02-08,-3.387,-4.3,-2.9,968.262,965.5,971.0,39.875,50.0,24
Maitri,1999-02-09,-2.517,-4.2,-0.6,975.454,971.5,977.5,50.708,59.0,24
Maitri,1999-02-10,-0.775,-2.8,1.5,979.271,977.5,980.0,39.375,59.0,24
Maitri,1999-02-11,-2.679,-6.0,0.0,976.054,974.5,978.5,21.542,46.0,24
Maitri,1999-02-12,-4.017,-7.0,-1.0,976.617,974.5,979.0,29.625,48.0,24
Maitri,1999-02-13,-3.921,-8.1,-1.0,978.554,976.0,980.0,36.708,52.0,24
Maitri,1999-02-14,-5.146,-7.0,-3.2,972.688,970.5,976.0,38.0,52.0,24
Maitri,1999-02-15,-2.583,-5.6,0.4,978.333,974.0,980.0,37.0,52.0,24
Maitri,1999-02-16,-2.767,-5.2,0.2,977.783,976.0,980.0,26.0,52.0,24
Maitri,1999-02-17,-3.838,-5.8,-1.5,975.329,975.0,976.0,17.25,33.0,24
Maitri,1999-02-18,-4.775,-7.0,-3.6,978.904,976.5,980.5,15.625,26.0,24
Maitri,1999-02-19,-4.438,-6.4,-2.6,979.325,978.0,981.0,35.75,52.0,24
Maitri,1999-02-20,-4.033,-6.0,-2.8,977.446,977.0,978.0,50.458,59.0,24
Maitri,1999-02-21,-3.704,-6.1,-1.2,974.633,972.5,977.2,45.667,59.0,24
Maitri,1999-02-22,-2.458,-5.0,-0.4,973.225,971.5,977.0,52.667,78.0,24
Maitri,1999-02-23,-2.35,-5.5,-0.6,977.629,975.5,979.2,41.667,56.0,24
Maitri,1999-02-24,-4.975,-8.8,-2.0,973.304,969.0,975.5,15.542,50.0,24
Maitri,1999-02-25,-6.858,-9.7,-4.2,970.35,967.4,975.5,14.375,39.0,24
Maitri,1999-02-26,-5.442,-8.5,-3.5,979.496,975.5,982.0,30.0,41.0,24
Maitri,1999-02-27,-4.304,-6.5,-2.5,979.371,975.0,982.0,26.875,52.0,24
Maitri,1999-02-28,-3.85,-5.3,-2.3,973.538,972.6,975.0,26.208,41.0,24
Maitri,1999-03-01,-4.167,-6.2,-2.6,976.629,974.5,978.5,35.292,52.0,24
Maitri,1999-03-02,-0.904,-3.0,1.6,978.196,976.4,979.6,56.875,70.0,24
Maitri,1999-03-03,-0.483,-3.4,2.6,973.446,971.0,976.0,43.583,65.0,24
Maitri,1999-03-04,-1.442,-5.0,1.2,971.546,970.0,972.5,36.125,43.0,24
Maitri,1999-03-05,-0.621,-4.0,1.2,965.562,960.5,971.2,36.583,52.0,24
Maitri,1999-03-06,-0.662,-3.2,1.0,962.554,960.6,963.9,35.208,48.0,24
Maitri,1999-03-07,-5.15,-8.6,-2.7,963.692,963.0,964.5,13.583,30.0,24
Maitri,1999-03-08,-7.204,-10.0,-4.6,964.308,963.2,967.5,13.917,22.0,24
Maitri,1999-03-09,-6.7,-8.8,-5.4,970.146,968.0,971.2,36.167,46.0,24
Maitri,1999-03-10,-5.783,-7.4,-4.2,968.621,967.0,970.8,43.208,59.0,24
Maitri,1999-03-11,-6.825,-8.3,-5.0,966.771,965.8,968.0,31.667,41.0,24
Maitri,1999-03-12,-8.292,-9.0,-7.2,968.196,968.0,968.6,34.042,44.0,24
Maitri,1999-03-13,-7.929,-9.2,-7.3,967.975,966.8,969.8,47.792,67.0,24
Maitri,1999-03-14,-6.85,-7.8,-5.8,970.446,969.8,971.0,45.708,56.0,24
Maitri,1999-03-15,-6.05,-7.4,-4.3,970.121,969.0,971.3,45.167,56.0,24
Maitri,1999-03-16,-7.067,-9.5,-6.0,971.171,969.0,972.4,37.625,52.0,24
Maitri,1999-03-17,-8.688,-12.4,-6.7,973.383,972.5,974.8,32.875,44.0,24
Maitri,1999-03-18,-7.629,-9.0,-6.8,975.808,974.8,976.8,28.625,41.0,24
Maitri,1999-03-19,-7.496,-10.6,-5.9,977.992,976.3,980.8,43.333,59.0,24
Maitri,1999-03-20,-11.775,-15.5,-9.0,981.358,980.5,982.1,20.875,57.0,24
Maitri,1999-03-21,-13.221,-15.6,-11.3,978.717,977.0,980.1,53.708,59.0,24
Maitri,1999-03-22,-13.65,-16.2,-10.6,974.442,970.5,976.8,22.042,59.0,24
Maitri,1999-03-23,-13.042,-16.0,-9.8,968.762,968.0,969.8,60.25,74.0,24
Maitri,1999-03-24,-12.546,-16.3,-10.0,970.592,968.5,973.5,38.083,65.0,24
Maitri,1999-03-25,-11.292,-18.4,-8.0,975.858,973.6,979.0,37.5,48.0,24
Maitri,1999-03-26,-9.35,-11.5,-7.5,979.646,978.5,980.1,24.25,35.0,24
Maitri,1999-03-27,-9.575,-13.0,-7.2,975.846,974.0,978.5,18.333,37.0,24
Maitri,1999-03-28,-9.242,-13.6,-7.0,979.729,974.5,987.0,17.417,37.0,24
Maitri,1999-03-29,-11.062,-15.0,-5.0,985.625,980.2,989.2,17.833,56.0,24
Maitri,1999-03-30,-8.983,-12.4,-6.6,974.921,970.5,983.0,28.958,41.0,24
Maitri,1999-03-31,-13.404,-16.0,-10.4,971.342,970.4,972.0,12.167,48.0,24
Maitri,1999-04-01,-12.842,-14.2,-10.8,968.633,968.0,970.2,29.625,46.0,24
Maitri,1999-04-02,-11.0,-13.4,-9.0,970.771,968.5,974.0,41.625,52.0,24
Maitri,1999-04-03,-11.025,-14.5,-9.8,972.142,969.8,974.1,27.875,39.0,24
Maitri,1999-04-04,-16.058,-18.2,-13.0,969.696,968.6,972.0,22.333,41.0,24
Maitri,1999-04-05,-17.029,-20.3,-12.6,971.662,970.0,973.4,7.125,28.0,24
Maitri,1999-04-06,-17.979,-21.0,-13.7,969.9,969.4,970.1,8.125,31.0,24
Maitri,1999-04-07,-17.088,-21.0,-14.0,971.217,968.8,973.2,11.875,30.0,24
Maitri,1999-04-08,-15.271,-21.6,-11.6,973.575,973.0,974.5,27.25,52.0,24
Maitri,1999-04-09,-14.017,-15.6,-12.0,971.917,971.6,973.0,43.458,56.0,24
Maitri,1999-04-10,-15.225,-18.8,-11.3,971.304,970.1,972.4,26.333,41.0,24
Maitri,1999-04-11,-16.471,-18.3,-14.0,968.387,967.5,971.5,16.5,37.0,24
Maitri,1999-04-12,-17.963,-19.2,-17.0,970.438,968.5,973.4,20.458,50.0,24
Maitri,1999-04-13,-16.975,-19.0,-15.6,973.254,971.0,974.8,42.917,63.0,24
Maitri,1999-04-14,-10.521,-14.5,-8.6,976.129,970.5,979.4,38.167,59.0,24
Maitri,1999-04-15,-13.971,-16.2,-11.5,969.479,963.0,977.5,37.0,59.0,24
Maitri,1999-04-16,-17.388,-20.5,-14.2,961.129,958.6,962.5,33.542,70.0,24
Maitri,1999-04-17,-13.292,-16.2,-11.4,962.125,958.8,964.5,50.583,63.0,24
Maitri,1999-04-18,-11.992,-14.0,-10.0,964.762,961.2,967.6,50.917,74.0,24
Maitri,1999-04-19,-9.404,-11.3,-7.8,966.533,963.5,970.0,65.375,93.0,24
Maitri,1999-04-20,-10.733,-12.8,-8.4,961.867,954.1,968.0,26.625,52.0,24
Maitri,1999-04-21,-7.738,-11.2,-5.2,954.65,952.1,961.0,60.75,78.0,24
Maitri,1999-04-22,-8.333,-14.0,-5.5,966.533,962.0,968.0,35.5,74.0,24
Maitri,1999-04-23,-15.367,-17.4,-13.2,962.562,959.1,967.2,14.667,30.0,24
Maitri,1999-04-24,-16.021,-18.0,-14.3,962.971,959.2,967.5,37.042,52.0,24
Maitri,1999-04-25,-12.025,-13.5,-10.9,966.225,964.8,969.0,66.292,74.0,24
Maitri,1999-04-26,-10.258,-11.5,-8.2,964.225,951.5,971.2,73.417,100.0,24
Maitri,1999-04-27,-7.946,-11.0,-5.6,952.596,950.8,955.8,53.083,93.0,24
Maitri,1999-04-28,-12.617,-16.4,-9.0,955.946,955.0,956.5,20.0,44.0,24
Maitri,1999-04-29,-13.479,-16.3,-11.4,955.208,954.0,956.0,36.125,59.0,24
Maitri,1999-04-30,-12.204,-13.6,-11.4,958.625,954.0,963.5,41.792,56.0,24
Maitri,1999-05-01,-14.946,-16.2,-13.4,967.279,964.0,969.8,39.917,52.0,24
Maitri,1999-05-02,-15.796,-19.5,-14.5,965.092,961.0,968.8,58.75,70.0,24
Maitri,1999-05-03,-17.246,-21.0,-12.2,960.021,959.0,963.5,38.333,48.0,24
Maitri,1999-05-04,-11.508,-13.4,-10.0,969.454,963.8,971.1,54.333,69.0,24
Maitri,1999-05-05,-8.85,-10.7,-7.3,965.367,963.2,969.0,65.333,74.0,24
Maitri,1999-05-06,-8.754,-10.0,-6.4,968.271,965.6,969.5,61.542,70.0,24
Maitri,1999-05-07,-8.071,-9.3,-6.6,967.613,967.0,968.6,62.125,70.0,24
Maitri,1999-05-08,-11.371,-14.0,-8.8,964.742,961.2,967.4,57.292,74.0,24
Maitri,1999-05-09,-13.138,-15.2,-11.7,960.092,959.5,961.2,55.292,63.0,24
Maitri,1999-05-10,-11.196,-13.0,-10.6,960.887,960.0,962.0,42.208,56.0,24
Maitri,1999-05-11,-11.188,-13.5,-10.0,962.392,961.8,962.8,22.75,52.0,24
Maitri,1999-05-12,-16.008,-19.6,-13.2,960.192,958.8,961.5,36.542,56.0,24
Maitri,1999-05-13,-17.375,-20.3,-14.8,962.325,959.2,967.0,45.167,52.0,24
Maitri,1999-05-14,-16.058,-21.0,-13.9,969.821,967.5,971.0,29.625,52.0,24
Maitri,1999-05-15,-21.0,-25.8,-17.8,966.129,963.2,968.0,33.458,59.0,24
Maitri,1999-05-16,-16.213,-21.2,-13.4,957.608,955.6,963.0,41.125,81.0,24
Maitri,1999-05-17,-21.162,-24.0,-19.2,959.042,956.1,963.5,21.083,44.0,24
Maitri,1999-05-18,-16.075,-19.4,-12.7,966.279,963.8,967.8,40.125,50.0,24
Maitri,1999-05-19,-11.804,-13.8,-11.0,963.617,961.8,966.8,51.958,69.0,24
Maitri,1999-05-20,-12.246,-15.0,-10.4,966.175,962.2,968.8,66.583,78.0,24
Maitri,1999-05-21,-15.3,-17.0,-14.2,965.471,964.0,967.5,66.333,81.0,24
Maitri,1999-05-22,-15.938,-17.6,-13.2,961.554,955.8,964.6,57.542,65.0,24
Maitri,1999-05-23,-11.229,-13.9,-7.6,952.858,950.2,955.5,52.625,67.0,24
Maitri,1999-05-24,-8.358,-19.5,-6.0,967.379,955.5,976.5,53.875,81.0,24
Maitri,1999-05-25,-11.504,-18.3,-7.3,979.483,975.5,981.8,32.792,63.0,24
Maitri,1999-05-26,-18.617,-23.8,-13.0,971.404,968.2,975.0,23.5,52.0,24
Maitri,1999-05-27,-20.787,-23.3,-18.6,979.342,975.4,981.8,19.833,37.0,24
Maitri,1999-05-28,-20.483,-25.0,-18.3,979.95,979.0,981.0,23.917,56.0,24
Maitri,1999-05-29,-15.067,-19.5,-12.5,977.404,971.0,981.8,57.75,81.0,24
Maitri,1999-05-30,-9.554,-12.5,-7.8,965.633,961.5,970.0,74.542,93.0,24
Maitri,1999-05-31,-9.504,-13.2,-6.6,962.462,960.8,965.8,56.583,89.0,24
Maitri,1999-06-01,-15.237,-18.6,-12.6,965.329,961.4,967.5,38.542,56.0,24
Maitri,1999-06-02,-17.808,-18.8,-16.8,958.65,957.0,961.0,48.625,59.0,24
Maitri,1999-06-03,-16.767,-18.3,-15.5,961.854,960.6,963.4,38.542,56.0,24
Maitri,1999-06-04,-19.696,-21.2,-18.0,967.371,963.5,972.0,36.25,52.0,24
Maitri,1999-06-05,-17.158,-18.7,-14.5,976.133,972.5,977.6,29.917,48.0,24
Maitri,1999-06-06,-15.388,-16.4,-13.8,975.746,974.6,977.0,45.042,63.0,24
Maitri,1999-06-07,-10.45,-13.2,-8.8,971.758,968.5,974.5,57.667,69.0,24
Maitri,1999-06-08,-9.929,-12.0,-8.8,975.879,971.0,979.8,59.417,69.0,24
Maitri,1999-06-09,-12.146,-13.2,-10.0,980.462,979.4,982.5,65.917,74.0,24
Maitri,1999-06-10,-12.1,-18.0,-9.5,980.383,977.8,983.0,41.042,59.0,24
Maitri,1999-06-11,-15.304,-17.0,-13.2,977.296,976.0,978.8,39.333,56.0,24
Maitri,1999-06-12,-9.696,-12.6,-7.6,982.571,978.2,986.4,45.083,61.0,24
Maitri,1999-06-13,-10.904,-13.3,-8.0,985.267,983.0,986.6,33.917,65.0,24
Maitri,1999-06-14,-11.321,-14.0,-9.6,980.729,978.5,982.8,43.958,56.0,24
Maitri,1999-06-15,-7.533,-9.3,-6.4,987.521,981.5,996.2,53.458,74.0,24
Maitri,1999-06-16,-10.4,-11.6,-8.2,1002.275,997.0,1004.9,59.167,76.0,24
Maitri,1999-06-17,-13.812,-16.2,-11.3,999.35,996.6,1003.5,34.708,48.0,24
Maitri,1999-06-18,-12.621,-15.0,-10.3,994.725,991.0,996.4,46.917,63.0,24
Maitri,1999-06-19,-9.3,-11.5,-7.3,984.817,979.6,990.0,74.75,85.0,24
Maitri,1999-06-20,-5.667,-7.4,-4.7,976.629,973.8,978.6,81.875,93.0,24
Maitri,1999-06-21,-5.158,-6.9,-4.0,980.392,977.5,982.6,66.458,85.0,24
Maitri,1999-06-22,-8.492,-9.5,-7.0,981.358,980.2,982.6,55.417,63.0,24
Maitri,1999-06-23,-10.496,-11.9,-9.2,982.946,982.2,983.6,44.417,67.0,24
Maitri,1999-06-24,-8.542,-11.0,-6.2,977.704,971.8,982.5,49.583,81.0,24
Maitri,1999-06-25,-4.421,-7.0,-0.2,967.942,957.0,974.5,60.792,74.0,24
Maitri,1999-06-26,-7.396,-10.6,-4.2,965.988,954.8,976.8,65.5,81.0,24
Maitri,1999-06-27,-8.104,-9.0,-7.5,975.092,973.2,978.0,74.583,81.0,24
Maitri,1999-06-28,-9.946,-13.2,-7.2,979.438,978.2,980.8,57.083,81.0,24
Maitri,1999-06-29,-11.854,-13.0,-11.2,979.508,978.2,980.5,42.208,56.0,24
Maitri,1999-06-30,-13.196,-16.4,-10.1,980.267,973.5,983.4,39.625,56.0,24
Maitri,1999-07-01,-6.558,-10.8,-3.9,969.354,964.8,973.4,48.667,74.0,24
Maitri,1999-07-02,-8.462,-10.0,-6.8,964.667,964.0,965.8,45.5,63.0,24
Maitri,1999-07-03,-12.629,-14.1,-10.8,961.85,958.8,964.0,53.708,70.0,24
Maitri,1999-07-04,-15.592,-16.8,-14.1,955.479,953.8,958.2,57.333,70.0,24
Maitri,1999-07-05,-19.346,-25.0,-14.8,960.688,956.5,963.4,29.542,63.0,24
Maitri,1999-07-06,-27.079,-29.2,-24.2,962.492,961.0,964.2,0.542,7.0,24
Maitri,1999-07-07,-28.242,-32.5,-23.8,966.221,961.6,968.0,5.083,30.0,24
Maitri,1999-07-08,-28.754,-31.8,-26.5,972.071,968.6,975.2,2.083,22.0,24
Maitri,1999-07-09,-24.537,-27.0,-21.5,973.504,971.8,975.1,4.25,22.0,24
Maitri,1999-07-10,-20.738,-23.8,-18.6,977.3,975.4,979.5,19.292,33.0,24
Maitri,1999-07-11,-22.062,-25.6,-19.6,977.879,977.0,979.6,16.333,30.0,24
Maitri,1999-07-12,-20.65,-23.0,-17.8,978.55,977.0,980.5,12.125,37.0,24
Maitri,1999-07-13,-22.292,-24.5,-20.0,978.871,975.6,980.5,5.333,19.0,24
Maitri,1999-07-14,-24.9,-26.6,-21.6,972.729,971.8,975.5,2.667,22.0,24
Maitri,1999-07-15,-24.583,-28.8,-20.8,978.204,973.5,983.0,4.833,19.0,24
Maitri,1999-07-16,-27.492,-29.5,-24.0,985.754,983.5,987.0,1.958,19.0,24
Maitri,1999-07-17,-26.188,-29.4,-23.0,986.062,985.2,987.0,10.708,44.0,24
Maitri,1999-07-18,-18.062,-22.7,-14.2,978.95,974.6,985.0,42.375,59.0,24
Maitri,1999-07-19,-15.254,-17.4,-14.2,971.458,970.0,974.5,45.917,59.0,24
Maitri,1999-07-20,-16.454,-17.8,-15.5,976.854,970.0,983.2,59.0,70.0,24
Maitri,1999-07-21,-14.879,-15.8,-14.0,987.221,983.5,989.0,50.125,67.0,24
Maitri,1999-07-22,-10.942,-15.6,-7.5,970.992,955.5,986.4,87.125,122.0,24
Maitri,1999-07-23,-6.663,-12.1,-4.0,952.442,949.0,963.0,104.375,119.0,24
Maitri,1999-07-24,-12.742,-15.2,-10.9,972.988,965.0,975.6,64.292,81.0,24
Maitri,1999-07-25,-14.417,-17.0,-12.4,969.688,964.0,974.0,40.167,54.0,24
Maitri,1999-07-26,-12.771,-15.0,-10.8,958.208,955.2,963.0,50.458,74.0,24
Maitri,1999-07-27,-14.746,-20.0,-11.4,966.988,962.5,968.8,24.125,44.0,24
Maitri,1999-07-28,-15.9,-22.0,-9.9,970.029,966.1,972.8,16.292,52.0,24
Maitri,1999-07-29,-22.717,-27.0,-18.0,974.0,971.0,976.2,10.833,41.0,24
Maitri,1999-07-30,-21.542,-26.6,-16.7,973.825,971.0,976.5,11.333,41.0,24
Maitri,1999-07-31,-21.888,-24.8,-19.5,981.975,970.8,990.2,10.875,43.0,24
Maitri,1999-08-01,-18.804,-20.5,-16.6,993.021,990.5,994.5,20.958,39.0,24
Maitri,1999-08-02,-18.65,-21.8,-16.4,990.858,990.0,993.0,6.833,20.0,24
Maitri,1999-08-03,-18.154,-21.5,-11.0,993.4,992.2,994.5,5.333,28.0,24
Maitri,1999-08-04,-14.029,-18.3,-11.7,984.921,979.6,992.1,14.667,52.0,24
Maitri,1999-08-05,-18.062,-23.0,-12.5,982.521,978.5,986.5,46.125,85.0,24
Maitri,1999-08-06,-19.233,-21.8,-16.5,982.721,977.5,985.8,76.292,85.0,24
Maitri,1999-08-07,-12.096,-16.2,-8.6,970.817,967.2,976.5,67.333,78.0,24
Maitri,1999-08-08,-10.758,-13.2,-9.1,969.017,966.8,971.8,60.792,80.0,24
Maitri,1999-08-09,-11.679,-15.2,-9.8,967.45,966.0,971.0,40.417,63.0,24
Maitri,1999-08-10,-9.454,-11.2,-8.4,969.225,967.5,970.2,35.667,56.0,24
Maitri,1999-08-11,-12.983,-16.8,-9.6,968.154,966.9,969.8,12.583,33.0,24
Maitri,1999-08-12,-15.15,-18.5,-13.0,972.092,969.9,974.6,13.292,41.0,24
Maitri,1999-08-13,-11.117,-14.0,-7.8,968.992,950.5,976.1,61.833,96.0,24
Maitri,1999-08-14,-9.263,-12.4,-7.2,939.475,934.0,949.0,84.333,111.0,24
Maitri,1999-08-15,-14.517,-16.2,-12.6,950.908,938.5,960.4,39.042,59.0,24
Maitri,1999-08-16,-14.788,-16.5,-12.0,963.204,960.1,965.5,37.833,59.0,24
Maitri,1999-08-17,-20.338,-30.0,-13.0,958.271,954.5,961.2,7.75,30.0,24
Maitri,1999-08-18,-27.379,-30.0,-23.8,955.942,953.6,960.0,7.167,22.0,24
Maitri,1999-08-19,-25.988,-29.4,-23.8,965.762,960.4,970.8,22.542,46.0,24
Maitri,1999-08-20,-27.817,-30.2,-24.7,977.062,971.0,978.8,7.458,37.0,24
Maitri,1999-08-21,-29.058,-31.4,-25.5,971.85,968.6,977.1,1.75,15.0,24
Maitri,1999-08-22,-18.779,-24.8,-13.8,972.808,967.8,977.0,35.708,63.0,24
Maitri,1999-08-23,-12.513,-13.5,-11.8,974.675,970.6,977.0,70.958,89.0,24
Maitri,1999-08-24,-12.175,-13.0,-11.0,973.042,968.5,976.5,75.708,87.0,24
Maitri,1999-08-25,-10.921,-11.6,-9.4,968.425,961.6,975.8,75.667,98.0,24
Maitri,1999-08-26,-12.35,-17.2,-9.0,959.725,958.6,961.4,38.875,87.0,24
Maitri,1999-08-27,-18.779,-20.3,-16.8,964.621,959.0,970.0,52.458,67.0,24
Maitri,1999-08-28,-15.338,-16.6,-13.8,967.792,962.2,970.9,54.625,100.0,24
Maitri,1999-08-29,-14.817,-16.0,-13.1,961.7,957.4,967.8,74.667,89.0,24
Maitri,1999-08-30,-10.058,-13.4,-7.6,949.383,937.5,967.4,95.917,133.0,24
Maitri,1999-08-31,-10.354,-13.2,-6.3,948.546,931.0,964.5,72.333,107.0,24
Maitri,1999-09-01,-11.675,-12.5,-11.0,963.592,957.5,966.9,32.5,44.0,24
Maitri,1999-09-02,-12.621,-14.1,-11.4,958.529,956.8,960.8,44.167,59.0,24
Maitri,1999-09-03,-14.817,-15.8,-14.0,957.375,952.0,960.8,44.833,67.0,24
Maitri,1999-09-04,-14.862,-16.0,-14.0,946.938,942.0,954.0,72.0,119.0,24
Maitri,1999-09-05,-21.746,-27.2,-16.2,963.9,954.4,973.8,14.583,33.0,24
Maitri,1999-09-06,-16.183,-20.2,-14.0,978.775,974.0,982.1,51.917,63.0,24
Maitri,1999-09-07,-12.292,-13.7,-10.0,978.079,970.5,982.4,45.458,59.0,24
Maitri,1999-09-08,-13.279,-14.4,-12.4,972.162,969.9,974.0,43.542,63.0,24
Maitri,1999-09-09,-15.433,-16.4,-14.7,972.75,972.0,973.8,41.333,52.0,24
Maitri,1999-09-10,-15.279,-16.3,-13.2,956.108,945.5,971.5,99.5,122.0,24
Maitri,1999-09-11,-14.971,-15.6,-13.6,968.292,954.5,978.0,63.5,119.0,24
Maitri,1999-09-12,-14.362,-15.5,-12.6,982.504,978.5,983.6,35.625,52.0,24
Maitri,1999-09-13,-13.446,-16.2,-12.6,978.792,975.5,983.0,40.0,59.0,24
Maitri,1999-09-14,-18.929,-21.2,-16.7,978.579,977.4,979.8,56.667,74.0,24
Maitri,1999-09-15,-18.421,-21.2,-16.4,977.708,976.6,978.6,36.542,52.0,24
Maitri,1999-09-16,-16.562,-20.5,-14.8,976.933,976.1,979.5,22.208,50.0,24
Maitri,1999-09-17,-11.671,-15.6,-9.4,979.363,976.0,981.5,40.125,56.0,24
Maitri,1999-09-18,-7.246,-9.5,-3.0,975.354,972.5,977.8,34.333,48.0,24
Maitri,1999-09-19,-11.217,-12.8,-9.2,973.496,972.0,978.8,40.375,56.0,24
Maitri,1999-09-20,-13.362,-16.8,-11.0,977.446,975.5,978.4,27.0,46.0,24
Maitri,1999-09-21,-16.896,-20.0,-14.0,974.988,973.1,977.6,25.208,50.0,24
Maitri,1999-09-22,-16.9,-19.4,-15.4,974.625,973.0,976.6,39.458,56.0,24
Maitri,1999-09-23,-20.025,-23.4,-15.4,978.604,976.8,979.8,19.333,44.0,24
Maitri,1999-09-24,-21.104,-24.0,-18.0,977.067,974.5,979.4,12.625,37.0,24
Maitri,1999-09-25,-16.008,-22.2,-14.2,970.896,969.8,974.0,52.167,67.0,24
Maitri,1999-09-26,-16.25,-19.0,-14.4,972.117,971.1,973.6,39.542,56.0,24
Maitri,1999-09-27,-19.917,-25.0,-16.8,976.912,973.7,980.4,17.625,37.0,24
Maitri,1999-09-28,-21.721,-26.4,-16.5,982.529,980.4,983.7,4.208,22.0,24
Maitri,1999-09-29,-15.829,-25.6,-10.1,969.517,961.0,981.0,34.167,74.0,24
Maitri,1999-09-30,-14.0,-20.4,-11.0,965.283,960.9,971.0,31.542,67.0,24
Maitri,1999-10-01,-16.646,-24.0,-13.9,962.383,945.0,971.2,53.583,104.0,24
Maitri,1999-10-02,-13.962,-22.9,-9.0,949.25,942.1,960.5,36.625,96.0,24
Maitri,1999-10-03,-20.125,-25.0,-16.5,966.533,961.5,968.4,20.75,37.0,24
Maitri,1999-10-04,-17.754,-19.4,-15.5,960.546,953.0,966.0,36.333,52.0,24
Maitri,1999-10-05,-12.383,-17.0,-9.0,942.654,936.8,952.0,50.5,67.0,24
Maitri,1999-10-06,-13.108,-16.5,-10.0,950.279,939.0,960.2,43.75,67.0,24
Maitri,1999-10-07,-15.379,-17.8,-13.0,963.113,960.8,964.0,37.292,56.0,24
Maitri,1999-10-08,-16.029,-19.2,-13.6,960.608,959.0,963.1,43.167,63.0,24
Maitri,1999-10-09,-15.808,-19.4,-12.5,961.108,960.0,963.0,33.292,56.0,24
Maitri,1999-10-10,-18.504,-22.9,-14.0,965.488,963.5,967.1,7.667,26.0,24
Maitri,1999-10-11,-17.325,-20.0,-14.7,964.8,961.4,966.6,22.708,44.0,24
Maitri,1999-10-12,-17.871,-24.0,-13.8,957.246,955.4,961.0,16.875,48.0,24
Maitri,1999-10-13,-17.992,-22.7,-15.8,961.458,956.2,966.4,29.917,48.0,24
Maitri,1999-10-14,-18.742,-21.9,-14.6,966.858,965.1,968.4,14.208,41.0,24
Maitri,1999-10-15,-10.592,-16.0,-6.2,963.908,961.5,966.0,30.292,56.0,24
Maitri,1999-10-16,-13.442,-17.2,-10.4,968.442,964.0,971.0,18.167,44.0,24
Maitri,1999-10-17,-10.329,-16.0,-7.8,974.325,970.6,977.2,16.292,44.0,24
Maitri,1999-10-18,-6.837,-8.7,-5.0,975.967,972.0,978.7,40.583,63.0,24
Maitri,1999-10-19,-8.788,-10.0,-7.9,965.158,961.4,971.5,80.208,93.0,24
Maitri,1999-10-20,-9.646,-10.8,-8.0,959.958,958.4,962.4,74.083,89.0,24
Maitri,1999-10-21,-6.408,-9.8,-3.0,956.292,954.0,958.6,24.667,63.0,24
Maitri,1999-10-22,-9.296,-12.8,-7.5,963.867,955.5,969.8,22.167,46.0,24
Maitri,1999-10-23,-10.65,-16.8,-9.0,967.042,959.8,971.5,33.375,52.0,24
Maitri,1999-10-24,-9.046,-10.3,-8.0,959.088,958.4,960.4,36.833,52.0,24
Maitri,1999-10-25,-8.929,-11.0,-8.0,959.65,958.7,960.6,36.917,56.0,24
Maitri,1999-10-26,-7.946,-10.6,-5.2,957.962,957.0,959.4,20.375,48.0,24
Maitri,1999-10-27,-9.608,-11.4,-7.4,959.0,957.6,960.5,27.167,44.0,24
Maitri,1999-10-28,-10.125,-15.2,-7.1,955.667,948.4,960.0,20.875,37.0,24
Maitri,1999-10-29,-11.521,-16.8,-8.5,951.712,948.0,958.0,22.875,44.0,24
Maitri,1999-10-30,-11.421,-13.5,-9.5,964.992,959.2,967.5,17.125,37.0,24
Maitri,1999-10-31,-12.263,-14.4,-10.8,964.113,960.8,967.0,26.667,37.0,24
Maitri,1999-11-01,-11.042,-13.5,-9.2,958.9,958.2,960.0,34.083,44.0,24
Maitri,1999-11-02,-8.679,-12.2,-6.0,957.7,951.8,960.4,57.25,81.0,24
Maitri,1999-11-03,-4.392,-6.4,-2.7,950.833,949.5,952.1,69.625,93.0,24
Maitri,1999-11-04,-1.733,-3.0,0.0,953.808,948.2,956.4,53.292,70.0,24
Maitri,1999-11-05,-2.842,-5.7,0.4,965.933,956.0,975.4,48.917,70.0,24
Maitri,1999-11-06,-3.221,-5.3,-2.2,977.988,975.6,978.9,36.583,63.0,24
Maitri,1999-11-07,-2.863,-4.0,-2.0,979.742,978.5,980.4,68.75,85.0,24
Maitri,1999-11-08,-1.825,-4.2,0.0,975.908,973.2,978.5,77.542,89.0,24
Maitri,1999-11-09,1.221,-1.3,4.0,975.275,974.0,976.2,58.917,78.0,24
Maitri,1999-11-10,-3.387,-9.2,-0.4,973.354,970.3,976.1,17.542,48.0,24
Maitri,1999-11-11,-7.342,-12.0,-5.2,971.308,970.4,972.0,24.5,41.0,24
Maitri,1999-11-12,-6.95,-11.2,-5.2,970.192,969.8,971.0,28.5,52.0,24
Maitri,1999-11-13,-7.462,-11.4,-5.0,968.238,963.8,970.0,15.333,30.0,24
Maitri,1999-11-14,-7.283,-11.4,-4.2,963.962,961.9,966.6,18.917,33.0,24
Maitri,1999-11-15,-5.917,-10.4,-3.0,967.408,966.8,968.0,24.042,41.0,24
Maitri,1999-11-16,-5.671,-9.1,-3.7,968.8,965.1,970.9,27.75,56.0,24
Maitri,1999-11-17,-4.846,-7.0,-3.2,966.129,964.4,967.1,32.25,56.0,24
Maitri,1999-11-18,-4.837,-6.8,-3.5,970.2,967.0,971.6,38.792,52.0,24
Maitri,1999-11-19,-3.212,-6.0,-1.3,966.55,963.0,969.4,28.5,56.0,24
Maitri,1999-11-20,-4.417,-8.0,-1.4,962.004,960.8,962.8,23.417,50.0,24
Maitri,1999-11-21,-5.479,-7.7,-4.0,965.571,962.6,967.0,21.917,43.0,24
Maitri,1999-11-22,-5.767,-8.4,-4.0,967.671,966.5,968.7,19.333,28.0,24
Maitri,1999-11-23,-6.742,-9.4,-4.5,969.825,969.0,970.1,7.625,20.0,24
Maitri,1999-11-24,-6.671,-9.3,-4.4,970.708,969.5,972.9,16.208,33.0,24
Maitri,1999-11-25,-6.908,-10.5,-3.8,972.621,972.2,973.0,16.542,26.0,24
Maitri,1999-11-26,-7.429,-11.0,-3.6,971.008,969.0,972.2,12.167,26.0,24
Maitri,1999-11-27,-7.446,-10.8,-4.8,970.158,968.8,972.4,18.458,33.0,24
Maitri,1999-11-28,-6.304,-9.5,-4.2,969.071,965.8,972.2,33.625,41.0,24
Maitri,1999-11-29,-6.25,-8.8,-4.2,962.225,959.4,965.6,28.083,41.0,24
Maitri,1999-11-30,-5.371,-9.0,-3.4,959.658,958.6,960.6,19.708,37.0,24
Maitri,1999-12-28,-1.66,-4.0,0.4,970.41,969.8,971.5,8.6,20.0,10
Maitri,1999-12-29,-4.046,-6.6,-1.5,973.188,971.9,973.9,23.292,33.0,24
Maitri,1999-12-30,-3.258,-6.6,-1.3,971.825,971.0,972.6,20.0,33.0,24
Maitri,1999-12-31,-1.762,-5.4,1.8,975.925,972.1,979.5,20.708,41.0,24
Maitri,2001-01-14,-0.75,-2.3,1.1,969.4,969.3,969.6,1.0,4.0,6
Maitri,2001-01-15,-2.517,-5.0,-0.8,970.892,969.1,973.4,13.833,33.0,24
Maitri,2001-01-16,-1.008,-2.9,1.1,975.204,973.4,977.0,14.333,24.0,24
Maitri,2001-01-17,-1.029,-4.0,0.5,975.383,972.9,977.0,29.917,46.0,24
Maitri,2001-01-18,-0.904,-4.6,1.3,972.442,972.0,973.8,17.625,26.0,24
Maitri,2001-01-19,-1.329,-3.8,0.8,978.0,974.5,980.1,17.833,28.0,24
Maitri,2001-01-20,-0.0,-2.1,1.6,981.392,980.2,982.1,22.625,33.0,24
Maitri,2001-01-21,1.15,-0.9,2.9,979.383,976.8,980.8,15.875,33.0,24
Maitri,2001-01-22,0.592,-3.1,2.8,972.858,968.8,976.6,28.875,46.0,24
Maitri,2001-01-23,0.142,-2.4,1.9,969.871,968.5,970.8,25.25,45.0,24
Maitri,2001-01-24,-0.192,-3.8,3.1,974.571,971.8,975.8,26.167,45.0,24
Maitri,2001-01-25,1.008,-3.6,4.1,972.3,967.6,974.7,22.417,48.0,24
Maitri,2001-01-26,-1.254,-2.4,0.2,967.246,966.1,970.0,33.417,50.0,24
Maitri,2001-01-27,-1.321,-2.4,0.0,972.613,969.2,976.7,52.75,67.0,24
Maitri,2001-01-28,-0.0,-1.3,1.4,978.117,976.7,979.5,47.042,63.0,24
Maitri,2001-01-29,0.133,-2.9,3.2,973.829,970.9,976.7,42.083,63.0,24
Maitri,2001-01-30,-0.538,-2.7,1.9,976.0,970.9,980.3,39.792,63.0,24
Maitri,2001-01-31,-1.25,-1.9,-0.1,984.292,980.7,987.7,35.0,43.0,24
Maitri,2001-02-01,-0.488,-3.0,2.1,988.921,988.0,989.9,28.417,41.0,24
Maitri,2001-02-02,-0.879,-4.2,1.9,986.238,983.6,989.0,33.25,52.0,24
Maitri,2001-02-03,0.513,-2.8,2.4,983.912,983.1,984.6,39.167,52.0,24
Maitri,2001-02-04,1.108,-1.9,3.2,980.125,974.1,983.9,24.417,48.0,24
Maitri,2001-02-05,-0.488,-3.7,2.9,971.654,970.4,973.7,6.083,20.0,24
Maitri,2001-02-06,-0.667,-4.1,0.9,977.042,974.0,979.0,22.5,30.0,24
Maitri,2001-02-07,-1.808,-2.1,-1.1,981.579,979.0,984.1,40.667,48.0,24
Maitri,2001-02-08,-1.233,-2.4,0.4,982.858,979.1,984.9,34.125,41.0,24
Maitri,2001-02-09,-0.771,-2.9,0.9,976.633,975.4,978.9,26.542,48.0,24
Maitri,2001-02-10,-0.104,-2.8,2.7,974.958,971.7,977.0,24.333,45.0,24
Maitri,2001-02-11,-0.679,-4.1,0.8,970.696,968.8,971.8,17.083,33.0,24
Maitri,2001-02-12,-1.35,-6.0,1.1,973.838,968.8,978.2,18.708,33.0,24
Maitri,2001-02-13,-1.225,-4.3,1.0,980.479,977.0,981.9,25.875,41.0,24
Maitri,2001-02-14,0.804,-1.2,2.2,964.588,958.0,976.0,31.417,48.0,24
Maitri,2001-02-15,0.445,-1.9,2.0,962.318,959.1,964.3,43.909,63.0,22
Maitri,2001-02-16,1.088,-1.1,2.4,967.546,964.5,969.4,46.375,67.0,24
Maitri,2001-02-17,-0.346,-2.2,0.9,974.833,969.0,976.4,37.375,56.0,24
Maitri,2001-02-18,-1.921,-4.2,0.5,974.596,973.9,975.2,33.875,52.0,24
Maitri,2001-02-19,-2.065,-4.2,-1.3,975.495,975.0,976.7,29.45,43.0,20
Maitri,2001-02-20,-2.428,-4.6,-1.2,974.483,974.0,975.0,35.722,52.0,18
Maitri,2001-02-21,-2.877,-6.1,-1.6,973.992,972.7,975.0,28.308,37.0,13
Maitri,2001-02-22,-5.257,-8.3,-3.0,973.19,972.3,974.4,33.095,48.0,21
Maitri,2001-02-23,-4.522,-8.0,-2.0,976.094,974.4,976.8,25.056,39.0,18
Maitri,2001-02-24,-4.392,-8.0,-1.2,975.375,974.6,976.2,35.083,52.0,24
Maitri,2001-02-25,-4.429,-7.2,-1.9,975.658,975.0,976.0,22.375,45.0,24
Maitri,2001-02-26,-6.542,-11.2,-3.6,973.812,972.6,975.0,23.25,33.0,24
Maitri,2001-02-27,-9.821,-13.2,-5.9,971.208,970.3,972.1,15.333,48.0,24
Maitri,2001-02-28,-8.212,-12.9,-4.1,967.171,964.0,970.3,32.083,45.0,24
Maitri,2001-03-01,-7.067,-9.0,-5.5,962.847,962.3,963.6,45.267,48.0,15
Maitri,2001-03-02,-5.592,-10.0,-2.0,967.525,963.0,971.9,34.708,45.0,24
Maitri,2001-03-03,-8.404,-11.3,-5.3,973.421,972.0,974.0,41.917,56.0,24
Maitri,2001-03-04,-9.442,-11.4,-7.0,968.846,962.0,972.7,51.583,63.0,24
Maitri,2001-03-05,-6.83,-11.0,-2.1,964.395,962.0,968.7,35.75,56.0,20
Maitri,2001-03-06,-5.735,-9.1,-2.2,972.517,969.0,975.0,35.435,48.0,23
Maitri,2001-03-07,-5.771,-7.7,-2.8,975.704,974.7,976.0,31.958,46.0,24
Maitri,2001-03-08,-7.125,-9.0,-4.1,974.229,973.0,975.9,33.292,45.0,24
Maitri,2001-03-09,-7.274,-10.2,-5.0,972.563,970.0,973.4,22.737,33.0,19
Maitri,2008-01-01,1.438,-2.6,4.0,951.221,946.3,954.8,50.708,100.3,24
Maitri,2008-01-02,0.538,-3.5,2.4,944.0,942.5,947.0,41.975,94.6,24
Maitri,2008-01-03,0.125,-3.6,2.5,949.883,943.9,954.9,39.267,92.2,24
Maitri,2008-01-04,3.175,-3.7,6.8,954.683,952.9,955.5,35.442,58.2,24
Maitri,2008-01-05,1.721,-0.6,3.3,949.579,946.5,952.5,32.938,63.5,24
Maitri,2008-01-06,-0.746,-4.3,1.2,950.329,947.2,952.8,32.012,68.5,24
Maitri,2008-01-07,0.979,-4.3,4.1,952.204,951.7,953.3,54.092,93.3,24
Maitri,2008-01-08,0.688,-1.9,3.7,952.454,949.8,954.0,65.888,87.0,24
Maitri,2008-01-09,0.854,-2.0,3.1,949.304,948.2,951.8,59.021,87.6,24
Maitri,2008-01-10,1.096,-2.2,3.5,953.658,951.7,954.9,62.596,82.8,24
Maitri,2008-01-11,-124.533,-999.0,2.9,710.0,-999.0,954.7,-72.792,71.8,24
Maitri,2008-01-12,0.871,-2.9,3.4,955.196,953.2,956.5,60.033,88.4,24
Maitri,2008-01-13,0.071,-3.7,2.7,949.146,945.5,953.5,57.883,88.6,24
Maitri,2008-01-14,-0.929,-3.1,0.9,945.85,944.0,947.7,53.433,80.2,24
Maitri,2008-01-15,-0.392,-3.6,1.4,947.017,945.4,947.7,59.308,86.1,24
Maitri,2008-01-16,-1.05,-2.9,1.1,946.458,944.8,948.4,66.875,85.9,24
Maitri,2008-01-17,-0.154,-3.1,2.3,949.746,948.5,951.4,58.95,88.8,24
Maitri,2008-01-18,-1.054,-4.0,1.8,951.125,950.2,951.9,55.396,79.6,24
Maitri,2008-01-19,-1.821,-4.8,0.2,950.408,949.8,951.4,47.679,66.6,24
Maitri,2008-01-20,-2.058,-3.4,-0.6,951.688,951.4,952.1,52.579,70.0,24
Maitri,2008-01-21,-2.217,-3.7,-0.8,950.667,950.3,951.4,59.146,85.2,24
Maitri,2008-01-22,-1.412,-3.3,0.9,952.029,951.1,953.9,56.033,81.8,24
Maitri,2008-01-23,-1.304,-3.1,0.6,952.417,950.9,953.9,55.604,74.9,24
Maitri,2008-01-24,-2.408,-3.6,-1.1,948.142,946.6,950.6,44.796,72.1,24
Maitri,2008-01-25,-2.325,-3.6,-0.7,947.113,946.0,948.3,46.062,76.1,24
Maitri,2008-01-26,-2.079,-3.8,-0.5,945.967,944.0,947.3,36.825,61.1,24
Maitri,2008-01-27,-0.987,-2.2,0.1,941.567,940.2,943.4,49.358,51.4,24
Maitri,2008-01-28,-1.512,-2.5,-0.3,944.262,942.3,945.8,53.1,79.9,24
Maitri,2008-01-29,-1.112,-4.4,0.7,945.108,944.0,947.4,55.667,81.3,24
Maitri,2008-01-30,0.138,-3.9,3.0,947.217,946.2,948.1,65.521,86.3,24
Maitri,2008-01-31,0.146,-3.8,3.4,944.871,942.3,946.5,60.95,81.4,24
Maitri,2008-02-01,1.542,-2.6,8.8,942.133,941.0,943.0,61.421,81.7,24
Maitri,2008-02-02,0.858,-2.2,2.5,944.696,943.2,945.8,64.129,84.8,24
Maitri,2008-02-03,-0.596,-3.6,1.9,947.829,945.8,949.8,66.225,84.8,24
Maitri,2008-02-04,-1.621,-5.0,0.7,947.867,943.3,950.1,57.254,87.8,24
Maitri,2008-02-05,-3.696,-6.2,-1.4,938.15,936.1,942.7,57.363,84.9,24
Maitri,2008-02-06,-2.654,-7.0,0.4,943.504,938.7,946.3,53.729,79.1,24
Maitri,2008-02-07,-4.7,-9.6,-0.8,946.483,943.2,948.3,54.375,82.1,24
Maitri,2008-02-08,-2.346,-5.3,-0.2,937.387,933.9,942.5,61.925,86.3,24
Maitri,2008-02-09,-0.85,-2.0,0.4,935.908,933.5,939.6,59.233,76.3,24
Maitri,2008-02-10,-0.662,-1.9,0.3,939.488,938.8,940.1,49.65,51.4,24
Maitri,2008-02-11,-0.296,-1.5,0.9,937.512,935.6,938.8,54.917,75.4,24
Maitri,2008-02-12,-1.867,-2.9,-1.0,937.387,936.1,939.9,60.25,75.9,24
Maitri,2008-02-13,-3.417,-6.2,-1.2,942.35,940.1,944.1,56.6,75.4,24
Maitri,2008-02-14,-4.071,-6.0,-2.5,949.196,944.0,953.0,58.042,87.0,24
Maitri,2008-02-15,-3.292,-5.0,-1.5,952.642,949.6,954.4,57.908,83.5,24
Maitri,2008-02-16,-1.321,-4.8,1.9,946.217,944.4,949.3,62.425,85.2,24
Maitri,2008-02-17,-3.583,-6.6,-0.1,943.121,941.0,946.2,62.396,84.9,24
Maitri,2008-02-18,-1.988,-5.9,1.5,944.637,940.5,951.5,57.604,86.6,24
Maitri,2008-02-19,-3.162,-5.9,-0.6,955.242,951.6,957.9,54.158,84.9,24
Maitri,2008-02-20,-584.575,-999.0,-2.6,-183.446,-999.0,958.8,-552.358,87.3,24
Maitri,2008-02-21,-999.0,-999.0,-999.0,-999.0,-999.0,-999.0,-999.0,-999.0,24
Maitri,2008-02-22,-662.696,-999.0,21.5,-344.604,-999.0,1058.9,-657.004,79.3,24
Maitri,2008-02-23,-1.342,-8.5,17.6,978.808,971.3,988.5,13.388,44.0,24
Maitri,2008-02-24,-5.275,-8.4,-1.6,987.933,986.8,988.7,8.996,20.4,24
Maitri,2008-02-25,-4.913,-8.1,-0.4,992.188,988.7,995.1,21.804,61.0,24
Maitri,2008-02-26,-6.25,-8.6,-3.1,995.771,995.0,996.5,28.4,73.6,24
Maitri,2008-02-27,-5.417,-8.9,-1.0,993.988,992.3,995.9,9.504,12.5,24
Maitri,2008-02-28,-4.571,-7.3,-0.4,992.338,991.2,993.4,5.087,7.4,24
Maitri,2008-02-29,-5.146,-7.7,-0.8,992.158,991.1,993.2,4.7,7.2,24
Maitri,2008-03-01,-4.833,-7.7,-1.4,989.342,987.9,991.1,4.829,7.1,24
Maitri,2008-03-02,-4.188,-5.9,-1.2,981.654,972.9,988.4,5.104,6.9,24
Maitri,2008-03-03,-2.113,-5.3,-1.1,972.137,969.7,976.9,4.833,6.1,24
Maitri,2008-03-04,-2.4,-3.6,-1.4,979.838,977.0,980.8,4.958,6.7,24
Maitri,2008-03-05,-3.308,-6.8,0.6,977.471,975.4,979.8,4.996,7.0,24
Maitri,2008-03-06,-8.317,-10.7,-7.1,981.338,980.4,982.5,48.429,86.6,24
Maitri,2008-03-07,-7.829,-10.8,-5.3,981.629,981.0,983.1,53.854,84.9,24
Maitri,2008-03-08,-5.762,-7.4,-3.9,985.346,983.2,988.0,55.271,78.4,24
Maitri,2008-03-09,-7.146,-9.0,-5.8,987.479,984.3,989.3,54.504,85.1,24
Maitri,2008-03-10,-3.417,-6.7,-1.0,977.896,967.7,983.9,55.871,81.4,24
Maitri,2008-03-11,-1.617,-3.6,0.2,962.242,959.4,967.7,59.462,86.1,24
Maitri,2008-03-12,-1.725,-2.5,-1.1,979.462,969.1,984.8,57.529,83.8,24
Maitri,2008-03-13,-4.054,-8.6,-1.4,982.958,981.8,984.2,59.329,85.4,24
Maitri,2008-03-14,-8.908,-10.9,-5.9,987.808,983.4,991.6,56.392,76.4,24
Maitri,2008-03-15,-7.517,-11.1,-5.6,988.633,983.0,991.9,53.887,69.7,24
Maitri,2008-03-16,-7.663,-8.8,-6.7,979.062,973.9,982.5,55.446,79.1,24
Maitri,2008-03-17,-6.417,-8.0,-4.1,973.85,972.1,976.8,53.658,71.9,24
Maitri,2008-03-18,-3.896,-4.4,-3.1,977.154,976.5,978.0,56.217,86.2,24
Maitri,2008-03-19,-2.312,-3.3,-1.6,982.329,976.9,988.2,59.017,86.1,24
Maitri,2008-03-20,-3.429,-5.4,-0.5,994.075,988.5,997.4,60.175,84.1,24
Maitri,2008-03-21,-4.4,-8.1,-1.1,987.629,981.1,994.9,59.65,86.3,24
Maitri,2008-03-22,-7.483,-8.9,-5.7,983.0,979.3,988.6,54.875,84.8,24
Maitri,2008-03-23,-8.538,-12.3,-5.3,993.458,989.3,995.1,55.171,85.7,24
Maitri,2008-03-24,-11.429,-14.3,-6.7,996.271,994.2,998.8,53.863,79.1,24
Maitri,2008-03-25,-13.383,-16.1,-10.4,999.646,999.1,1000.3,54.579,80.0,24
Maitri,2008-03-26,-10.192,-14.2,-7.8,995.142,990.9,998.6,54.079,68.8,24
Maitri,2008-03-27,-8.967,-10.8,-7.3,992.067,991.0,993.0,55.308,76.0,24
Maitri,2008-03-28,-10.275,-12.5,-7.8,996.154,992.3,1000.2,55.433,84.4,24
Maitri,2008-03-29,-8.329,-10.3,-6.5,1001.325,998.9,1002.9,55.396,86.4,24
Maitri,2008-03-30,-6.325,-8.0,-4.7,994.25,991.5,998.2,57.208,86.5,24
Maitri,2008-03-31,-6.521,-7.2,-5.8,995.2,988.4,998.3,56.604,85.3,24
Maitri,2008-04-01,-6.175,-6.8,-4.6,976.479,959.8,987.9,56.892,85.9,24
Maitri,2008-04-02,-5.254,-7.3,-3.0,959.696,954.6,965.8,56.708,85.7,24
Maitri,2008-04-03,-5.163,-7.1,-3.9,973.883,965.6,982.2,54.975,85.6,24
Maitri,2008-04-04,-6.717,-12.6,-3.6,981.983,980.6,983.3,54.021,75.0,24
Maitri,2008-04-05,-10.167,-13.2,-8.5,987.654,983.2,989.7,55.246,84.3,24
Maitri,2008-04-06,-9.362,-11.1,-7.7,987.529,984.7,989.0,34.779,69.8,24
Maitri,2008-04-07,-2.229,-7.5,0.1,974.129,962.9,984.8,12.479,13.7,24
Maitri,2008-04-08,-3.825,-4.3,-3.3,969.567,964.3,975.7,12.383,13.7,24
Maitri,2008-04-09,-3.825,-4.8,-3.1,984.304,976.5,989.0,12.479,13.7,24
Maitri,2008-04-10,-4.7,-5.7,-3.9,987.871,985.9,989.9,37.454,43.5,24
Maitri,2008-04-11,-4.546,-6.0,-3.3,985.208,982.8,987.1,36.613,43.4,24
Maitri,2008-04-12,-3.958,-4.6,-3.1,981.433,980.2,982.9,24.95,25.9,24
Maitri,2008-04-13,-5.458,-7.1,-4.0,984.95,980.9,990.5,24.946,25.9,24
Maitri,2008-04-14,-11.075,-15.4,-7.1,989.212,986.0,991.7,9.892,25.4,24
Maitri,2008-04-15,-19.267,-23.2,-16.0,987.85,985.5,991.9,12.129,106.9,24
Maitri,2008-04-16,-19.454,-23.0,-14.7,995.929,992.6,999.5,1.171,1.8,24
Maitri,2008-04-17,-20.875,-22.1,-19.1,998.812,995.6,1000.2,0.9,1.7,24
Maitri,2008-04-18,-22.312,-24.5,-20.0,991.846,988.9,995.4,1.204,1.9,24
Maitri,2008-04-19,-19.204,-23.3,-16.7,985.325,983.8,988.7,1.325,1.9,24
Maitri,2008-04-20,-16.533,-20.2,-14.4,984.958,983.2,986.4,1.312,1.8,24
Maitri,2008-04-21,-12.088,-13.3,-9.4,982.733,981.7,984.2,1.125,1.9,24
Maitri,2008-04-22,-10.7,-13.0,-7.7,988.121,984.7,991.7,1.271,1.9,24
Maitri,2008-04-23,-10.929,-13.8,-7.9,1000.45,992.1,1009.8,1.283,1.9,24
Maitri,2008-04-24,-8.767,-16.8,-2.3,1009.688,1007.2,1011.8,1.292,1.9,24
Maitri,2008-04-25,-5.1,-7.2,-3.2,1001.525,995.8,1006.3,1.121,1.7,24
Maitri,2008-04-26,-7.112,-13.2,-4.0,992.325,988.3,997.7,1.117,1.7,24
Maitri,2008-04-27,-11.775,-14.0,-9.6,998.933,997.9,1000.1,1.162,1.7,24
Maitri,2008-04-28,-5.371,-8.9,-4.1,998.721,997.8,999.9,1.162,1.7,24
Maitri,2008-04-29,-5.429,-5.7,-5.0,995.512,993.9,997.2,1.325,1.8,24
Maitri,2008-04-30,-6.108,-7.2,-5.4,990.483,988.9,993.5,1.229,1.8,24
Maitri,2008-05-01,-8.55,-10.4,-7.0,988.879,987.2,992.3,1.067,1.6,24
Maitri,2008-05-02,-9.85,-12.6,-8.1,994.746,992.8,996.6,1.075,1.5,24
Maitri,2008-05-03,-11.775,-13.6,-9.3,997.417,996.0,999.3,1.112,1.6,24
Maitri,2008-05-04,-9.842,-10.5,-9.5,1004.875,999.7,1009.8,1.254,1.9,24
Maitri,2008-05-05,-10.658,-12.3,-9.5,1009.008,1006.1,1010.6,1.642,1.9,24
Maitri,2008-05-06,-14.588,-17.7,-12.3,1005.462,1004.7,1006.2,1.408,1.9,24
Maitri,2008-05-07,-17.004,-19.3,-15.2,1006.425,1005.3,1007.5,1.442,1.9,24
Maitri,2008-05-08,-19.129,-21.7,-16.9,1003.171,1000.1,1006.5,1.292,1.9,24
Maitri,2008-05-09,-16.267,-18.1,-14.5,998.708,997.7,999.8,1.371,1.9,24
Maitri,2008-05-10,-16.5,-18.3,-13.8,999.429,998.8,1000.2,1.271,1.7,24
Maitri,2008-05-11,-16.238,-18.3,-14.2,998.367,992.9,1000.6,1.338,1.9,24
Maitri,2008-05-12,-16.396,-19.3,-15.2,990.404,989.7,992.8,1.421,1.9,24
Maitri,2008-05-13,-20.683,-22.0,-18.3,995.079,990.9,1000.5,1.375,1.9,24
Maitri,2008-05-14,-23.054,-25.6,-20.6,1002.583,1001.2,1003.6,1.383,1.9,24
Maitri,2008-05-15,-17.142,-22.9,-13.5,996.267,990.9,1001.7,1.388,1.9,24
Maitri,2008-05-16,-19.692,-24.8,-11.9,990.104,988.8,992.2,0.783,1.9,24
Maitri,2008-05-17,-20.521,-24.5,-17.0,984.867,976.1,990.7,1.325,1.8,24
Maitri,2008-05-18,-12.908,-19.1,-9.0,970.225,967.5,975.5,1.35,1.9,24
Maitri,2008-05-19,-12.1,-16.1,-9.2,983.012,975.1,990.2,1.388,1.9,24
Maitri,2008-05-20,-18.525,-20.6,-16.5,990.942,989.4,992.4,1.404,1.9,24
Maitri,2008-05-21,-13.367,-16.7,-12.0,982.933,979.9,989.1,1.433,1.9,24
Maitri,2008-05-22,-12.117,-13.1,-10.9,980.925,979.6,983.1,1.404,1.9,24
Maitri,2008-05-23,-10.921,-12.5,-9.7,986.108,983.0,990.2,1.338,1.9,24
Maitri,2008-05-24,-12.158,-13.3,-11.1,991.967,990.4,993.0,1.267,1.8,24
Maitri,2008-05-25,-14.992,-16.7,-11.3,984.367,977.4,990.5,1.283,1.8,24
Maitri,2008-05-26,-15.658,-18.0,-14.1,977.613,975.0,983.2,15.367,19.8,24
Maitri,2008-05-27,-18.971,-21.3,-16.3,984.55,983.3,986.2,19.404,19.8,24
Maitri,2008-05-28,-20.708,-24.1,-16.8,982.863,981.1,983.9,19.271,19.8,24
Maitri,2008-05-29,-19.154,-21.0,-17.7,982.254,979.4,987.4,18.971,19.8,24
Maitri,2008-05-30,-17.596,-20.3,-15.4,992.275,984.7,996.6,19.3,19.8,24
Maitri,2008-05-31,-14.75,-16.4,-13.3,979.546,975.6,982.3,19.196,19.8,24
Maitri,2008-06-01,-13.521,-14.3,-12.9,987.533,983.2,989.8,19.092,19.8,24
Maitri,2008-06-02,-13.517,-14.9,-12.2,986.658,979.6,991.1,19.312,19.8,24
Maitri,2008-06-03,-16.967,-20.1,-13.3,983.7,978.9,988.7,19.279,19.8,24
Maitri,2008-06-04,-22.079,-23.7,-20.6,994.412,989.4,1000.2,19.308,19.8,24
Maitri,2008-06-05,-14.996,-22.3,-11.2,997.792,995.0,1000.8,19.012,19.6,24
Maitri,2008-06-06,-9.771,-11.4,-8.3,992.083,988.1,994.9,19.154,19.7,24
Maitri,2008-06-07,-9.867,-14.1,-8.2,985.75,981.8,989.9,19.362,19.8,24
Maitri,2008-06-08,-16.696,-17.8,-14.9,987.358,982.8,990.0,19.221,19.7,24
Maitri,2008-06-09,-13.654,-16.0,-12.1,984.767,982.4,989.0,19.325,19.8,24
Maitri,2008-06-10,-14.192,-15.7,-12.3,990.842,986.1,994.7,19.283,19.7,24
Maitri,2008-06-11,-12.662,-14.8,-11.2,992.004,989.9,994.6,19.2,19.7,24
Maitri,2008-06-12,-6.858,-11.2,-4.2,982.762,972.1,993.5,19.138,19.7,24
Maitri,2008-06-13,-4.938,-6.4,-3.4,974.446,970.6,983.2,19.217,19.8,24
Maitri,2008-06-14,-9.575,-12.6,-6.4,994.783,984.8,998.9,19.329,19.8,24
Maitri,2008-06-15,-19.542,-24.0,-12.9,990.137,988.8,994.2,19.308,19.8,24
Maitri,2008-06-16,-20.5,-23.3,-18.9,987.542,984.5,989.2,19.217,19.8,24
Maitri,2008-06-17,-19.079,-21.6,-17.5,981.725,979.1,984.3,19.129,19.7,24
Maitri,2008-06-18,-20.942,-22.7,-19.3,979.688,978.8,980.7,19.325,19.8,24
Maitri,2008-06-19,-22.4,-27.3,-18.4,981.3,978.9,982.8,19.217,19.8,24
Maitri,2008-06-20,-25.317,-29.2,-20.9,984.688,982.9,985.8,19.046,19.8,24
Maitri,2008-06-21,-25.821,-28.5,-22.6,989.358,986.4,991.0,19.246,19.8,24
Maitri,2008-06-22,-28.104,-30.7,-26.2,988.117,986.8,990.3,19.171,19.7,24
Maitri,2008-06-23,-28.783,-31.3,-26.9,992.75,990.7,994.1,19.158,19.8,24
Maitri,2008-06-24,-25.808,-27.0,-23.0,988.546,984.1,992.4,19.054,19.7,24
Maitri,2008-06-25,-19.229,-22.7,-14.8,972.538,958.1,983.9,19.104,19.7,24
Maitri,2008-06-26,-12.658,-14.6,-10.5,958.217,952.7,972.1,19.162,19.7,24
Maitri,2008-06-27,-18.762,-25.0,-12.9,984.042,972.4,988.4,19.146,19.8,24
Maitri,2008-06-28,-22.546,-26.1,-20.4,984.242,981.1,987.1,36.042,114.7,24
Maitri,2008-06-29,-19.554,-21.9,-17.5,986.538,981.3,989.7,113.408,125.3,24
Maitri,2008-06-30,-15.704,-17.3,-13.9,980.892,979.0,984.9,102.575,120.3,24
Maitri,2008-07-01,-14.546,-15.5,-13.6,989.95,983.6,993.9,111.092,123.5,24
Maitri,2008-07-02,-14.529,-15.5,-12.7,993.3,991.9,994.3,104.154,124.9,24
Maitri,2008-07-03,-15.767,-20.6,-12.5,997.225,994.5,999.5,111.004,123.1,24
Maitri,2008-07-04,-21.017,-22.8,-20.0,993.854,992.5,996.3,112.717,126.1,24
Maitri,2008-07-05,-24.346,-27.6,-22.9,992.608,991.7,993.5,111.571,126.3,24
Maitri,2008-07-06,-24.562,-27.6,-18.6,997.933,993.5,1000.7,110.679,122.8,24
Maitri,2008-07-07,-16.042,-18.7,-14.4,992.008,977.3,999.9,108.192,121.4,24
Maitri,2008-07-08,-16.746,-19.6,-12.7,977.379,968.3,980.8,115.042,125.7,24
Maitri,2008-07-09,-23.958,-30.7,-16.2,967.496,964.2,976.2,112.317,125.2,24
Maitri,2008-07-10,-21.521,-29.8,-13.7,986.642,977.5,990.1,110.696,125.9,24
Maitri,2008-07-11,-14.096,-15.2,-13.1,992.808,988.1,996.8,107.979,125.8,24
Maitri,2008-07-12,-10.55,-12.9,-9.0,976.508,964.5,994.2,110.9,124.7,24
Maitri,2008-07-13,-10.971,-12.0,-10.3,969.038,966.3,973.8,107.296,123.1,24
Maitri,2008-07-14,-12.317,-13.1,-12.0,982.833,974.5,989.7,111.446,125.8,24
Maitri,2008-07-15,-14.517,-18.3,-11.6,991.246,989.9,992.2,112.663,124.4,24
Maitri,2008-07-16,-20.829,-22.3,-18.9,987.558,983.5,990.2,112.587,122.6,24
Maitri,2008-07-17,-24.825,-26.7,-22.8,979.7,978.1,983.0,114.733,126.4,24
Maitri,2008-07-18,-22.892,-26.9,-20.5,988.983,981.1,998.0,111.675,124.4,24
Maitri,2008-07-19,-19.496,-22.3,-13.8,995.642,981.0,1000.9,111.579,125.7,24
Maitri,2008-07-20,-9.958,-13.2,-7.7,966.825,959.9,979.6,114.767,126.4,24
Maitri,2008-07-21,-13.912,-19.3,-7.5,980.137,962.0,990.6,114.733,126.6,24
Maitri,2008-07-22,-11.925,-16.0,-9.3,982.508,975.8,989.1,115.671,126.2,24
Maitri,2008-07-23,-14.862,-16.0,-13.8,974.754,973.3,977.5,114.4,125.8,24
Maitri,2008-07-24,-13.408,-13.7,-12.7,984.033,978.0,987.2,114.204,125.6,24
Maitri,2008-07-25,-13.529,-16.2,-12.2,975.425,967.4,985.5,109.117,124.7,24
Maitri,2008-07-26,-10.638,-12.9,-9.4,965.275,963.6,968.4,114.862,125.9,24
Maitri,2008-07-27,-10.208,-11.3,-8.7,979.521,969.8,987.0,113.483,126.4,24
Maitri,2008-07-28,-11.475,-15.1,-8.7,991.496,988.0,992.9,112.75,126.2,24
Maitri,2008-07-29,-12.362,-14.9,-10.0,992.462,991.2,993.7,110.679,123.9,24
Maitri,2008-07-30,-16.229,-19.8,-11.8,989.604,985.6,993.1,115.683,127.0,24
Maitri,2008-07-31,-16.388,-17.5,-15.7,989.329,985.9,992.1,115.754,126.8,24
Maitri,2008-08-01,-19.208,-23.2,-16.6,995.333,992.6,997.1,112.983,127.2,24
Maitri,2008-08-02,-20.104,-22.0,-18.5,991.233,988.4,995.9,117.308,126.7,24
Maitri,2008-08-03,-18.458,-19.5,-17.1,983.113,978.8,988.4,113.571,126.4,24
Maitri,2008-08-04,-18.629,-20.4,-17.0,977.971,977.6,979.1,111.867,127.1,24
Maitri,2008-08-05,-20.508,-23.4,-17.6,985.792,979.3,990.3,114.929,126.7,24
Maitri,2008-08-06,-22.438,-24.7,-20.9,990.471,989.6,991.0,109.642,125.5,24
Maitri,2008-08-07,-22.95,-25.9,-21.0,987.921,986.9,989.5,115.046,123.9,24
Maitri,2008-08-08,-25.417,-27.6,-23.6,985.433,984.5,987.3,113.808,126.0,24
Maitri,2008-08-09,-24.492,-27.0,-22.7,989.246,985.1,995.4,114.033,126.3,24
Maitri,2008-08-10,-25.571,-28.0,-23.2,1001.962,996.0,1005.5,119.071,127.3,24
Maitri,2008-08-11,-24.25,-27.1,-20.9,1001.088,996.5,1004.5,112.362,125.6,24
Maitri,2008-08-12,-23.796,-29.3,-19.5,987.271,980.4,995.9,112.346,126.7,24
Maitri,2008-08-13,-19.713,-23.9,-17.9,987.104,981.3,990.5,107.129,123.3,24
Maitri,2008-08-14,-17.862,-21.0,-15.3,982.596,975.8,987.9,111.708,124.0,24
Maitri,2008-08-15,-14.312,-15.5,-13.4,972.321,968.5,976.0,106.125,124.1,24
Maitri,2008-08-16,-13.475,-14.5,-12.3,966.392,964.9,967.9,113.958,124.1,24
Maitri,2008-08-17,-13.821,-17.8,-12.4,972.588,966.1,981.1,111.388,123.7,24
Maitri,2008-08-18,-17.525,-20.7,-14.7,992.167,982.6,997.6,113.733,125.2,24
Maitri,2008-08-19,-13.821,-17.9,-9.2,981.721,970.3,995.2,117.383,125.7,24
Maitri,2008-08-20,-16.612,-17.2,-15.3,974.579,972.8,976.0,115.188,124.8,24
Maitri,2008-08-21,-18.15,-20.6,-15.9,976.938,975.0,980.5,114.846,126.4,24
Maitri,2008-08-22,-21.683,-25.0,-19.0,989.3,981.3,997.2,114.042,125.5,24
Maitri,2008-08-23,-22.383,-24.4,-20.1,999.683,998.2,1000.8,112.371,125.9,24
Maitri,2008-08-24,-16.5,-22.7,-13.5,993.892,986.8,999.9,112.821,124.7,24
Maitri,2008-08-25,-20.504,-27.7,-15.7,985.325,983.0,988.7,115.112,125.1,24
Maitri,2008-08-26,-23.504,-26.3,-20.8,981.683,979.5,984.4,112.275,125.1,24
Maitri,2008-08-27,-24.929,-29.3,-22.4,979.017,978.6,979.6,113.279,125.5,24
Maitri,2008-08-28,-25.675,-28.9,-24.0,986.562,979.7,993.5,113.154,124.1,24
Maitri,2008-08-29,-21.358,-24.3,-18.9,996.233,993.4,999.9,107.679,124.2,24
Maitri,2008-08-30,-16.575,-18.6,-14.7,989.633,982.7,997.3,110.312,123.6,24
Maitri,2008-08-31,-14.175,-14.9,-12.9,981.067,979.0,984.2,109.9,124.1,24
Maitri,2008-09-01,-10.525,-12.6,-8.2,980.242,977.0,983.6,113.667,125.4,24
Maitri,2008-09-02,-6.721,-8.0,-5.9,973.279,970.6,976.5,112.075,122.2,24
Maitri,2008-09-03,-6.383,-7.4,-5.1,979.379,977.3,981.5,114.938,125.2,24
Maitri,2008-09-04,-10.85,-15.0,-6.0,979.975,978.7,981.6,115.946,125.6,24
Maitri,2008-09-05,-14.325,-16.1,-12.3,982.188,980.3,985.6,116.538,125.0,24
Maitri,2008-09-06,-15.217,-16.2,-14.3,987.504,983.7,990.1,113.979,124.3,24
Maitri,2008-09-07,-14.275,-17.5,-12.7,984.067,982.4,985.0,115.829,124.6,24
Maitri,2008-09-08,-11.708,-15.5,-7.9,979.637,977.6,983.1,116.346,124.2,24
Maitri,2008-09-09,-9.833,-13.5,-8.4,975.887,974.3,977.5,115.829,125.5,24
Maitri,2008-09-10,-15.821,-20.8,-11.1,982.658,978.0,985.2,116.133,125.7,24
Maitri,2008-09-11,-19.888,-23.3,-15.2,985.637,984.8,986.6,117.925,125.6,24
Maitri,2008-09-12,-20.525,-24.1,-18.7,987.396,986.0,989.1,111.538,124.4,24
Maitri,2008-09-13,-18.304,-22.8,-14.4,990.333,988.9,991.2,115.342,124.4,24
Maitri,2008-09-14,-21.338,-25.8,-19.5,989.596,987.4,991.4,115.729,124.1,24
Maitri,2008-09-15,-22.354,-24.8,-20.2,986.121,985.3,987.5,113.029,125.2,24
Maitri,2008-09-16,-22.154,-25.5,-16.9,987.642,985.3,991.6,115.079,124.7,24
Maitri,2008-09-17,-22.067,-25.3,-20.0,989.767,987.2,991.4,111.862,124.4,24
Maitri,2008-09-18,-15.746,-19.6,-11.6,980.983,976.3,987.0,115.075,124.9,24
Maitri,2008-09-19,-13.329,-19.4,-9.3,975.387,973.2,978.7,112.767,125.4,24
Maitri,2008-09-20,-19.438,-21.8,-17.5,975.75,973.3,982.3,109.329,125.3,24
Maitri,2008-09-21,-13.658,-17.2,-12.2,987.3,983.0,988.8,117.521,126.9,24
Maitri,2008-09-22,-11.367,-13.0,-9.7,984.617,979.5,988.5,112.958,124.9,24
Maitri,2008-09-23,-10.292,-13.6,-7.4,975.625,972.9,978.6,114.638,125.4,24
Maitri,2008-09-24,-14.208,-17.5,-10.8,980.379,974.6,990.1,115.754,125.8,24
Maitri,2008-09-25,-16.654,-20.7,-13.3,988.6,984.4,990.7,111.821,125.8,24
Maitri,2008-09-26,-17.729,-20.5,-15.4,985.458,982.5,988.3,114.083,126.8,24
Maitri,2008-09-27,-16.304,-18.2,-13.1,980.996,970.4,988.2,115.075,126.0,24
Maitri,2008-09-28,-11.067,-14.3,-9.0,970.304,967.1,976.5,112.742,126.6,24
Maitri,2008-09-29,-14.175,-17.6,-9.7,982.0,977.3,989.4,115.979,124.6,24
Maitri,2008-09-30,-14.746,-18.8,-10.3,987.9,982.7,991.0,112.679,125.4,24
Maitri,2008-10-01,-14.146,-15.9,-11.7,983.55,982.0,984.6,111.846,123.9,24
Maitri,2008-10-02,-14.496,-17.6,-10.9,977.971,972.3,983.8,110.108,120.3,24
Maitri,2008-10-03,-12.65,-16.1,-10.2,980.121,972.5,988.7,102.771,113.0,24
Maitri,2008-10-04,-16.671,-19.2,-12.3,990.863,986.5,993.4,107.238,119.4,24
Maitri,2008-10-05,-18.021,-22.4,-16.5,977.238,971.8,985.9,111.317,124.4,24
Maitri,2008-10-06,-15.217,-17.8,-13.2,975.812,971.0,983.0,112.158,123.9,24
Maitri,2008-10-07,-15.375,-19.6,-12.1,983.887,980.1,986.7,113.183,125.2,24
Maitri,2008-10-08,-13.596,-14.8,-12.0,980.971,978.4,983.4,114.05,124.1,24
Maitri,2008-10-09,-12.779,-15.2,-8.8,982.05,980.5,983.6,110.746,122.7,24
Maitri,2008-10-10,-9.304,-13.8,-6.5,976.225,972.4,981.8,104.308,123.8,24
Maitri,2008-10-11,-6.183,-8.1,-5.2,972.079,970.0,976.1,113.421,126.6,24
Maitri,2008-10-12,-5.812,-8.8,-4.9,981.058,976.5,983.3,112.65,124.0,24
Maitri,2008-10-13,-9.538,-12.1,-6.5,976.233,973.5,981.6,114.413,123.5,24
Maitri,2008-10-14,-10.929,-15.5,-7.9,976.9,974.2,981.0,112.663,123.5,24
Maitri,2008-10-15,-14.729,-16.5,-13.0,984.417,981.8,985.3,104.779,127.0,24
Maitri,2008-10-16,-12.742,-14.6,-9.5,983.683,982.3,985.7,106.042,121.2,24
Maitri,2008-10-17,-11.708,-13.7,-8.4,982.462,981.7,983.4,112.038,123.9,24
Maitri,2008-10-18,-11.683,-14.1,-8.7,983.717,982.3,984.8,111.817,124.0,24
Maitri,2008-10-19,-10.117,-12.8,-6.7,990.85,985.0,993.4,111.146,124.6,24
Maitri,2008-10-20,-13.171,-15.5,-10.5,988.917,980.9,993.3,112.779,124.5,24
Maitri,2008-10-21,-14.879,-17.9,-10.7,977.354,976.0,980.1,112.817,125.9,24
Maitri,2008-10-22,-15.562,-20.1,-11.4,980.208,977.7,982.6,115.979,126.4,24
Maitri,2008-10-23,-16.083,-19.3,-12.0,983.171,982.3,984.4,115.125,125.4,24
Maitri,2008-10-24,-13.888,-18.5,-8.8,984.642,984.0,985.4,117.304,126.7,24
Maitri,2008-10-25,-16.167,-18.8,-11.3,983.812,982.4,984.5,115.262,125.9,24
Maitri,2008-10-26,-15.892,-19.1,-12.3,982.721,981.4,984.8,113.304,126.2,24
Maitri,2008-10-27,-16.742,-19.7,-14.2,987.671,984.9,991.1,110.421,126.2,24
Maitri,2008-10-28,-14.221,-18.7,-9.5,989.458,987.9,991.1,115.629,125.0,24
Maitri,2008-10-29,-14.042,-16.5,-11.5,991.438,988.1,994.9,111.988,125.4,24
Maitri,2008-10-30,-12.462,-17.8,-8.1,995.679,993.3,998.0,116.158,125.2,24
Maitri,2008-10-31,-10.125,-14.7,-6.4,997.567,992.1,1000.1,114.212,125.6,24
Maitri,2008-11-01,-8.8,-12.9,-5.5,997.183,995.4,999.9,110.062,123.0,24
Maitri,2008-11-02,-6.117,-10.5,-2.3,998.954,996.1,1000.6,110.796,123.0,24
Maitri,2008-11-03,-3.329,-5.1,-2.2,997.821,989.3,1001.4,109.042,120.9,24
Maitri,2008-11-04,-6.642,-8.1,-3.1,987.954,984.3,993.4,109.383,120.8,24
Maitri,2008-11-05,-5.708,-9.7,-1.5,997.175,993.7,998.8,110.833,119.9,24
Maitri,2008-11-06,-7.112,-10.9,-2.4,990.075,985.0,996.5,110.1,119.7,24
Maitri,2008-11-07,-8.021,-10.6,-5.2,981.962,978.6,984.9,107.046,120.0,24
Maitri,2008-11-08,-5.467,-8.5,-2.0,975.833,972.8,978.0,112.012,119.2,24
Maitri,2008-11-09,-4.663,-10.4,0.0,970.854,969.3,973.7,111.121,119.6,24
Maitri,2008-11-10,-4.004,-5.0,-3.1,976.604,974.1,978.0,112.008,119.8,24
Maitri,2008-11-11,-5.038,-8.9,-1.1,975.363,974.1,977.6,109.967,120.6,24
Maitri,2008-11-12,-6.854,-9.9,-4.0,979.792,975.1,984.3,110.521,120.4,24
Maitri,2008-11-13,-6.308,-10.8,-1.2,986.929,984.4,989.0,111.404,119.0,24
Maitri,2008-11-14,-8.671,-11.9,-6.4,981.038,974.6,984.6,109.7,120.6,24
Maitri,2008-11-15,-8.525,-11.8,-4.4,969.021,967.0,973.6,110.562,117.7,24
Maitri,2008-11-16,-7.921,-12.2,-4.0,981.608,972.0,989.0,112.05,120.1,24
Maitri,2008-11-17,-6.221,-13.4,-1.6,988.642,987.8,989.5,109.183,119.4,24
Maitri,2008-11-18,-2.617,-7.4,1.2,984.55,978.5,988.4,112.9,121.5,24
Maitri,2008-11-19,-4.904,-9.6,-1.3,979.038,978.1,979.7,112.362,121.9,24
Maitri,2008-11-20,-7.583,-10.5,-4.2,976.717,976.1,978.0,113.804,121.6,24
Maitri,2008-11-21,-6.692,-11.2,-3.8,979.983,976.5,983.3,114.012,120.9,24
Maitri,2008-11-22,-5.096,-7.4,-2.9,985.988,983.5,988.7,106.629,119.7,24
Maitri,2008-11-23,-5.546,-9.3,-2.0,987.338,984.0,989.0,113.404,121.9,24
Maitri,2008-11-24,-6.471,-9.7,-3.1,981.071,979.5,983.8,94.317,120.1,24
Maitri,2008-11-25,-5.362,-9.2,-3.4,984.004,980.2,985.9,76.692,77.3,24
Maitri,2008-11-26,-4.621,-7.3,-2.8,982.804,981.5,984.7,76.871,77.3,24
Maitri,2008-11-27,-1.25,-4.0,1.3,983.025,982.3,983.8,76.587,77.1,24
Maitri,2008-11-28,-0.821,-3.1,1.8,982.054,980.7,983.1,76.608,77.2,24
Maitri,2008-11-29,-1.488,-2.7,-0.2,977.988,976.3,980.4,76.654,77.1,24
Maitri,2008-11-30,-791.412,-999.0,-2.1,-587.538,-999.0,976.7,-774.942,76.8,24
Maitri,2008-12-01,-999.0,-999.0,-999.0,-999.0,-999.0,-999.0,-999.0,-999.0,24
Maitri,2008-12-02,-999.0,-999.0,-999.0,-999.0,-999.0,-999.0,-999.0,-999.0,24
Maitri,2008-12-03,-999.0,-999.0,-999.0,-999.0,-999.0,-999.0,-999.0,-999.0,24
Maitri,2008-12-04,-999.0,-999.0,-999.0,-999.0,-999.0,-999.0,-999.0,-999.0,24
Maitri,2008-12-05,-999.0,-999.0,-999.0,-999.0,-999.0,-999.0,-999.0,-999.0,24
Maitri,2008-12-06,-999.0,-999.0,-999.0,-999.0,-999.0,-999.0,-999.0,-999.0,24
Maitri,2008-12-07,-999.0,-999.0,-999.0,-999.0,-999.0,-999.0,-999.0,-999.0,24
Maitri,2008-12-08,-999.0,-999.0,-999.0,-999.0,-999.0,-999.0,-999.0,-999.0,24
Maitri,2008-12-09,-999.0,-999.0,-999.0,-999.0,-999.0,-999.0,-999.0,-999.0,24
Maitri,2008-12-10,-999.0,-999.0,-999.0,-999.0,-999.0,-999.0,-999.0,-999.0,24
Maitri,2008-12-11,-999.0,-999.0,-999.0,-999.0,-999.0,-999.0,-999.0,-999.0,24
Maitri,2008-12-12,-999.0,-999.0,-999.0,-999.0,-999.0,-999.0,-999.0,-999.0,24
Maitri,2008-12-13,-999.0,-999.0,-999.0,-999.0,-999.0,-999.0,-999.0,-999.0,24
Maitri,2008-12-14,-999.0,-999.0,-999.0,-999.0,-999.0,-999.0,-999.0,-999.0,24
Maitri,2008-12-15,-999.0,-999.0,-999.0,-999.0,-999.0,-999.0,-999.0,-999.0,24
Maitri,2008-12-16,-999.0,-999.0,-999.0,-999.0,-999.0,-999.0,-999.0,-999.0,24
Maitri,2008-12-17,-999.0,-999.0,-999.0,-999.0,-999.0,-999.0,-999.0,-999.0,24
Maitri,2008-12-18,-999.0,-999.0,-999.0,-999.0,-999.0,-999.0,-999.0,-999.0,24
Maitri,2008-12-19,-999.0,-999.0,-999.0,-999.0,-999.0,-999.0,-999.0,-999.0,24
Maitri,2008-12-20,-999.0,-999.0,-999.0,-999.0,-999.0,-999.0,-999.0,-999.0,24
Maitri,2008-12-21,-999.0,-999.0,-999.0,-999.0,-999.0,-999.0,-999.0,-999.0,24
Maitri,2008-12-22,-999.0,-999.0,-999.0,-999.0,-999.0,-999.0,-999.0,-999.0,24
Maitri,2008-12-23,-999.0,-999.0,-999.0,-999.0,-999.0,-999.0,-999.0,-999.0,24
Maitri,2008-12-24,-999.0,-999.0,-999.0,-999.0,-999.0,-999.0,-999.0,-999.0,24
Maitri,2008-12-25,-999.0,-999.0,-999.0,-999.0,-999.0,-999.0,-999.0,-999.0,24
Maitri,2008-12-26,-999.0,-999.0,-999.0,-999.0,-999.0,-999.0,-999.0,-999.0,24
Maitri,2008-12-27,-999.0,-999.0,-999.0,-999.0,-999.0,-999.0,-999.0,-999.0,24
Maitri,2008-12-28,-999.0,-999.0,-999.0,-999.0,-999.0,-999.0,-999.0,-999.0,24
Maitri,2008-12-29,-999.0,-999.0,-999.0,-999.0,-999.0,-999.0,-999.0,-999.0,24
Maitri,2008-12-30,-999.0,-999.0,-999.0,-999.0,-999.0,-999.0,-999.0,-999.0,24
Maitri,2008-12-31,-999.0,-999.0,-999.0,-999.0,-999.0,-999.0,-999.0,-999.0,24
Maitri,2009-01-01,-999.0,-999.0,-999.0,-999.0,-999.0,-999.0,-999.0,-999.0,24
Maitri,2009-01-02,-999.0,-999.0,-999.0,-999.0,-999.0,-999.0,-999.0,-999.0,24
Maitri,2009-01-03,-999.0,-999.0,-999.0,-999.0,-999.0,-999.0,-999.0,-999.0,24
Maitri,2009-01-04,-999.0,-999.0,-999.0,-999.0,-999.0,-999.0,-999.0,-999.0,24
Maitri,2009-01-05,-999.0,-999.0,-999.0,-999.0,-999.0,-999.0,-999.0,-999.0,24
Maitri,2009-01-06,-999.0,-999.0,-999.0,-999.0,-999.0,-999.0,-999.0,-999.0,24
Maitri,2009-01-07,-999.0,-999.0,-999.0,-999.0,-999.0,-999.0,-999.0,-999.0,24
Maitri,2009-01-08,-999.0,-999.0,-999.0,-999.0,-999.0,-999.0,-999.0,-999.0,24
Maitri,2009-01-09,-999.0,-999.0,-999.0,-999.0,-999.0,-999.0,-999.0,-999.0,24
Maitri,2009-01-10,-999.0,-999.0,-999.0,-999.0,-999.0,-999.0,-999.0,-999.0,24
Maitri,2009-01-11,-999.0,-999.0,-999.0,-999.0,-999.0,-999.0,-999.0,-999.0,24
Maitri,2009-01-12,-999.0,-999.0,-999.0,-999.0,-999.0,-999.0,-999.0,-999.0,24
Maitri,2009-01-13,-999.0,-999.0,-999.0,-999.0,-999.0,-999.0,-999.0,-999.0,24
Maitri,2009-01-14,-999.0,-999.0,-999.0,-999.0,-999.0,-999.0,-999.0,-999.0,24
Maitri,2009-01-15,-999.0,-999.0,-999.0,-999.0,-999.0,-999.0,-999.0,-999.0,24
Maitri,2009-01-16,-999.0,-999.0,-999.0,-999.0,-999.0,-999.0,-999.0,-999.0,24
Maitri,2009-01-17,-999.0,-999.0,-999.0,-999.0,-999.0,-999.0,-999.0,-999.0,24
Maitri,2009-01-18,-999.0,-999.0,-999.0,-999.0,-999.0,-999.0,-999.0,-999.0,24
Maitri,2009-01-19,-999.0,-999.0,-999.0,-999.0,-999.0,-999.0,-999.0,-999.0,24
Maitri,2009-01-20,-999.0,-999.0,-999.0,-999.0,-999.0,-999.0,-999.0,-999.0,24
Maitri,2009-01-21,-999.0,-999.0,-999.0,-999.0,-999.0,-999.0,-999.0,-999.0,24
Maitri,2009-01-22,-999.0,-999.0,-999.0,-999.0,-999.0,-999.0,-999.0,-999.0,24
Maitri,2009-01-23,-999.0,-999.0,-999.0,-999.0,-999.0,-999.0,-999.0,-999.0,24
Maitri,2009-01-24,-999.0,-999.0,-999.0,-999.0,-999.0,-999.0,-999.0,-999.0,24
Maitri,2009-01-25,-999.0,-999.0,-999.0,-999.0,-999.0,-999.0,-999.0,-999.0,24
Maitri,2009-01-26,-999.0,-999.0,-999.0,-999.0,-999.0,-999.0,-999.0,-999.0,24
Maitri,2009-01-27,-999.0,-999.0,-999.0,-999.0,-999.0,-999.0,-999.0,-999.0,24
Maitri,2009-01-28,-999.0,-999.0,-999.0,-999.0,-999.0,-999.0,-999.0,-999.0,24
Maitri,2009-01-29,-999.0,-999.0,-999.0,-999.0,-999.0,-999.0,-999.0,-999.0,24
Maitri,2009-01-30,-999.0,-999.0,-999.0,-999.0,-999.0,-999.0,-999.0,-999.0,24
Maitri,2009-01-31,-999.0,-999.0,-999.0,-999.0,-999.0,-999.0,-999.0,-999.0,24
Maitri,2009-02-01,-999.0,-999.0,-999.0,-999.0,-999.0,-999.0,-999.0,-999.0,24
Maitri,2009-02-02,-999.0,-999.0,-999.0,-999.0,-999.0,-999.0,-999.0,-999.0,24
Maitri,2009-02-03,-999.0,-999.0,-999.0,-999.0,-999.0,-999.0,-999.0,-999.0,24
Maitri,2009-02-04,-999.0,-999.0,-999.0,-999.0,-999.0,-999.0,-999.0,-999.0,24
Maitri,2009-02-05,-999.0,-999.0,-999.0,-999.0,-999.0,-999.0,-999.0,-999.0,24
Maitri,2009-02-06,-999.0,-999.0,-999.0,-999.0,-999.0,-999.0,-999.0,-999.0,24
Maitri,2009-02-07,-999.0,-999.0,-999.0,-999.0,-999.0,-999.0,-999.0,-999.0,24
Maitri,2009-02-08,-999.0,-999.0,-999.0,-999.0,-999.0,-999.0,-999.0,-999.0,24
Maitri,2009-02-09,-999.0,-999.0,-999.0,-999.0,-999.0,-999.0,-999.0,-999.0,24
Maitri,2009-02-10,-999.0,-999.0,-999.0,-999.0,-999.0,-999.0,-999.0,-999.0,24
Maitri,2009-02-11,-999.0,-999.0,-999.0,-999.0,-999.0,-999.0,-999.0,-999.0,24
Maitri,2009-02-12,-999.0,-999.0,-999.0,-999.0,-999.0,-999.0,-999.0,-999.0,24
Maitri,2009-02-13,-999.0,-999.0,-999.0,-999.0,-999.0,-999.0,-999.0,-999.0,24
Maitri,2009-02-14,-999.0,-999.0,-999.0,-999.0,-999.0,-999.0,-999.0,-999.0,24
Maitri,2009-02-15,-999.0,-999.0,-999.0,-999.0,-999.0,-999.0,-999.0,-999.0,24
Maitri,2009-02-16,-999.0,-999.0,-999.0,-999.0,-999.0,-999.0,-999.0,-999.0,24
Maitri,2009-02-17,-999.0,-999.0,-999.0,-999.0,-999.0,-999.0,-999.0,-999.0,24
Maitri,2009-02-18,-999.0,-999.0,-999.0,-999.0,-999.0,-999.0,-999.0,-999.0,24
Maitri,2009-02-19,-999.0,-999.0,-999.0,-999.0,-999.0,-999.0,-999.0,-999.0,24
Maitri,2009-02-20,-999.0,-999.0,-999.0,-999.0,-999.0,-999.0,-999.0,-999.0,24
Maitri,2009-02-21,-999.0,-999.0,-999.0,-999.0,-999.0,-999.0,-999.0,-999.0,24
Maitri,2009-02-22,-999.0,-999.0,-999.0,-999.0,-999.0,-999.0,-999.0,-999.0,24
Maitri,2009-02-23,-999.0,-999.0,-999.0,-999.0,-999.0,-999.0,-999.0,-999.0,24
Maitri,2009-02-24,-999.0,-999.0,-999.0,-999.0,-999.0,-999.0,-999.0,-999.0,24
Maitri,2009-02-25,-999.0,-999.0,-999.0,-999.0,-999.0,-999.0,-999.0,-999.0,24
Maitri,2009-02-26,-999.0,-999.0,-999.0,-999.0,-999.0,-999.0,-999.0,-999.0,24
Maitri,2009-02-27,-999.0,-999.0,-999.0,-999.0,-999.0,-999.0,-999.0,-999.0,24
Maitri,2009-02-28,-999.0,-999.0,-999.0,-999.0,-999.0,-999.0,-999.0,-999.0,24
Maitri,2009-03-01,-999.0,-999.0,-999.0,-999.0,-999.0,-999.0,-999.0,-999.0,24
Maitri,2009-03-02,-999.0,-999.0,-999.0,-999.0,-999.0,-999.0,-999.0,-999.0,24
Maitri,2009-03-03,-999.0,-999.0,-999.0,-999.0,-999.0,-999.0,-999.0,-999.0,24
Maitri,2009-03-04,-999.0,-999.0,-999.0,-999.0,-999.0,-999.0,-999.0,-999.0,24
Maitri,2009-03-05,-999.0,-999.0,-999.0,-999.0,-999.0,-999.0,-999.0,-999.0,24
Maitri,2009-03-06,-999.0,-999.0,-999.0,-999.0,-999.0,-999.0,-999.0,-999.0,24
Maitri,2009-03-07,-999.0,-999.0,-999.0,-999.0,-999.0,-999.0,-999.0,-999.0,24
Maitri,2009-03-08,-999.0,-999.0,-999.0,-999.0,-999.0,-999.0,-999.0,-999.0,24
Maitri,2009-03-09,-999.0,-999.0,-999.0,-999.0,-999.0,-999.0,-999.0,-999.0,24
Maitri,2009-03-10,-999.0,-999.0,-999.0,-999.0,-999.0,-999.0,-999.0,-999.0,24
Maitri,2009-03-11,-999.0,-999.0,-999.0,-999.0,-999.0,-999.0,-999.0,-999.0,24
Maitri,2009-03-12,-999.0,-999.0,-999.0,-999.0,-999.0,-999.0,-999.0,-999.0,24
Maitri,2009-03-13,-999.0,-999.0,-999.0,-999.0,-999.0,-999.0,-999.0,-999.0,24
Maitri,2009-03-14,-999.0,-999.0,-999.0,-999.0,-999.0,-999.0,-999.0,-999.0,24
Maitri,2009-03-15,-999.0,-999.0,-999.0,-999.0,-999.0,-999.0,-999.0,-999.0,24
Maitri,2009-03-16,-999.0,-999.0,-999.0,-999.0,-999.0,-999.0,-999.0,-999.0,24
Maitri,2009-03-17,-999.0,-999.0,-999.0,-999.0,-999.0,-999.0,-999.0,-999.0,24
Maitri,2009-03-18,-999.0,-999.0,-999.0,-999.0,-999.0,-999.0,-999.0,-999.0,24
Maitri,2009-03-19,-999.0,-999.0,-999.0,-999.0,-999.0,-999.0,-999.0,-999.0,24
Maitri,2009-03-20,-999.0,-999.0,-999.0,-999.0,-999.0,-999.0,-999.0,-999.0,24
Maitri,2009-03-21,-999.0,-999.0,-999.0,-999.0,-999.0,-999.0,-999.0,-999.0,24
Maitri,2009-03-22,-999.0,-999.0,-999.0,-999.0,-999.0,-999.0,-999.0,-999.0,24
Maitri,2009-03-23,-999.0,-999.0,-999.0,-999.0,-999.0,-999.0,-999.0,-999.0,24
Maitri,2009-03-24,-999.0,-999.0,-999.0,-999.0,-999.0,-999.0,-999.0,-999.0,24
Maitri,2009-03-25,-999.0,-999.0,-999.0,-999.0,-999.0,-999.0,-999.0,-999.0,24
Maitri,2009-03-26,-999.0,-999.0,-999.0,-999.0,-999.0,-999.0,-999.0,-999.0,24
Maitri,2009-03-27,-999.0,-999.0,-999.0,-999.0,-999.0,-999.0,-999.0,-999.0,24
Maitri,2009-03-28,-999.0,-999.0,-999.0,-999.0,-999.0,-999.0,-999.0,-999.0,24
Maitri,2009-03-29,-999.0,-999.0,-999.0,-999.0,-999.0,-999.0,-999.0,-999.0,24
Maitri,2009-03-30,-999.0,-999.0,-999.0,-999.0,-999.0,-999.0,-999.0,-999.0,24
Maitri,2009-03-31,-999.0,-999.0,-999.0,-999.0,-999.0,-999.0,-999.0,-999.0,24
Maitri,2009-04-01,-999.0,-999.0,-999.0,-999.0,-999.0,-999.0,-999.0,-999.0,24
Maitri,2009-04-02,-999.0,-999.0,-999.0,-999.0,-999.0,-999.0,-999.0,-999.0,24
Maitri,2009-04-03,-999.0,-999.0,-999.0,-999.0,-999.0,-999.0,-999.0,-999.0,24
Maitri,2009-04-04,-999.0,-999.0,-999.0,-999.0,-999.0,-999.0,-999.0,-999.0,24
Maitri,2009-04-05,-999.0,-999.0,-999.0,-999.0,-999.0,-999.0,-999.0,-999.0,24
Maitri,2009-04-06,-999.0,-999.0,-999.0,-999.0,-999.0,-999.0,-999.0,-999.0,24
Maitri,2009-04-07,-999.0,-999.0,-999.0,-999.0,-999.0,-999.0,-999.0,-999.0,24
Maitri,2009-04-08,-999.0,-999.0,-999.0,-999.0,-999.0,-999.0,-999.0,-999.0,24
Maitri,2009-04-09,-999.0,-999.0,-999.0,-999.0,-999.0,-999.0,-999.0,-999.0,24
Maitri,2009-04-10,-999.0,-999.0,-999.0,-999.0,-999.0,-999.0,-999.0,-999.0,24
Maitri,2009-04-11,-999.0,-999.0,-999.0,-999.0,-999.0,-999.0,-999.0,-999.0,24
Maitri,2009-04-12,-999.0,-999.0,-999.0,-999.0,-999.0,-999.0,-999.0,-999.0,24
Maitri,2009-04-13,-999.0,-999.0,-999.0,-999.0,-999.0,-999.0,-999.0,-999.0,24
Maitri,2009-04-14,-999.0,-999.0,-999.0,-999.0,-999.0,-999.0,-999.0,-999.0,24
Maitri,2009-04-15,-999.0,-999.0,-999.0,-999.0,-999.0,-999.0,-999.0,-999.0,24
Maitri,2009-04-16,-999.0,-999.0,-999.0,-999.0,-999.0,-999.0,-999.0,-999.0,24
Maitri,2009-04-17,-999.0,-999.0,-999.0,-999.0,-999.0,-999.0,-999.0,-999.0,24
Maitri,2009-04-18,-999.0,-999.0,-999.0,-999.0,-999.0,-999.0,-999.0,-999.0,24
Maitri,2009-04-19,-999.0,-999.0,-999.0,-999.0,-999.0,-999.0,-999.0,-999.0,24
Maitri,2009-04-20,-999.0,-999.0,-999.0,-999.0,-999.0,-999.0,-999.0,-999.0,24
Maitri,2009-04-21,-999.0,-999.0,-999.0,-999.0,-999.0,-999.0,-999.0,-999.0,24
Maitri,2009-04-22,-999.0,-999.0,-999.0,-999.0,-999.0,-999.0,-999.0,-999.0,24
Maitri,2009-04-23,-999.0,-999.0,-999.0,-999.0,-999.0,-999.0,-999.0,-999.0,24
Maitri,2009-04-24,-999.0,-999.0,-999.0,-999.0,-999.0,-999.0,-999.0,-999.0,24
Maitri,2009-04-25,-999.0,-999.0,-999.0,-999.0,-999.0,-999.0,-999.0,-999.0,24
Maitri,2009-04-26,-999.0,-999.0,-999.0,-999.0,-999.0,-999.0,-999.0,-999.0,24
Maitri,2009-04-27,-999.0,-999.0,-999.0,-999.0,-999.0,-999.0,-999.0,-999.0,24
Maitri,2009-04-28,-999.0,-999.0,-999.0,-999.0,-999.0,-999.0,-999.0,-999.0,24
Maitri,2009-04-29,-999.0,-999.0,-999.0,-999.0,-999.0,-999.0,-999.0,-999.0,24
Maitri,2009-04-30,-999.0,-999.0,-999.0,-999.0,-999.0,-999.0,-999.0,-999.0,24
Maitri,2009-05-01,-999.0,-999.0,-999.0,-999.0,-999.0,-999.0,-999.0,-999.0,24
Maitri,2009-05-02,-999.0,-999.0,-999.0,-999.0,-999.0,-999.0,-999.0,-999.0,24
Maitri,2009-05-03,-999.0,-999.0,-999.0,-999.0,-999.0,-999.0,-999.0,-999.0,24
Maitri,2009-05-04,-999.0,-999.0,-999.0,-999.0,-999.0,-999.0,-999.0,-999.0,24
Maitri,2009-05-05,-999.0,-999.0,-999.0,-999.0,-999.0,-999.0,-999.0,-999.0,24
Maitri,2009-05-06,-999.0,-999.0,-999.0,-999.0,-999.0,-999.0,-999.0,-999.0,24
Maitri,2009-05-07,-999.0,-999.0,-999.0,-999.0,-999.0,-999.0,-999.0,-999.0,24
Maitri,2009-05-08,-999.0,-999.0,-999.0,-999.0,-999.0,-999.0,-999.0,-999.0,24
Maitri,2009-05-09,-999.0,-999.0,-999.0,-999.0,-999.0,-999.0,-999.0,-999.0,24
Maitri,2009-05-10,-999.0,-999.0,-999.0,-999.0,-999.0,-999.0,-999.0,-999.0,24
Maitri,2009-05-11,-999.0,-999.0,-999.0,-999.0,-999.0,-999.0,-999.0,-999.0,24
Maitri,2009-05-12,-999.0,-999.0,-999.0,-999.0,-999.0,-999.0,-999.0,-999.0,24
Maitri,2009-05-13,-999.0,-999.0,-999.0,-999.0,-999.0,-999.0,-999.0,-999.0,24
Maitri,2009-05-14,-999.0,-999.0,-999.0,-999.0,-999.0,-999.0,-999.0,-999.0,24
Maitri,2009-05-15,-999.0,-999.0,-999.0,-999.0,-999.0,-999.0,-999.0,-999.0,24
Maitri,2009-05-16,-999.0,-999.0,-999.0,-999.0,-999.0,-999.0,-999.0,-999.0,24
Maitri,2009-05-17,-999.0,-999.0,-999.0,-999.0,-999.0,-999.0,-999.0,-999.0,24
Maitri,2009-05-18,-999.0,-999.0,-999.0,-999.0,-999.0,-999.0,-999.0,-999.0,24
Maitri,2009-05-19,-999.0,-999.0,-999.0,-999.0,-999.0,-999.0,-999.0,-999.0,24
Maitri,2009-05-20,-999.0,-999.0,-999.0,-999.0,-999.0,-999.0,-999.0,-999.0,24
Maitri,2009-05-21,-999.0,-999.0,-999.0,-999.0,-999.0,-999.0,-999.0,-999.0,24
Maitri,2009-05-22,-999.0,-999.0,-999.0,-999.0,-999.0,-999.0,-999.0,-999.0,24
Maitri,2009-05-23,-999.0,-999.0,-999.0,-999.0,-999.0,-999.0,-999.0,-999.0,24
Maitri,2009-05-24,-999.0,-999.0,-999.0,-999.0,-999.0,-999.0,-999.0,-999.0,24
Maitri,2009-05-25,-999.0,-999.0,-999.0,-999.0,-999.0,-999.0,-999.0,-999.0,24
Maitri,2009-05-26,-999.0,-999.0,-999.0,-999.0,-999.0,-999.0,-999.0,-999.0,24
Maitri,2009-05-27,-999.0,-999.0,-999.0,-999.0,-999.0,-999.0,-999.0,-999.0,24
Maitri,2009-05-28,-999.0,-999.0,-999.0,-999.0,-999.0,-999.0,-999.0,-999.0,24
Maitri,2009-05-29,-999.0,-999.0,-999.0,-999.0,-999.0,-999.0,-999.0,-999.0,24
Maitri,2009-05-30,-999.0,-999.0,-999.0,-999.0,-999.0,-999.0,-999.0,-999.0,24
Maitri,2009-05-31,-999.0,-999.0,-999.0,-999.0,-999.0,-999.0,-999.0,-999.0,24
Maitri,2009-06-01,-999.0,-999.0,-999.0,-999.0,-999.0,-999.0,-999.0,-999.0,24
Maitri,2009-06-02,-999.0,-999.0,-999.0,-999.0,-999.0,-999.0,-999.0,-999.0,24
Maitri,2009-06-03,-999.0,-999.0,-999.0,-999.0,-999.0,-999.0,-999.0,-999.0,24
Maitri,2009-06-04,-999.0,-999.0,-999.0,-999.0,-999.0,-999.0,-999.0,-999.0,24
Maitri,2009-06-05,-999.0,-999.0,-999.0,-999.0,-999.0,-999.0,-999.0,-999.0,24
Maitri,2009-06-06,-999.0,-999.0,-999.0,-999.0,-999.0,-999.0,-999.0,-999.0,24
Maitri,2009-06-07,-999.0,-999.0,-999.0,-999.0,-999.0,-999.0,-999.0,-999.0,24
Maitri,2009-06-08,-999.0,-999.0,-999.0,-999.0,-999.0,-999.0,-999.0,-999.0,24
Maitri,2009-06-09,-999.0,-999.0,-999.0,-999.0,-999.0,-999.0,-999.0,-999.0,24
Maitri,2009-06-10,-999.0,-999.0,-999.0,-999.0,-999.0,-999.0,-999.0,-999.0,24
Maitri,2009-06-11,-999.0,-999.0,-999.0,-999.0,-999.0,-999.0,-999.0,-999.0,24
Maitri,2009-06-12,-999.0,-999.0,-999.0,-999.0,-999.0,-999.0,-999.0,-999.0,24
Maitri,2009-06-13,-999.0,-999.0,-999.0,-999.0,-999.0,-999.0,-999.0,-999.0,24
Maitri,2009-06-14,-999.0,-999.0,-999.0,-999.0,-999.0,-999.0,-999.0,-999.0,24
Maitri,2009-06-15,-999.0,-999.0,-999.0,-999.0,-999.0,-999.0,-999.0,-999.0,24
Maitri,2009-06-16,-999.0,-999.0,-999.0,-999.0,-999.0,-999.0,-999.0,-999.0,24
Maitri,2009-06-17,-999.0,-999.0,-999.0,-999.0,-999.0,-999.0,-999.0,-999.0,24
Maitri,2009-06-18,-999.0,-999.0,-999.0,-999.0,-999.0,-999.0,-999.0,-999.0,24
Maitri,2009-06-19,-999.0,-999.0,-999.0,-999.0,-999.0,-999.0,-999.0,-999.0,24
Maitri,2009-06-20,-999.0,-999.0,-999.0,-999.0,-999.0,-999.0,-999.0,-999.0,24
Maitri,2009-06-21,-999.0,-999.0,-999.0,-999.0,-999.0,-999.0,-999.0,-999.0,24
Maitri,2009-06-22,-999.0,-999.0,-999.0,-999.0,-999.0,-999.0,-999.0,-999.0,24
Maitri,2009-06-23,-999.0,-999.0,-999.0,-999.0,-999.0,-999.0,-999.0,-999.0,24
Maitri,2009-06-24,-999.0,-999.0,-999.0,-999.0,-999.0,-999.0,-999.0,-999.0,24
Maitri,2009-06-25,-999.0,-999.0,-999.0,-999.0,-999.0,-999.0,-999.0,-999.0,24
Maitri,2009-06-26,-999.0,-999.0,-999.0,-999.0,-999.0,-999.0,-999.0,-999.0,24
Maitri,2009-06-27,-999.0,-999.0,-999.0,-999.0,-999.0,-999.0,-999.0,-999.0,24
Maitri,2009-06-28,-999.0,-999.0,-999.0,-999.0,-999.0,-999.0,-999.0,-999.0,24
Maitri,2009-06-29,-999.0,-999.0,-999.0,-999.0,-999.0,-999.0,-999.0,-999.0,24
Maitri,2009-06-30,-999.0,-999.0,-999.0,-999.0,-999.0,-999.0,-999.0,-999.0,24
Maitri,2009-07-01,-999.0,-999.0,-999.0,-999.0,-999.0,-999.0,-999.0,-999.0,24
Maitri,2009-07-02,-999.0,-999.0,-999.0,-999.0,-999.0,-999.0,-999.0,-999.0,24
Maitri,2009-07-03,-999.0,-999.0,-999.0,-999.0,-999.0,-999.0,-999.0,-999.0,24
Maitri,2009-07-04,-999.0,-999.0,-999.0,-999.0,-999.0,-999.0,-999.0,-999.0,24
Maitri,2009-07-05,-999.0,-999.0,-999.0,-999.0,-999.0,-999.0,-999.0,-999.0,24
Maitri,2009-07-06,-999.0,-999.0,-999.0,-999.0,-999.0,-999.0,-999.0,-999.0,24
Maitri,2009-07-07,-999.0,-999.0,-999.0,-999.0,-999.0,-999.0,-999.0,-999.0,24
Maitri,2009-07-08,-999.0,-999.0,-999.0,-999.0,-999.0,-999.0,-999.0,-999.0,24
Maitri,2009-07-09,-999.0,-999.0,-999.0,-999.0,-999.0,-999.0,-999.0,-999.0,24
Maitri,2009-07-10,-999.0,-999.0,-999.0,-999.0,-999.0,-999.0,-999.0,-999.0,24
Maitri,2009-07-11,-999.0,-999.0,-999.0,-999.0,-999.0,-999.0,-999.0,-999.0,24
Maitri,2009-07-12,-999.0,-999.0,-999.0,-999.0,-999.0,-999.0,-999.0,-999.0,24
Maitri,2009-07-13,-999.0,-999.0,-999.0,-999.0,-999.0,-999.0,-999.0,-999.0,24
Maitri,2009-07-14,-999.0,-999.0,-999.0,-999.0,-999.0,-999.0,-999.0,-999.0,24
Maitri,2009-07-15,-999.0,-999.0,-999.0,-999.0,-999.0,-999.0,-999.0,-999.0,24
Maitri,2009-07-16,-999.0,-999.0,-999.0,-999.0,-999.0,-999.0,-999.0,-999.0,24
Maitri,2009-07-17,-999.0,-999.0,-999.0,-999.0,-999.0,-999.0,-999.0,-999.0,24
Maitri,2009-07-18,-999.0,-999.0,-999.0,-999.0,-999.0,-999.0,-999.0,-999.0,24
Maitri,2009-07-19,-999.0,-999.0,-999.0,-999.0,-999.0,-999.0,-999.0,-999.0,24
Maitri,2009-07-20,-999.0,-999.0,-999.0,-999.0,-999.0,-999.0,-999.0,-999.0,24
Maitri,2009-07-21,-999.0,-999.0,-999.0,-999.0,-999.0,-999.0,-999.0,-999.0,24
Maitri,2009-07-22,-999.0,-999.0,-999.0,-999.0,-999.0,-999.0,-999.0,-999.0,24
Maitri,2009-07-23,-999.0,-999.0,-999.0,-999.0,-999.0,-999.0,-999.0,-999.0,24
Maitri,2009-07-24,-999.0,-999.0,-999.0,-999.0,-999.0,-999.0,-999.0,-999.0,24
Maitri,2009-07-25,-999.0,-999.0,-999.0,-999.0,-999.0,-999.0,-999.0,-999.0,24
Maitri,2009-07-26,-999.0,-999.0,-999.0,-999.0,-999.0,-999.0,-999.0,-999.0,24
Maitri,2009-07-27,-999.0,-999.0,-999.0,-999.0,-999.0,-999.0,-999.0,-999.0,24
Maitri,2009-07-28,-999.0,-999.0,-999.0,-999.0,-999.0,-999.0,-999.0,-999.0,24
Maitri,2009-07-29,-999.0,-999.0,-999.0,-999.0,-999.0,-999.0,-999.0,-999.0,24
Maitri,2009-07-30,-999.0,-999.0,-999.0,-999.0,-999.0,-999.0,-999.0,-999.0,24
Maitri,2009-07-31,-999.0,-999.0,-999.0,-999.0,-999.0,-999.0,-999.0,-999.0,24
Maitri,2009-08-01,-999.0,-999.0,-999.0,-999.0,-999.0,-999.0,-999.0,-999.0,24
Maitri,2009-08-02,-999.0,-999.0,-999.0,-999.0,-999.0,-999.0,-999.0,-999.0,24
Maitri,2009-08-03,-999.0,-999.0,-999.0,-999.0,-999.0,-999.0,-999.0,-999.0,24
Maitri,2009-08-04,-999.0,-999.0,-999.0,-999.0,-999.0,-999.0,-999.0,-999.0,24
Maitri,2009-08-05,-999.0,-999.0,-999.0,-999.0,-999.0,-999.0,-999.0,-999.0,24
Maitri,2009-08-06,-999.0,-999.0,-999.0,-999.0,-999.0,-999.0,-999.0,-999.0,24
Maitri,2009-08-07,-999.0,-999.0,-999.0,-999.0,-999.0,-999.0,-999.0,-999.0,24
Maitri,2009-08-08,-999.0,-999.0,-999.0,-999.0,-999.0,-999.0,-999.0,-999.0,24
Maitri,2009-08-09,-999.0,-999.0,-999.0,-999.0,-999.0,-999.0,-999.0,-999.0,24
Maitri,2009-08-10,-999.0,-999.0,-999.0,-999.0,-999.0,-999.0,-999.0,-999.0,24
Maitri,2009-08-11,-999.0,-999.0,-999.0,-999.0,-999.0,-999.0,-999.0,-999.0,24
Maitri,2009-08-12,-999.0,-999.0,-999.0,-999.0,-999.0,-999.0,-999.0,-999.0,24
Maitri,2009-08-13,-999.0,-999.0,-999.0,-999.0,-999.0,-999.0,-999.0,-999.0,24
Maitri,2009-08-14,-999.0,-999.0,-999.0,-999.0,-999.0,-999.0,-999.0,-999.0,24
Maitri,2009-08-15,-999.0,-999.0,-999.0,-999.0,-999.0,-999.0,-999.0,-999.0,24
Maitri,2009-08-16,-999.0,-999.0,-999.0,-999.0,-999.0,-999.0,-999.0,-999.0,24
Maitri,2009-08-17,-999.0,-999.0,-999.0,-999.0,-999.0,-999.0,-999.0,-999.0,24
Maitri,2009-08-18,-999.0,-999.0,-999.0,-999.0,-999.0,-999.0,-999.0,-999.0,24
Maitri,2009-08-19,-999.0,-999.0,-999.0,-999.0,-999.0,-999.0,-999.0,-999.0,24
Maitri,2009-08-20,-999.0,-999.0,-999.0,-999.0,-999.0,-999.0,-999.0,-999.0,24
Maitri,2009-08-21,-999.0,-999.0,-999.0,-999.0,-999.0,-999.0,-999.0,-999.0,24
Maitri,2009-08-22,-999.0,-999.0,-999.0,-999.0,-999.0,-999.0,-999.0,-999.0,24
Maitri,2009-08-23,-999.0,-999.0,-999.0,-999.0,-999.0,-999.0,-999.0,-999.0,24
Maitri,2009-08-24,-999.0,-999.0,-999.0,-999.0,-999.0,-999.0,-999.0,-999.0,24
Maitri,2009-08-25,-999.0,-999.0,-999.0,-999.0,-999.0,-999.0,-999.0,-999.0,24
Maitri,2009-08-26,-999.0,-999.0,-999.0,-999.0,-999.0,-999.0,-999.0,-999.0,24
Maitri,2009-08-27,-999.0,-999.0,-999.0,-999.0,-999.0,-999.0,-999.0,-999.0,24
Maitri,2009-08-28,-999.0,-999.0,-999.0,-999.0,-999.0,-999.0,-999.0,-999.0,24
Maitri,2009-08-29,-999.0,-999.0,-999.0,-999.0,-999.0,-999.0,-999.0,-999.0,24
Maitri,2009-08-30,-999.0,-999.0,-999.0,-999.0,-999.0,-999.0,-999.0,-999.0,24
Maitri,2009-08-31,-999.0,-999.0,-999.0,-999.0,-999.0,-999.0,-999.0,-999.0,24
Maitri,2009-09-01,-999.0,-999.0,-999.0,-999.0,-999.0,-999.0,-999.0,-999.0,24
Maitri,2009-09-02,-999.0,-999.0,-999.0,-999.0,-999.0,-999.0,-999.0,-999.0,24
Maitri,2009-09-03,-999.0,-999.0,-999.0,-999.0,-999.0,-999.0,-999.0,-999.0,24
Maitri,2009-09-04,-999.0,-999.0,-999.0,-999.0,-999.0,-999.0,-999.0,-999.0,24
Maitri,2009-09-05,-999.0,-999.0,-999.0,-999.0,-999.0,-999.0,-999.0,-999.0,24
Maitri,2009-09-06,-999.0,-999.0,-999.0,-999.0,-999.0,-999.0,-999.0,-999.0,24
Maitri,2009-09-07,-999.0,-999.0,-999.0,-999.0,-999.0,-999.0,-999.0,-999.0,24
Maitri,2009-09-08,-999.0,-999.0,-999.0,-999.0,-999.0,-999.0,-999.0,-999.0,24
Maitri,2009-09-09,-999.0,-999.0,-999.0,-999.0,-999.0,-999.0,-999.0,-999.0,24
Maitri,2009-09-10,-999.0,-999.0,-999.0,-999.0,-999.0,-999.0,-999.0,-999.0,24
Maitri,2009-09-11,-999.0,-999.0,-999.0,-999.0,-999.0,-999.0,-999.0,-999.0,24
Maitri,2009-09-12,-999.0,-999.0,-999.0,-999.0,-999.0,-999.0,-999.0,-999.0,24
Maitri,2009-09-13,-999.0,-999.0,-999.0,-999.0,-999.0,-999.0,-999.0,-999.0,24
Maitri,2009-09-14,-999.0,-999.0,-999.0,-999.0,-999.0,-999.0,-999.0,-999.0,24
Maitri,2009-09-15,-999.0,-999.0,-999.0,-999.0,-999.0,-999.0,-999.0,-999.0,24
Maitri,2009-09-16,-999.0,-999.0,-999.0,-999.0,-999.0,-999.0,-999.0,-999.0,24
Maitri,2009-09-17,-999.0,-999.0,-999.0,-999.0,-999.0,-999.0,-999.0,-999.0,24
Maitri,2009-09-18,-999.0,-999.0,-999.0,-999.0,-999.0,-999.0,-999.0,-999.0,24
Maitri,2009-09-19,-999.0,-999.0,-999.0,-999.0,-999.0,-999.0,-999.0,-999.0,24
Maitri,2009-09-20,-999.0,-999.0,-999.0,-999.0,-999.0,-999.0,-999.0,-999.0,24
Maitri,2009-09-21,-999.0,-999.0,-999.0,-999.0,-999.0,-999.0,-999.0,-999.0,24
Maitri,2009-09-22,-999.0,-999.0,-999.0,-999.0,-999.0,-999.0,-999.0,-999.0,24
Maitri,2009-09-23,-999.0,-999.0,-999.0,-999.0,-999.0,-999.0,-999.0,-999.0,24
Maitri,2009-09-24,-999.0,-999.0,-999.0,-999.0,-999.0,-999.0,-999.0,-999.0,24
Maitri,2009-09-25,-999.0,-999.0,-999.0,-999.0,-999.0,-999.0,-999.0,-999.0,24
Maitri,2009-09-26,-999.0,-999.0,-999.0,-999.0,-999.0,-999.0,-999.0,-999.0,24
Maitri,2009-09-27,-999.0,-999.0,-999.0,-999.0,-999.0,-999.0,-999.0,-999.0,24
Maitri,2009-09-28,-999.0,-999.0,-999.0,-999.0,-999.0,-999.0,-999.0,-999.0,24
Maitri,2009-09-29,-999.0,-999.0,-999.0,-999.0,-999.0,-999.0,-999.0,-999.0,24
Maitri,2009-09-30,-999.0,-999.0,-999.0,-999.0,-999.0,-999.0,-999.0,-999.0,24
Maitri,2009-10-01,-999.0,-999.0,-999.0,-999.0,-999.0,-999.0,-999.0,-999.0,24
Maitri,2009-10-02,-999.0,-999.0,-999.0,-999.0,-999.0,-999.0,-999.0,-999.0,24
Maitri,2009-10-03,-999.0,-999.0,-999.0,-999.0,-999.0,-999.0,-999.0,-999.0,24
Maitri,2009-10-04,-999.0,-999.0,-999.0,-999.0,-999.0,-999.0,-999.0,-999.0,24
Maitri,2009-10-05,-999.0,-999.0,-999.0,-999.0,-999.0,-999.0,-999.0,-999.0,24
Maitri,2009-10-06,-999.0,-999.0,-999.0,-999.0,-999.0,-999.0,-999.0,-999.0,24
Maitri,2009-10-07,-999.0,-999.0,-999.0,-999.0,-999.0,-999.0,-999.0,-999.0,24
Maitri,2009-10-08,-999.0,-999.0,-999.0,-999.0,-999.0,-999.0,-999.0,-999.0,24
Maitri,2009-10-09,-999.0,-999.0,-999.0,-999.0,-999.0,-999.0,-999.0,-999.0,24
Maitri,2009-10-10,-999.0,-999.0,-999.0,-999.0,-999.0,-999.0,-999.0,-999.0,24
Maitri,2009-10-11,-999.0,-999.0,-999.0,-999.0,-999.0,-999.0,-999.0,-999.0,24
Maitri,2009-10-12,-999.0,-999.0,-999.0,-999.0,-999.0,-999.0,-999.0,-999.0,24
Maitri,2009-10-13,-999.0,-999.0,-999.0,-999.0,-999.0,-999.0,-999.0,-999.0,24
Maitri,2009-10-14,-999.0,-999.0,-999.0,-999.0,-999.0,-999.0,-999.0,-999.0,24
Maitri,2009-10-15,-999.0,-999.0,-999.0,-999.0,-999.0,-999.0,-999.0,-999.0,24
Maitri,2009-10-16,-999.0,-999.0,-999.0,-999.0,-999.0,-999.0,-999.0,-999.0,24
Maitri,2009-10-17,-999.0,-999.0,-999.0,-999.0,-999.0,-999.0,-999.0,-999.0,24
Maitri,2009-10-18,-999.0,-999.0,-999.0,-999.0,-999.0,-999.0,-999.0,-999.0,24
Maitri,2009-10-19,-999.0,-999.0,-999.0,-999.0,-999.0,-999.0,-999.0,-999.0,24
Maitri,2009-10-20,-999.0,-999.0,-999.0,-999.0,-999.0,-999.0,-999.0,-999.0,24
Maitri,2009-10-21,-999.0,-999.0,-999.0,-999.0,-999.0,-999.0,-999.0,-999.0,24
Maitri,2009-10-22,-999.0,-999.0,-999.0,-999.0,-999.0,-999.0,-999.0,-999.0,24
Maitri,2009-10-23,-999.0,-999.0,-999.0,-999.0,-999.0,-999.0,-999.0,-999.0,24
Maitri,2009-10-24,-999.0,-999.0,-999.0,-999.0,-999.0,-999.0,-999.0,-999.0,24
Maitri,2009-10-25,-999.0,-999.0,-999.0,-999.0,-999.0,-999.0,-999.0,-999.0,24
Maitri,2009-10-26,-999.0,-999.0,-999.0,-999.0,-999.0,-999.0,-999.0,-999.0,24
Maitri,2009-10-27,-999.0,-999.0,-999.0,-999.0,-999.0,-999.0,-999.0,-999.0,24
Maitri,2009-10-28,-999.0,-999.0,-999.0,-999.0,-999.0,-999.0,-999.0,-999.0,24
Maitri,2009-10-29,-999.0,-999.0,-999.0,-999.0,-999.0,-999.0,-999.0,-999.0,24
Maitri,2009-10-30,-999.0,-999.0,-999.0,-999.0,-999.0,-999.0,-999.0,-999.0,24
Maitri,2009-10-31,-999.0,-999.0,-999.0,-999.0,-999.0,-999.0,-999.0,-999.0,24
Maitri,2009-11-01,-7.4,-10.1,-5.5,986.254,984.7,987.8,18.6,25.0,24
Maitri,2009-11-02,-6.612,-7.6,-5.6,983.329,978.3,987.4,27.283,36.4,24
Maitri,2009-11-03,-5.996,-7.0,-5.3,976.046,973.9,978.3,34.408,40.0,24
Maitri,2009-11-04,-4.979,-5.7,-4.0,985.762,979.0,990.1,18.696,28.9,24
Maitri,2009-11-05,-6.675,-10.6,-3.8,993.387,990.5,994.9,11.525,18.5,24
Maitri,2009-11-06,-8.821,-12.8,-6.6,995.804,994.9,996.3,7.004,11.9,24
Maitri,2009-11-07,-8.846,-11.1,-6.8,999.654,995.8,1004.3,13.604,21.9,24
Maitri,2009-11-08,-8.917,-13.7,-4.3,1006.158,1004.4,1007.5,13.346,28.8,24
Maitri,2009-11-09,-5.825,-10.6,-2.0,1005.962,1004.3,1007.3,14.75,26.8,24
Maitri,2009-11-10,-4.688,-7.9,-0.9,1010.242,1007.8,1011.8,10.517,25.5,24
Maitri,2009-11-11,-5.179,-9.3,-3.0,1005.746,1003.2,1008.2,15.021,32.4,24
Maitri,2009-11-12,-3.371,-7.6,-0.5,1005.871,1004.1,1007.7,13.742,30.0,24
Maitri,2009-11-13,-2.804,-6.7,1.0,1000.979,996.6,1004.3,17.208,28.9,24
Maitri,2009-11-14,-5.121,-8.3,-0.3,998.15,996.5,999.2,18.283,31.2,24
Maitri,2009-11-15,-6.879,-9.1,-5.1,995.267,990.1,999.2,16.338,23.6,24
Maitri,2009-11-16,-6.038,-9.7,-3.3,986.887,984.4,992.2,19.283,25.8,24
Maitri,2009-11-17,-5.292,-7.9,-2.5,1003.671,993.3,1009.1,15.212,23.8,24
Maitri,2009-11-18,-5.283,-8.7,-0.4,1002.529,994.9,1008.4,13.608,22.8,24
Maitri,2009-11-19,-5.004,-8.6,-2.2,984.379,977.9,994.2,23.242,31.5,24
Maitri,2009-11-20,-2.417,-5.5,-0.5,977.183,976.6,978.1,21.812,31.4,24
Maitri,2009-11-21,-3.887,-6.5,-0.9,978.392,977.5,979.2,14.5,24.2,24
Maitri,2009-11-22,-3.021,-6.2,-1.3,978.45,976.9,979.9,16.888,22.5,24
Maitri,2009-11-23,-1.971,-5.1,2.3,980.017,978.7,980.9,15.654,22.8,24
Maitri,2009-11-24,-4.125,-10.6,0.0,979.712,979.3,980.2,13.938,26.1,24
Maitri,2009-11-25,-5.021,-12.2,0.8,980.475,979.0,984.5,11.483,21.9,24
Maitri,2009-11-26,-4.413,-6.9,-1.6,991.929,985.3,995.8,10.671,15.4,24
Maitri,2009-11-27,-6.0,-10.0,-3.0,993.671,991.1,995.9,8.492,14.3,24
Maitri,2009-11-28,-4.188,-8.3,-0.8,992.054,991.2,992.6,7.596,15.0,24
Maitri,2009-11-29,-2.742,-7.6,1.7,989.812,988.9,991.7,16.037,27.2,24
Maitri,2009-11-30,-0.808,-6.4,2.6,990.933,989.1,992.3,21.4,28.9,24
Maitri,2009-12-01,0.167,-2.9,4.6,991.008,988.3,993.4,17.179,31.4,24
Maitri,2009-12-02,0.017,-3.7,4.2,992.012,991.4,993.4,10.429,17.1,24
Maitri,2009-12-03,0.029,-5.2,4.3,988.796,986.7,991.1,7.104,11.6,24
Maitri,2009-12-04,-1.233,-4.0,0.7,983.121,981.4,986.2,20.0,24.9,24
Maitri,2009-12-05,-2.283,-5.6,2.0,991.825,985.8,994.2,14.521,23.5,24
Maitri,2009-12-06,-2.062,-5.5,1.9,992.829,990.4,994.7,16.0,25.9,24
Maitri,2009-12-07,-2.9,-5.0,-1.6,989.392,987.6,990.8,22.683,25.8,24
Maitri,2009-12-08,-2.742,-4.5,-1.2,986.996,984.2,988.5,24.425,29.5,24
Maitri,2009-12-09,-0.342,-1.3,0.7,983.0,981.9,983.9,23.325,29.6,24
Maitri,2009-12-10,-2.079,-2.9,-0.7,984.529,982.9,987.2,16.975,20.8,24
Maitri,2009-12-11,-1.162,-3.1,0.9,988.783,987.6,989.7,10.479,14.1,24
Maitri,2009-12-12,-0.467,-3.8,2.9,988.058,987.4,988.6,12.921,18.2,24
Maitri,2009-12-13,-0.925,-6.3,3.5,989.75,988.6,990.3,13.671,21.9,24
Maitri,2009-12-14,-0.675,-3.3,1.7,989.604,989.2,990.0,20.954,28.6,24
Maitri,2009-12-15,0.083,-2.6,2.8,989.892,988.8,990.5,23.625,30.7,24
Maitri,2009-12-16,0.325,-2.0,3.5,983.646,978.7,988.4,19.725,33.6,24
Maitri,2009-12-17,0.308,-2.5,4.1,981.512,978.9,985.0,17.733,32.7,24
Maitri,2009-12-18,-0.892,-4.5,2.6,983.762,982.0,985.3,8.7,14.4,24
Maitri,2009-12-19,0.246,-4.1,4.7,981.367,980.1,982.1,12.854,23.8,24
Maitri,2009-12-20,-0.954,-5.4,2.5,981.458,979.8,983.4,9.475,17.2,24
Maitri,2009-12-21,-3.658,-5.8,-0.9,986.483,983.7,988.1,8.792,11.3,24
Maitri,2009-12-22,-1.833,-6.0,2.0,988.65,988.1,989.5,7.954,12.0,24
Maitri,2009-12-23,-1.033,-6.7,2.8,991.742,989.9,993.0,10.825,17.3,24
Maitri,2009-12-24,-1.496,-5.1,1.8,991.796,990.5,992.8,12.204,21.1,24
Maitri,2009-12-25,-1.088,-4.3,2.9,990.854,990.2,991.5,17.233,29.5,24
Maitri,2009-12-26,-2.062,-4.3,0.8,990.912,990.2,991.7,10.996,22.4,24
Maitri,2009-12-27,-2.346,-4.6,0.7,992.75,990.7,994.6,11.962,17.3,24
Maitri,2009-12-28,-2.588,-5.9,0.5,995.887,994.9,996.6,12.383,16.5,24
Maitri,2009-12-29,-2.517,-7.0,0.5,993.625,992.8,995.1,12.329,16.7,24
Maitri,2009-12-30,-0.95,-5.5,2.7,987.988,984.0,993.3,14.225,19.8,24
Maitri,2009-12-31,0.325,-0.6,2.0,986.854,984.2,991.0,20.117,25.7,24
Maitri,2010-01-01,0.275,-0.5,1.1,995.417,991.8,997.3,22.567,29.4,24
Maitri,2010-01-02,0.337,-0.6,1.3,995.025,993.9,996.5,21.996,26.7,24
Maitri,2010-01-03,1.033,-0.5,2.7,996.354,995.3,997.8,23.262,27.3,24
Maitri,2010-01-04,2.054,0.9,4.3,997.271,996.1,998.6,22.325,28.3,24
Maitri,2010-01-05,0.746,-0.2,1.8,998.183,997.4,999.0,23.617,29.5,24
Maitri,2010-01-06,1.354,-0.3,3.3,997.275,995.9,998.3,21.146,25.5,24
Maitri,2010-01-07,2.238,0.7,3.5,995.221,994.3,996.2,22.633,29.1,24
Maitri,2010-01-08,4.512,3.2,5.6,996.729,995.1,998.0,22.971,29.5,24
Maitri,2010-01-09,4.217,0.6,6.6,994.471,993.5,996.4,21.008,25.5,24
Maitri,2010-01-10,2.338,-0.1,4.3,994.688,993.2,995.3,22.021,27.6,24
Maitri,2010-01-11,2.288,-0.2,4.2,994.225,991.9,996.0,17.05,25.4,24
Maitri,2010-01-12,1.354,-1.3,4.4,990.617,990.0,991.7,13.208,22.8,24
Maitri,2010-01-13,0.658,-2.5,4.0,992.558,990.5,994.0,15.933,23.9,24
Maitri,2010-01-14,-0.733,-2.7,2.0,994.758,994.0,995.7,12.45,16.2,24
Maitri,2010-01-15,-0.317,-2.5,1.9,988.379,976.9,994.7,12.162,18.1,24
Maitri,2010-01-16,2.15,-1.5,3.2,975.538,972.4,980.6,23.463,28.4,24
Maitri,2010-01-17,2.9,1.7,3.9,985.046,981.2,988.4,23.746,29.6,24
Maitri,2010-01-18,1.217,-0.3,2.6,992.012,988.3,993.6,17.229,25.2,24
Maitri,2010-01-19,-0.071,-1.2,1.4,990.4,989.1,992.5,10.167,13.7,24
Maitri,2010-01-20,0.408,-1.6,3.5,993.838,991.3,995.0,7.717,14.2,24
Maitri,2010-01-21,2.225,-2.5,4.0,997.379,995.1,999.0,15.617,24.0,24
Maitri,2010-01-22,2.792,-0.6,7.7,991.217,988.0,996.0,15.329,26.7,24
Maitri,2010-01-23,2.375,-0.2,4.6,991.467,988.6,992.9,17.154,24.2,24
Maitri,2010-01-24,2.333,-0.6,6.3,992.554,991.8,993.5,16.392,23.6,24
Maitri,2010-01-25,1.138,-2.7,5.0,992.946,991.2,994.0,19.246,29.3,24
Maitri,2010-01-26,-0.171,-3.7,4.0,992.233,991.4,993.3,15.013,29.8,24
Maitri,2010-01-27,0.104,-3.2,3.6,994.512,991.7,996.9,15.967,26.5,24
Maitri,2010-01-28,0.792,-1.3,3.7,997.412,995.2,999.2,17.967,30.1,24
Maitri,2010-01-29,-0.483,-3.1,1.9,992.483,989.5,995.1,15.154,19.9,24
Maitri,2010-01-30,0.254,-2.1,2.0,988.658,988.0,989.5,20.229,25.8,24
Maitri,2010-01-31,0.825,-0.3,2.2,991.496,989.7,992.4,22.463,27.4,24
Maitri,2010-02-01,1.992,0.8,3.6,988.417,986.2,992.0,24.9,28.5,24
Maitri,2010-02-02,2.017,0.9,2.9,982.608,978.3,986.4,27.221,35.9,24
Maitri,2010-02-03,2.033,1.1,3.8,978.996,976.8,986.0,23.0,28.7,24
Maitri,2010-02-04,2.629,1.0,3.7,996.592,987.2,1002.3,22.938,30.0,24
Maitri,2010-02-05,1.642,0.0,2.8,999.429,994.6,1002.5,22.446,29.0,24
Maitri,2010-02-06,1.183,0.0,2.0,986.029,979.3,993.6,25.346,33.1,24
Maitri,2010-02-07,1.004,0.1,1.9,983.729,975.1,999.5,26.504,32.7,24
Maitri,2010-02-08,0.767,-0.1,1.9,1004.142,1000.9,1006.4,14.7,19.8,24
Maitri,2010-02-09,-0.471,-2.5,1.6,998.008,996.6,1001.4,7.496,10.4,24
Maitri,2010-02-10,-1.404,-4.7,0.2,1000.863,998.1,1002.7,18.046,29.4,24
Maitri,2010-02-11,2.637,-0.4,4.8,993.475,989.3,998.1,24.3,30.2,24
Maitri,2010-02-12,2.667,-0.5,4.1,989.296,988.1,990.8,20.892,27.7,24
Maitri,2010-02-13,-1.346,-2.9,-0.4,990.125,989.4,991.0,17.558,24.1,24
Maitri,2010-02-14,-1.2,-3.5,0.7,994.008,990.5,996.9,21.162,26.5,24
Maitri,2010-02-15,-1.042,-2.8,0.7,998.371,997.2,999.3,19.512,27.7,24
Maitri,2010-02-16,-0.942,-3.5,1.1,995.517,992.5,998.0,15.779,23.7,24
Maitri,2010-02-17,-1.362,-3.5,0.7,990.25,988.9,992.4,11.583,21.6,24
Maitri,2010-02-18,-2.975,-4.4,-0.2,992.338,989.7,995.3,12.779,18.0,24
Maitri,2010-02-19,-4.383,-6.7,-1.5,996.679,995.5,997.2,14.225,22.2,24
Maitri,2010-02-20,-5.779,-8.7,-3.7,997.896,996.9,998.5,14.333,18.5,24
Maitri,2010-02-21,-7.325,-10.3,-4.0,995.679,993.4,997.8,8.842,15.2,24
Maitri,2010-02-22,-7.525,-9.6,-5.8,991.671,989.7,993.3,19.779,28.4,24
Maitri,2010-02-23,-6.571,-9.2,-4.5,989.867,989.5,990.2,26.217,29.2,24
Maitri,2010-02-24,-5.367,-7.5,-3.7,983.458,976.1,989.6,27.037,31.5,24
Maitri,2010-02-25,-2.225,-3.1,-1.5,970.367,967.9,975.7,23.688,27.6,24
Maitri,2010-02-26,-1.642,-4.7,-0.4,973.633,968.9,979.2,23.4,31.2,24
Maitri,2010-02-27,-4.3,-8.2,0.2,984.575,979.5,988.0,16.329,27.9,24
Maitri,2010-02-28,-5.796,-9.7,-3.0,988.588,988.0,989.1,12.229,19.2,24
Maitri,2010-03-01,-7.567,-9.7,-4.0,991.192,988.9,993.0,8.583,16.4,24
Maitri,2010-03-02,-8.158,-11.3,-4.5,992.725,991.9,994.4,9.304,19.7,24
Maitri,2010-03-03,-6.675,-9.9,-5.0,996.15,994.5,997.4,23.633,33.9,24
Maitri,2010-03-04,-5.25,-8.3,-3.5,986.917,980.8,993.6,29.079,36.4,24
Maitri,2010-03-05,-7.021,-9.7,-4.3,974.812,971.7,980.3,26.158,32.5,24
Maitri,2010-03-06,-5.0,-9.6,-2.2,973.133,971.4,974.6,17.029,29.9,24
Maitri,2010-03-07,-6.683,-8.9,-4.2,975.229,974.8,975.8,11.938,17.0,24
Maitri,2010-03-08,-8.496,-9.4,-6.4,975.046,973.0,979.5,17.638,21.9,24
Maitri,2010-03-09,-7.383,-8.9,-6.1,984.842,979.9,987.6,22.0,34.1,24
Maitri,2010-03-10,-5.375,-7.5,-3.3,985.758,983.6,988.0,37.521,45.9,24
Maitri,2010-03-11,-3.342,-6.1,-1.9,983.879,982.3,985.0,24.15,40.5,24
Maitri,2010-03-12,-6.575,-7.7,-4.9,988.846,984.9,993.0,23.633,31.7,24
Maitri,2010-03-13,-6.85,-8.9,-4.7,992.575,990.6,993.9,18.879,26.2,24
Maitri,2010-03-14,-6.833,-9.8,-3.3,982.771,973.1,990.4,27.058,43.6,24
Maitri,2010-03-15,-4.262,-5.0,-3.2,985.55,973.5,999.0,33.721,45.3,24
Maitri,2010-03-16,-3.246,-4.6,-1.8,1001.012,998.9,1002.5,24.179,31.1,24
Maitri,2010-03-17,-4.529,-7.0,-2.4,994.783,990.0,999.0,16.371,21.9,24
Maitri,2010-03-18,-7.496,-9.7,-6.1,991.021,989.0,994.1,20.117,25.2,24
Maitri,2010-03-19,-9.079,-10.6,-6.3,996.288,994.0,997.5,16.604,24.1,24
Maitri,2010-03-20,-8.438,-10.1,-6.8,986.017,979.7,993.8,24.342,30.5,24
Maitri,2010-03-21,-6.317,-7.2,-5.8,981.242,979.2,985.1,23.742,31.5,24
Maitri,2010-03-22,-6.837,-9.3,-5.0,988.442,985.4,990.3,18.758,24.9,24
Maitri,2010-03-23,-8.867,-11.5,-7.2,989.925,989.3,991.4,20.571,25.0,24
Maitri,2010-03-24,-11.471,-13.7,-7.3,993.6,991.4,995.3,8.879,23.0,24
Maitri,2010-03-25,-9.817,-13.0,-7.6,991.667,989.5,994.8,22.308,32.5,24
Maitri,2010-03-26,-8.808,-10.0,-7.2,988.908,988.3,989.9,28.092,33.9,24
Maitri,2010-03-27,-8.312,-10.3,-6.5,989.396,986.7,990.7,27.896,34.9,24
Maitri,2010-03-28,-4.758,-6.7,-2.7,979.483,975.3,986.0,32.35,42.0,24
Maitri,2010-03-29,-4.229,-7.1,-3.2,977.104,974.2,983.0,23.117,28.7,24
Maitri,2010-03-30,-4.979,-7.0,-3.4,986.079,982.8,988.1,23.05,31.3,24
Maitri,2010-03-31,-7.75,-9.8,-6.6,985.912,985.4,987.0,20.537,27.0,24
Maitri,2010-04-01,-10.192,-11.5,-9.3,988.825,986.1,992.2,17.446,23.5,24
Maitri,2010-04-02,-11.596,-14.0,-9.8,996.5,992.5,999.4,13.763,20.4,24
Maitri,2010-04-03,-15.529,-18.1,-11.4,997.738,994.7,999.6,8.388,16.5,24
Maitri,2010-04-04,-15.379,-20.2,-11.7,994.129,993.2,995.1,7.296,14.7,24
Maitri,2010-04-05,-11.817,-18.6,-7.5,994.104,992.6,996.0,14.688,24.4,24
Maitri,2010-04-06,-10.729,-12.7,-7.7,991.767,989.9,993.6,19.046,30.4,24
Maitri,2010-04-07,-13.875,-15.8,-12.0,984.767,981.5,989.4,21.104,27.8,24
Maitri,2010-04-08,-15.408,-16.6,-13.9,983.321,981.4,986.5,12.388,20.0,24
Maitri,2010-04-09,-11.917,-15.5,-10.1,988.575,986.6,990.0,15.225,21.9,24
Maitri,2010-04-10,-11.95,-14.2,-10.4,987.0,982.9,989.5,19.875,27.1,24
Maitri,2010-04-11,-12.125,-13.9,-11.0,977.729,976.0,982.3,22.0,24.5,24
Maitri,2010-04-12,-12.846,-14.6,-11.1,976.6,975.5,979.5,21.954,25.9,24
Maitri,2010-04-13,-13.812,-18.2,-10.5,984.104,979.7,986.5,12.675,28.2,24
Maitri,2010-04-14,-16.262,-19.8,-13.1,985.404,984.1,986.4,15.867,27.8,24
Maitri,2010-04-15,-9.608,-12.8,-7.3,983.333,982.8,983.8,29.075,36.3,24
Maitri,2010-04-16,-5.404,-7.2,-4.0,977.554,973.7,982.4,34.025,39.1,24
Maitri,2010-04-17,-5.396,-7.9,-3.5,974.4,970.8,980.2,31.492,36.9,24
Maitri,2010-04-18,-7.7,-9.1,-6.7,986.45,981.0,990.6,22.071,29.2,24
Maitri,2010-04-19,-12.275,-17.0,-9.3,993.137,991.1,996.0,11.879,20.5,24
Maitri,2010-04-20,-15.642,-18.7,-13.5,1001.075,996.2,1006.8,10.846,15.8,24
Maitri,2010-04-21,-12.754,-15.4,-10.0,1005.617,1000.6,1008.1,12.308,23.6,24
Maitri,2010-04-22,-9.171,-11.0,-7.5,994.35,986.8,999.9,25.308,37.5,24
Maitri,2010-04-23,-9.321,-11.2,-8.0,989.575,987.1,992.1,20.333,31.8,24
Maitri,2010-04-24,-12.171,-16.2,-10.1,985.846,982.6,989.8,15.108,23.5,24
Maitri,2010-04-25,-15.804,-18.0,-13.1,976.696,969.2,982.3,11.2,28.2,24
Maitri,2010-04-26,-11.017,-13.6,-6.9,968.133,966.3,972.1,23.342,30.5,24
Maitri,2010-04-27,-7.7,-8.9,-6.8,978.817,972.5,983.4,28.871,39.4,24
Maitri,2010-04-28,-6.808,-8.7,-6.0,984.325,982.5,985.6,35.354,43.8,24
Maitri,2010-04-29,-6.558,-7.2,-5.9,983.042,981.0,985.0,24.104,30.5,24
Maitri,2010-04-30,-9.783,-14.6,-6.7,992.054,982.9,1001.6,20.367,37.0,24
Maitri,2010-05-01,-14.538,-15.8,-11.7,1006.292,1001.9,1010.1,6.087,11.5,24
Maitri,2010-05-02,-13.529,-15.5,-9.7,1011.883,1010.1,1014.4,5.421,17.5,24
Maitri,2010-05-03,-13.233,-16.2,-9.2,1005.392,998.8,1013.2,5.425,8.7,24
Maitri,2010-05-04,-15.671,-19.9,-12.3,993.192,990.9,997.8,5.583,7.8,24
Maitri,2010-05-05,-12.575,-16.3,-10.1,1001.15,994.9,1010.5,13.208,27.2,24
Maitri,2010-05-06,-12.033,-14.1,-10.2,1013.596,1011.0,1014.8,11.812,28.7,24
Maitri,2010-05-07,-14.104,-16.2,-12.1,1010.033,1006.9,1013.7,8.958,23.9,24
Maitri,2010-05-08,-16.008,-19.4,-11.8,1011.308,1005.8,1017.6,8.525,22.2,24
Maitri,2010-05-09,-18.167,-20.0,-14.2,1020.654,1014.3,1023.4,5.617,8.4,24
Maitri,2010-05-10,-14.558,-20.4,-10.4,1000.975,994.9,1012.8,7.308,19.7,24
Maitri,2010-05-11,-16.758,-19.7,-13.8,994.396,993.4,995.6,9.237,23.0,24
Maitri,2010-05-12,-17.246,-18.3,-16.1,993.754,993.1,994.3,13.454,18.3,24
Maitri,2010-05-13,-19.088,-20.5,-17.4,993.942,992.7,994.8,11.808,26.1,24
Maitri,2010-05-14,-19.625,-23.8,-16.9,989.654,983.0,993.1,22.733,36.4,24
Maitri,2010-05-15,-18.179,-21.6,-14.6,972.912,967.1,981.8,23.367,35.9,24
Maitri,2010-05-16,-23.067,-26.3,-19.3,970.4,966.8,976.8,5.721,10.3,24
Maitri,2010-05-17,-15.638,-21.6,-11.1,980.979,977.2,982.5,10.267,19.2,24
Maitri,2010-05-18,-13.212,-16.3,-12.0,974.958,961.6,982.3,10.962,22.0,24
Maitri,2010-05-19,-11.275,-16.7,-8.7,959.35,955.3,965.0,17.917,25.0,24
Maitri,2010-05-20,-11.325,-12.1,-9.9,970.771,965.2,976.0,25.483,30.6,24
Maitri,2010-05-21,-12.888,-16.8,-10.6,979.096,975.9,981.5,19.175,29.9,24
Maitri,2010-05-22,-19.908,-21.6,-17.2,982.113,981.1,983.6,8.671,19.2,24
Maitri,2010-05-23,-17.908,-21.5,-16.1,985.079,983.3,987.6,12.388,21.9,24
Maitri,2010-05-24,-14.271,-17.0,-11.8,987.383,986.5,988.4,10.038,20.1,24
Maitri,2010-05-25,-18.546,-21.6,-14.1,991.358,988.3,993.5,9.013,15.5,24
Maitri,2010-05-26,-22.037,-24.4,-19.5,993.729,992.5,994.3,11.621,23.3,24
Maitri,2010-05-27,-14.788,-19.6,-11.3,985.858,980.9,992.0,27.463,38.6,24
Maitri,2010-05-28,-12.983,-14.4,-11.1,976.783,974.9,980.9,27.392,32.1,24
Maitri,2010-05-29,-13.325,-14.3,-12.8,976.0,974.8,977.0,25.904,32.5,24
Maitri,2010-05-30,-13.454,-14.2,-12.3,978.675,977.1,979.6,24.846,28.6,24
Maitri,2010-05-31,-15.912,-20.3,-10.6,984.192,979.9,987.9,10.046,22.5,24
Maitri,2010-06-01,-20.696,-23.4,-17.0,985.238,978.0,988.3,7.971,19.3,24
Maitri,2010-06-02,-20.075,-23.3,-17.0,978.329,975.3,980.7,11.679,28.2,24
Maitri,2010-06-03,-18.058,-23.7,-13.9,979.067,977.4,980.6,15.158,26.8,24
Maitri,2010-06-04,-21.088,-25.8,-18.5,982.296,980.9,983.6,14.388,26.5,24
Maitri,2010-06-05,-20.725,-22.9,-19.2,983.129,978.8,984.9,22.433,30.2,24
Maitri,2010-06-06,-19.542,-22.3,-17.4,975.246,973.0,978.6,16.871,28.3,24
Maitri,2010-06-07,-16.75,-20.7,-13.1,983.679,976.9,989.7,18.729,30.7,24
Maitri,2010-06-08,-17.037,-20.2,-14.6,990.375,988.7,991.7,14.712,28.3,24
Maitri,2010-06-09,-19.8,-21.6,-17.2,981.062,977.2,988.0,10.508,15.6,24
Maitri,2010-06-10,-18.967,-21.7,-14.6,978.788,977.0,980.8,20.275,27.9,24
Maitri,2010-06-11,-13.933,-15.8,-12.8,976.925,976.2,977.7,17.592,31.0,24
Maitri,2010-06-12,-16.692,-18.9,-14.4,978.504,976.5,981.2,20.438,28.5,24
Maitri,2010-06-13,-17.067,-19.3,-14.9,980.421,979.1,981.6,26.617,30.5,24
Maitri,2010-06-14,-13.117,-15.6,-11.4,985.171,980.7,990.0,19.1,26.6,24
Maitri,2010-06-15,-16.175,-18.7,-13.8,989.4,985.5,990.9,14.712,23.7,24
Maitri,2010-06-16,-18.121,-22.1,-16.2,984.929,983.9,986.2,21.367,37.1,24
Maitri,2010-06-17,-19.938,-25.1,-16.6,983.912,979.7,987.4,9.425,17.1,24
Maitri,2010-06-18,-23.838,-27.5,-21.6,981.367,980.0,982.8,8.688,15.4,24
Maitri,2010-06-19,-23.4,-24.8,-21.9,979.717,979.3,980.6,23.342,30.3,24
Maitri,2010-06-20,-22.171,-24.9,-21.3,982.175,979.1,985.2,17.071,24.2,24
Maitri,2010-06-21,-25.283,-26.8,-23.0,983.171,982.2,984.6,7.833,16.0,24
Maitri,2010-06-22,-18.325,-26.1,-12.1,980.733,979.5,982.4,15.362,28.2,24
Maitri,2010-06-23,-20.058,-23.4,-17.3,984.338,980.1,986.5,7.279,16.4,24
Maitri,2010-06-24,-19.646,-22.7,-16.1,986.992,985.4,989.7,12.408,27.5,24
Maitri,2010-06-25,-16.117,-17.8,-14.5,989.912,988.8,990.8,20.375,26.0,24
Maitri,2010-06-26,-15.554,-17.1,-14.3,989.146,988.0,990.6,17.658,24.7,24
Maitri,2010-06-27,-15.542,-16.8,-13.3,983.604,977.5,990.3,22.838,28.8,24
Maitri,2010-06-28,-13.742,-16.2,-12.1,975.462,974.1,976.8,12.746,22.4,24
Maitri,2010-06-29,-18.883,-21.8,-16.4,977.821,974.8,984.3,11.062,15.4,24
Maitri,2010-06-30,-23.713,-25.3,-19.9,991.504,985.1,995.0,9.596,16.2,24
Maitri,2010-07-01,-24.408,-28.1,-22.2,988.538,981.1,994.4,8.533,15.7,24
Maitri,2010-07-02,-25.417,-27.8,-23.1,978.496,977.2,980.2,11.529,21.7,24
Maitri,2010-07-03,-18.692,-22.9,-16.0,977.442,976.4,978.8,20.917,26.0,24
Maitri,2010-07-04,-20.417,-25.0,-17.3,977.692,976.3,978.7,15.642,27.5,24
Maitri,2010-07-05,-27.025,-30.5,-25.0,974.417,972.6,978.0,7.408,13.7,24
Maitri,2010-07-06,-28.504,-31.7,-26.0,976.283,973.8,977.9,13.421,26.0,24
Maitri,2010-07-07,-25.662,-27.2,-22.8,968.321,964.3,974.4,17.725,26.1,24
Maitri,2010-07-08,-20.292,-23.9,-15.3,973.338,964.5,979.8,13.962,26.3,24
Maitri,2010-07-09,-23.45,-26.6,-18.7,981.596,979.6,983.8,8.308,16.3,24
Maitri,2010-07-10,-19.833,-22.2,-16.8,980.575,977.2,983.5,11.717,21.1,24
Maitri,2010-07-11,-19.808,-21.5,-17.9,985.467,979.1,991.2,23.829,29.9,24
Maitri,2010-07-12,-21.963,-27.6,-19.3,991.683,990.5,993.1,8.279,22.2,24
Maitri,2010-07-13,-23.562,-26.5,-16.9,987.762,985.2,990.8,6.15,16.1,24
Maitri,2010-07-14,-25.192,-26.9,-23.1,983.0,978.8,985.4,10.696,23.6,24
Maitri,2010-07-15,-24.467,-27.8,-18.8,976.454,974.4,978.8,11.1,20.6,24
Maitri,2010-07-16,-16.254,-20.4,-13.4,976.017,973.4,978.7,19.971,27.4,24
Maitri,2010-07-17,-14.096,-15.0,-12.6,983.283,978.6,987.5,22.583,27.1,24
Maitri,2010-07-18,-14.388,-15.9,-13.6,986.475,985.5,987.4,22.688,28.4,24
Maitri,2010-07-19,-16.783,-17.6,-15.5,986.433,982.1,988.8,15.908,23.4,24
Maitri,2010-07-20,-14.383,-15.4,-13.4,976.792,971.8,981.6,27.475,34.3,24
Maitri,2010-07-21,-15.083,-16.0,-13.3,970.363,966.4,972.1,30.308,39.0,24
Maitri,2010-07-22,-16.404,-17.5,-15.2,962.85,960.0,966.2,23.762,38.7,24
Maitri,2010-07-23,-21.533,-23.9,-17.5,964.004,959.8,972.0,11.417,29.5,24
Maitri,2010-07-24,-21.533,-23.0,-19.8,982.029,973.5,986.4,23.475,26.5,24
Maitri,2010-07-25,-20.512,-21.3,-18.9,981.475,975.2,986.4,19.475,26.0,24
Maitri,2010-07-26,-17.229,-18.5,-15.9,971.258,970.0,974.7,13.95,24.4,24
Maitri,2010-07-27,-16.475,-17.9,-14.0,976.821,971.1,986.1,13.912,24.6,24
Maitri,2010-07-28,-19.338,-22.8,-15.1,994.554,987.2,999.0,10.658,23.8,24
Maitri,2010-07-29,-14.183,-22.5,-7.9,998.312,997.2,1000.0,11.917,27.0,24
Maitri,2010-07-30,-10.575,-17.1,-7.1,992.933,989.8,996.9,14.729,28.0,24
Maitri,2010-07-31,-19.067,-23.0,-14.9,985.229,975.6,991.2,8.483,23.8,24
Maitri,2010-08-01,-20.012,-24.4,-15.7,972.821,972.0,974.5,12.192,22.8,24
Maitri,2010-08-02,-23.883,-26.7,-21.3,977.454,973.8,983.0,13.462,20.0,24
Maitri,2010-08-03,-27.242,-29.5,-23.9,986.812,982.9,988.6,11.2,20.0,24
Maitri,2010-08-04,-26.6,-29.0,-25.1,987.283,986.6,988.5,19.812,28.2,24
Maitri,2010-08-05,-26.796,-29.4,-25.0,990.075,986.8,994.0,13.513,22.3,24
Maitri,2010-08-06,-25.617,-30.0,-19.8,996.429,994.9,997.8,9.233,18.5,24
Maitri,2010-08-07,-15.858,-21.2,-12.6,986.021,981.9,995.2,16.696,25.1,24
Maitri,2010-08-08,-20.046,-23.3,-15.3,986.358,982.3,991.5,13.617,22.1,24
Maitri,2010-08-09,-22.496,-26.1,-18.1,991.162,986.6,993.4,7.429,23.9,24
Maitri,2010-08-10,-22.5,-27.7,-18.6,982.867,981.4,986.1,5.879,10.9,24
Maitri,2010-08-11,-24.388,-27.6,-22.4,988.104,983.4,990.7,7.096,16.8,24
Maitri,2010-08-12,-25.575,-28.6,-21.5,988.233,986.3,989.1,5.221,8.5,24
Maitri,2010-08-13,-22.508,-24.4,-18.1,985.75,984.1,987.3,11.987,28.4,24
Maitri,2010-08-14,-15.354,-20.4,-13.1,974.512,970.2,983.4,24.375,34.4,24
Maitri,2010-08-15,-14.35,-15.8,-12.7,969.5,964.8,971.4,26.879,34.6,24
Maitri,2010-08-16,-18.379,-21.1,-15.4,962.325,960.5,966.1,23.971,30.8,24
Maitri,2010-08-17,-18.217,-20.2,-16.8,970.258,966.7,972.7,22.208,28.8,24
Maitri,2010-08-18,-16.9,-17.8,-15.3,966.592,960.4,972.2,29.25,36.9,24
Maitri,2010-08-19,-14.925,-15.6,-13.2,963.225,961.0,965.5,25.117,31.7,24
Maitri,2010-08-20,-12.833,-14.9,-9.6,965.363,962.8,970.4,24.992,32.6,24
Maitri,2010-08-21,-14.275,-17.4,-9.2,979.642,971.8,983.8,24.3,53.9,24
Maitri,2010-08-22,-9.338,-14.5,-7.7,976.383,970.4,983.8,24.317,37.9,24
Maitri,2010-08-23,-14.517,-19.6,-9.0,981.717,971.9,987.3,18.138,30.3,24
Maitri,2010-08-24,-18.654,-20.4,-16.0,990.417,987.1,995.6,14.133,26.1,24
Maitri,2010-08-25,-17.946,-22.0,-14.3,997.508,996.3,998.8,10.817,19.9,24
Maitri,2010-08-26,-20.283,-24.1,-17.2,990.283,986.8,996.1,12.446,21.1,24
Maitri,2010-08-27,-23.725,-25.1,-22.0,990.271,987.7,992.1,12.108,20.7,24
Maitri,2010-08-28,-24.625,-27.8,-20.9,982.113,972.5,990.8,6.917,20.1,24
Maitri,2010-08-29,-20.708,-28.8,-15.7,971.617,968.4,980.0,17.15,29.3,24
Maitri,2010-08-30,-20.179,-23.2,-17.7,982.379,978.1,984.5,17.058,25.2,24
Maitri,2010-08-31,-22.421,-25.9,-17.6,969.146,960.4,977.5,7.6,28.7,24
Maitri,2010-09-01,-20.454,-23.6,-17.6,965.825,960.4,976.7,13.258,29.2,24
Maitri,2010-09-02,-17.067,-20.3,-15.4,984.404,978.2,986.6,20.271,28.2,24
Maitri,2010-09-03,-15.271,-17.3,-14.5,986.958,981.2,989.5,19.771,26.3,24
Maitri,2010-09-04,-15.621,-18.4,-13.4,973.538,966.5,980.2,20.896,29.9,24
Maitri,2010-09-05,-21.575,-26.8,-18.6,963.475,958.9,974.7,11.038,29.5,24
Maitri,2010-09-06,-20.971,-27.5,-15.4,990.542,976.6,994.8,18.992,28.1,24
Maitri,2010-09-07,-20.025,-25.6,-16.0,984.917,974.3,993.5,11.371,21.9,24
Maitri,2010-09-08,-22.112,-24.6,-16.8,969.508,966.7,974.3,12.742,20.5,24
Maitri,2010-09-09,-20.021,-23.0,-15.0,970.512,966.4,978.5,13.162,22.5,24
Maitri,2010-09-10,-18.346,-24.6,-15.6,975.921,963.9,980.3,16.662,26.9,24
Maitri,2010-09-11,-23.208,-27.6,-19.6,967.904,961.3,978.5,14.15,25.5,24
Maitri,2010-09-12,-21.296,-23.5,-17.6,978.25,973.1,980.4,12.983,22.8,24
Maitri,2010-09-13,-22.358,-28.1,-18.5,976.637,971.1,986.1,11.254,23.5,24
Maitri,2010-09-14,-17.883,-21.2,-13.9,994.679,986.7,1001.7,15.7,28.9,24
Maitri,2010-09-15,-18.025,-21.7,-9.9,998.179,991.6,1002.0,7.554,16.3,24
Maitri,2010-09-16,-10.196,-19.7,-4.5,983.529,980.3,990.3,17.312,32.2,24
Maitri,2010-09-17,-9.812,-15.2,-6.9,992.804,984.9,998.4,10.121,24.2,24
Maitri,2010-09-18,-8.092,-11.1,-5.4,993.887,988.1,998.6,20.475,27.6,24
Maitri,2010-09-19,-7.171,-8.4,-6.1,982.654,978.9,987.3,19.0,30.1,24
Maitri,2010-09-20,-8.117,-13.4,-3.4,983.917,978.7,991.9,10.967,18.7,24
Maitri,2010-09-21,-14.329,-19.1,-10.5,995.592,992.1,998.0,7.408,17.0,24
Maitri,2010-09-22,-16.596,-20.6,-11.2,1000.083,997.9,1001.4,5.862,7.6,24
Maitri,2010-09-23,-17.117,-20.6,-11.6,1000.6,999.8,1002.3,5.721,7.9,24
Maitri,2010-09-24,-15.758,-21.4,-12.9,1004.754,1002.2,1007.0,11.558,23.1,24
Maitri,2010-09-25,-10.808,-14.8,-7.8,1002.288,998.2,1006.4,16.188,25.1,24
Maitri,2010-09-26,-10.788,-16.0,-5.6,994.654,991.7,997.7,17.662,27.5,24
Maitri,2010-09-27,-15.45,-17.2,-13.7,996.412,991.8,999.1,22.946,30.8,24
Maitri,2010-09-28,-16.292,-19.0,-13.9,984.429,978.0,991.5,16.846,26.6,24
Maitri,2010-09-29,-17.433,-20.9,-14.2,979.979,977.0,986.6,12.908,23.0,24
Maitri,2010-09-30,-15.042,-20.5,-11.1,990.875,987.2,992.3,17.058,24.9,24
Maitri,2010-10-01,-14.338,-16.4,-11.3,990.408,988.4,992.1,16.533,27.6,24
Maitri,2010-10-02,-16.725,-21.3,-10.7,988.829,987.8,990.3,9.071,19.7,24
Maitri,2010-10-03,-16.429,-20.0,-13.2,991.133,990.7,992.0,15.379,20.8,24
Maitri,2010-10-04,-18.537,-21.9,-15.2,990.979,988.9,992.3,9.763,17.6,24
Maitri,2010-10-05,-19.55,-22.9,-14.6,989.442,987.9,993.0,10.554,21.0,24
Maitri,2010-10-06,-18.662,-22.1,-15.6,996.025,993.7,997.1,12.267,18.2,24
Maitri,2010-10-07,-18.321,-22.9,-13.8,995.262,993.6,997.0,12.454,21.1,24
Maitri,2010-10-08,-19.042,-23.4,-15.9,996.15,993.9,997.1,11.15,26.5,24
Maitri,2010-10-09,-18.729,-22.3,-15.3,996.425,995.2,997.3,8.65,16.9,24
Maitri,2010-10-10,-16.075,-20.1,-11.9,998.637,997.4,999.8,7.117,15.8,24
Maitri,2010-10-11,-13.296,-18.8,-9.5,996.725,993.7,998.6,11.783,17.6,24
Maitri,2010-10-12,-11.3,-13.3,-9.0,987.054,982.5,992.8,11.208,22.3,24
Maitri,2010-10-13,-8.017,-12.9,-4.8,980.387,977.9,982.2,14.062,29.5,24
Maitri,2010-10-14,-10.575,-13.2,-6.7,982.012,979.3,984.3,16.417,28.0,24
Maitri,2010-10-15,-11.721,-14.6,-9.9,974.012,965.5,979.2,24.408,38.7,24
Maitri,2010-10-16,-9.571,-10.8,-6.9,967.679,963.1,971.1,32.896,38.5,24
Maitri,2010-10-17,-4.342,-6.4,-2.5,956.058,949.6,964.5,35.604,43.4,24
Maitri,2010-10-18,-6.125,-11.8,-4.1,973.354,965.2,977.0,21.058,33.7,24
Maitri,2010-10-19,-10.35,-12.8,-6.7,981.062,977.0,985.5,17.296,27.8,24
Maitri,2010-10-20,-12.2,-16.1,-8.6,990.025,985.7,992.1,13.133,25.0,24
Maitri,2010-10-21,-13.754,-17.0,-11.0,986.6,983.4,991.6,6.65,9.0,24
Maitri,2010-10-22,-14.254,-16.2,-13.1,982.4,978.2,985.1,13.383,20.3,24
Maitri,2010-10-23,-13.696,-16.9,-10.1,976.904,975.9,979.1,12.638,17.9,24
Maitri,2010-10-24,-16.325,-18.5,-13.7,978.05,976.0,980.0,7.721,10.7,24
Maitri,2010-10-25,-16.271,-19.0,-13.4,976.321,975.8,976.9,13.758,17.6,24
Maitri,2010-10-26,-16.45,-19.0,-13.2,980.088,977.1,982.6,12.583,17.5,24
Maitri,2010-10-27,-14.812,-19.9,-10.6,977.779,972.3,982.8,16.708,27.4,24
Maitri,2010-10-28,-10.725,-13.6,-8.4,971.817,967.5,974.3,21.858,27.6,24
Maitri,2010-10-29,-9.392,-13.1,-4.9,963.712,955.9,967.2,19.921,28.1,24
Maitri,2010-10-30,-8.383,-11.8,-3.1,945.85,937.6,956.7,22.062,30.1,24
Maitri,2010-10-31,-9.771,-12.2,-7.9,977.788,958.4,991.7,27.037,38.0,24
Maitri,2010-11-01,-8.067,-12.0,-4.6,983.667,978.6,990.9,17.492,29.0,24
Maitri,2010-11-02,-8.183,-9.3,-6.6,987.108,979.6,992.4,21.05,24.4,24
Maitri,2010-11-03,-9.225,-10.7,-8.0,995.517,992.5,997.2,24.017,28.1,24
Maitri,2010-11-04,-3.871,-8.7,-0.6,991.012,983.6,997.0,26.183,33.3,24
Maitri,2010-11-05,-3.5,-4.8,-0.5,973.412,967.4,982.9,20.312,27.4,24
Maitri,2010-11-06,-4.104,-5.5,-2.3,979.629,973.4,992.8,13.288,18.7,24
Maitri,2010-11-07,-3.242,-8.3,-0.4,1002.508,993.8,1006.1,18.617,24.2,24
Maitri,2010-11-08,-4.279,-8.0,-1.5,998.746,995.7,1002.3,18.408,34.1,24
Maitri,2010-11-09,-2.55,-5.5,0.9,988.65,980.3,995.8,15.288,24.4,24
Maitri,2010-11-10,-1.092,-5.4,3.9,981.696,979.3,987.5,18.454,34.1,24
Maitri,2010-11-11,-4.567,-8.2,-1.2,989.1,986.0,991.1,16.675,31.5,24
Maitri,2010-11-12,-5.792,-8.4,-2.2,981.429,978.4,985.7,12.729,19.7,24
Maitri,2010-11-13,-6.133,-8.8,-4.2,974.458,972.6,978.1,18.575,24.1,24
Maitri,2010-11-14,-6.163,-9.7,-2.5,976.038,973.0,978.6,9.492,15.4,24
Maitri,2010-11-15,-6.612,-9.0,-3.8,979.192,976.4,980.3,10.954,19.3,24
Maitri,2010-11-16,-7.342,-9.3,-4.8,973.954,972.0,976.1,16.592,21.4,24
Maitri,2010-11-17,-5.975,-9.0,-3.5,972.371,971.6,973.4,15.642,25.3,24
Maitri,2010-11-18,-4.333,-7.8,-2.6,973.408,972.0,974.3,14.525,24.9,24
Maitri,2010-11-19,-3.154,-7.2,-0.2,976.2,973.7,979.6,18.221,25.7,24
Maitri,2010-11-20,-4.725,-9.2,-1.0,983.758,979.9,986.5,14.179,25.3,24
Maitri,2010-11-21,-4.592,-8.5,-0.2,983.496,980.4,987.1,13.788,21.2,24
Maitri,2010-11-22,-4.7,-7.4,-1.9,980.871,979.2,982.2,11.075,24.7,24
Maitri,2010-11-23,-4.925,-7.6,-1.3,976.954,975.7,978.9,13.075,21.1,24
Maitri,2010-11-24,-5.467,-8.2,-3.1,983.029,979.1,984.7,13.696,22.9,24
Maitri,2010-11-25,-6.692,-10.2,-3.5,982.312,980.6,984.6,11.975,18.1,24
Maitri,2010-11-26,-7.538,-9.9,-5.3,977.925,976.0,980.4,11.462,18.0,24
Maitri,2010-11-27,-7.288,-10.8,-4.0,977.012,975.8,977.7,17.442,24.5,24
Maitri,2010-11-28,-5.242,-10.5,0.1,973.721,972.0,976.8,21.412,25.5,24
Maitri,2010-11-29,-2.363,-4.7,0.1,975.562,973.6,978.2,20.879,27.1,24
Maitri,2010-11-30,-1.938,-5.8,1.6,983.162,978.6,984.8,16.117,23.5,24
Maitri,2011-01-01,2.329,-0.1,5.1,991.504,991.0,992.5,14.892,20.3,24
Maitri,2011-01-02,0.983,-0.1,2.4,993.438,991.5,994.7,18.242,25.7,24
Maitri,2011-01-03,1.729,-1.3,4.3,985.579,977.8,991.3,18.562,25.7,24
Maitri,2011-01-04,0.925,-2.0,2.8,975.946,975.2,977.3,15.888,22.6,24
Maitri,2011-01-05,-0.083,-1.1,0.8,979.05,974.5,982.9,17.133,23.6,24
Maitri,2011-01-06,0.9,-2.2,5.2,982.938,981.0,985.4,14.712,27.5,24
Maitri,2011-01-07,-0.058,-2.8,2.9,989.829,986.0,991.4,16.979,23.3,24
Maitri,2011-01-08,0.525,-0.4,1.2,988.104,987.4,989.5,24.808,27.7,24
Maitri,2011-01-09,0.079,-0.5,0.8,990.571,988.2,992.0,18.838,22.9,24
Maitri,2011-01-10,1.979,-0.4,4.1,991.146,990.5,991.6,16.787,24.6,24
Maitri,2011-01-11,3.054,0.4,5.6,990.6,989.7,991.8,17.162,27.0,24
Maitri,2011-01-12,2.633,-0.6,4.7,989.108,987.8,990.4,18.108,22.5,24
Maitri,2011-01-13,2.321,0.3,3.9,992.146,987.6,997.1,21.942,28.5,24
Maitri,2011-01-14,2.492,0.2,4.6,998.462,997.8,999.4,16.483,20.7,24
Maitri,2011-01-15,3.662,1.8,5.2,997.85,996.6,998.6,15.658,22.9,24
Maitri,2011-01-16,2.971,0.6,4.8,999.246,997.4,1001.2,17.787,23.5,24
Maitri,2011-01-17,3.625,1.6,6.3,999.812,994.7,1001.7,17.379,23.4,24
Maitri,2011-01-18,3.846,0.4,6.4,992.613,991.9,994.4,19.558,31.4,24
Maitri,2011-01-19,3.8,1.9,5.6,996.588,994.6,998.0,17.842,23.6,24
Maitri,2011-01-20,3.833,1.6,6.4,991.758,988.4,997.3,12.1,22.3,24
Maitri,2011-01-21,3.729,2.1,6.7,987.525,987.0,988.4,15.321,28.5,24
Maitri,2011-01-22,2.117,0.4,5.3,988.133,984.7,990.1,17.638,28.2,24
Maitri,2011-01-23,1.533,-0.6,4.8,982.921,980.2,986.7,17.25,27.3,24
Maitri,2011-01-24,2.15,-0.3,4.4,983.475,980.2,988.8,17.583,22.9,24
Maitri,2011-01-25,0.95,-1.3,2.2,986.512,977.4,988.3,13.633,21.1,24
Maitri,2011-01-26,0.746,-1.9,4.0,984.454,978.4,988.0,17.071,21.4,24
Maitri,2011-01-27,1.883,-0.4,3.2,973.417,971.3,978.0,25.125,30.0,24
Maitri,2011-01-28,1.512,0.7,2.7,977.442,972.9,985.3,24.904,30.1,24
Maitri,2011-01-29,0.608,-0.1,1.5,987.425,985.6,988.8,17.496,25.0,24
Maitri,2011-01-30,0.821,-0.2,2.6,989.896,987.5,991.6,13.904,19.1,24
Maitri,2011-01-31,1.312,-2.2,5.1,992.429,991.3,993.5,13.812,25.3,24
Maitri,2011-02-01,-1.392,-4.8,2.6,992.283,990.3,997.4,9.267,19.6,24
Maitri,2011-02-02,-2.033,-6.3,1.1,999.0,997.8,999.8,9.158,14.7,24
Maitri,2011-02-03,-1.4,-2.6,0.0,996.504,994.3,999.0,14.625,23.6,24
Maitri,2011-02-04,-1.154,-4.3,1.5,992.058,987.2,994.3,13.088,21.4,24
Maitri,2011-02-05,-3.338,-7.2,0.0,985.583,984.1,988.4,10.179,18.2,24
Maitri,2011-02-06,-4.0,-7.8,-0.4,993.675,988.9,996.4,15.475,22.5,24
Maitri,2011-02-07,-2.375,-5.5,1.7,999.167,996.5,1002.0,16.4,26.9,24
Maitri,2011-02-08,-2.696,-4.4,0.2,998.042,992.9,1001.7,11.912,21.9,24
Maitri,2011-02-09,-2.133,-3.7,-0.1,990.55,989.0,992.5,21.438,26.2,24
Maitri,2011-02-10,-2.704,-4.5,0.0,993.367,990.6,995.7,18.921,24.9,24
Maitri,2011-02-11,-3.637,-5.4,-1.6,996.5,994.5,997.8,11.496,24.9,24
Maitri,2011-02-12,-0.7,-5.2,2.1,987.492,982.4,994.1,20.562,32.6,24
Maitri,2011-02-13,-3.783,-4.6,-1.4,985.387,981.4,992.9,25.829,34.1,24
Maitri,2011-02-14,-2.592,-4.3,-1.4,994.012,989.5,996.6,22.879,28.3,24
Maitri,2011-02-15,-2.183,-3.1,-0.7,981.538,978.1,988.6,28.542,40.6,24
Maitri,2011-02-16,-1.321,-2.8,-0.1,979.688,970.8,985.4,16.133,24.4,24
Maitri,2011-02-17,-3.017,-6.6,-0.8,977.692,964.4,987.9,14.767,24.8,24
Maitri,2011-02-18,-1.275,-2.6,-0.7,988.133,982.1,990.6,21.592,25.7,24
Maitri,2011-02-19,-2.887,-4.7,-0.6,977.05,975.1,981.2,20.833,31.9,24
Maitri,2011-02-20,-1.388,-3.6,0.8,981.421,976.1,993.5,19.971,26.9,24
Maitri,2011-02-21,-1.796,-3.3,-0.3,995.158,989.0,997.8,18.746,22.8,24
Maitri,2011-02-22,-3.4,-5.8,-2.0,981.129,974.1,988.4,16.5,21.9,24
Maitri,2011-02-23,-4.917,-6.6,-2.4,973.258,972.3,975.3,18.075,25.1,24
Maitri,2011-02-24,-7.158,-10.0,-3.6,979.363,975.6,982.7,16.504,22.1,24
Maitri,2011-02-25,-6.1,-11.1,-1.3,982.775,981.7,983.7,14.025,25.0,24
Maitri,2011-02-26,-5.129,-7.1,-3.5,980.483,979.8,982.6,12.013,18.7,24
Maitri,2011-02-27,-7.808,-11.2,-5.2,986.254,982.9,988.1,15.175,22.9,24
Maitri,2011-02-28,-8.246,-11.7,-6.7,986.479,985.6,987.9,14.95,23.7,24
Maitri,2011-03-01,-7.417,-9.0,-4.7,985.675,984.8,987.2,13.033,19.1,24
Maitri,2011-03-02,-9.046,-13.6,-4.7,988.758,987.2,990.1,16.838,25.0,24
Maitri,2011-03-03,-10.675,-14.3,-6.6,989.971,989.2,990.6,13.771,21.6,24
Maitri,2011-03-04,-9.271,-11.9,-7.8,991.2,989.1,993.2,19.862,31.4,24
Maitri,2011-03-05,-7.5,-8.3,-6.3,982.875,980.2,989.5,26.254,34.8,24
Maitri,2011-03-06,-6.075,-7.9,-3.5,982.988,980.0,989.3,15.7,21.8,24
Maitri,2011-03-07,-7.204,-8.5,-5.3,992.108,989.1,993.9,19.383,33.3,24
Maitri,2011-03-08,-5.446,-8.5,-2.9,985.675,982.8,988.7,23.588,35.2,24
Maitri,2011-03-09,-5.462,-8.0,-2.2,979.542,977.7,982.2,15.954,27.8,24
Maitri,2011-03-10,-3.204,-9.1,-0.8,982.833,979.1,987.3,21.4,31.1,24
Maitri,2011-03-11,-5.733,-9.7,-2.3,986.504,984.7,987.8,11.258,16.5,24
Maitri,2011-03-12,-7.658,-10.1,-5.5,982.912,980.2,984.4,15.079,19.4,24
Maitri,2011-03-13,-7.279,-7.9,-6.8,979.45,978.5,982.1,18.975,24.9,24
Maitri,2011-03-14,-5.6,-7.2,-3.8,983.788,981.1,985.6,22.121,27.3,24
Maitri,2011-03-15,-6.954,-9.8,-5.1,972.392,967.2,980.4,15.6,29.6,24
Maitri,2011-03-16,-4.638,-9.0,-3.1,966.637,964.9,971.0,24.213,32.1,24
Maitri,2011-03-17,-6.692,-8.5,-5.1,977.958,971.4,984.9,22.492,30.7,24
Maitri,2011-03-18,-4.938,-7.6,-3.6,989.338,985.4,992.7,22.579,26.5,24
Maitri,2011-03-19,-5.638,-10.0,-2.5,989.275,984.1,993.0,17.371,31.6,24
Maitri,2011-03-20,-10.942,-16.1,-7.8,988.321,983.7,992.1,15.725,23.5,24
Maitri,2011-03-21,-15.179,-17.8,-11.1,994.65,992.2,995.6,13.154,25.4,24
Maitri,2011-03-22,-15.775,-19.6,-11.1,996.012,994.4,999.1,10.442,17.4,24
Maitri,2011-03-23,-14.892,-18.0,-11.1,1004.104,999.9,1008.5,8.162,14.8,24
Maitri,2011-03-24,-13.358,-15.4,-10.9,1011.121,1008.5,1012.1,14.471,20.8,24
Maitri,2011-03-25,-12.325,-14.3,-10.4,1003.792,999.9,1009.3,22.371,26.7,24
Maitri,2011-03-26,-10.75,-12.6,-8.7,999.887,999.2,1000.9,24.9,34.0,24
Maitri,2011-03-27,-5.321,-9.9,-3.8,996.412,992.9,999.9,27.942,34.3,24
Maitri,2011-03-28,-4.596,-4.9,-4.2,993.792,991.1,997.3,30.012,38.6,24
Maitri,2011-03-29,-5.329,-7.5,-4.8,1000.696,997.7,1002.4,15.987,24.7,24
Maitri,2011-03-30,-8.667,-10.9,-5.7,995.179,989.2,1001.3,11.638,21.9,24
Maitri,2011-03-31,-9.417,-10.6,-8.0,990.096,988.3,992.1,17.671,26.1,24
Maitri,2011-04-01,-462.896,-999.0,-8.3,80.312,-999.0,994.0,-447.967,24.0,24
Maitri,2011-04-02,-9.092,-11.8,-6.4,988.442,983.2,992.9,30.679,40.1,24
Maitri,2011-04-03,-4.558,-5.9,-3.5,977.142,974.5,983.1,32.425,38.4,24
Maitri,2011-04-04,-2.962,-4.4,-1.4,977.412,974.7,983.4,24.75,32.3,24
Maitri,2011-04-05,-3.588,-6.8,-2.3,995.221,984.0,1002.8,25.875,35.4,24
Maitri,2011-04-06,-8.438,-10.9,-6.4,996.1,988.4,1002.7,23.058,30.7,24
Maitri,2011-04-07,-11.379,-13.3,-8.8,983.358,979.2,988.5,21.346,28.9,24
Maitri,2011-04-08,-8.967,-9.6,-8.0,979.754,978.2,982.8,28.125,34.7,24
Maitri,2011-04-09,-9.938,-15.4,-7.7,989.671,983.5,995.5,16.454,29.7,24
Maitri,2011-04-10,-13.638,-15.7,-12.2,994.312,990.1,996.3,18.179,24.9,24
Maitri,2011-04-11,-10.15,-12.3,-8.2,983.658,980.3,989.5,30.767,39.1,24
Maitri,2011-04-12,-4.758,-7.9,-2.9,971.825,960.4,979.9,35.508,45.0,24
Maitri,2011-04-13,-3.071,-4.5,-1.4,967.125,959.8,979.2,30.367,38.1,24
Maitri,2011-04-14,-1.713,-3.0,-1.1,982.238,978.6,984.8,31.654,39.5,24
Maitri,2011-04-15,-5.417,-9.8,-2.4,985.646,983.7,986.7,20.017,31.1,24
Maitri,2011-04-16,-9.533,-11.3,-7.1,983.292,978.4,987.3,28.633,38.3,24
Maitri,2011-04-17,-6.212,-9.3,-4.7,974.254,971.5,980.1,35.379,42.6,24
Maitri,2011-04-18,-9.908,-11.4,-9.0,983.162,981.2,984.4,20.379,26.5,24
Maitri,2011-04-19,-12.879,-14.6,-11.1,983.246,982.0,985.1,17.992,22.5,24
Maitri,2011-04-20,-16.604,-18.6,-14.7,987.229,985.3,990.4,10.725,21.9,24
Maitri,2011-04-21,-13.188,-17.4,-10.1,992.446,990.8,994.0,22.229,33.3,24
Maitri,2011-04-22,-9.167,-10.3,-7.3,990.8,988.5,993.2,30.696,36.0,24
Maitri,2011-04-23,-7.979,-9.5,-6.7,991.025,988.7,994.0,25.183,35.5,24
Maitri,2011-04-24,-11.521,-13.3,-7.9,996.054,994.4,997.1,11.692,21.1,24
Maitri,2011-04-25,-10.979,-14.1,-8.9,995.433,992.9,997.1,17.562,26.4,24
Maitri,2011-04-26,-14.7,-17.0,-12.2,994.279,991.8,998.0,6.517,12.4,24
Maitri,2011-04-27,-12.0,-16.0,-9.1,999.533,997.4,1000.9,15.333,21.9,24
Maitri,2011-04-28,-9.104,-9.6,-8.1,989.412,983.7,996.8,28.621,40.0,24
Maitri,2011-04-29,-9.329,-9.7,-9.0,986.433,983.8,988.2,28.217,35.4,24
Maitri,2011-04-30,-8.379,-8.9,-7.8,981.363,977.6,986.1,27.238,33.0,24
Maitri,2011-05-01,-8.021,-8.8,-7.5,980.671,977.8,983.0,20.963,26.4,24
Maitri,2011-05-02,-9.317,-10.0,-8.5,982.242,981.6,982.9,18.158,22.4,24
Maitri,2011-05-03,-10.258,-10.8,-9.9,983.317,982.5,984.1,16.679,20.5,24
Maitri,2011-05-04,-11.85,-13.8,-10.5,983.212,982.5,983.7,17.558,24.5,24
Maitri,2011-05-05,-17.271,-20.7,-13.8,982.988,981.7,984.0,16.525,22.6,24
Maitri,2011-05-06,-19.95,-22.0,-18.1,981.342,979.1,986.0,9.7,19.4,24
Maitri,2011-05-07,-18.358,-23.5,-14.4,990.962,986.8,994.9,12.967,24.6,24
Maitri,2011-05-08,-11.175,-14.5,-8.8,992.525,986.5,995.6,23.771,30.9,24
Maitri,2011-05-09,-11.546,-15.8,-8.6,986.425,984.0,991.7,12.567,28.9,24
Maitri,2011-05-10,-12.129,-17.4,-7.7,1000.829,991.7,1006.8,13.746,26.2,24
Maitri,2011-05-11,-8.396,-9.9,-7.1,999.967,996.3,1006.7,18.458,28.1,24
Maitri,2011-05-12,-10.079,-11.9,-8.5,985.512,981.5,995.2,11.438,23.4,24
Maitri,2011-05-13,-11.554,-12.3,-10.7,982.363,981.0,984.9,14.742,19.2,24
Maitri,2011-05-14,-13.921,-15.4,-12.0,985.454,984.6,987.6,15.567,23.7,24
Maitri,2011-05-15,-16.817,-19.2,-15.2,991.725,987.8,994.8,16.075,22.0,24
Maitri,2011-05-16,-18.488,-20.4,-17.6,992.312,989.3,995.1,15.862,23.7,24
Maitri,2011-05-17,-23.283,-25.7,-21.0,985.425,980.4,989.4,11.375,21.3,24
Maitri,2011-05-18,-24.771,-27.6,-22.3,980.608,977.8,986.4,8.946,15.5,24
Maitri,2011-05-19,-23.367,-26.9,-20.7,991.125,987.2,993.5,10.708,19.9,24
Maitri,2011-05-20,-21.65,-26.6,-18.5,997.267,993.9,1000.4,9.55,17.4,24
Maitri,2011-05-21,-14.858,-18.1,-14.0,988.162,984.1,997.8,23.721,28.4,24
Maitri,2011-05-22,-21.508,-27.5,-15.5,980.925,979.2,984.3,9.662,20.4,24
Maitri,2011-05-23,-17.346,-24.6,-12.7,978.771,975.7,981.4,24.75,44.4,24
Maitri,2011-05-24,-12.192,-12.9,-11.7,975.212,972.9,976.5,10.392,41.4,24
Maitri,2011-05-25,-15.746,-17.8,-12.8,964.942,956.0,972.4,4.492,4.5,24
Maitri,2011-05-26,-9.8,-14.5,-7.7,961.363,954.1,971.8,4.5,4.5,24
Maitri,2011-05-27,-14.558,-19.4,-10.3,982.933,973.4,987.4,4.488,4.5,24
Maitri,2011-05-28,-18.225,-19.2,-16.9,985.65,984.0,987.2,4.429,4.5,24
Maitri,2011-05-29,-15.788,-16.8,-13.1,986.733,984.2,988.9,4.5,4.5,24
Maitri,2011-05-30,-11.733,-13.4,-9.4,988.95,987.4,990.1,4.5,4.5,24
Maitri,2011-05-31,-7.704,-11.0,-6.1,986.167,983.4,989.0,4.5,4.5,24
Maitri,2011-06-01,-11.379,-15.3,-7.6,995.887,987.3,999.0,4.5,4.5,24
Maitri,2011-06-02,-12.763,-17.0,-8.9,989.1,986.9,993.5,4.5,4.5,24
Maitri,2011-06-03,-10.829,-16.8,-8.6,986.725,986.2,988.0,4.496,4.5,24
Maitri,2011-06-04,-13.642,-16.2,-12.4,991.733,988.0,994.5,4.5,4.5,24
Maitri,2011-06-05,-14.604,-16.2,-12.1,992.262,986.9,994.9,4.5,4.5,24
Maitri,2011-06-06,-18.638,-22.5,-15.5,984.4,982.1,986.2,4.442,4.5,24
Maitri,2011-06-07,-20.0,-21.1,-17.9,982.05,980.6,985.2,4.4,4.4,24
Maitri,2011-06-08,-18.433,-21.8,-14.7,988.421,985.9,989.8,4.438,4.5,24
Maitri,2011-06-09,-13.562,-14.5,-12.8,991.558,987.8,993.9,4.5,4.5,24
Maitri,2011-06-10,-9.996,-13.8,-6.1,980.779,972.1,991.4,4.5,4.5,24
Maitri,2011-06-11,-7.142,-8.3,-6.2,971.979,969.6,976.0,4.5,4.5,24
Maitri,2011-06-12,-8.979,-13.1,-7.2,986.738,977.3,993.4,4.5,4.5,24
Maitri,2011-06-13,-15.513,-18.3,-12.0,998.292,993.9,1000.7,4.483,4.5,24
Maitri,2011-06-14,-17.733,-20.9,-14.3,998.846,994.6,1000.7,4.429,4.5,24
Maitri,2011-06-15,-11.454,-16.2,-7.9,993.288,992.5,994.0,4.5,4.5,24
Maitri,2011-06-16,-8.429,-8.8,-8.1,996.262,993.6,998.6,13.917,27.4,24
Maitri,2011-06-17,-9.779,-10.3,-8.8,1001.729,998.6,1004.1,26.071,31.3,24
Maitri,2011-06-18,-11.021,-12.8,-10.0,1006.767,1004.4,1009.3,21.871,30.5,24
Maitri,2011-06-19,-8.925,-12.2,-7.0,997.196,990.9,1007.1,39.096,48.8,24
Maitri,2011-06-20,-7.879,-10.8,-6.2,975.688,964.2,990.5,54.129,63.3,24
Maitri,2011-06-21,-7.875,-10.4,-6.8,985.171,979.9,988.2,60.088,64.3,24
Maitri,2011-06-22,-8.775,-11.9,-6.6,987.092,986.0,989.2,59.708,63.9,24
Maitri,2011-06-23,-12.612,-14.9,-10.4,993.596,989.8,996.3,61.483,64.2,24
Maitri,2011-06-24,-8.958,-10.1,-7.6,980.383,968.8,993.4,36.217,64.1,24
Maitri,2011-06-25,-6.467,-8.1,-4.5,988.8,973.9,998.0,28.179,37.0,24
Maitri,2011-06-26,-8.675,-10.3,-6.0,979.113,972.6,983.1,23.25,34.1,24
Maitri,2011-06-27,-10.367,-12.3,-9.0,980.542,979.2,982.1,59.117,65.2,24
Maitri,2011-06-28,-15.725,-18.9,-10.6,985.046,982.6,987.4,60.446,64.5,24
Maitri,2011-06-29,-14.404,-18.1,-11.4,984.738,980.0,993.2,36.262,63.2,24
Maitri,2011-06-30,-18.133,-21.1,-15.6,995.6,993.1,998.6,8.058,20.5,24
Maitri,2011-07-01,-20.325,-22.1,-18.4,995.554,989.3,999.8,5.408,9.1,24
Maitri,2011-07-02,-18.925,-19.8,-17.3,986.171,979.7,989.0,13.833,30.7,24
Maitri,2011-07-03,-18.458,-19.7,-17.1,969.954,960.5,978.6,26.629,33.8,24
Maitri,2011-07-04,-17.838,-18.5,-17.2,961.883,957.1,970.0,20.138,29.4,24
Maitri,2011-07-05,-17.246,-20.9,-12.1,976.525,970.3,985.9,16.738,28.3,24
Maitri,2011-07-06,-16.075,-19.5,-11.5,989.708,986.6,990.6,8.371,17.4,24
Maitri,2011-07-07,-15.921,-19.6,-14.3,987.729,985.9,989.8,20.525,28.4,24
Maitri,2011-07-08,-14.942,-16.2,-13.6,992.333,985.7,997.3,23.417,28.7,24
Maitri,2011-07-09,-15.704,-17.0,-14.8,995.379,993.7,997.4,20.071,26.5,24
Maitri,2011-07-10,-17.162,-20.8,-14.7,985.5,979.0,992.9,14.408,25.7,24
Maitri,2011-07-11,-55.162,-999.0,-13.4,894.708,-999.0,986.0,-7.471,57.8,24
Maitri,2011-07-12,-10.092,-14.2,-7.7,981.321,975.9,988.5,46.992,72.8,24
Maitri,2011-07-13,-8.142,-8.6,-7.8,971.679,969.4,976.8,37.075,49.8,24
Maitri,2011-07-14,-8.904,-11.8,-7.5,971.912,970.1,973.7,20.2,30.0,24
Maitri,2011-07-15,-15.779,-17.8,-12.1,978.017,971.6,984.1,22.496,35.1,24
Maitri,2011-07-16,-15.15,-15.6,-14.7,990.1,984.2,993.7,21.621,28.4,24
Maitri,2011-07-17,-17.85,-19.1,-15.6,987.192,984.1,991.9,19.312,27.6,24
Maitri,2011-07-18,-17.242,-19.3,-15.9,986.212,984.0,988.9,21.096,27.7,24
Maitri,2011-07-19,-15.508,-17.3,-14.0,992.692,989.0,998.1,18.929,24.2,24
Maitri,2011-07-20,-17.2,-18.7,-16.3,1001.288,998.4,1003.3,17.8,21.9,24
Maitri,2011-07-21,-21.871,-26.4,-17.7,996.233,990.1,1002.8,11.358,20.6,24
Maitri,2011-07-22,-24.783,-27.0,-23.1,985.246,983.4,989.5,11.688,22.7,24
Maitri,2011-07-23,-15.45,-27.5,-10.8,994.317,985.4,1007.6,19.621,31.5,24
Maitri,2011-07-24,-12.942,-16.1,-11.0,1014.458,1009.0,1016.6,16.238,26.4,24
Maitri,2011-07-25,-14.425,-18.0,-10.0,1010.092,1007.9,1013.2,7.85,16.7,24
Maitri,2011-07-26,-14.629,-17.4,-12.4,1018.75,1011.8,1023.3,9.721,18.0,24
Maitri,2011-07-27,-18.7,-22.3,-14.2,1024.333,1020.7,1026.9,8.454,13.8,24
Maitri,2011-07-28,-16.362,-20.5,-13.6,1011.412,1001.2,1019.5,11.362,20.5,24
Maitri,2011-07-29,-14.508,-15.9,-13.5,997.725,995.0,1001.4,22.879,30.2,24
Maitri,2011-07-30,-12.208,-15.9,-9.5,999.767,997.4,1002.1,33.838,42.8,24
Maitri,2011-07-31,-6.642,-9.7,-3.1,1009.804,1002.5,1013.7,27.725,31.8,24
Maitri,2011-08-01,-6.329,-10.0,-2.2,1011.492,1010.1,1013.5,18.371,27.3,24
Maitri,2011-08-02,-15.808,-20.8,-8.2,1012.637,1010.0,1015.6,12.875,22.6,24
Maitri,2011-08-03,-20.496,-22.6,-19.4,1003.338,996.4,1009.0,22.754,38.4,24
Maitri,2011-08-04,-21.221,-24.2,-19.2,993.433,992.2,996.2,20.158,24.4,24
Maitri,2011-08-05,-25.213,-26.5,-22.8,995.125,992.6,998.1,21.6,25.9,24
Maitri,2011-08-06,-19.321,-22.9,-15.8,986.917,978.1,997.2,34.942,45.4,24
Maitri,2011-08-07,-11.712,-16.2,-8.5,977.058,970.9,981.6,39.025,48.3,24
Maitri,2011-08-08,-10.912,-12.0,-10.4,985.142,972.0,996.1,37.212,49.5,24
Maitri,2011-08-09,-12.983,-13.8,-12.2,992.179,985.3,996.2,24.725,32.8,24
Maitri,2011-08-10,-10.408,-12.5,-9.0,974.979,970.2,984.3,24.112,30.3,24
Maitri,2011-08-11,-11.062,-11.9,-10.2,985.071,976.8,992.3,20.738,33.3,24
Maitri,2011-08-12,-11.321,-13.5,-10.2,999.988,993.1,1004.3,26.683,35.5,24
Maitri,2011-08-13,-12.329,-14.8,-10.2,999.954,998.3,1001.2,23.992,33.5,24
Maitri,2011-08-14,-14.513,-16.6,-11.8,995.95,994.4,998.4,17.071,24.6,24
Maitri,2011-08-15,-13.217,-14.6,-12.3,994.846,985.5,998.4,24.242,38.9,24
Maitri,2011-08-16,-10.871,-12.9,-8.6,971.442,966.4,984.5,39.142,54.5,24
Maitri,2011-08-17,-11.004,-12.3,-10.2,974.225,966.8,980.6,36.033,44.6,24
Maitri,2011-08-18,-10.188,-11.7,-9.2,983.554,981.1,986.9,29.262,40.5,24
Maitri,2011-08-19,-14.258,-17.8,-11.7,989.238,987.5,990.2,24.754,31.3,24
Maitri,2011-08-20,-16.275,-18.5,-13.9,991.938,988.3,998.4,20.658,31.0,24
Maitri,2011-08-21,-19.117,-20.5,-17.1,998.671,992.5,1001.0,17.713,23.7,24
Maitri,2011-08-22,-21.025,-23.9,-19.0,980.021,974.5,991.4,15.367,24.7,24
Maitri,2011-08-23,-18.096,-20.3,-16.5,977.171,973.4,980.1,25.258,31.0,24
Maitri,2011-08-24,-15.796,-18.5,-13.4,983.267,979.9,986.3,30.142,40.3,24
Maitri,2011-08-25,-9.471,-13.0,-6.9,975.896,971.7,982.7,39.288,49.0,24
Maitri,2011-08-26,-10.229,-12.2,-7.0,978.446,973.0,983.8,28.146,36.1,24
Maitri,2011-08-27,-11.921,-13.6,-11.0,982.108,980.2,985.6,20.142,26.9,24
Maitri,2011-08-28,-13.754,-18.3,-10.7,986.988,985.5,988.0,16.854,27.4,24
Maitri,2011-08-29,-16.804,-19.5,-15.0,987.054,984.8,991.8,15.933,22.1,24
Maitri,2011-08-30,-19.938,-21.7,-18.6,994.2,992.3,995.5,23.767,32.7,24
Maitri,2011-08-31,-20.833,-22.4,-19.8,990.542,987.4,993.5,22.787,27.6,24
Maitri,2011-09-01,-18.167,-19.9,-16.6,984.567,983.3,986.8,12.55,21.8,24
Maitri,2011-09-02,-13.062,-18.1,-7.6,987.017,985.3,988.8,17.971,31.5,24
Maitri,2011-09-03,-9.138,-11.7,-7.0,991.05,988.5,992.3,22.433,29.9,24
Maitri,2011-09-04,-13.683,-15.8,-11.5,987.167,981.1,991.3,20.417,24.1,24
Maitri,2011-09-05,-11.458,-14.8,-10.2,977.054,973.8,981.0,21.908,27.0,24
Maitri,2011-09-06,-465.075,-999.0,-12.6,70.467,-999.0,978.2,-448.542,27.0,24
Maitri,2011-09-07,-999.0,-999.0,-999.0,-999.0,-999.0,-999.0,-999.0,-999.0,24
Maitri,2011-09-08,-999.0,-999.0,-999.0,-999.0,-999.0,-999.0,-999.0,-999.0,24
Maitri,2011-09-09,-999.0,-999.0,-999.0,-999.0,-999.0,-999.0,-999.0,-999.0,24
Maitri,2011-09-10,-999.0,-999.0,-999.0,-999.0,-999.0,-999.0,-999.0,-999.0,24
Maitri,2011-09-11,-999.0,-999.0,-999.0,-999.0,-999.0,-999.0,-999.0,-999.0,24
Maitri,2011-09-12,-999.0,-999.0,-999.0,-999.0,-999.0,-999.0,-999.0,-999.0,24
Maitri,2011-09-13,-590.767,-999.0,-15.7,-166.412,-999.0,1000.0,-579.462,14.7,24
Maitri,2011-09-14,-22.933,-25.4,-20.0,999.6,997.3,1000.9,6.038,9.1,24
Maitri,2011-09-15,-21.238,-25.9,-16.8,995.046,993.2,997.0,7.796,20.3,24
Maitri,2011-09-16,-23.0,-29.5,-17.6,995.954,990.4,999.7,11.125,18.7,24
Maitri,2011-09-17,-25.942,-30.7,-21.6,997.9,995.5,999.2,5.917,16.3,24
Maitri,2011-09-18,-21.662,-25.4,-19.8,994.871,993.4,995.8,13.571,25.2,24
Maitri,2011-09-19,-19.6,-22.8,-17.0,994.758,993.4,995.6,15.812,25.2,24
Maitri,2011-09-20,-18.296,-21.7,-14.5,988.029,980.9,994.4,18.042,30.8,24
Maitri,2011-09-21,-13.308,-14.2,-12.6,979.254,978.5,980.1,21.317,33.0,24
Maitri,2011-09-22,-13.442,-14.9,-12.1,984.6,980.4,988.8,19.079,29.0,24
Maitri,2011-09-23,-15.633,-18.1,-13.4,987.121,980.6,990.9,19.479,28.9,24
Maitri,2011-09-24,-13.483,-15.2,-11.6,985.546,980.8,990.9,25.125,32.6,24
Maitri,2011-09-25,-13.883,-15.1,-11.8,992.654,991.4,993.3,22.15,25.4,24
Maitri,2011-09-26,-13.283,-17.8,-7.6,992.238,988.8,997.6,19.112,29.3,24
Maitri,2011-09-27,-16.817,-20.4,-13.0,1001.875,998.3,1003.7,14.746,24.7,24
Maitri,2011-09-28,-16.612,-21.1,-12.3,1001.621,999.1,1005.7,11.562,20.5,24
Maitri,2011-09-29,-16.654,-20.1,-13.2,1002.317,996.6,1006.1,10.433,20.6,24
Maitri,2011-09-30,-13.508,-20.8,-10.3,994.979,993.9,996.4,8.067,22.9,24
Maitri,2011-10-01,-14.158,-20.2,-10.8,994.817,993.8,996.0,5.792,10.8,24
Maitri,2011-10-02,-14.388,-21.7,-10.2,997.192,995.9,999.2,14.875,28.2,24
Maitri,2011-10-03,-10.688,-11.7,-9.4,995.012,993.3,999.0,31.125,37.0,24
Maitri,2011-10-04,-10.921,-11.5,-10.1,994.088,991.3,995.7,19.296,31.8,24
Maitri,2011-10-05,-9.983,-12.4,-6.8,986.912,984.4,991.0,12.875,22.6,24
Maitri,2011-10-06,-12.296,-13.0,-11.2,991.158,987.0,994.0,20.4,25.2,24
Maitri,2011-10-07,-9.45,-12.3,-6.6,991.033,988.4,994.0,15.258,23.6,24
Maitri,2011-10-08,-10.958,-12.9,-9.0,985.758,981.9,988.1,14.954,21.9,24
Maitri,2011-10-09,-14.746,-16.4,-12.5,983.742,981.8,986.7,14.513,24.8,24
Maitri,2011-10-10,-16.333,-18.4,-14.1,987.988,986.3,989.0,17.675,24.4,24
Maitri,2011-10-11,-16.971,-22.9,-12.1,981.896,978.3,986.0,14.475,25.5,24
Maitri,2011-10-12,-19.05,-24.7,-15.3,980.079,978.7,982.1,15.804,21.3,24
Maitri,2011-10-13,-18.1,-19.6,-16.6,981.858,978.2,984.4,21.713,27.8,24
Maitri,2011-10-14,-14.1,-17.5,-10.1,975.137,972.8,978.2,16.125,25.8,24
Maitri,2011-10-15,-14.854,-18.7,-10.4,978.917,977.0,981.1,10.579,21.5,24
Maitri,2011-10-16,-11.912,-16.6,-9.7,981.583,979.9,984.3,22.633,31.7,24
Maitri,2011-10-17,-16.738,-23.4,-12.8,978.571,975.2,983.6,9.904,27.0,24
Maitri,2011-10-18,-18.292,-24.6,-14.3,977.525,975.5,980.2,9.737,18.4,24
Maitri,2011-10-19,-16.625,-20.9,-13.5,984.304,980.7,986.2,16.646,22.1,24
Maitri,2011-10-20,-17.012,-20.5,-13.7,986.371,985.2,988.1,16.275,24.7,24
Maitri,2011-10-21,-15.217,-19.1,-12.0,983.321,979.3,987.4,20.438,26.8,24
Maitri,2011-10-22,-14.108,-18.9,-10.1,979.412,978.3,980.6,12.629,22.0,24
Maitri,2011-10-23,-14.133,-19.8,-9.9,984.517,981.7,988.8,7.129,11.4,24
Maitri,2011-10-24,-9.175,-13.7,-6.8,992.508,989.3,994.5,17.229,27.0,24
Maitri,2011-10-25,-6.942,-9.7,-3.0,992.35,990.6,993.5,10.492,22.2,24
Maitri,2011-10-26,-8.117,-9.0,-7.2,988.542,985.6,991.0,26.688,33.5,24
Maitri,2011-10-27,-8.633,-9.5,-7.1,993.025,987.8,998.3,23.062,27.0,24
Maitri,2011-10-28,-9.558,-10.7,-8.4,997.983,996.7,998.9,20.408,25.4,24
Maitri,2011-10-29,-8.367,-12.8,-5.1,995.275,994.6,996.3,17.45,28.6,24
Maitri,2011-10-30,-10.708,-14.8,-5.2,998.113,996.0,1001.4,8.75,18.3,24
Maitri,2011-10-31,-10.5,-14.6,-8.3,1006.188,1001.8,1008.3,16.017,22.6,24
Maitri,2011-11-01,-8.679,-10.2,-7.3,1008.733,1007.7,1009.9,19.862,23.1,24
Maitri,2011-11-02,-6.042,-8.6,-3.7,1004.75,1001.9,1007.6,27.6,33.7,24
Maitri,2011-11-03,-1.954,-4.4,0.1,1003.279,1000.7,1008.9,31.496,38.0,24
Maitri,2011-11-04,-0.971,-5.1,2.7,1010.396,1009.4,1011.8,19.283,30.5,24
Maitri,2011-11-05,-4.246,-6.7,-2.7,1009.483,1006.9,1011.2,18.654,25.6,24
Maitri,2011-11-06,-2.571,-5.0,1.7,1002.8,998.8,1007.0,17.217,33.7,24
Maitri,2011-11-07,-4.671,-6.7,-3.0,999.183,998.5,1000.1,23.592,28.8,24
Maitri,2011-11-08,-4.262,-8.4,0.2,995.879,993.4,999.9,14.367,23.0,24
Maitri,2011-11-09,-3.962,-7.3,-1.6,992.579,989.5,994.5,21.112,29.7,24
Maitri,2011-11-10,-4.208,-9.5,-1.0,987.942,986.4,989.5,16.05,27.4,24
Maitri,2011-11-11,-5.083,-7.9,-1.8,989.6,986.7,993.7,13.929,21.3,24
Maitri,2011-11-12,-6.679,-12.0,-2.1,996.971,994.4,998.7,9.575,22.3,24
Maitri,2011-11-13,-6.271,-10.6,-1.6,994.55,993.6,996.3,13.912,22.2,24
Maitri,2011-11-14,-5.475,-8.5,-2.9,993.479,992.5,994.4,16.908,22.0,24
Maitri,2011-11-15,-6.317,-8.8,-4.2,995.842,993.8,997.7,18.783,24.2,24
Maitri,2011-11-16,-4.804,-7.0,-1.2,997.192,994.2,998.7,14.513,19.2,24
Maitri,2011-11-17,-5.258,-6.9,-3.4,993.075,992.5,994.1,15.188,20.7,24
Maitri,2011-11-18,-3.758,-6.2,-1.7,995.729,993.4,997.2,13.021,21.9,24
Maitri,2011-11-19,-2.783,-5.2,0.5,995.712,989.8,998.0,18.571,27.1,24
Maitri,2011-11-20,-0.958,-3.7,0.7,977.371,970.5,988.5,29.871,36.6,24
Maitri,2011-11-21,-1.217,-2.8,0.4,973.962,970.8,976.0,32.062,44.2,24
Maitri,2011-11-22,-0.608,-3.0,1.7,972.0,965.4,975.7,21.742,34.8,24
Maitri,2011-11-23,-3.317,-5.3,-0.5,972.887,965.6,977.2,12.679,16.4,24
Maitri,2011-11-24,-3.204,-5.6,0.0,977.954,977.3,979.1,11.925,17.1,24
Maitri,2011-11-25,-3.075,-5.2,-0.7,984.6,979.7,989.2,11.646,16.7,24
Maitri,2011-11-26,-2.521,-4.8,0.1,987.925,984.1,990.3,17.433,27.1,24
Maitri,2011-11-27,-3.371,-5.3,-1.5,983.671,983.0,984.3,16.325,24.7,24
Maitri,2011-11-28,-3.525,-5.3,-1.9,983.783,983.5,984.1,22.029,27.1,24
Maitri,2011-11-29,-2.462,-7.6,1.9,979.429,976.4,983.2,16.904,26.3,24
Maitri,2011-11-30,-4.658,-8.8,0.0,976.233,975.8,977.0,11.279,20.7,24
Maitri,2011-12-28,-2.22,-3.1,-1.3,980.63,980.1,981.3,22.65,24.9,10
Maitri,2011-12-29,-1.838,-3.1,-0.1,984.038,981.5,985.5,25.842,31.2,24
Maitri,2011-12-30,0.221,-1.9,3.3,983.0,982.2,984.9,18.283,28.0,24
Maitri,2011-12-31,-0.708,-2.7,1.2,990.512,985.3,994.7,22.417,28.7,24
Maitri,2012-01-01,0.904,-1.0,2.9,990.008,985.3,994.0,22.067,29.4,24
Maitri,2012-01-02,-0.05,-2.9,4.2,982.958,982.5,984.4,16.375,23.1,24
Maitri,2012-01-03,-1.133,-4.3,2.3,985.096,982.3,986.4,11.817,23.2,24
Maitri,2012-01-04,-0.187,-4.8,4.1,980.046,975.8,985.2,10.271,17.4,24
Maitri,2012-01-05,0.621,-2.6,4.1,977.883,975.2,981.2,11.717,22.5,24
Maitri,2012-01-06,-3.846,-5.5,-1.8,983.738,981.7,984.7,10.071,13.2,24
Maitri,2012-01-07,-2.675,-4.4,-0.4,980.854,976.5,983.7,9.517,13.3,24
Maitri,2012-01-08,-0.238,-5.7,4.6,973.788,972.6,976.1,11.417,18.9,24
Maitri,2012-01-09,1.279,-1.6,3.7,979.192,974.9,983.3,13.992,21.0,24
Maitri,2012-01-10,1.092,-3.1,5.1,982.938,980.4,984.3,12.883,21.8,24
Maitri,2012-01-11,0.912,-2.0,5.1,980.546,979.2,981.9,15.842,25.9,24
Maitri,2012-01-12,-1.742,-2.9,0.2,979.842,979.5,980.7,15.0,21.2,24
Maitri,2012-01-13,-2.533,-4.5,-0.8,980.583,977.5,982.0,12.567,18.3,24
Maitri,2012-01-14,-0.358,-3.8,3.2,978.396,975.9,981.8,15.942,23.3,24
Maitri,2012-01-15,-0.775,-2.6,2.1,982.708,981.2,983.8,14.258,16.9,24
Maitri,2012-01-16,-0.75,-3.0,2.6,981.317,980.5,982.3,16.442,20.7,24
Maitri,2012-01-17,-1.012,-3.4,1.0,983.579,982.4,986.2,16.254,23.9,24
Maitri,2012-01-18,0.458,-2.0,3.4,988.917,986.5,989.9,15.55,21.0,24
Maitri,2012-01-19,-1.55,-5.6,1.7,985.188,982.7,988.4,17.067,25.5,24
Maitri,2012-01-20,-2.579,-6.1,1.6,983.583,982.2,985.8,14.788,24.2,24
Maitri,2012-01-21,-3.425,-5.5,-1.9,982.654,975.6,985.9,23.946,33.7,24
Maitri,2012-01-22,-4.696,-5.3,-4.2,972.429,971.7,974.6,30.787,42.1,24
Maitri,2012-01-23,-3.954,-5.0,-2.1,976.188,972.7,980.9,19.35,23.7,24
Maitri,2012-01-24,-2.854,-5.4,-1.0,984.067,981.3,985.9,20.7,25.8,24
Maitri,2012-01-25,-1.121,-3.6,1.6,977.113,974.0,982.7,26.192,36.3,24
Maitri,2012-01-26,-0.938,-4.5,0.3,974.829,972.7,977.6,28.012,36.3,24
Maitri,2012-01-27,0.829,-0.7,3.3,974.433,972.5,977.3,26.492,35.6,24
Maitri,2012-01-28,-0.083,-3.0,2.5,973.142,972.2,974.2,25.112,35.8,24
Maitri,2012-01-29,-0.821,-3.4,1.1,972.396,971.6,973.3,23.833,33.3,24
Maitri,2012-01-30,-0.283,-2.9,2.6,971.254,970.2,972.2,18.879,28.2,24
Maitri,2012-01-31,0.125,-2.9,3.1,975.858,970.6,983.1,17.804,25.4,24
Maitri,2012-02-01,-0.583,-4.1,4.2,982.925,982.3,983.6,12.254,18.2,24
Maitri,2012-02-02,-2.825,-6.1,0.5,977.075,969.2,982.5,19.154,32.1,24
Maitri,2012-02-03,-2.446,-4.9,0.3,972.762,968.4,976.4,17.696,30.1,24
Maitri,2012-02-04,-2.262,-6.9,1.1,980.825,976.7,984.1,16.271,27.5,24
Maitri,2012-02-05,-3.271,-5.9,-1.4,985.704,984.4,986.6,18.888,22.6,24
Maitri,2012-02-06,-1.158,-4.0,3.5,988.829,987.0,989.7,17.608,26.0,24
Maitri,2012-02-07,-2.85,-5.5,1.0,992.221,988.8,997.9,19.404,27.0,24
Maitri,2012-02-08,-3.654,-5.4,-1.9,1000.104,998.3,1001.4,19.304,28.8,24
Maitri,2012-02-09,-6.133,-6.9,-5.3,990.296,987.1,997.4,32.054,36.0,24
Maitri,2012-02-10,-4.738,-6.0,-3.5,982.454,977.3,989.2,32.137,41.0,24
Maitri,2012-02-11,-3.196,-4.1,-2.1,988.408,981.1,993.3,22.75,31.2,24
Maitri,2012-02-12,-4.654,-5.4,-3.8,988.3,984.5,992.9,29.213,35.0,24
Maitri,2012-02-13,-3.821,-4.9,-3.0,988.954,984.5,993.1,28.729,34.1,24
Maitri,2012-02-14,-1.875,-3.3,-0.5,993.038,992.6,993.6,17.6,29.8,24
Maitri,2012-02-15,-2.408,-3.4,-1.4,994.262,992.7,996.3,17.279,21.3,24
Maitri,2012-02-16,-3.546,-4.2,-2.8,998.354,996.5,999.9,18.517,22.0,24
Maitri,2012-02-17,-3.504,-4.1,-2.9,1001.204,1000.1,1002.0,21.408,29.3,24
Maitri,2012-02-18,-4.096,-5.4,-2.0,998.533,992.8,1001.8,21.104,28.8,24
Maitri,2012-02-19,-5.271,-8.1,-3.0,991.217,990.4,992.5,18.783,29.3,24
Maitri,2012-02-20,-7.421,-9.3,-6.0,996.196,992.8,998.2,28.45,34.2,24
Maitri,2012-02-21,-5.267,-9.7,-1.5,995.008,993.0,997.7,17.346,27.8,24
Maitri,2012-02-22,-7.292,-10.6,-3.2,990.558,989.2,992.8,12.458,21.2,24
Maitri,2012-02-23,-6.742,-10.9,-4.3,993.379,989.9,995.4,17.104,23.3,24
Maitri,2012-02-24,-4.454,-5.6,-3.1,991.45,987.5,995.3,15.817,27.7,24
Maitri,2012-02-25,-4.033,-7.5,0.2,984.242,982.5,987.2,12.25,26.1,24
Maitri,2012-02-26,-6.312,-12.0,-2.4,981.858,980.9,982.9,12.596,27.0,24
Maitri,2012-02-27,-11.0,-14.7,-7.2,984.288,983.2,985.5,7.121,18.7,24
Maitri,2012-02-28,-1.692,-12.3,1.2,986.504,984.2,989.0,15.929,24.4,24
Maitri,2012-02-29,-1.567,-4.8,0.5,984.721,981.8,989.3,20.55,26.5,24
Maitri,2012-03-01,-3.375,-5.0,-1.3,985.125,982.1,988.8,19.646,34.0,24
Maitri,2012-03-02,-4.571,-6.4,-3.3,991.646,989.3,993.3,10.067,14.7,24
Maitri,2012-03-03,-7.562,-11.9,-3.7,995.192,993.5,998.2,9.996,22.5,24
Maitri,2012-03-04,-10.071,-12.5,-6.4,997.825,995.9,999.2,8.825,16.2,24
Maitri,2012-03-05,-10.029,-13.1,-6.7,991.696,989.1,995.7,12.892,21.8,24
Maitri,2012-03-06,-10.954,-13.4,-6.9,987.429,986.7,988.8,16.746,24.2,24
Maitri,2012-03-07,-9.246,-12.2,-6.7,987.312,985.9,988.1,21.208,24.9,24
Maitri,2012-03-08,-6.438,-8.1,-5.3,981.242,978.6,985.5,36.471,48.9,24
Maitri,2012-03-09,-4.25,-6.0,-2.9,980.2,979.6,981.1,37.062,45.8,24
Maitri,2012-03-10,-4.675,-7.6,-1.1,982.221,979.1,986.9,17.833,31.1,24
Maitri,2012-03-11,-5.833,-7.5,-3.9,987.946,987.1,988.8,9.117,18.9,24
Maitri,2012-03-12,-8.233,-12.9,-6.2,987.942,986.5,989.5,8.467,16.8,24
Maitri,2012-03-13,-10.987,-13.5,-9.0,985.3,976.4,989.8,17.492,33.0,24
Maitri,2012-03-14,-8.442,-10.8,-6.4,974.342,973.5,975.9,28.488,33.7,24
Maitri,2012-03-15,-7.967,-10.0,-5.2,979.554,975.7,985.6,16.142,24.1,24
Maitri,2012-03-16,-8.679,-11.2,-6.5,990.004,986.1,992.6,20.217,27.9,24
Maitri,2012-03-17,-7.837,-10.1,-3.8,992.854,991.5,993.6,21.867,29.0,24
Maitri,2012-03-18,-8.838,-13.2,-5.3,991.679,990.9,993.8,9.596,25.2,24
Maitri,2012-03-19,-11.838,-14.6,-9.2,997.754,994.3,999.9,6.296,9.6,24
Maitri,2012-03-20,-8.279,-10.8,-4.0,1000.613,999.8,1001.7,11.546,19.2,24
Maitri,2012-03-21,-7.45,-11.5,-2.2,999.104,995.4,1002.0,9.121,17.6,24
Maitri,2012-03-22,-9.45,-11.6,-5.2,997.183,994.4,998.9,13.767,23.3,24
Maitri,2012-03-23,-12.054,-14.6,-10.3,990.925,988.3,994.9,15.104,21.1,24
Maitri,2012-03-24,-13.358,-14.9,-11.2,983.596,980.9,988.5,16.379,23.1,24
Maitri,2012-03-25,-14.267,-15.6,-12.3,981.137,980.6,981.5,19.142,24.8,24
Maitri,2012-03-26,-13.229,-16.0,-10.3,983.113,981.6,986.0,20.325,27.5,24
Maitri,2012-03-27,-9.296,-12.8,-7.2,985.338,983.6,987.1,29.662,33.8,24
Maitri,2012-03-28,-8.45,-11.4,-6.3,977.925,972.5,983.4,28.417,34.4,24
Maitri,2012-03-29,-8.092,-11.2,-5.9,980.679,973.0,988.3,14.871,23.0,24
Maitri,2012-03-30,-10.921,-13.6,-7.2,994.767,988.9,999.6,16.054,25.7,24
Maitri,2012-03-31,-11.062,-14.7,-6.4,999.2,998.3,999.9,10.138,22.4,24
Maitri,2012-04-01,-8.013,-10.8,-5.7,996.946,994.2,999.5,24.917,36.2,24
Maitri,2012-04-02,-5.146,-7.2,-3.0,988.975,986.7,993.7,26.908,32.9,24
Maitri,2012-04-03,-5.658,-8.1,-3.7,987.571,985.7,992.0,26.971,35.5,24
Maitri,2012-04-04,-8.304,-10.6,-5.9,991.863,989.5,993.2,9.6,18.8,24
Maitri,2012-04-05,-13.05,-15.0,-10.5,984.633,982.6,989.2,18.296,25.7,24
Maitri,2012-04-06,-11.771,-14.3,-9.4,990.504,983.8,997.1,20.017,23.6,24
Maitri,2012-04-07,-10.908,-12.7,-9.8,999.679,997.6,1001.1,24.371,31.3,24
Maitri,2012-04-08,-12.092,-16.5,-9.8,992.55,985.7,997.7,18.396,27.2,24
Maitri,2012-04-09,-18.213,-19.8,-15.9,981.621,979.7,985.0,9.679,22.7,24
Maitri,2012-04-10,-18.225,-22.0,-15.9,985.25,983.4,986.6,16.35,25.0,24
Maitri,2012-04-11,-14.396,-16.0,-12.4,986.2,985.3,987.4,18.929,25.6,24
Maitri,2012-04-12,-16.067,-18.3,-13.8,982.167,980.1,986.0,19.213,24.8,24
Maitri,2012-04-13,-20.254,-23.6,-18.4,985.775,981.2,988.4,8.138,19.1,24
Maitri,2012-04-14,-18.812,-22.4,-15.4,990.558,988.4,993.2,6.775,16.0,24
Maitri,2012-04-15,-16.329,-19.0,-14.7,992.5,986.5,995.3,13.358,21.2,24
Maitri,2012-04-16,-13.013,-14.4,-11.2,976.254,971.3,985.0,17.379,29.8,24
Maitri,2012-04-17,-6.587,-11.0,-4.1,975.271,971.4,980.0,22.475,30.8,24
Maitri,2012-04-18,-8.3,-15.2,-4.3,983.367,980.2,986.6,14.725,28.2,24
Maitri,2012-04-19,-16.158,-17.7,-13.4,990.188,986.4,992.9,11.188,23.4,24
Maitri,2012-04-20,-13.279,-15.4,-11.7,989.492,986.0,992.7,15.608,24.9,24
Maitri,2012-04-21,-13.546,-15.6,-11.8,983.887,976.1,989.1,15.65,30.7,24
Maitri,2012-04-22,-11.517,-12.9,-10.6,975.738,971.3,977.7,19.825,30.5,24
Maitri,2012-04-23,-13.679,-14.6,-12.9,966.113,963.9,970.5,19.412,24.8,24
Maitri,2012-04-24,-12.654,-14.2,-11.1,971.571,967.1,977.6,20.692,24.7,24
Maitri,2012-04-25,-14.058,-18.0,-10.3,981.233,978.0,983.2,17.029,30.1,24
Maitri,2012-04-26,-15.737,-17.5,-14.6,979.512,977.8,981.9,19.558,32.1,24
Maitri,2012-04-27,-15.317,-16.4,-14.4,982.054,979.6,985.6,22.867,28.5,24
Maitri,2012-04-28,-17.125,-18.4,-15.8,989.054,986.2,991.3,20.008,28.1,24
Maitri,2012-04-29,-20.321,-22.8,-17.5,993.05,991.1,996.0,9.883,17.8,24
Maitri,2012-04-30,-17.975,-21.9,-10.5,996.038,993.8,997.3,13.033,22.5,24
Maitri,2012-05-01,-9.329,-10.8,-7.8,992.229,990.2,994.1,22.929,27.1,24
Maitri,2012-05-02,-8.396,-9.8,-7.0,990.883,989.3,992.0,17.483,25.5,24
Maitri,2012-05-03,-10.333,-11.9,-9.0,985.046,981.5,990.6,7.883,19.3,24
Maitri,2012-05-04,-12.121,-15.2,-10.4,981.075,980.6,981.6,11.362,21.3,24
Maitri,2012-05-05,-11.917,-15.1,-9.3,981.504,980.5,985.0,24.167,27.7,24
Maitri,2012-05-06,-11.983,-15.4,-8.2,984.558,982.6,988.1,14.838,25.5,24
Maitri,2012-05-07,-7.562,-9.2,-6.5,997.467,989.0,1002.8,18.283,30.8,24
Maitri,2012-05-08,-5.95,-7.6,-4.6,999.417,995.2,1002.9,25.075,32.8,24
Maitri,2012-05-09,-9.263,-11.6,-7.2,991.746,989.8,994.5,22.567,27.3,24
Maitri,2012-05-10,-13.35,-14.9,-10.8,996.296,992.4,998.4,22.129,34.6,24
Maitri,2012-05-11,-11.371,-12.7,-10.6,997.658,996.1,998.8,33.975,41.3,24
Maitri,2012-05-12,-9.196,-10.7,-8.3,996.788,994.2,998.7,21.792,38.2,24
Maitri,2012-05-13,-12.158,-14.9,-8.4,992.646,992.2,993.7,10.896,21.0,24
Maitri,2012-05-14,-15.379,-16.6,-13.2,990.267,987.8,992.7,16.583,20.8,24
Maitri,2012-05-15,-14.55,-15.7,-13.2,988.008,987.2,988.8,19.154,21.8,24
Maitri,2012-05-16,-12.921,-15.9,-10.4,988.7,987.0,991.8,19.867,32.3,24
Maitri,2012-05-17,-13.088,-18.3,-9.3,993.221,989.5,996.0,14.538,31.5,24
Maitri,2012-05-18,-17.508,-20.3,-15.0,989.192,987.5,991.4,11.013,20.4,24
Maitri,2012-05-19,-20.725,-23.5,-18.0,991.867,991.0,992.8,9.854,16.2,24
Maitri,2012-05-20,-22.579,-24.3,-20.5,993.292,992.5,994.3,11.071,23.1,24
Maitri,2012-05-21,-22.446,-24.7,-20.3,993.8,991.9,995.8,8.358,16.8,24
Maitri,2012-05-22,-22.512,-24.5,-19.7,990.483,985.1,995.6,7.138,15.2,24
Maitri,2012-05-23,-21.304,-24.9,-18.7,984.262,982.9,985.2,8.021,17.7,24
Maitri,2012-05-24,-23.933,-25.4,-20.4,983.267,980.5,987.8,5.938,15.1,24
Maitri,2012-05-25,-19.417,-26.4,-11.3,985.779,983.9,988.2,11.462,28.2,24
Maitri,2012-05-26,-14.5,-16.6,-13.8,984.583,982.5,986.6,29.854,37.1,24
Maitri,2012-05-27,-14.458,-15.1,-13.9,988.633,986.5,989.6,21.904,34.1,24
Maitri,2012-05-28,-11.342,-14.2,-9.9,982.188,976.8,988.0,25.633,37.2,24
Maitri,2012-05-29,-8.996,-10.0,-7.5,978.212,977.0,980.6,32.733,38.6,24
Maitri,2012-05-30,-7.496,-8.0,-6.4,982.275,979.5,985.9,30.417,44.0,24
Maitri,2012-05-31,-8.358,-10.7,-6.9,985.462,984.1,986.3,20.133,29.0,24
Maitri,2012-06-01,-12.321,-13.2,-11.1,981.667,980.2,983.9,17.821,22.2,24
Maitri,2012-06-02,-13.367,-14.1,-13.0,989.067,982.6,995.4,21.525,26.1,24
Maitri,2012-06-03,-12.679,-13.9,-11.0,996.642,995.6,997.2,25.883,33.6,24
Maitri,2012-06-04,-13.354,-16.7,-10.7,996.175,995.0,997.3,15.662,23.4,24
Maitri,2012-06-05,-17.342,-21.3,-13.3,1001.863,994.1,1009.9,11.438,25.1,24
Maitri,2012-06-06,-18.675,-23.2,-14.8,1011.425,1010.1,1012.6,10.504,18.8,24
Maitri,2012-06-07,-17.842,-20.2,-15.2,1002.738,997.7,1010.1,6.917,19.9,24
Maitri,2012-06-08,-14.629,-18.0,-12.1,998.012,996.7,1000.0,13.362,26.2,24
Maitri,2012-06-09,-19.329,-24.4,-15.3,1001.658,1000.3,1003.1,10.346,16.3,24
Maitri,2012-06-10,-24.221,-27.5,-20.8,1003.529,1001.5,1006.5,6.567,12.7,24
Maitri,2012-06-11,-23.792,-26.6,-19.8,1007.521,1004.8,1009.3,7.337,11.7,24
Maitri,2012-06-12,-23.267,-27.0,-18.3,1000.75,993.2,1005.4,6.175,20.6,24
Maitri,2012-06-13,-15.929,-21.0,-12.8,989.275,987.0,992.0,19.629,27.3,24
Maitri,2012-06-14,-12.792,-15.9,-9.8,981.404,976.5,986.8,23.654,34.2,24
Maitri,2012-06-15,-12.917,-14.5,-11.7,982.092,978.8,984.3,28.787,41.9,24
Maitri,2012-06-16,-11.746,-12.7,-10.9,979.717,975.8,983.4,22.213,27.6,24
Maitri,2012-06-17,-9.858,-11.8,-8.6,977.0,973.8,982.3,22.892,31.2,24
Maitri,2012-06-18,-15.688,-19.4,-12.4,985.442,982.5,987.9,20.254,27.7,24
Maitri,2012-06-19,-17.558,-21.2,-12.9,985.9,980.7,988.7,12.612,23.6,24
Maitri,2012-06-20,-14.467,-16.8,-12.9,974.938,970.7,980.3,17.308,24.2,24
Maitri,2012-06-21,-19.383,-24.0,-15.4,969.771,968.7,971.1,8.471,24.8,24
Maitri,2012-06-22,-23.271,-25.3,-22.0,976.983,968.8,988.0,8.071,13.5,24
Maitri,2012-06-23,-19.654,-25.2,-15.6,994.387,988.5,1001.4,15.621,29.5,24
Maitri,2012-06-24,-19.583,-22.8,-16.2,1000.625,997.8,1002.4,13.308,26.8,24
Maitri,2012-06-25,-20.612,-23.3,-18.4,996.304,994.3,999.6,10.729,22.2,24
Maitri,2012-06-26,-18.725,-23.4,-15.4,1003.396,999.8,1005.4,22.475,33.8,24
Maitri,2012-06-27,-14.308,-16.7,-13.1,1007.267,1004.2,1011.6,24.575,35.0,24
Maitri,2012-06-28,-13.067,-16.9,-9.9,1008.35,1002.8,1012.2,24.642,36.9,24
Maitri,2012-06-29,-12.392,-16.0,-8.6,996.367,992.5,1003.6,32.133,48.1,24
Maitri,2012-06-30,-10.962,-14.6,-8.8,991.038,987.4,994.7,35.333,48.6,24
Maitri,2012-07-01,-8.45,-9.0,-8.1,999.096,993.9,1001.6,27.579,33.9,24
Maitri,2012-07-02,-6.567,-7.8,-6.0,997.671,995.9,1000.4,33.604,44.3,24
Maitri,2012-07-03,-8.158,-9.8,-6.7,1002.542,999.5,1004.0,23.783,42.2,24
Maitri,2012-07-04,-10.396,-12.2,-9.4,995.283,991.6,999.8,20.571,31.3,24
Maitri,2012-07-05,-14.767,-17.0,-12.8,990.175,989.5,990.9,27.904,35.7,24
Maitri,2012-07-06,-18.621,-20.2,-16.6,988.954,988.4,989.6,25.0,28.5,24
Maitri,2012-07-07,-20.929,-23.9,-19.3,989.625,988.7,991.8,21.808,27.5,24
Maitri,2012-07-08,-22.05,-25.2,-18.8,992.021,990.3,992.8,20.092,25.2,24
Maitri,2012-07-09,-21.842,-26.1,-18.4,986.583,984.1,990.0,11.054,20.1,24
Maitri,2012-07-10,-24.988,-26.0,-22.8,983.017,977.4,988.0,5.708,18.8,24
Maitri,2012-07-11,-19.112,-24.9,-16.3,976.596,975.5,977.7,15.65,25.1,24
Maitri,2012-07-12,-25.2,-30.5,-21.7,972.583,969.1,976.9,11.546,22.1,24
Maitri,2012-07-13,-23.233,-25.4,-21.1,971.796,968.7,978.2,20.158,29.4,24
Maitri,2012-07-14,-25.142,-28.8,-18.8,982.054,977.9,985.4,10.908,26.8,24
Maitri,2012-07-15,-21.704,-25.9,-18.0,984.238,981.2,986.1,11.283,18.4,24
Maitri,2012-07-16,-20.525,-25.8,-15.3,974.708,970.0,980.9,12.587,29.0,24
Maitri,2012-07-17,-15.35,-17.2,-13.4,968.371,967.6,969.4,27.983,33.7,24
Maitri,2012-07-18,-17.025,-20.7,-13.9,969.275,967.6,970.8,18.221,26.7,24
Maitri,2012-07-19,-18.858,-21.6,-17.0,967.175,963.0,969.8,20.279,28.2,24
Maitri,2012-07-20,-20.221,-26.6,-17.0,964.454,961.3,967.3,20.762,29.6,24
Maitri,2012-07-21,-21.633,-25.9,-17.9,964.029,961.4,971.1,19.254,32.2,24
Maitri,2012-07-22,-23.338,-27.2,-19.6,982.629,974.4,985.2,10.254,20.3,24
Maitri,2012-07-23,-25.379,-28.8,-22.1,979.233,975.9,982.8,9.842,20.1,24
Maitri,2012-07-24,-23.267,-25.4,-21.8,985.675,981.1,988.0,16.542,26.2,24
Maitri,2012-07-25,-24.85,-27.6,-22.6,987.8,986.3,990.4,17.862,23.9,24
Maitri,2012-07-26,-27.883,-30.6,-26.2,991.604,990.7,992.5,10.596,18.7,24
Maitri,2012-07-27,-23.758,-30.1,-17.4,983.471,970.4,991.8,24.708,47.3,24
Maitri,2012-07-28,-15.638,-17.2,-14.2,966.996,964.6,970.6,38.371,44.5,24
Maitri,2012-07-29,-16.071,-17.5,-14.1,972.258,968.4,976.8,27.546,33.9,24
Maitri,2012-07-30,-19.9,-23.4,-17.7,982.962,977.1,988.1,21.204,28.3,24
Maitri,2012-07-31,-23.654,-25.5,-22.2,990.95,987.9,992.6,18.008,28.9,24
Maitri,2012-08-01,-25.429,-27.4,-23.4,987.796,982.7,992.1,16.238,29.4,24
Maitri,2012-08-02,-19.083,-23.3,-12.6,976.325,967.3,982.7,34.958,44.8,24
Maitri,2012-08-03,-12.129,-14.0,-11.0,965.521,960.8,972.6,39.971,54.8,24
Maitri,2012-08-04,-13.925,-14.7,-12.7,977.779,972.4,980.4,24.842,37.2,24
Maitri,2012-08-05,-15.258,-18.7,-11.2,985.154,979.6,995.8,14.546,25.7,24
Maitri,2012-08-06,-19.738,-22.5,-16.5,998.158,993.9,1000.3,15.929,23.5,24
Maitri,2012-08-07,-13.763,-15.8,-12.6,987.617,985.6,993.0,28.275,36.9,24
Maitri,2012-08-08,-12.225,-13.0,-11.8,981.871,979.4,985.9,26.375,31.7,24
Maitri,2012-08-09,-13.842,-16.4,-11.6,984.4,980.0,990.1,20.512,24.9,24
Maitri,2012-08-10,-17.583,-20.0,-16.5,986.338,979.9,990.5,15.412,26.9,24
Maitri,2012-08-11,-19.421,-21.5,-14.3,976.312,974.7,979.5,18.842,25.3,24
Maitri,2012-08-12,-13.417,-15.5,-11.8,978.637,974.2,981.0,21.183,29.0,24
Maitri,2012-08-13,-16.375,-19.6,-11.9,971.492,968.8,973.7,21.525,30.5,24
Maitri,2012-08-14,-22.025,-23.7,-19.9,972.137,970.7,975.6,20.8,23.7,24
Maitri,2012-08-15,-21.479,-23.1,-17.8,981.988,976.3,984.7,29.604,39.0,24
Maitri,2012-08-16,-12.688,-17.6,-9.9,968.071,961.5,979.0,43.15,52.9,24
Maitri,2012-08-17,-9.029,-9.8,-7.1,966.596,962.2,969.7,35.308,44.3,24
Maitri,2012-08-18,-7.808,-9.7,-6.7,968.854,967.5,971.4,24.129,31.3,24
Maitri,2012-08-19,-13.417,-19.4,-10.0,980.133,972.3,984.8,17.6,26.1,24
Maitri,2012-08-20,-18.988,-20.7,-16.5,984.367,982.0,988.1,14.892,21.0,24
Maitri,2012-08-21,-21.008,-22.4,-19.8,992.179,988.2,994.6,11.362,18.0,24
Maitri,2012-08-22,-18.062,-21.6,-15.6,995.6,994.9,996.3,11.004,18.1,24
Maitri,2012-08-23,-13.638,-16.4,-10.6,988.525,982.1,994.8,10.629,21.8,24
Maitri,2012-08-24,-17.575,-22.7,-12.7,978.204,975.9,981.7,16.408,29.3,24
Maitri,2012-08-25,-16.346,-20.6,-13.4,977.738,975.8,979.4,26.238,32.5,24
Maitri,2012-08-26,-10.796,-13.2,-7.7,980.317,976.2,983.1,30.092,43.3,24
Maitri,2012-08-27,-10.083,-11.7,-7.8,982.792,974.6,990.0,29.2,48.6,24
Maitri,2012-08-28,-10.062,-11.6,-8.3,986.992,982.2,992.0,27.404,35.3,24
Maitri,2012-08-29,-10.604,-11.6,-9.4,982.275,979.1,984.8,21.233,27.6,24
Maitri,2012-08-30,-10.392,-11.4,-8.3,986.504,984.3,987.5,24.771,35.0,24
Maitri,2012-08-31,-13.158,-15.2,-11.6,984.192,982.2,986.3,23.192,29.7,24
Maitri,2012-09-01,-14.642,-16.9,-13.4,981.092,979.9,983.1,17.825,24.0,24
Maitri,2012-09-02,-21.083,-25.5,-17.3,991.088,984.0,994.9,11.433,17.0,24
Maitri,2012-09-03,-24.283,-26.6,-20.7,989.021,984.0,994.1,7.483,19.1,24
Maitri,2012-09-04,-18.617,-25.9,-16.5,982.917,982.3,984.1,19.654,27.8,24
Maitri,2012-09-05,-16.804,-17.7,-15.9,987.667,983.1,992.4,19.946,27.4,24
Maitri,2012-09-06,-17.271,-19.9,-15.1,994.233,992.6,995.8,15.808,21.7,24
Maitri,2012-09-07,-11.779,-15.2,-9.8,992.4,989.7,995.1,20.854,26.4,24
Maitri,2012-09-08,-11.721,-15.0,-9.6,991.825,989.5,995.2,16.721,20.7,24
Maitri,2012-09-09,-16.542,-18.6,-15.3,992.179,989.6,995.1,16.854,28.3,24
Maitri,2012-09-10,-14.329,-16.8,-12.3,989.396,988.5,990.9,18.338,25.8,24
Maitri,2012-09-11,-17.642,-22.2,-14.6,987.838,986.8,988.8,11.529,22.2,24
Maitri,2012-09-12,-21.158,-24.1,-18.3,990.404,988.4,992.6,8.242,21.9,24
Maitri,2012-09-13,-14.292,-18.7,-11.1,992.779,991.9,993.8,18.662,23.8,24
Maitri,2012-09-14,-11.733,-13.8,-10.2,988.975,982.6,993.3,14.629,24.3,24
Maitri,2012-09-15,-11.337,-12.8,-10.5,974.383,968.9,982.1,20.529,26.6,24
Maitri,2012-09-16,-15.867,-19.4,-13.3,966.675,965.5,968.7,15.717,27.9,24
Maitri,2012-09-17,-19.625,-25.3,-17.5,975.129,967.9,982.9,17.962,26.9,24
Maitri,2012-09-18,-24.617,-27.9,-18.8,987.9,983.1,994.3,5.921,12.6,24
Maitri,2012-09-19,-23.713,-26.2,-19.3,996.275,994.5,997.5,6.575,13.5,24
Maitri,2012-09-20,-14.542,-23.2,-11.5,994.637,993.8,996.9,19.992,28.6,24
Maitri,2012-09-21,-12.158,-14.8,-10.2,991.192,986.0,994.4,20.542,25.5,24
Maitri,2012-09-22,-8.858,-9.9,-7.0,982.704,981.1,985.2,22.0,32.3,24
Maitri,2012-09-23,-10.958,-13.7,-9.8,986.312,983.2,989.9,20.421,25.5,24
Maitri,2012-09-24,-13.317,-16.5,-9.3,983.425,971.8,989.9,10.042,20.2,24
Maitri,2012-09-25,-7.892,-12.1,-5.1,973.283,969.1,981.8,23.154,30.3,24
Maitri,2012-09-26,-10.283,-13.2,-8.4,992.583,982.7,997.4,18.571,28.1,24
Maitri,2012-09-27,-12.312,-13.3,-11.2,987.433,973.6,996.7,25.408,47.1,24
Maitri,2012-09-28,-9.7,-11.3,-8.2,961.725,956.6,971.7,12.742,48.4,24
Maitri,2012-09-29,-10.442,-14.1,-7.2,975.696,964.0,990.8,4.5,4.5,24
Maitri,2012-09-30,-14.179,-16.4,-11.3,984.738,972.7,993.7,4.5,4.5,24
Maitri,2012-10-01,-14.596,-18.1,-9.6,968.304,966.0,972.3,4.479,4.5,24
Maitri,2012-10-02,-9.513,-11.3,-7.7,974.008,968.6,979.2,4.5,4.5,24
Maitri,2012-10-03,-10.312,-13.1,-7.9,982.208,980.0,983.4,4.5,4.5,24
Maitri,2012-10-04,-11.075,-14.2,-9.9,982.383,980.5,983.2,4.5,4.5,24
Maitri,2012-10-05,-13.212,-17.9,-8.5,979.271,978.2,980.4,4.5,4.5,24
Maitri,2012-10-06,-16.3,-19.3,-13.7,982.812,979.8,984.2,4.479,4.5,24
Maitri,2012-10-07,-17.004,-20.2,-14.0,977.979,974.8,982.3,4.454,4.5,24
Maitri,2012-10-08,-18.792,-23.0,-13.7,978.062,974.8,982.2,4.45,4.5,24
Maitri,2012-10-09,-17.296,-19.4,-15.2,986.762,982.6,989.4,4.454,4.5,24
Maitri,2012-10-10,-15.446,-18.4,-12.6,982.675,974.8,988.6,4.479,4.5,24
Maitri,2012-10-11,-11.379,-12.8,-10.1,970.4,969.3,973.5,4.5,4.5,24
Maitri,2012-10-12,-8.092,-10.5,-6.0,973.946,970.4,976.3,4.5,4.5,24
Maitri,2012-10-13,-7.75,-8.4,-6.2,978.675,976.4,980.7,4.5,4.5,24
Maitri,2012-10-14,-9.046,-12.7,-7.0,982.217,980.6,983.4,4.5,4.5,24
Maitri,2012-10-15,-10.188,-11.5,-8.2,983.504,982.5,984.5,4.5,4.5,24
Maitri,2012-10-16,-10.279,-11.6,-9.1,986.821,981.5,995.1,4.5,4.5,24
Maitri,2012-10-17,-10.546,-12.7,-8.3,992.471,982.8,997.1,4.5,4.5,24
Maitri,2012-10-18,-7.938,-9.2,-7.2,972.438,969.0,980.6,4.5,4.5,24
Maitri,2012-10-19,-6.846,-8.4,-5.2,972.004,968.0,978.6,4.5,4.5,24
Maitri,2012-10-20,-5.392,-9.3,-2.6,986.908,979.2,990.4,4.5,4.5,24
Maitri,2012-10-21,-8.592,-11.3,-6.3,985.117,984.1,986.5,4.5,4.5,24
Maitri,2012-10-22,-9.967,-12.7,-8.8,989.579,987.0,992.6,4.5,4.5,24
Maitri,2012-10-23,-9.775,-13.2,-6.0,990.917,986.5,993.7,4.5,4.5,24
Maitri,2012-10-24,-8.567,-10.0,-6.4,985.425,984.1,986.7,4.5,4.5,24
Maitri,2012-10-25,-6.425,-9.9,-3.6,988.708,985.8,990.4,4.5,4.5,24
Maitri,2012-10-26,-7.183,-11.2,-2.3,988.571,986.2,990.5,4.5,4.5,24
Maitri,2012-10-27,-6.754,-11.1,-2.1,984.921,981.5,987.5,4.5,4.5,24
Maitri,2012-10-28,-7.454,-13.1,-4.0,988.671,983.0,993.0,4.5,4.5,24
Maitri,2012-10-29,-7.267,-7.6,-6.0,989.292,987.9,990.3,4.5,4.5,24
Maitri,2012-10-30,-5.65,-10.5,-2.2,989.45,987.8,991.5,4.5,4.5,24
Maitri,2012-10-31,-9.242,-13.8,-5.5,992.038,987.8,994.4,4.5,4.5,24
Maitri,2012-11-01,-6.025,-6.6,-5.3,987.129,986.2,989.3,4.5,4.5,24
Maitri,2012-11-02,-5.067,-5.8,-4.2,992.092,989.3,995.9,4.5,4.5,24
Maitri,2012-11-03,-5.642,-8.2,-4.3,1002.017,996.5,1007.1,4.5,4.5,24
Maitri,2012-11-04,-8.396,-9.4,-7.5,1008.704,1006.1,1010.0,4.5,4.5,24
Maitri,2012-11-05,-8.367,-9.8,-7.3,995.0,978.5,1005.6,4.5,4.5,24
Maitri,2012-11-06,-7.075,-7.6,-6.5,982.429,974.5,993.5,4.5,4.5,24
Maitri,2012-11-07,-4.9,-6.3,-3.6,997.804,994.1,999.9,4.5,4.5,24
Maitri,2012-11-08,-3.808,-6.4,-2.1,989.746,985.6,996.0,4.5,4.5,24
Maitri,2012-11-09,-4.671,-6.8,-2.8,993.329,987.4,998.6,4.5,4.5,24
Maitri,2012-11-10,-2.867,-3.8,-2.0,999.671,998.2,1000.3,4.5,4.5,24
Maitri,2012-11-11,-3.242,-5.9,-1.7,995.062,987.9,999.6,4.5,4.5,24
Maitri,2012-11-12,-3.846,-6.7,-0.2,984.558,983.4,987.2,12.858,32.5,24
Maitri,2012-11-13,-4.771,-6.0,-3.7,985.533,983.8,987.0,31.746,40.2,24
Maitri,2012-11-14,-4.846,-6.3,-3.2,985.596,984.7,986.5,33.596,43.6,24
Maitri,2012-11-15,-4.692,-5.7,-3.7,985.829,984.4,987.1,35.971,43.0,24
Maitri,2012-11-16,-4.15,-5.1,-2.7,986.238,984.7,987.0,26.688,36.9,24
Maitri,2012-11-17,-3.558,-5.5,-2.4,983.621,982.3,987.0,27.767,35.3,24
Maitri,2012-11-18,-3.725,-5.4,-2.9,992.421,987.4,995.9,26.933,37.3,24
Maitri,2012-11-19,-1.829,-4.0,0.3,989.917,984.0,995.3,25.554,34.1,24
Maitri,2012-11-20,-1.213,-2.6,0.3,986.05,983.3,989.1,27.467,38.7,24
Maitri,2012-11-21,0.688,-1.4,3.3,989.292,988.2,990.1,22.733,28.8,24
Maitri,2012-11-22,1.362,-0.5,3.4,987.917,985.8,989.7,16.958,24.3,24
Maitri,2012-11-23,0.546,-1.7,2.8,987.254,986.2,988.4,19.4,35.3,24
Maitri,2012-11-24,-0.783,-4.1,2.3,986.746,986.0,987.5,14.346,22.6,24
Maitri,2012-11-25,-2.125,-5.0,1.5,988.9,986.7,990.1,10.296,17.7,24
Maitri,2012-11-26,-3.863,-9.3,0.7,982.625,980.6,986.3,9.033,15.4,24
Maitri,2012-11-27,-3.0,-10.0,1.0,983.962,982.0,985.6,10.646,21.1,24
Maitri,2012-11-28,-2.688,-6.2,0.4,988.746,985.8,991.2,11.625,16.3,24
Maitri,2012-11-29,-1.008,-6.5,3.7,984.133,975.7,991.0,17.537,29.1,24
Maitri,2012-11-30,0.454,-1.4,1.8,981.446,976.1,986.6,25.283,30.5,24
Maitri,2012-12-01,0.575,-1.5,3.4,984.262,980.8,986.8,15.971,23.4,24
Maitri,2012-12-02,0.162,-3.0,4.0,980.625,979.8,982.2,12.029,18.1,24
Maitri,2012-12-03,-0.446,-3.0,2.4,987.017,983.2,989.7,11.4,16.2,24
Maitri,2012-12-04,-0.862,-4.8,1.7,991.6,989.8,992.8,12.412,18.7,24
Maitri,2012-12-05,-2.529,-5.8,0.9,987.496,986.3,990.3,8.308,13.3,24
Maitri,2012-12-06,-2.296,-6.5,2.0,988.021,986.9,990.1,11.25,22.3,24
Maitri,2012-12-07,-2.708,-5.7,0.2,989.767,989.2,990.1,10.454,14.4,24
Maitri,2012-12-08,-2.804,-4.9,-0.8,990.246,988.8,991.7,12.633,17.6,24
Maitri,2012-12-09,-1.321,-4.7,2.3,991.975,990.1,992.8,11.808,18.2,24
Maitri,2012-12-10,1.046,-3.7,4.1,986.025,984.4,989.8,15.146,22.2,24
Maitri,2012-12-11,1.713,-1.1,3.6,986.812,983.9,990.5,18.692,24.8,24
Maitri,2012-12-12,0.483,-4.6,5.1,989.567,988.2,991.5,9.854,19.7,24
Maitri,2012-12-13,1.012,-2.8,4.3,990.0,988.4,991.3,9.121,15.2,24
Maitri,2012-12-14,1.138,-1.3,3.9,990.425,989.7,991.1,10.471,17.4,24
Maitri,2012-12-15,2.083,-0.6,4.8,991.887,990.9,992.5,16.721,24.3,24
Maitri,2012-12-16,0.837,0.0,1.9,988.85,984.9,992.5,20.467,26.9,24
Maitri,2012-12-17,0.162,-0.5,1.4,988.312,984.4,991.7,26.758,32.1,24
Maitri,2012-12-18,1.717,0.4,2.6,992.321,991.0,993.3,22.921,29.7,24
Maitri,2012-12-19,2.55,0.6,4.1,993.583,992.9,994.6,17.654,22.4,24
Maitri,2012-12-20,1.929,-1.0,3.5,997.417,994.6,999.4,16.0,25.4,24
Maitri,2012-12-21,0.608,-1.4,2.2,999.333,998.4,999.9,9.812,14.1,24
Maitri,2012-12-22,3.171,-0.7,7.0,994.808,992.1,998.1,11.0,18.6,24
Maitri,2012-12-23,2.979,2.3,4.6,992.038,991.1,992.7,17.333,21.5,24
Maitri,2012-12-24,4.446,2.2,5.7,995.308,992.0,998.5,19.512,28.7,24
Maitri,2012-12-25,2.962,1.4,4.6,1003.467,998.6,1005.8,22.625,28.7,24
Maitri,2012-12-26,2.092,-0.5,5.4,1001.929,997.5,1005.3,20.554,26.5,24
Maitri,2012-12-27,1.829,-0.6,4.6,993.442,991.0,997.0,18.792,27.3,24
Maitri,2012-12-28,0.758,-1.4,2.6,989.588,987.6,992.1,22.292,29.5,24
Maitri,2012-12-29,3.346,0.8,5.7,981.592,979.0,987.1,23.675,29.3,24
Maitri,2012-12-30,2.792,1.7,4.0,984.175,979.2,989.9,30.067,37.5,24
Maitri,2012-12-31,2.863,0.2,4.9,993.462,990.6,995.7,16.283,32.0,24
Maitri,2013-01-01,1.713,-0.8,4.2,997.383,985.0,999.2,9.7,16.4,24
Maitri,2013-01-02,1.204,-1.4,5.1,998.517,997.1,999.3,9.237,14.8,24
Maitri,2013-01-03,2.75,-0.1,5.1,997.742,996.9,998.8,8.612,14.9,24
Maitri,2013-01-04,1.183,-1.3,4.1,996.833,978.6,998.9,12.15,17.5,24
Maitri,2013-01-05,-0.8,-1.9,1.2,991.25,983.3,996.1,8.796,12.5,24
Maitri,2013-01-06,0.929,-2.6,3.7,989.421,978.5,991.5,9.754,20.3,24
Maitri,2013-01-07,2.396,-1.6,5.6,988.825,987.7,990.6,9.283,16.9,24
Maitri,2013-01-08,1.721,-1.7,6.1,989.646,987.9,991.9,10.154,18.0,24
Maitri,2013-01-09,0.621,-2.0,3.7,988.558,984.1,991.0,13.95,17.5,24
Maitri,2013-01-10,1.4,-0.5,3.7,990.817,982.9,996.9,10.992,18.2,24
Maitri,2013-01-11,4.242,0.2,8.0,994.162,991.9,995.8,12.4,22.1,24
Maitri,2013-01-12,4.35,2.2,7.1,992.379,991.3,993.8,15.967,25.6,24
Maitri,2013-01-13,5.008,2.2,8.2,990.408,987.1,992.5,13.462,24.9,24
Maitri,2013-01-14,2.788,-1.0,5.8,984.038,979.3,987.0,6.808,11.6,24
Maitri,2013-01-15,2.079,-2.1,5.1,982.262,978.5,994.7,13.383,20.5,24
Maitri,2013-01-16,1.754,-0.3,4.2,986.433,983.2,990.8,17.062,22.9,24
Maitri,2013-01-17,2.175,-0.1,5.2,986.288,985.1,988.7,14.862,19.5,24
Maitri,2013-01-18,1.546,-0.4,3.6,988.275,987.3,989.1,12.15,16.1,24
Maitri,2013-01-19,0.85,-1.0,1.7,988.171,985.7,990.6,12.267,25.0,24
Maitri,2013-01-20,0.921,-1.1,2.5,988.192,976.8,994.3,20.896,36.5,24
Maitri,2013-01-21,1.75,0.0,3.4,986.45,975.0,994.5,18.704,32.0,24
Maitri,2013-01-22,2.271,0.5,4.6,985.212,976.6,989.6,15.058,29.3,24
Maitri,2013-01-23,3.075,0.6,6.9,983.712,982.7,984.8,16.442,25.8,24
Maitri,2013-01-24,1.7,-0.8,5.1,981.221,976.2,984.4,16.258,23.7,24
Maitri,2013-01-25,2.171,-0.6,3.6,976.358,975.4,978.5,21.15,26.9,24
Maitri,2013-01-26,2.329,0.1,5.7,980.192,977.0,992.9,17.367,28.8,24
Maitri,2013-01-27,2.354,-0.1,5.4,990.762,978.9,992.6,15.862,18.9,24
Maitri,2013-01-28,0.225,-1.2,1.7,992.45,990.7,995.1,16.617,22.5,24
Maitri,2013-01-29,0.308,-1.4,2.1,988.438,986.0,991.1,20.296,25.6,24
Maitri,2013-01-30,-1.017,-4.2,1.7,983.429,981.3,986.0,17.883,28.1,24
Maitri,2013-01-31,-2.592,-6.1,0.8,983.512,981.0,986.1,12.483,25.6,24
Maitri,2013-02-01,-4.087,-7.3,-1.9,989.846,986.7,991.2,10.604,17.0,24
Maitri,2013-02-02,-4.617,-7.5,-2.3,987.137,984.5,990.0,9.6,14.4,24
Maitri,2013-02-03,-4.212,-7.6,-0.6,983.833,983.3,984.5,11.583,23.5,24
Maitri,2013-02-04,-3.567,-6.4,-0.1,982.692,979.7,984.7,13.521,19.4,24
Maitri,2013-02-05,-2.525,-5.7,1.7,977.683,976.9,979.0,13.967,22.1,24
Maitri,2013-02-06,-3.158,-6.3,0.9,978.462,978.0,979.0,13.208,20.5,24
Maitri,2013-02-07,-3.363,-6.5,0.0,978.875,977.5,980.5,19.338,28.5,24
Maitri,2013-02-08,-3.012,-5.1,-1.6,979.608,977.3,981.4,28.408,35.5,24
Maitri,2013-02-09,-1.658,-3.5,-0.2,975.579,974.6,977.8,32.438,43.8,24
Maitri,2013-02-10,-2.125,-3.1,-1.2,979.779,978.1,981.1,29.142,37.6,24
Maitri,2013-02-11,-0.246,-2.6,3.6,979.017,977.1,980.6,22.025,36.0,24
Maitri,2013-02-12,-1.296,-3.3,1.8,982.429,977.9,988.6,15.462,24.1,24
Maitri,2013-02-13,-1.787,-2.9,-0.9,992.271,989.0,993.7,20.071,28.3,24
Maitri,2013-02-14,-0.604,-3.3,2.4,988.55,985.8,991.7,14.258,23.5,24
Maitri,2013-02-15,-2.192,-5.7,0.4,981.483,975.0,985.5,14.162,19.6,24
Maitri,2013-02-16,-3.567,-7.1,-1.5,975.704,973.4,977.6,15.917,21.5,24
Maitri,2013-02-17,-1.912,-3.2,-0.7,980.479,977.8,982.2,18.929,27.0,24
Maitri,2013-02-18,-2.817,-4.3,-0.9,987.529,982.7,992.4,13.258,16.9,24
Maitri,2013-02-19,-3.667,-5.6,-0.9,993.458,989.4,995.2,14.192,28.8,24
Maitri,2013-02-20,-5.75,-8.1,-3.4,980.633,972.3,988.6,24.562,36.7,24
Maitri,2013-02-21,-5.288,-8.0,0.0,972.258,968.3,980.7,18.15,28.2,24
Maitri,2013-02-22,-4.112,-6.7,-1.2,983.146,981.2,985.1,17.404,23.1,24
Maitri,2013-02-23,-4.508,-6.8,-1.7,987.662,985.3,989.0,18.692,25.1,24
Maitri,2013-02-24,-2.896,-4.7,-1.2,983.792,980.3,988.0,16.721,22.0,24
Maitri,2013-02-25,-1.183,-3.1,-0.4,977.117,974.5,981.6,24.867,32.8,24
Maitri,2013-02-26,-2.1,-3.0,-1.0,980.271,974.3,985.5,16.308,31.0,24
Maitri,2013-02-27,-2.271,-3.2,-1.0,986.412,985.2,988.1,20.458,31.5,24
Maitri,2013-02-28,-4.046,-8.0,-1.8,982.729,977.1,985.3,19.362,29.9,24
Maitri,2013-03-01,-3.692,-7.5,1.0,977.912,976.4,981.2,16.817,26.5,24
Maitri,2013-03-02,-4.288,-9.0,-0.2,985.454,982.0,986.9,14.096,22.5,24
Maitri,2013-03-03,-7.567,-9.9,-4.0,986.517,985.4,987.6,10.183,18.8,24
Maitri,2013-03-04,-7.933,-10.5,-4.8,984.762,983.9,985.4,10.975,20.3,24
Maitri,2013-03-05,-7.775,-10.2,-4.5,985.725,984.3,987.9,12.237,22.2,24
Maitri,2013-03-06,-8.612,-10.7,-5.8,987.867,987.1,988.6,13.242,18.8,24
Maitri,2013-03-07,-10.408,-13.0,-8.0,986.292,986.0,987.0,13.008,19.6,24
Maitri,2013-03-08,-9.75,-12.9,-5.8,987.958,986.4,990.2,15.317,23.3,24
Maitri,2013-03-09,-7.962,-9.4,-6.7,993.629,990.3,995.3,20.238,29.8,24
Maitri,2013-03-10,-10.742,-14.8,-7.7,985.396,981.4,992.3,10.162,24.9,24
Maitri,2013-03-11,-11.642,-12.8,-10.4,984.912,982.9,985.9,15.125,24.0,24
Maitri,2013-03-12,-11.654,-12.7,-10.4,984.729,982.4,986.1,23.496,34.5,24
Maitri,2013-03-13,-9.396,-11.1,-7.8,976.95,974.7,981.6,29.546,37.1,24
Maitri,2013-03-14,-7.283,-8.7,-5.8,974.462,972.2,975.8,28.371,33.6,24
Maitri,2013-03-15,-5.062,-6.5,-4.0,971.217,970.3,972.1,27.071,40.2,24
Maitri,2013-03-16,-2.342,-5.0,-0.9,969.746,968.8,971.8,33.238,39.1,24
Maitri,2013-03-17,-2.958,-5.3,-2.0,976.412,972.2,979.1,34.975,39.5,24
Maitri,2013-03-18,-2.654,-4.6,-1.5,975.292,974.0,977.4,37.567,44.9,24
Maitri,2013-03-19,-6.587,-9.4,-3.7,974.246,972.8,976.5,23.008,33.9,24
Maitri,2013-03-20,-10.983,-13.0,-9.3,977.55,976.5,978.2,20.158,23.9,24
Maitri,2013-03-21,-9.075,-11.9,-5.0,979.025,977.9,979.8,13.142,24.9,24
Maitri,2013-03-22,-8.071,-9.0,-7.1,978.858,977.9,979.9,11.9,21.8,24
Maitri,2013-03-23,-8.821,-14.2,-5.2,977.204,975.0,978.1,15.562,21.5,24
Maitri,2013-03-24,-14.596,-17.1,-11.7,968.433,965.0,974.4,8.671,20.8,24
Maitri,2013-03-25,-11.688,-15.3,-9.2,975.025,969.5,978.1,22.338,36.2,24
Maitri,2013-03-26,-7.008,-9.7,-5.0,968.654,966.7,972.0,38.467,46.7,24
Maitri,2013-03-27,-5.629,-7.3,-4.2,968.733,967.1,970.3,30.571,39.9,24
Maitri,2013-03-28,-7.562,-12.6,-5.3,975.621,970.3,981.2,17.017,25.2,24
Maitri,2013-03-29,-13.708,-15.6,-10.9,979.296,974.6,980.9,8.008,21.4,24
Maitri,2013-03-30,-12.067,-14.4,-10.5,970.942,970.0,973.6,13.758,31.1,24
Maitri,2013-03-31,-15.067,-16.7,-13.1,973.887,970.1,980.7,6.442,12.9,24
Maitri,2013-04-01,-12.55,-16.9,-9.1,982.812,981.1,983.8,9.612,20.7,24
Maitri,2013-04-02,-13.117,-15.7,-11.2,977.604,972.2,983.1,19.125,26.1,24
Maitri,2013-04-03,-12.958,-14.7,-10.8,967.317,965.2,971.6,26.996,32.5,24
Maitri,2013-04-04,-11.833,-13.1,-10.7,969.471,966.9,973.7,14.263,19.4,24
Maitri,2013-04-05,-6.488,-10.0,-3.9,975.321,972.3,980.8,32.954,44.2,24
Maitri,2013-04-06,-5.812,-6.5,-4.4,992.912,981.7,1000.7,31.171,38.0,24
Maitri,2013-04-07,-6.188,-8.7,-4.2,999.029,997.0,1000.9,23.867,36.3,24
Maitri,2013-04-08,-6.938,-11.5,-4.5,999.754,997.6,1001.0,20.604,32.5,24
Maitri,2013-04-09,-8.383,-10.2,-5.9,993.529,989.8,996.2,15.121,28.5,24
Maitri,2013-04-10,-11.987,-15.9,-9.3,984.829,983.3,988.8,12.358,30.1,24
Maitri,2013-04-11,-13.129,-14.7,-11.9,982.404,979.2,985.8,24.675,33.5,24
Maitri,2013-04-12,-12.833,-14.9,-11.0,980.079,977.7,983.0,18.079,31.7,24
Maitri,2013-04-13,-11.125,-13.7,-9.4,981.158,977.2,985.8,16.15,30.1,24
Maitri,2013-04-14,-13.888,-15.5,-12.1,988.396,986.2,989.4,15.492,24.4,24
Maitri,2013-04-15,-13.35,-16.5,-11.4,991.308,988.6,997.5,16.454,25.3,24
Maitri,2013-04-16,-14.038,-15.1,-12.9,1000.562,997.5,1001.8,23.95,30.3,24
Maitri,2013-04-17,-12.987,-14.4,-12.0,993.979,984.7,1000.5,27.433,34.7,24
Maitri,2013-04-18,-9.704,-12.9,-7.2,978.392,976.3,983.2,24.725,27.6,24
Maitri,2013-04-19,-10.092,-14.5,-7.2,982.054,979.5,984.9,16.175,24.5,24
Maitri,2013-04-20,-17.888,-20.9,-14.1,987.029,985.1,988.5,10.104,17.5,24
Maitri,2013-04-21,-18.9,-21.4,-16.9,990.971,988.6,994.3,13.579,19.7,24
Maitri,2013-04-22,-19.946,-22.6,-15.7,995.438,992.3,997.1,6.625,11.2,24
Maitri,2013-04-23,-17.583,-20.2,-14.1,988.583,987.9,991.3,7.642,22.9,24
Maitri,2013-04-24,-21.783,-24.0,-18.7,990.342,988.6,992.0,5.717,9.0,24
Maitri,2013-04-25,-14.742,-22.4,-10.0,991.225,989.8,992.3,10.904,17.8,24
Maitri,2013-04-26,-12.425,-15.2,-9.5,988.025,986.3,989.1,10.083,23.9,24
Maitri,2013-04-27,-11.154,-13.9,-9.4,986.879,986.1,988.2,13.317,24.5,24
Maitri,2013-04-28,-10.675,-11.7,-10.1,987.208,985.1,988.8,20.2,23.7,24
Maitri,2013-04-29,-12.567,-16.7,-10.9,984.363,983.7,985.3,17.321,24.0,24
Maitri,2013-04-30,-16.208,-17.0,-15.3,984.667,983.5,985.6,23.658,31.2,24
Maitri,2013-05-01,-17.929,-19.1,-15.7,983.483,982.0,984.3,21.971,27.7,24
Maitri,2013-05-02,-17.196,-18.8,-13.6,981.046,979.3,981.8,17.287,21.9,24
Maitri,2013-05-03,-11.633,-13.9,-9.1,978.621,976.4,981.3,24.787,35.1,24
Maitri,2013-05-04,-11.533,-16.1,-7.9,983.775,979.8,988.7,25.062,37.7,24
Maitri,2013-05-05,-18.383,-20.9,-16.5,988.992,988.0,989.8,13.658,26.2,24
Maitri,2013-05-06,-20.037,-21.8,-18.0,982.604,978.1,987.7,11.629,19.2,24
Maitri,2013-05-07,-19.596,-22.8,-16.5,978.988,977.8,979.9,19.446,31.4,24
Maitri,2013-05-08,-13.104,-16.7,-9.1,988.6,980.0,994.7,23.729,32.5,24
Maitri,2013-05-09,-10.846,-13.6,-9.0,994.162,993.5,995.1,13.525,23.1,24
Maitri,2013-05-10,-15.829,-18.3,-14.3,998.379,996.2,999.9,7.788,14.4,24
Maitri,2013-05-11,-11.604,-15.1,-9.7,989.904,987.6,996.6,14.021,21.4,24
Maitri,2013-05-12,-10.808,-13.7,-8.6,985.283,983.8,987.1,15.454,25.0,24
Maitri,2013-05-13,-9.196,-10.4,-8.0,983.092,982.2,984.3,28.521,42.4,24
Maitri,2013-05-14,-7.971,-8.7,-6.7,984.296,983.2,985.1,25.892,40.1,24
Maitri,2013-05-15,-11.554,-17.3,-7.6,981.908,980.3,983.6,11.442,23.6,24
Maitri,2013-05-16,-18.971,-21.9,-16.6,979.421,977.1,985.3,9.692,17.5,24
Maitri,2013-05-17,-20.558,-21.9,-17.9,991.992,986.1,994.3,16.463,22.2,24
Maitri,2013-05-18,-17.854,-20.4,-14.9,993.438,992.4,994.2,11.079,22.6,24
Maitri,2013-05-19,-16.933,-19.6,-14.8,994.904,993.8,996.2,17.638,27.0,24
Maitri,2013-05-20,-22.258,-24.9,-18.5,994.517,993.3,995.7,17.388,24.8,24
Maitri,2013-05-21,-22.717,-25.0,-21.0,996.654,994.0,1000.0,9.421,16.4,24
Maitri,2013-05-22,-23.996,-26.1,-21.8,997.871,991.8,1000.8,5.312,8.4,24
Maitri,2013-05-23,-19.162,-23.3,-17.5,984.692,978.3,991.2,7.329,11.5,24
Maitri,2013-05-24,-20.071,-22.2,-17.1,988.058,979.0,992.3,9.65,18.0,24
Maitri,2013-05-25,-16.225,-20.0,-13.4,982.108,975.9,987.1,25.779,34.4,24
Maitri,2013-05-26,-18.683,-21.9,-13.1,989.558,981.1,992.1,13.179,21.7,24
Maitri,2013-05-27,-19.9,-24.8,-15.8,992.175,990.2,995.7,19.367,29.2,24
Maitri,2013-05-28,-12.388,-16.7,-11.1,996.746,996.1,997.2,22.733,26.7,24
Maitri,2013-05-29,-10.575,-11.9,-9.8,994.617,992.6,997.0,28.588,35.6,24
Maitri,2013-05-30,-9.942,-10.4,-8.7,995.729,990.4,1001.0,5.837,36.6,24
Maitri,2013-05-31,-8.625,-9.5,-7.7,1000.346,998.6,1004.2,4.5,4.5,24
Maitri,2013-06-01,-11.283,-12.8,-8.0,1011.992,1004.9,1015.8,4.5,4.5,24
Maitri,2013-06-02,-11.162,-12.3,-9.5,1013.254,1009.7,1015.4,4.5,4.5,24
Maitri,2013-06-03,-8.783,-9.9,-8.1,1005.025,999.7,1009.4,4.5,4.5,24
Maitri,2013-06-04,-18.012,-31.6,-8.7,990.183,981.8,999.1,4.454,4.5,24
Maitri,2013-06-05,-25.333,-32.6,-22.8,982.762,980.8,986.8,4.4,4.4,24
Maitri,2013-06-06,-22.904,-25.4,-21.2,988.446,986.9,989.8,4.4,4.4,24
Maitri,2013-06-07,-20.896,-23.7,-19.2,988.604,987.2,989.6,4.4,4.4,24
Maitri,2013-06-08,-22.021,-24.8,-19.6,990.033,988.2,990.8,4.4,4.4,24
Maitri,2013-06-09,-18.162,-19.7,-16.6,989.229,987.9,990.5,4.454,4.5,24
Maitri,2013-06-10,-15.2,-16.2,-12.8,988.583,986.8,989.8,4.5,4.5,24
Maitri,2013-06-11,-19.775,-23.0,-13.9,994.446,987.6,1001.5,4.429,4.5,24
Maitri,2013-06-12,-18.283,-22.9,-9.3,1004.075,1001.5,1005.8,4.429,4.5,24
Maitri,2013-06-13,-8.621,-14.1,-5.8,1002.238,999.4,1004.1,4.5,4.5,24
Maitri,2013-06-14,-8.162,-10.4,-7.1,1002.021,1000.0,1003.7,4.5,4.5,24
Maitri,2013-06-15,-9.433,-11.3,-7.6,999.879,998.9,1000.8,4.5,4.5,24
Maitri,2013-06-16,-15.821,-20.9,-9.4,1007.104,999.3,1013.2,4.45,4.5,24
Maitri,2013-06-17,-18.738,-23.4,-12.4,1015.233,1010.1,1017.8,4.429,4.5,24
Maitri,2013-06-18,-12.758,-15.5,-10.5,1002.992,997.4,1009.3,4.5,4.5,24
Maitri,2013-06-19,-11.987,-13.8,-10.9,995.992,993.1,997.8,4.5,4.5,24
Maitri,2013-06-20,-10.6,-14.4,-6.4,992.467,990.1,996.7,4.5,4.5,24
Maitri,2013-06-21,-9.675,-12.2,-7.0,997.488,996.6,999.1,4.5,4.5,24
Maitri,2013-06-22,-13.867,-17.8,-9.4,1006.613,1000.0,1009.4,4.492,4.5,24
Maitri,2013-06-23,-12.579,-16.4,-10.9,1006.538,1005.9,1007.5,4.5,4.5,24
Maitri,2013-06-24,-13.662,-15.5,-12.5,1013.004,1006.8,1017.6,4.5,4.5,24
Maitri,2013-06-25,-14.171,-17.9,-11.3,1017.75,1015.0,1019.5,4.488,4.5,24
Maitri,2013-06-26,-8.4,-10.9,-5.4,1008.058,1003.2,1015.2,4.5,4.5,24
Maitri,2013-06-27,-11.229,-12.8,-9.2,999.5,992.5,1003.4,4.5,4.5,24
Maitri,2013-06-28,-11.804,-13.4,-8.4,985.071,978.6,992.6,4.5,4.5,24
Maitri,2013-06-29,-6.908,-8.1,-6.1,982.762,979.1,986.6,4.5,4.5,24
Maitri,2013-06-30,-7.471,-9.9,-5.7,990.825,982.7,995.0,4.5,4.5,24
Maitri,2013-07-01,-8.517,-11.9,-5.3,983.033,980.5,984.6,4.5,4.5,24
Maitri,2013-07-02,-13.154,-15.0,-11.6,981.425,980.2,982.7,4.5,4.5,24
Maitri,2013-07-03,-12.458,-15.1,-10.4,984.125,982.6,985.3,4.5,4.5,24
Maitri,2013-07-04,-13.529,-16.0,-11.1,985.983,982.4,990.9,4.5,4.5,24
Maitri,2013-07-05,-12.858,-14.7,-11.9,988.829,986.2,991.7,4.5,4.5,24
Maitri,2013-07-06,-13.725,-15.3,-11.2,984.504,975.2,989.3,4.5,4.5,24
Maitri,2013-07-07,-8.633,-10.6,-6.7,964.7,958.4,973.5,4.5,4.5,24
Maitri,2013-07-08,-11.296,-14.9,-6.6,976.242,957.0,990.3,4.5,4.5,24
Maitri,2013-07-09,-11.688,-14.8,-10.3,991.754,987.3,993.9,4.5,4.5,24
Maitri,2013-07-10,-17.508,-19.8,-14.7,990.129,984.9,994.0,4.45,4.5,24
Maitri,2013-07-11,-19.754,-20.8,-18.4,986.142,983.9,991.0,4.4,4.4,24
Maitri,2013-07-12,-20.371,-21.1,-18.8,993.608,992.0,994.7,4.4,4.4,24
Maitri,2013-07-13,-21.246,-22.7,-19.4,992.279,990.4,994.6,4.4,4.4,24
Maitri,2013-07-14,-23.537,-27.6,-21.5,990.404,989.5,992.4,4.4,4.4,24
Maitri,2013-07-15,-29.0,-30.7,-27.2,996.158,992.9,999.1,4.4,4.4,24
Maitri,2013-07-16,-28.942,-31.9,-22.6,999.858,995.0,1002.3,4.4,4.4,24
Maitri,2013-07-17,-17.371,-22.7,-13.0,990.029,987.4,994.7,4.454,4.5,24
Maitri,2013-07-18,-16.7,-18.5,-13.5,990.038,988.1,993.3,4.458,4.5,24
Maitri,2013-07-19,-22.133,-25.9,-18.4,991.8,988.1,994.1,4.4,4.4,24
Maitri,2013-07-20,-23.054,-25.5,-19.2,982.887,979.9,987.8,4.4,4.4,24
Maitri,2013-07-21,-19.904,-20.9,-18.7,988.333,982.9,991.9,4.408,4.5,24
Maitri,2013-07-22,-17.117,-20.0,-15.1,989.175,984.8,992.2,4.458,4.5,24
Maitri,2013-07-23,-13.888,-15.7,-12.2,978.363,972.9,984.5,4.5,4.5,24
Maitri,2013-07-24,-14.204,-16.1,-11.9,978.442,972.5,987.2,4.5,4.5,24
Maitri,2013-07-25,-17.721,-20.9,-14.5,993.733,988.1,997.0,4.438,4.5,24
Maitri,2013-07-26,-18.171,-21.5,-14.3,991.238,984.9,997.4,4.438,4.5,24
Maitri,2013-07-27,-15.412,-16.7,-13.8,979.279,977.1,984.3,4.5,4.5,24
Maitri,2013-07-28,-16.254,-17.7,-14.5,980.079,977.6,983.9,4.467,4.5,24
Maitri,2013-07-29,-14.808,-16.9,-13.5,989.371,984.8,992.8,4.492,4.5,24
Maitri,2013-07-30,-16.604,-17.6,-15.3,989.562,985.0,992.7,4.458,4.5,24
Maitri,2013-07-31,-14.054,-16.3,-12.8,983.629,980.5,986.1,4.5,4.5,24
Maitri,2013-08-01,-13.338,-15.5,-11.4,971.462,964.1,983.8,4.5,4.5,24
Maitri,2013-08-02,-11.829,-12.4,-10.6,968.679,957.9,973.1,4.5,4.5,24
Maitri,2013-08-03,-9.554,-10.7,-9.0,966.838,958.7,974.4,4.5,4.5,24
Maitri,2013-08-04,-9.317,-10.0,-8.9,965.275,960.0,973.2,4.5,4.5,24
Maitri,2013-08-05,-9.2,-10.1,-7.9,972.558,970.7,976.3,4.5,4.5,24
Maitri,2013-08-06,-13.571,-15.9,-9.5,989.433,977.8,993.5,4.5,4.5,24
Maitri,2013-08-07,-17.954,-22.5,-14.4,991.438,990.5,994.0,4.446,4.5,24
Maitri,2013-08-08,-21.392,-24.8,-19.4,994.846,993.6,996.3,4.4,4.4,24
Maitri,2013-08-09,-21.454,-25.5,-17.6,997.137,992.3,1002.2,4.4,4.4,24
Maitri,2013-08-10,-17.625,-23.1,-12.5,1002.308,1000.4,1005.9,4.454,4.5,24
Maitri,2013-08-11,-14.138,-16.2,-13.0,1009.108,1005.9,1014.4,4.496,4.5,24
Maitri,2013-08-12,-15.662,-17.5,-14.2,1016.608,1015.0,1018.3,4.492,4.5,24
Maitri,2013-08-13,-15.679,-17.8,-13.9,1015.008,1013.1,1016.9,4.475,4.5,24
Maitri,2013-08-14,-19.258,-23.7,-17.1,1011.738,1007.8,1015.4,4.4,4.4,24
Maitri,2013-08-15,-18.675,-23.6,-15.4,1010.55,1007.6,1013.6,4.458,4.5,24
Maitri,2013-08-16,-17.042,-18.0,-15.6,1008.95,1004.7,1012.7,4.446,4.5,24
Maitri,2013-08-17,-14.529,-18.1,-11.7,1004.483,1004.1,1005.1,4.488,4.5,24
Maitri,2013-08-18,-11.283,-12.0,-10.5,1001.946,999.6,1004.0,4.5,4.5,24
Maitri,2013-08-19,-10.9,-11.6,-9.3,998.742,997.6,1000.4,4.5,4.5,24
Maitri,2013-08-20,-8.954,-9.6,-8.3,1001.367,999.0,1002.4,4.5,4.5,24
Maitri,2013-08-21,-10.513,-12.5,-7.6,994.242,988.5,998.5,4.5,4.5,24
Maitri,2013-08-22,-11.138,-12.9,-10.5,984.004,982.2,987.8,4.5,4.5,24
Maitri,2013-08-23,-15.021,-17.7,-13.1,984.592,982.8,987.5,4.488,4.5,24
Maitri,2013-08-24,-17.417,-18.8,-15.7,987.579,985.4,988.5,4.425,4.5,24
Maitri,2013-08-25,-19.425,-20.2,-18.4,985.471,984.1,987.3,4.4,4.4,24
Maitri,2013-08-26,-18.062,-19.8,-16.5,988.162,986.5,989.4,4.417,4.5,24
Maitri,2013-08-27,-21.029,-24.9,-18.4,989.083,988.2,989.8,4.404,4.5,24
Maitri,2013-08-28,-25.858,-28.0,-22.7,986.771,985.9,987.9,4.408,4.5,24
Maitri,2013-08-29,-27.175,-29.9,-22.7,987.15,985.9,990.7,4.4,4.4,24
Maitri,2013-08-30,-25.404,-30.2,-19.4,998.488,991.4,1003.3,4.408,4.5,24
Maitri,2013-08-31,-16.529,-30.4,-12.3,1001.896,999.1,1005.7,4.475,4.5,24
Maitri,2013-09-01,-14.212,-15.7,-13.1,998.479,995.8,999.6,4.5,4.5,24
Maitri,2013-09-02,-12.487,-17.0,-9.7,985.379,977.5,994.9,4.492,4.5,24
Maitri,2013-09-03,-10.196,-12.2,-7.8,973.171,969.1,977.5,4.5,4.5,24
Maitri,2013-09-04,-10.662,-13.1,-8.2,974.142,968.6,979.6,4.5,4.5,24
Maitri,2013-09-05,-12.367,-13.4,-11.5,979.217,976.2,980.3,4.5,4.5,24
Maitri,2013-09-06,-13.967,-15.8,-12.9,975.058,973.9,978.2,4.5,4.5,24
Maitri,2013-09-07,-15.921,-16.8,-14.6,982.671,978.8,984.7,4.492,4.5,24
Maitri,2013-09-08,-18.683,-21.9,-16.2,979.425,976.0,984.1,4.433,4.5,24
Maitri,2013-09-09,-17.713,-20.2,-15.2,981.542,976.0,992.3,4.446,4.5,24
Maitri,2013-09-10,-16.325,-19.6,-14.4,1005.133,994.0,1011.8,4.475,4.5,24
Maitri,2013-09-11,-13.542,-21.1,-7.4,1008.975,1004.1,1011.6,4.467,4.5,24
Maitri,2013-09-12,-11.292,-17.4,-5.8,996.808,993.5,1003.2,4.496,4.5,24
Maitri,2013-09-13,-12.129,-16.8,-8.9,989.029,986.5,993.4,4.496,4.5,24
Maitri,2013-09-14,-12.279,-13.1,-11.7,990.421,987.0,992.0,4.5,4.5,24
Maitri,2013-09-15,-12.546,-14.0,-10.6,985.146,983.0,989.7,4.5,4.5,24
Maitri,2013-09-16,-12.1,-14.4,-10.7,984.675,982.9,985.9,4.5,4.5,24
Maitri,2013-09-17,-12.275,-16.0,-8.4,986.95,985.3,988.2,4.5,4.5,24
Maitri,2013-09-18,-6.288,-9.1,-4.3,988.529,983.7,997.3,4.5,4.5,24
Maitri,2013-09-19,-6.792,-8.9,-5.7,999.779,998.0,1000.6,4.5,4.5,24
Maitri,2013-09-20,-9.788,-13.0,-7.8,995.204,991.4,998.7,4.5,4.5,24
Maitri,2013-09-21,-10.879,-12.7,-9.1,993.95,991.0,999.4,4.5,4.5,24
Maitri,2013-09-22,-11.804,-13.9,-9.4,1004.95,1000.0,1007.6,4.5,4.5,24
Maitri,2013-09-23,-11.458,-13.2,-9.7,1004.0,1000.3,1007.3,4.5,4.5,24
Maitri,2013-09-24,-12.25,-14.1,-9.3,1005.829,1001.5,1007.8,4.5,4.5,24
Maitri,2013-09-25,-9.433,-11.4,-7.7,1005.896,1004.4,1007.6,4.5,4.5,24
Maitri,2013-09-26,-8.667,-11.4,-5.9,1004.179,1002.6,1004.8,4.5,4.5,24
Maitri,2013-09-27,-9.0,-12.9,-5.0,996.85,992.3,1002.2,7.729,21.7,24
Maitri,2013-09-28,-10.513,-12.6,-9.1,997.179,993.5,1000.2,21.696,30.0,24
Maitri,2013-09-29,-11.271,-12.7,-10.1,999.608,997.7,1001.1,20.229,27.1,24
Maitri,2013-09-30,-13.492,-16.5,-10.2,997.242,994.5,998.6,16.213,24.7,24
Maitri,2013-10-01,-15.254,-17.5,-12.4,992.383,989.2,994.0,18.775,27.4,24
Maitri,2013-10-02,-12.525,-15.3,-10.3,983.525,979.1,988.7,20.442,27.2,24
Maitri,2013-10-03,-10.679,-12.3,-9.8,979.788,978.6,980.9,17.429,23.6,24
Maitri,2013-10-04,-10.675,-13.1,-9.5,982.179,981.5,982.8,22.162,27.1,24
Maitri,2013-10-05,-12.375,-14.4,-9.0,986.267,982.9,989.8,19.562,26.8,24
Maitri,2013-10-06,-14.117,-17.5,-10.1,993.633,990.2,995.2,15.487,24.1,24
Maitri,2013-10-07,-15.371,-19.3,-11.4,995.771,995.0,996.6,16.017,25.3,24
Maitri,2013-10-08,-16.8,-19.7,-12.2,993.733,991.5,995.1,16.8,24.4,24
Maitri,2013-10-09,-16.713,-20.3,-11.6,991.35,990.4,992.3,12.604,24.2,24
Maitri,2013-10-10,-14.946,-17.9,-11.4,990.521,988.8,991.9,13.858,22.0,24
Maitri,2013-10-11,-14.367,-17.2,-10.8,987.767,986.2,988.9,15.879,23.6,24
Maitri,2013-10-12,-16.575,-19.9,-12.7,984.125,982.7,986.0,9.938,22.6,24
Maitri,2013-10-13,-14.838,-17.2,-10.9,986.171,984.1,987.5,13.696,24.3,24
Maitri,2013-10-14,-16.092,-17.4,-14.7,989.95,987.3,992.0,15.704,25.4,24
Maitri,2013-10-15,-16.879,-21.9,-11.6,995.529,992.9,996.9,8.758,18.3,24
Maitri,2013-10-16,-13.121,-17.5,-9.5,983.754,969.0,994.1,20.646,28.0,24
Maitri,2013-10-17,-7.638,-12.9,-5.8,964.579,962.3,968.1,21.408,27.8,24
Maitri,2013-10-18,-6.488,-9.4,-4.5,966.846,962.0,972.8,24.525,33.6,24
Maitri,2013-10-19,-9.788,-13.0,-6.1,973.912,972.6,977.3,13.508,22.7,24
Maitri,2013-10-20,-11.142,-13.9,-9.8,981.371,977.9,982.9,20.646,25.5,24
Maitri,2013-10-21,-9.596,-12.7,-6.1,985.054,981.7,989.1,13.804,23.8,24
Maitri,2013-10-22,-12.042,-14.3,-10.3,990.267,985.9,992.7,19.425,25.5,24
Maitri,2013-10-23,-10.642,-13.4,-8.2,985.083,984.5,985.7,22.242,28.8,24
Maitri,2013-10-24,-9.667,-10.4,-8.7,984.45,982.8,989.0,25.362,32.5,24
Maitri,2013-10-25,-11.525,-12.1,-10.7,993.417,989.7,996.5,20.742,27.5,24
Maitri,2013-10-26,-10.362,-12.8,-7.9,998.817,994.6,1000.8,19.858,31.9,24
Maitri,2013-10-27,-8.212,-12.7,-5.0,987.529,984.8,993.9,33.383,41.2,24
Maitri,2013-10-28,-6.583,-10.8,-1.3,988.875,985.6,992.7,18.617,28.1,24
Maitri,2013-10-29,-6.558,-10.4,-1.8,995.55,993.1,996.7,11.312,29.9,24
Maitri,2013-10-30,-5.483,-9.7,0.8,999.808,996.3,1001.7,11.438,32.4,24
Maitri,2013-10-31,-7.812,-10.2,-3.9,994.712,988.9,1000.9,16.854,29.7,24
Maitri,2013-11-01,-9.596,-10.3,-9.1,986.45,985.1,988.8,29.225,40.4,24
Maitri,2013-11-02,-8.321,-9.7,-7.3,981.425,978.1,985.7,24.646,33.4,24
Maitri,2013-11-03,-6.433,-7.6,-5.7,974.238,971.5,977.6,23.221,32.5,24
Maitri,2013-11-04,-4.975,-5.6,-4.4,979.779,974.5,982.2,19.358,30.5,24
Maitri,2013-11-05,-6.133,-6.4,-5.5,980.258,978.1,981.3,28.838,39.8,24
Maitri,2013-11-06,-6.183,-6.8,-5.4,978.654,977.0,981.2,26.517,41.3,24
Maitri,2013-11-07,-5.725,-6.4,-5.2,978.254,969.9,982.1,28.617,38.6,24
Maitri,2013-11-08,-5.267,-5.5,-5.1,962.779,957.1,968.6,42.912,48.1,24
Maitri,2013-11-09,-4.954,-5.9,-4.3,970.692,959.1,973.4,22.188,40.1,24
Maitri,2013-11-10,-4.821,-7.1,-3.1,979.021,972.2,986.0,14.546,25.9,24
Maitri,2013-11-11,-7.892,-12.3,-6.2,991.496,986.7,994.4,14.538,19.8,24
Maitri,2013-11-12,-8.396,-11.3,-6.2,988.592,987.5,989.7,8.375,15.2,24
Maitri,2013-11-13,-8.3,-11.3,-5.4,991.175,989.5,992.1,12.058,17.7,24
Maitri,2013-11-14,-9.083,-12.7,-4.2,992.125,991.5,993.0,6.471,9.2,24
Maitri,2013-11-15,-8.6,-12.8,-6.0,992.588,988.4,994.8,13.167,19.4,24
Maitri,2013-11-16,-6.413,-6.6,-6.2,984.6,982.5,987.9,30.162,36.6,24
Maitri,2013-11-17,-5.783,-6.6,-5.0,979.396,976.3,981.9,29.804,39.4,24
Maitri,2013-11-18,-4.329,-6.6,-2.6,974.375,973.7,976.0,25.342,35.3,24
Maitri,2013-11-19,-2.825,-5.1,-0.3,978.079,974.3,985.1,24.554,34.5,24
Maitri,2013-11-20,-2.188,-4.8,-0.4,993.9,986.2,997.3,21.004,23.9,24
Maitri,2013-11-21,-0.825,-2.2,0.4,995.529,994.4,996.6,23.442,34.2,24
Maitri,2013-11-22,-1.604,-2.4,-0.5,993.162,990.8,994.3,19.679,26.4,24
Maitri,2013-11-23,-1.017,-2.2,0.5,992.325,990.8,994.0,18.554,25.1,24
Maitri,2013-11-24,-0.604,-1.4,0.2,987.825,983.9,990.7,26.617,32.9,24
Maitri,2013-11-25,-0.513,-1.5,0.2,983.617,982.9,984.5,25.029,36.6,24
Maitri,2013-11-26,-0.504,-2.9,0.9,982.358,980.1,984.3,20.617,27.8,24
Maitri,2013-11-27,-3.383,-5.3,-2.3,981.767,979.7,985.4,22.783,27.8,24
Maitri,2013-11-28,-2.608,-5.3,0.3,988.988,985.7,990.2,18.35,30.0,24
Maitri,2013-11-29,-0.404,-3.3,3.2,985.646,982.1,989.4,14.175,25.1,24
Maitri,2013-11-30,0.246,-2.8,3.7,984.992,982.0,987.3,18.308,24.7,24
Maitri,2013-12-28,0.35,-0.8,1.5,993.97,993.0,995.1,22.6,29.3,10
Maitri,2013-12-29,0.033,-1.2,2.0,990.796,987.8,993.4,23.846,27.5,24
Maitri,2013-12-30,0.708,-1.3,2.2,990.371,987.8,991.8,22.196,28.2,24
Maitri,2013-12-31,2.55,0.9,4.0,987.504,985.3,989.9,24.379,30.0,24
Maitri,2014-01-01,2.725,1.9,3.5,985.562,983.3,987.0,24.621,32.9,24
Maitri,2014-01-02,2.238,0.3,4.5,981.283,979.0,986.2,21.558,28.4,24
Maitri,2014-01-03,2.604,0.5,4.5,991.771,987.1,995.6,15.958,22.6,24
Maitri,2014-01-04,1.621,0.5,3.2,997.021,994.4,998.4,12.083,17.4,24
Maitri,2014-01-05,0.942,-0.9,3.3,993.679,992.5,996.5,9.788,14.1,24
Maitri,2014-01-06,-0.538,-2.4,1.0,998.817,997.1,999.8,14.513,18.8,24
Maitri,2014-01-07,0.742,-2.5,3.9,995.121,993.4,997.9,17.758,23.3,24
Maitri,2014-01-08,0.108,-2.5,3.5,987.075,975.0,994.9,8.796,12.3,24
Maitri,2014-01-09,1.171,-4.8,5.0,970.933,966.0,975.9,8.629,18.9,24
Maitri,2014-01-10,3.95,2.1,5.7,968.983,965.4,972.2,18.079,25.5,24
Maitri,2014-01-11,2.979,0.7,4.5,974.212,972.7,976.5,16.55,22.3,24
Maitri,2014-01-12,0.55,-0.3,1.7,978.387,976.3,980.9,12.458,16.5,24
Maitri,2014-01-13,1.008,-0.4,3.3,981.7,980.6,982.8,13.058,17.3,24
Maitri,2014-01-14,3.783,0.4,6.1,975.35,971.6,980.4,18.787,23.5,24
Maitri,2014-01-15,2.962,1.3,5.0,976.062,971.6,980.5,15.633,25.2,24
Maitri,2014-01-16,1.142,-3.9,3.9,981.408,980.8,981.8,8.846,13.9,24
Maitri,2014-01-17,-1.183,-4.8,1.3,979.871,976.7,981.8,9.517,14.7,24
Maitri,2014-01-18,-1.608,-3.3,0.6,972.296,970.4,976.2,9.546,13.1,24
Maitri,2014-01-19,-0.492,-2.9,2.2,975.283,972.2,978.7,12.05,16.2,24
Maitri,2014-01-20,-0.987,-5.3,3.3,978.442,976.7,979.8,12.8,18.7,24
Maitri,2014-01-21,-2.812,-7.2,0.6,975.083,974.4,976.5,13.217,22.2,24
Maitri,2014-01-22,-1.792,-4.8,0.5,976.729,975.1,978.6,17.021,22.3,24
Maitri,2014-01-23,-2.354,-5.8,1.2,978.554,977.9,979.2,17.929,24.9,24
Maitri,2014-01-24,0.229,-4.9,4.5,977.358,974.9,978.7,16.525,27.3,24
Maitri,2014-01-25,-0.688,-4.0,2.5,974.004,973.2,974.7,18.271,27.7,24
Maitri,2014-01-26,-0.875,-4.3,1.0,973.596,971.8,975.0,14.996,22.6,24
Maitri,2014-01-27,-0.496,-3.6,1.9,969.433,968.3,971.6,11.617,14.8,24
Maitri,2014-01-28,-3.129,-7.2,0.4,970.412,968.3,973.0,9.438,20.0,24
Maitri,2014-01-29,-2.458,-6.1,1.1,974.225,973.0,974.8,10.892,16.2,24
Maitri,2014-01-30,-4.067,-7.0,-0.5,973.871,973.5,974.6,13.217,19.2,24
Maitri,2014-01-31,-5.021,-7.8,-2.8,976.262,975.0,977.6,14.229,22.4,24
Maitri,2014-02-01,-3.979,-6.1,0.0,977.512,977.0,977.9,15.167,24.0,24
Maitri,2014-02-02,-4.062,-6.8,-1.0,975.725,973.9,977.2,17.633,24.3,24
Maitri,2014-02-03,-3.554,-7.4,0.2,969.146,963.7,973.7,23.008,33.8,24
Maitri,2014-02-04,0.646,-2.9,2.5,962.171,961.6,963.2,25.746,34.8,24
Maitri,2014-02-05,0.796,-0.6,1.9,968.346,963.3,972.0,26.233,35.6,24
Maitri,2014-02-06,-0.067,-3.7,3.3,973.462,971.9,974.8,16.5,27.6,24
Maitri,2014-02-07,-1.129,-4.7,3.3,975.667,974.6,976.4,16.625,26.6,24
Maitri,2014-02-08,-1.896,-3.7,0.4,974.525,973.1,975.5,14.521,23.4,24
Maitri,2014-02-09,-1.167,-4.8,2.9,970.425,968.8,972.5,17.838,25.5,24
Maitri,2014-02-10,-0.9,-2.2,1.0,978.658,972.5,981.2,20.9,25.9,24
Maitri,2014-02-11,0.079,-2.5,1.7,977.921,976.4,980.6,25.738,38.2,24
Maitri,2014-02-12,-1.333,-2.9,0.0,976.483,975.5,977.4,21.021,28.2,24
Maitri,2014-02-13,-2.967,-5.3,-0.3,978.067,977.0,979.9,16.713,21.2,24
Maitri,2014-02-14,-4.246,-6.5,-0.9,975.321,971.6,979.2,12.204,19.8,24
Maitri,2014-02-15,-3.908,-6.7,-0.5,969.858,969.2,971.7,18.713,25.4,24
Maitri,2014-02-16,-4.575,-7.8,-1.3,966.387,963.9,969.1,19.421,28.6,24
Maitri,2014-02-17,-4.558,-7.6,-1.5,968.071,964.0,971.2,20.933,28.6,24
Maitri,2014-02-18,-3.621,-5.2,-2.2,970.096,966.4,971.8,25.208,32.5,24
Maitri,2014-02-19,-3.462,-4.7,-1.6,959.075,954.1,965.6,25.412,36.8,24
Maitri,2014-02-20,-3.95,-5.9,-2.2,955.671,953.7,957.4,25.046,30.5,24
Maitri,2014-02-21,-1.25,-3.3,0.3,957.9,956.6,959.6,23.838,33.4,24
Maitri,2014-02-22,-1.392,-3.0,-0.1,957.408,956.6,958.6,24.092,33.0,24
Maitri,2014-02-23,-0.825,-2.4,0.3,961.871,959.1,964.0,19.267,24.5,24
Maitri,2014-02-24,-3.608,-5.1,-2.3,962.717,961.6,963.8,23.696,33.0,24
Maitri,2014-02-25,-4.642,-6.3,-3.5,964.533,962.7,965.5,25.408,36.5,24
Maitri,2014-02-26,-4.708,-7.3,-3.3,962.629,956.5,966.0,27.912,37.7,24
Maitri,2014-02-27,-3.979,-6.2,-1.9,955.508,954.6,958.5,23.092,39.4,24
Maitri,2014-02-28,-4.3,-7.2,0.1,964.567,958.4,968.9,15.954,27.0,24
Maitri,2014-03-01,-5.679,-8.4,-2.8,972.363,969.2,974.6,11.325,16.7,24
Maitri,2014-03-02,-5.15,-7.9,-1.3,974.4,973.8,975.2,16.279,22.6,24
Maitri,2014-03-03,-7.496,-9.7,-4.8,972.012,970.4,974.0,13.592,23.2,24
Maitri,2014-03-04,-9.383,-11.9,-7.2,973.821,971.7,975.3,18.488,27.6,24
Maitri,2014-03-05,-7.904,-10.0,-5.3,972.438,969.9,976.0,26.783,31.0,24
Maitri,2014-03-06,-7.471,-11.1,-3.8,965.929,963.6,969.6,17.533,27.2,24
Maitri,2014-03-07,-7.629,-9.6,-4.9,967.038,964.9,970.4,17.712,27.7,24
Maitri,2014-03-08,-7.5,-9.3,-5.6,971.358,969.3,972.6,16.725,19.8,24
Maitri,2014-03-09,-5.804,-6.9,-4.6,966.658,965.7,968.9,21.296,26.2,24
Maitri,2014-03-10,-7.758,-10.3,-5.5,970.229,967.0,972.2,16.471,28.0,24
Maitri,2014-03-11,-9.129,-11.0,-6.6,974.692,972.3,975.9,24.292,29.1,24
Maitri,2014-03-12,-8.721,-10.7,-6.7,976.254,974.4,980.1,29.846,32.8,24
Maitri,2014-03-13,-9.454,-12.2,-5.5,979.012,976.6,980.9,12.654,27.4,24
Maitri,2014-03-14,-11.1,-13.5,-7.6,978.196,976.4,980.7,7.988,16.8,24
Maitri,2014-03-15,-11.779,-13.4,-10.5,979.033,976.6,981.1,10.408,22.0,24
Maitri,2014-03-16,-8.646,-11.6,-7.1,974.838,974.3,976.1,28.604,35.5,24
Maitri,2014-03-17,-6.271,-7.1,-4.9,974.312,971.5,976.4,31.533,36.9,24
Maitri,2014-03-18,-5.888,-6.9,-5.0,968.854,967.7,970.7,30.037,38.4,24
Maitri,2014-03-19,-5.083,-8.8,-3.2,968.538,967.7,969.5,23.933,38.7,24
Maitri,2014-03-20,-9.096,-11.5,-5.0,965.496,963.6,967.5,14.25,27.3,24
Maitri,2014-03-21,-9.479,-12.5,-7.1,968.167,964.6,971.6,17.529,25.0,24
Maitri,2014-03-22,-7.996,-10.4,-5.8,970.692,969.1,971.9,18.079,21.9,24
Maitri,2014-03-23,-8.529,-9.1,-7.8,961.846,950.1,970.6,32.979,52.2,24
Maitri,2014-03-24,-6.413,-7.7,-5.2,950.092,946.4,954.8,30.508,49.1,24
Maitri,2014-03-25,-10.038,-12.0,-8.1,958.392,954.7,962.7,14.55,24.1,24
Maitri,2014-03-26,-9.925,-11.9,-7.2,960.962,957.4,963.3,30.771,45.3,24
Maitri,2014-03-27,-5.625,-7.4,-4.8,953.675,951.7,956.8,34.542,43.2,24
Maitri,2014-03-28,-5.025,-5.7,-4.0,957.387,952.4,960.5,34.979,43.4,24
Maitri,2014-03-29,-5.004,-7.3,-3.2,958.004,952.4,961.0,31.037,41.2,24
Maitri,2014-03-30,-4.517,-7.6,-1.9,947.296,945.4,951.5,25.596,35.7,24
Maitri,2014-03-31,-3.438,-4.2,-2.8,955.633,949.6,961.5,28.329,38.7,24
Maitri,2014-04-01,-4.812,-5.3,-4.2,966.871,962.8,968.5,26.596,31.9,24
Maitri,2014-04-02,-7.712,-9.4,-5.1,960.875,958.2,966.4,32.4,39.5,24
Maitri,2014-04-03,-8.267,-10.5,-6.3,961.25,958.4,965.3,28.942,38.9,24
Maitri,2014-04-04,-10.833,-12.2,-8.1,968.275,965.2,971.6,16.404,23.0,24
Maitri,2014-04-05,-11.979,-13.7,-10.5,973.192,971.8,974.6,13.946,18.0,24
Maitri,2014-04-06,-13.95,-16.4,-11.5,971.692,963.6,975.0,16.871,27.9,24
Maitri,2014-04-07,-9.308,-11.2,-8.0,960.567,959.1,963.1,22.308,28.3,24
Maitri,2014-04-08,-12.171,-13.9,-10.8,968.471,962.9,971.5,17.117,24.5,24
Maitri,2014-04-09,-8.062,-11.4,-5.6,960.238,955.9,968.7,26.479,34.2,24
Maitri,2014-04-10,-11.188,-15.8,-7.3,956.908,956.0,958.4,14.308,31.0,24
Maitri,2014-04-11,-11.867,-19.5,-8.7,961.842,958.6,967.9,17.542,27.5,24
Maitri,2014-04-12,-8.829,-11.3,-6.8,972.146,968.1,976.6,24.796,28.1,24
Maitri,2014-04-13,-12.004,-13.4,-11.1,978.279,976.6,979.6,23.908,33.1,24
Maitri,2014-04-14,-9.667,-11.8,-7.1,972.088,969.4,977.3,21.229,30.1,24
Maitri,2014-04-15,-12.458,-14.7,-10.2,966.667,964.9,969.8,20.446,39.1,24
Maitri,2014-04-16,-9.838,-13.8,-6.7,970.033,967.0,971.5,26.467,37.7,24
Maitri,2014-04-17,-14.408,-18.2,-12.6,955.55,947.4,966.0,20.55,29.3,24
Maitri,2014-04-18,-17.279,-20.5,-16.1,958.542,949.4,966.6,17.217,22.8,24
Maitri,2014-04-19,-17.362,-20.6,-15.5,972.175,967.1,975.4,18.225,24.9,24
Maitri,2014-04-20,-16.371,-18.6,-13.0,971.967,968.0,975.3,17.088,24.3,24
Maitri,2014-04-21,-16.483,-18.5,-14.9,968.012,965.4,972.3,16.533,24.1,24
Maitri,2014-04-22,-15.258,-18.2,-13.2,972.483,971.7,973.9,22.829,30.7,24
Maitri,2014-04-23,-10.917,-13.3,-8.3,973.296,971.5,974.4,36.446,43.4,24
Maitri,2014-04-24,-13.55,-16.0,-11.0,970.425,967.8,973.5,24.671,40.2,24
Maitri,2014-04-25,-13.504,-16.6,-10.7,963.238,960.4,967.4,27.517,36.1,24
Maitri,2014-04-26,-13.525,-16.7,-11.3,961.621,959.5,964.6,22.125,31.4,24
Maitri,2014-04-27,-16.171,-18.7,-14.4,964.192,963.8,964.9,17.354,23.7,24
Maitri,2014-04-28,-15.538,-16.4,-14.3,967.088,964.0,970.5,26.104,31.7,24
Maitri,2014-04-29,-13.867,-15.0,-12.7,970.117,969.5,970.7,24.525,29.0,24
Maitri,2014-04-30,-13.867,-15.7,-12.2,967.838,967.2,969.3,24.308,28.5,24
Maitri,2014-05-01,-16.083,-18.6,-12.5,967.083,966.4,967.6,17.542,27.3,24
Maitri,2014-05-02,-19.421,-20.3,-18.8,965.996,965.1,968.1,17.033,27.3,24
Maitri,2014-05-03,-15.396,-18.7,-14.3,973.079,968.7,977.3,20.283,24.3,24
Maitri,2014-05-04,-11.925,-14.6,-10.3,971.738,968.5,976.8,24.808,31.9,24
Maitri,2014-05-05,-13.45,-15.6,-10.5,970.846,967.8,974.6,11.142,25.7,24
Maitri,2014-05-06,-15.783,-19.2,-14.3,977.242,974.5,980.0,13.708,20.2,24
Maitri,2014-05-07,-21.096,-23.8,-18.7,981.325,979.9,982.1,10.508,19.3,24
Maitri,2014-05-08,-20.167,-24.1,-16.3,981.712,979.7,986.6,6.442,15.3,24
Maitri,2014-05-09,-16.696,-21.6,-13.2,995.575,987.7,1000.4,10.204,19.3,24
Maitri,2014-05-10,-10.521,-12.6,-8.9,1000.567,999.6,1001.3,21.129,28.7,24
Maitri,2014-05-11,-9.642,-13.3,-7.0,993.904,990.1,999.6,10.996,22.3,24
Maitri,2014-05-12,-6.304,-7.1,-5.2,978.275,960.0,990.0,27.421,43.9,24
Maitri,2014-05-13,-10.062,-12.0,-7.2,956.267,952.2,961.2,38.117,50.0,24
Maitri,2014-05-14,-8.504,-10.8,-6.6,968.025,962.0,970.7,37.246,46.8,24
Maitri,2014-05-15,-9.2,-11.0,-7.1,964.988,958.4,969.8,30.021,35.0,24
Maitri,2014-05-16,-6.85,-13.3,-2.9,960.4,958.2,962.4,20.829,30.7,24
Maitri,2014-05-17,-9.108,-12.4,-8.2,967.204,962.1,972.2,18.075,27.0,24
Maitri,2014-05-18,-11.925,-15.8,-8.4,973.571,972.6,974.4,14.221,24.0,24
Maitri,2014-05-19,-13.029,-16.7,-11.7,973.058,972.4,974.7,17.662,30.5,24
Maitri,2014-05-20,-12.708,-18.4,-10.3,974.988,970.7,976.6,15.6,25.8,24
Maitri,2014-05-21,-15.946,-18.5,-13.7,967.767,966.9,969.6,18.867,30.9,24
Maitri,2014-05-22,-11.5,-14.2,-9.7,973.175,968.4,976.4,24.388,28.9,24
Maitri,2014-05-23,-15.013,-20.9,-10.9,972.246,969.9,975.8,16.671,28.2,24
Maitri,2014-05-24,-22.854,-24.7,-19.6,977.358,970.9,984.6,5.654,9.9,24
Maitri,2014-05-25,-13.704,-20.9,-7.1,986.079,984.1,989.0,9.342,22.0,24
Maitri,2014-05-26,-10.183,-11.4,-9.2,992.129,989.0,994.5,11.25,17.7,24
Maitri,2014-05-27,-10.383,-12.7,-8.5,989.871,982.9,994.4,14.017,23.4,24
Maitri,2014-05-28,-8.588,-12.0,-6.3,975.879,973.6,981.8,27.196,35.1,24
Maitri,2014-05-29,-10.196,-13.8,-8.4,981.292,977.5,984.0,19.246,26.7,24
Maitri,2014-05-30,-15.712,-19.1,-13.0,983.871,982.7,984.4,8.954,17.0,24
Maitri,2014-05-31,-18.067,-20.9,-16.7,982.833,982.1,983.6,12.704,20.4,24
Maitri,2014-06-01,-17.429,-19.0,-15.7,982.621,982.0,983.5,10.546,19.2,24
Maitri,2014-06-02,-17.354,-19.8,-16.0,984.658,983.3,985.4,6.15,11.0,24
Maitri,2014-06-03,-18.875,-21.1,-15.4,981.471,980.1,984.4,10.392,21.8,24
Maitri,2014-06-04,-16.821,-19.4,-14.9,976.642,972.7,980.5,18.862,25.2,24
Maitri,2014-06-05,-14.312,-15.2,-13.5,969.767,965.6,972.9,24.296,35.2,24
Maitri,2014-06-06,-10.729,-13.2,-8.3,960.746,958.5,965.2,31.183,39.5,24
Maitri,2014-06-07,-7.771,-9.0,-6.6,960.175,958.6,961.9,24.429,34.7,24
Maitri,2014-06-08,-8.979,-11.0,-7.0,961.967,958.4,966.9,16.833,22.6,24
Maitri,2014-06-09,-11.717,-12.9,-10.7,966.267,964.2,967.7,14.925,23.2,24
Maitri,2014-06-10,-15.204,-16.6,-13.0,961.829,957.9,964.3,14.846,23.4,24
Maitri,2014-06-11,-12.7,-16.6,-8.3,950.137,944.5,957.9,33.421,41.9,24
Maitri,2014-06-12,-6.417,-7.8,-5.3,958.258,949.8,961.4,31.179,43.4,24
Maitri,2014-06-13,-11.271,-18.0,-3.4,963.162,954.2,969.6,26.579,45.8,24
Maitri,2014-06-14,-10.588,-12.0,-9.4,962.704,961.0,966.5,21.475,29.6,24
Maitri,2014-06-15,-10.317,-12.0,-9.1,968.375,966.3,969.9,28.125,35.3,24
Maitri,2014-06-16,-11.692,-16.8,-9.2,967.683,966.9,968.3,22.05,29.2,24
Maitri,2014-06-17,-18.817,-20.1,-17.2,968.017,965.6,971.5,21.963,30.8,24
Maitri,2014-06-18,-17.717,-21.6,-15.2,975.425,972.1,978.1,17.308,29.1,24
Maitri,2014-06-19,-20.6,-23.1,-18.4,978.417,976.5,979.4,6.779,16.1,24
Maitri,2014-06-20,-19.167,-21.5,-17.2,975.929,975.2,977.0,9.158,16.8,24
Maitri,2014-06-21,-21.996,-24.4,-19.0,972.521,968.7,976.7,6.742,16.4,24
Maitri,2014-06-22,-21.975,-25.7,-18.1,970.904,968.5,974.0,9.321,22.6,24
Maitri,2014-06-23,-20.446,-24.9,-14.6,973.696,972.6,975.4,12.058,30.9,24
Maitri,2014-06-24,-13.758,-16.8,-12.0,974.958,973.7,976.6,23.175,28.5,24
Maitri,2014-06-25,-13.704,-14.7,-12.5,977.875,975.3,980.4,21.071,27.5,24
Maitri,2014-06-26,-14.154,-18.4,-12.1,980.554,979.8,981.5,15.917,23.3,24
Maitri,2014-06-27,-18.888,-22.3,-16.2,977.721,975.0,979.5,8.625,19.2,24
Maitri,2014-06-28,-15.25,-17.6,-13.6,975.879,974.8,978.0,19.058,24.7,24
Maitri,2014-06-29,-13.1,-14.7,-11.3,980.762,976.6,982.4,17.333,22.1,24
Maitri,2014-06-30,-14.362,-16.8,-12.0,979.208,975.4,982.6,8.658,15.9,24
Maitri,2014-07-01,-18.037,-21.3,-14.1,970.617,968.4,975.3,6.025,10.3,24
Maitri,2014-07-02,-21.179,-23.4,-15.5,972.254,969.0,974.3,9.308,19.0,24
Maitri,2014-07-03,-15.229,-20.6,-9.8,965.637,961.8,971.9,19.463,30.1,24
Maitri,2014-07-04,-12.825,-15.1,-10.8,956.129,952.8,963.5,18.871,32.0,24
Maitri,2014-07-05,-11.975,-18.1,-9.8,967.625,956.4,974.0,16.15,27.5,24
Maitri,2014-07-06,-15.717,-19.5,-13.2,966.092,962.1,971.9,14.871,24.3,24
Maitri,2014-07-07,-13.533,-15.0,-12.5,959.729,956.0,961.9,14.646,19.6,24
Maitri,2014-07-08,-15.125,-15.6,-13.9,953.004,949.8,955.6,14.95,20.9,24
Maitri,2014-07-09,-12.675,-15.2,-10.3,946.042,942.6,950.4,20.058,25.8,24
Maitri,2014-07-10,-12.017,-14.1,-10.0,957.033,951.6,961.3,17.738,24.6,24
Maitri,2014-07-11,-13.467,-17.1,-11.7,961.029,959.8,962.9,20.062,31.0,24
Maitri,2014-07-12,-18.104,-20.8,-16.3,965.442,963.4,966.8,9.679,20.0,24
Maitri,2014-07-13,-22.042,-24.0,-20.1,969.875,965.6,974.8,9.042,17.3,24
Maitri,2014-07-14,-21.958,-23.4,-20.5,975.588,974.1,979.3,12.021,20.7,24
Maitri,2014-07-15,-21.604,-23.1,-19.6,979.121,978.2,980.1,15.058,23.0,24
Maitri,2014-07-16,-20.804,-23.5,-18.5,976.983,974.2,979.0,12.025,19.5,24
Maitri,2014-07-17,-19.4,-23.5,-14.3,973.492,971.0,975.7,11.15,22.8,24
Maitri,2014-07-18,-16.183,-17.8,-14.3,977.113,975.5,978.5,17.713,22.4,24
Maitri,2014-07-19,-16.95,-19.7,-15.8,978.579,977.1,981.2,13.942,23.7,24
Maitri,2014-07-20,-20.004,-23.9,-16.4,980.412,977.9,982.0,8.467,18.4,24
Maitri,2014-07-21,-25.338,-27.6,-23.7,975.717,973.9,977.6,9.696,21.2,24
Maitri,2014-07-22,-23.054,-24.0,-22.3,975.096,973.6,978.1,22.154,28.3,24
Maitri,2014-07-23,-23.704,-25.5,-22.0,979.833,978.1,980.9,20.804,30.7,24
Maitri,2014-07-24,-18.392,-24.6,-14.5,971.992,967.9,978.2,20.658,31.9,24
Maitri,2014-07-25,-21.029,-23.6,-16.2,966.296,963.2,968.1,17.796,27.7,24
Maitri,2014-07-26,-21.096,-22.9,-19.4,957.425,953.9,962.8,22.075,24.8,24
Maitri,2014-07-27,-23.129,-26.5,-20.3,960.483,954.3,967.4,13.271,25.7,24
Maitri,2014-07-28,-23.638,-27.4,-21.1,969.179,967.4,970.0,16.283,27.0,24
Maitri,2014-07-29,-18.662,-21.6,-17.1,971.538,968.1,976.9,18.896,26.1,24
Maitri,2014-07-30,-18.85,-21.5,-17.3,976.817,976.3,977.7,15.55,30.0,24
Maitri,2014-07-31,-11.604,-16.4,-10.2,978.517,975.8,980.6,26.05,32.3,24
Maitri,2014-08-01,-13.7,-14.6,-13.3,968.95,956.8,980.1,26.125,35.3,24
Maitri,2014-08-02,-13.233,-14.7,-11.7,955.233,952.4,961.9,29.133,39.9,24
Maitri,2014-08-03,-18.467,-22.7,-12.1,970.65,963.5,974.2,8.992,20.8,24
Maitri,2014-08-04,-21.012,-23.4,-17.5,965.383,954.4,973.6,16.15,32.0,24
Maitri,2014-08-05,-18.929,-19.4,-18.1,956.767,953.1,958.9,20.5,30.8,24
Maitri,2014-08-06,-21.667,-26.5,-18.0,960.025,958.6,961.2,12.946,29.7,24
Maitri,2014-08-07,-22.008,-24.1,-20.4,959.608,957.0,964.3,22.321,30.0,24
Maitri,2014-08-08,-21.612,-22.8,-19.8,963.438,959.8,966.1,17.333,30.9,24
Maitri,2014-08-09,-27.333,-34.0,-20.0,959.417,957.2,960.8,12.312,75.0,24
Maitri,2014-08-10,-27.946,-32.7,-23.7,958.179,956.5,962.4,12.158,22.4,24
Maitri,2014-08-11,-25.979,-28.8,-25.2,967.246,963.1,969.1,16.162,24.1,24
Maitri,2014-08-12,-23.633,-27.2,-21.0,972.85,969.2,976.8,15.125,23.5,24
Maitri,2014-08-13,-20.808,-23.6,-18.3,973.538,969.1,976.8,10.725,16.3,24
Maitri,2014-08-14,-21.967,-24.2,-20.0,968.712,967.2,970.2,10.562,23.3,24
Maitri,2014-08-15,-22.967,-25.3,-21.1,967.717,965.7,970.5,10.062,17.3,24
Maitri,2014-08-16,-25.454,-28.5,-22.7,971.146,967.4,972.9,10.271,17.8,24
Maitri,2014-08-17,-28.983,-31.4,-26.3,967.029,962.8,972.0,6.708,13.5,24
Maitri,2014-08-18,-25.358,-29.1,-23.5,967.363,962.5,974.9,12.196,17.9,24
Maitri,2014-08-19,-22.608,-27.1,-19.2,980.988,975.6,984.9,16.054,27.3,24
Maitri,2014-08-20,-15.042,-18.4,-13.6,979.65,977.3,983.5,27.975,32.5,24
Maitri,2014-08-21,-14.921,-17.7,-11.6,982.229,978.9,985.1,13.554,35.9,24
Maitri,2014-08-22,-10.612,-13.1,-9.8,979.871,977.8,984.6,34.112,42.6,24
Maitri,2014-08-23,-11.592,-13.8,-7.8,992.592,984.8,996.7,9.592,22.5,24
Maitri,2014-08-24,-6.8,-8.2,-5.8,988.096,982.6,994.5,31.679,42.7,24
Maitri,2014-08-25,-7.525,-9.5,-6.5,976.746,968.1,986.5,29.488,54.1,24
Maitri,2014-08-26,-10.542,-11.3,-9.5,991.667,982.7,997.1,4.5,4.5,24
Maitri,2014-08-27,-7.271,-9.1,-6.2,976.35,971.6,985.9,4.5,4.5,24
Maitri,2014-08-28,-9.125,-10.5,-7.2,969.683,966.0,976.1,4.5,4.5,24
Maitri,2014-08-29,-10.308,-11.4,-9.5,970.408,967.0,976.2,4.5,4.5,24
Maitri,2014-08-30,-12.55,-13.4,-11.5,968.029,967.3,969.1,4.5,4.5,24
Maitri,2014-08-31,-12.267,-14.2,-10.8,971.442,967.6,977.4,4.5,4.5,24
Maitri,2014-09-01,-16.812,-18.6,-14.8,982.55,978.4,984.8,4.454,4.5,24
Maitri,2014-09-02,-15.067,-17.3,-14.0,970.017,963.9,981.2,18.867,40.7,24
Maitri,2014-09-03,-11.562,-14.1,-9.2,962.908,962.0,964.2,40.912,50.8,24
Maitri,2014-09-04,-11.333,-14.8,-9.0,961.217,959.2,963.0,15.829,29.7,24
Maitri,2014-09-05,-13.521,-15.4,-11.8,965.308,963.4,967.1,23.938,29.8,24
Maitri,2014-09-06,-14.95,-16.2,-13.0,961.342,959.6,963.2,24.892,29.9,24
Maitri,2014-09-07,-10.1,-15.4,-8.0,958.387,957.6,959.6,24.496,28.5,24
Maitri,2014-09-08,-9.492,-10.6,-8.4,965.558,960.6,968.2,26.787,34.3,24
Maitri,2014-09-09,-9.129,-11.4,-6.0,964.604,958.1,972.0,28.862,43.0,24
Maitri,2014-09-10,-10.454,-11.0,-10.0,974.325,972.4,975.7,20.046,24.6,24
Maitri,2014-09-11,-8.683,-9.7,-7.5,974.3,973.4,975.1,26.367,35.4,24
Maitri,2014-09-12,-14.629,-21.2,-9.9,978.092,974.5,983.1,16.696,23.8,24
Maitri,2014-09-13,-20.483,-22.5,-18.5,986.625,983.4,989.8,13.279,21.5,24
Maitri,2014-09-14,-23.213,-26.0,-17.9,987.338,985.5,989.3,9.333,18.7,24
Maitri,2014-09-15,-22.208,-26.8,-17.9,983.892,982.8,985.4,10.65,25.6,24
Maitri,2014-09-16,-21.8,-24.5,-17.3,985.738,984.9,986.8,9.475,22.5,24
Maitri,2014-09-17,-22.475,-25.5,-18.1,980.167,976.0,984.3,12.042,23.4,24
Maitri,2014-09-18,-21.312,-24.8,-16.8,976.438,974.1,981.1,11.188,23.8,24
Maitri,2014-09-19,-18.025,-26.6,-14.4,983.675,981.6,984.8,16.546,24.4,24
Maitri,2014-09-20,-13.517,-16.1,-11.4,980.592,977.2,983.2,22.9,27.3,24
Maitri,2014-09-21,-12.062,-13.6,-10.5,974.0,972.3,976.8,22.262,26.9,24
Maitri,2014-09-22,-12.892,-18.2,-10.0,971.75,970.6,972.9,16.883,24.5,24
Maitri,2014-09-23,-17.296,-20.5,-14.0,972.475,970.5,973.6,15.167,32.1,24
Maitri,2014-09-24,-13.392,-16.6,-10.7,969.863,966.1,973.1,21.521,33.3,24
Maitri,2014-09-25,-13.854,-17.2,-10.0,966.188,965.1,968.6,20.508,26.8,24
Maitri,2014-09-26,-16.629,-19.8,-12.3,969.842,968.6,971.0,14.2,26.6,24
Maitri,2014-09-27,-17.908,-22.0,-15.1,978.604,971.3,984.1,10.558,25.1,24
Maitri,2014-09-28,-14.908,-22.0,-8.6,982.137,977.8,985.1,11.338,33.9,24
Maitri,2014-09-29,-14.454,-16.4,-10.9,976.508,973.8,980.3,12.696,22.7,24
Maitri,2014-09-30,-14.004,-17.2,-10.9,971.029,968.5,973.8,14.896,22.9,24
Maitri,2014-10-01,-15.65,-18.1,-13.9,967.521,966.6,969.1,16.921,23.6,24
Maitri,2014-10-02,-15.9,-17.4,-14.8,971.912,967.7,974.5,26.717,35.1,24
Maitri,2014-10-03,-14.804,-15.7,-14.2,971.113,969.0,974.2,21.708,29.1,24
Maitri,2014-10-04,-14.737,-16.6,-13.6,964.988,964.1,968.6,18.692,25.1,24
Maitri,2014-10-05,-17.125,-20.6,-12.8,963.392,962.6,964.1,9.554,17.5,24
Maitri,2014-10-06,-16.571,-20.8,-12.4,962.571,960.1,963.8,10.583,20.0,24
Maitri,2014-10-07,-16.6,-18.1,-15.0,956.929,955.0,959.8,14.033,19.9,24
Maitri,2014-10-08,-17.258,-19.6,-14.1,957.575,955.1,960.6,14.533,20.8,24
Maitri,2014-10-09,-19.488,-23.7,-15.7,964.433,961.0,966.6,10.683,18.5,24
Maitri,2014-10-10,-19.179,-21.5,-16.4,966.779,966.1,967.8,14.946,19.5,24
Maitri,2014-10-11,-18.287,-20.8,-16.3,961.829,958.6,967.0,16.15,24.1,24
Maitri,2014-10-12,-16.592,-20.6,-14.1,957.021,955.2,960.2,17.279,26.7,24
Maitri,2014-10-13,-18.938,-23.7,-15.2,957.158,956.1,959.1,10.471,16.7,24
Maitri,2014-10-14,-20.679,-25.2,-15.8,965.992,959.5,971.4,6.888,13.8,24
Maitri,2014-10-15,-19.062,-23.5,-13.9,975.7,971.2,978.0,8.075,17.9,24
Maitri,2014-10-16,-18.179,-24.2,-10.9,973.196,968.8,977.7,7.721,13.3,24
Maitri,2014-10-17,-12.362,-15.8,-9.6,965.254,963.9,967.8,20.404,27.8,24
Maitri,2014-10-18,-10.229,-13.7,-7.3,965.65,964.4,967.8,17.725,26.3,24
Maitri,2014-10-19,-10.538,-14.1,-5.5,972.233,968.2,973.9,19.162,26.4,24
Maitri,2014-10-20,-10.804,-14.5,-5.9,972.754,970.2,974.4,14.7,25.2,24
Maitri,2014-10-21,-11.721,-13.9,-9.5,969.342,968.5,969.9,14.771,22.2,24
Maitri,2014-10-22,-11.704,-14.3,-8.2,966.462,964.7,968.9,15.054,24.5,24
Maitri,2014-10-23,-12.704,-15.1,-9.4,968.15,965.6,969.7,17.296,26.6,24
Maitri,2014-10-24,-12.954,-15.3,-10.4,972.387,970.0,976.6,16.725,26.2,24
Maitri,2014-10-25,-12.008,-15.8,-8.5,979.079,977.2,980.1,15.904,26.6,24
Maitri,2014-10-26,-12.975,-14.4,-11.9,980.137,978.4,982.4,23.529,29.5,24
Maitri,2014-10-27,-11.271,-14.5,-8.5,981.533,978.5,983.5,19.171,25.8,24
Maitri,2014-10-28,-8.25,-11.2,-4.9,976.542,975.6,978.1,16.729,26.0,24
Maitri,2014-10-29,-7.429,-9.7,-5.6,976.45,973.2,978.4,31.888,45.0,24
Maitri,2014-10-30,-6.883,-7.7,-6.1,965.637,962.8,971.1,38.95,52.4,24
Maitri,2014-10-31,-6.646,-7.0,-6.1,968.55,965.6,970.5,29.283,38.4,24
Maitri,2014-11-01,-6.55,-7.8,-5.7,961.721,957.7,968.7,31.171,39.1,24
Maitri,2014-11-02,-5.758,-6.2,-5.3,959.792,956.8,962.3,29.254,35.1,24
Maitri,2014-11-03,-4.979,-5.7,-4.4,954.942,951.0,961.0,34.304,44.4,24
Maitri,2014-11-04,-5.858,-7.5,-4.9,959.342,950.0,965.5,28.196,39.0,24
Maitri,2014-11-05,-7.112,-8.0,-5.8,967.279,965.5,970.0,20.175,23.2,24
Maitri,2014-11-06,-7.567,-9.5,-6.1,974.196,970.8,976.2,19.738,27.0,24
Maitri,2014-11-07,-8.404,-10.6,-7.0,965.412,962.6,971.6,30.662,37.1,24
Maitri,2014-11-08,-6.792,-8.6,-5.0,969.417,964.7,973.4,16.067,21.8,24
Maitri,2014-11-09,-5.958,-8.5,-3.5,975.467,973.6,976.2,15.612,21.5,24
Maitri,2014-11-10,-5.896,-8.1,-4.0,971.517,967.4,975.1,21.983,31.9,24
Maitri,2014-11-11,-6.433,-8.9,-4.9,965.508,964.3,968.1,33.542,41.7,24
Maitri,2014-11-12,-4.271,-8.0,-1.2,970.746,968.6,971.6,18.662,32.5,24
Maitri,2014-11-13,-8.638,-14.4,-4.7,962.412,955.3,969.6,9.679,14.4,24
Maitri,2014-11-14,-9.546,-16.2,-4.4,959.575,955.5,963.1,13.421,24.2,24
Maitri,2014-11-15,-8.45,-11.3,-4.1,968.95,963.2,973.6,9.25,12.6,24
Maitri,2014-11-16,-8.308,-12.5,-5.1,970.838,962.0,974.6,10.462,30.4,24
Maitri,2014-11-17,-6.554,-7.7,-5.5,956.312,954.2,961.6,27.921,35.1,24
Maitri,2014-11-18,-4.925,-7.1,-2.9,961.396,956.0,966.4,28.642,34.5,24
Maitri,2014-11-19,-2.675,-5.3,0.7,971.508,967.3,973.6,22.733,33.2,24
Maitri,2014-11-20,-4.283,-7.5,-0.4,972.479,972.0,973.1,17.312,26.4,24
Maitri,2014-11-21,-5.225,-7.7,-3.1,976.121,972.9,978.9,20.621,24.4,24
Maitri,2014-11-22,-4.475,-7.8,-1.0,979.262,978.5,979.8,18.496,26.1,24
Maitri,2014-11-23,-3.85,-6.7,-0.2,975.383,971.4,979.0,13.667,19.0,24
Maitri,2014-11-24,-5.188,-8.1,-0.8,971.592,970.4,973.0,14.121,22.4,24
Maitri,2014-11-25,-5.758,-7.9,-3.6,971.558,970.4,973.1,14.0,18.0,24
Maitri,2014-11-26,-5.675,-9.0,-1.7,976.5,972.4,980.2,12.358,18.2,24
Maitri,2014-11-27,-5.967,-8.9,-2.3,982.8,980.4,984.7,9.592,14.0,24
Maitri,2014-11-28,-6.254,-9.5,-2.7,982.142,980.0,984.6,8.833,14.3,24
Maitri,2014-11-29,-5.821,-10.2,-0.9,978.117,976.3,979.6,10.604,18.6,24
Maitri,2014-11-30,-3.137,-6.8,-0.6,970.308,964.4,975.9,17.042,22.6,24
Maitri,2014-12-01,-1.158,-3.8,4.1,961.975,959.5,964.1,15.333,19.7,12
Maitri,2015-01-01,0.742,-1.6,3.7,971.646,969.1,972.5,10.483,16.1,24
Maitri,2015-01-02,-0.642,-2.0,1.3,967.038,966.3,968.8,10.254,12.7,24
Maitri,2015-01-03,-0.854,-2.7,1.2,972.404,967.3,977.9,8.642,12.0,24
Maitri,2015-01-04,-1.312,-2.7,0.5,979.783,978.2,980.7,10.108,13.8,24
Maitri,2015-01-05,-1.25,-2.5,1.6,977.904,975.0,980.6,10.15,13.7,24
Maitri,2015-01-06,-1.479,-3.1,1.1,975.192,974.3,976.4,10.25,13.9,24
Maitri,2015-01-07,-1.554,-3.8,0.1,977.408,976.4,977.9,15.583,19.6,24
Maitri,2015-01-08,-1.696,-4.4,1.0,972.392,966.8,976.9,10.858,17.1,24
Maitri,2015-01-09,-1.954,-5.6,0.9,965.267,964.7,966.6,9.25,21.8,24
Maitri,2015-01-10,-0.862,-3.9,1.5,967.925,966.4,969.8,9.254,18.0,24
Maitri,2015-01-11,-0.617,-4.2,3.1,971.933,968.7,976.5,13.158,23.0,24
Maitri,2015-01-12,0.279,-3.4,4.1,962.642,957.4,977.5,12.967,22.6,24
Maitri,2015-01-13,0.358,-3.0,3.6,971.387,969.9,973.3,13.908,22.7,24
Maitri,2015-01-14,-0.758,-3.1,2.1,975.767,973.5,977.6,10.704,13.8,24
Maitri,2015-01-15,-1.179,-4.0,1.9,979.562,978.0,981.7,12.054,16.7,24
Maitri,2015-01-16,1.167,-2.0,3.1,975.875,961.9,981.3,17.054,23.8,24
Maitri,2015-01-17,1.596,0.0,3.4,953.688,947.5,963.3,20.733,35.9,24
Maitri,2015-01-18,3.196,0.8,6.6,973.712,964.5,978.5,14.892,21.0,24
Maitri,2015-01-19,-1.025,-2.6,0.4,975.404,969.9,978.4,21.279,27.0,24
Maitri,2015-01-20,-1.271,-3.1,0.7,965.75,962.5,969.2,17.062,21.9,24
Maitri,2015-01-21,0.5,-0.6,2.2,965.808,962.4,969.2,21.858,27.6,24
Maitri,2015-01-22,-0.279,-1.4,1.1,970.275,969.1,971.1,22.567,32.5,24
Maitri,2015-01-23,-0.304,-5.6,2.9,969.267,966.4,971.1,15.958,23.9,24
Maitri,2015-01-24,0.054,-6.2,4.2,965.429,964.4,966.6,14.033,21.9,24
Maitri,2015-01-25,-1.438,-4.9,0.5,968.525,964.3,971.1,17.142,24.4,24
Maitri,2015-01-26,-1.804,-4.9,1.4,972.75,971.0,974.0,13.638,20.0,24
Maitri,2015-01-27,-2.637,-5.3,0.3,971.238,969.2,973.9,10.175,16.2,24
Maitri,2015-01-28,-2.488,-8.0,2.0,970.808,969.0,973.3,9.338,17.4,24
Maitri,2015-01-29,-5.8,-8.2,-4.2,975.462,973.8,976.5,10.725,15.0,24
Maitri,2015-01-30,-3.771,-5.0,-2.6,974.246,973.9,975.2,8.983,12.7,24
Maitri,2015-01-31,-3.871,-5.2,-1.8,973.971,971.0,975.8,11.704,16.6,24
Maitri,2015-02-01,-4.0,-6.2,-2.2,967.383,965.6,970.8,8.129,11.8,24
Maitri,2015-02-02,-3.504,-7.6,0.8,968.808,967.5,969.5,10.704,16.1,24
Maitri,2015-02-03,-1.154,-5.6,3.1,967.871,967.4,968.8,14.979,23.7,24
Maitri,2015-02-04,-2.538,-6.7,0.8,973.708,968.8,975.8,14.021,26.1,24
Maitri,2015-02-05,-2.962,-7.1,1.4,973.771,970.0,975.9,13.504,20.7,24
Maitri,2015-02-06,-4.017,-7.9,-2.0,969.067,968.1,970.2,15.892,25.0,24
Maitri,2015-02-07,-2.538,-4.4,-0.4,975.596,970.3,980.1,19.762,25.5,24
Maitri,2015-02-08,-1.296,-5.2,1.4,978.179,973.5,980.2,16.096,21.5,24
Maitri,2015-02-09,-3.512,-6.4,0.3,966.908,963.6,972.9,11.825,22.9,24
Maitri,2015-02-10,-3.896,-6.3,-1.1,965.617,962.7,968.8,19.654,35.0,24
Maitri,2015-02-11,-4.717,-8.0,-1.1,970.179,969.0,971.5,12.133,27.1,24
Maitri,2015-02-12,-0.958,-2.9,0.9,958.379,956.4,962.6,25.308,29.9,24
Maitri,2015-02-13,-4.062,-7.8,-1.6,965.454,962.7,968.7,17.721,26.9,24
Maitri,2015-02-14,-5.758,-9.7,-1.2,972.538,969.0,974.4,10.854,22.4,24
Maitri,2015-02-15,-4.438,-5.8,-3.5,965.471,958.4,972.9,31.725,43.7,24
Maitri,2015-02-16,-4.025,-5.1,-2.8,961.271,957.9,964.0,32.825,46.0,24
Maitri,2015-02-17,-3.692,-5.8,-0.7,962.688,961.4,964.0,17.379,27.7,24
Maitri,2015-02-18,-4.529,-7.4,-1.4,960.962,960.1,961.7,17.713,27.6,24
Maitri,2015-02-19,-4.758,-7.3,-1.6,964.325,961.7,967.3,13.829,22.6,24
Maitri,2015-02-20,-6.029,-7.6,-4.0,968.933,967.6,970.2,15.883,20.7,24
Maitri,2015-02-21,-5.142,-6.8,-3.7,958.708,950.0,967.2,26.029,34.1,24
Maitri,2015-02-22,-2.462,-5.1,0.0,944.296,939.8,949.0,35.708,44.7,24
Maitri,2015-02-23,0.471,-3.1,2.8,935.721,934.7,938.0,33.125,39.7,24
Maitri,2015-02-24,0.846,-1.0,2.1,946.9,936.7,962.2,30.046,44.8,24
Maitri,2015-02-25,0.333,-1.8,3.1,964.588,961.6,967.3,21.729,33.2,24
Maitri,2015-02-26,-3.258,-7.2,0.6,961.471,960.5,964.0,13.667,25.1,24
Maitri,2015-02-27,-5.879,-8.3,-3.7,965.883,964.4,969.4,21.083,29.1,24
Maitri,2015-02-28,-5.638,-9.0,-1.5,971.7,969.6,974.3,13.383,29.7,24
Maitri,2015-03-01,-4.25,-6.8,-1.4,973.233,967.2,978.4,20.292,31.0,24
Maitri,2015-03-02,-6.163,-6.8,-5.4,966.542,965.9,967.5,32.125,38.8,24
Maitri,2015-03-03,-4.917,-6.1,-4.0,968.758,967.0,970.2,27.683,40.1,24
Maitri,2015-03-04,-3.938,-5.6,-2.9,964.367,960.3,969.4,16.412,25.2,24
Maitri,2015-03-05,-4.417,-5.6,-3.0,961.712,960.0,964.6,19.262,26.5,24
Maitri,2015-03-06,-7.258,-11.1,-2.8,965.517,964.9,966.1,15.208,20.1,24
Maitri,2015-03-07,-7.829,-11.1,-4.4,971.483,966.1,976.7,13.062,22.1,24
Maitri,2015-03-08,-4.192,-6.8,-2.3,972.679,962.8,976.7,17.825,23.9,24
Maitri,2015-03-09,-2.692,-4.4,0.3,955.379,952.0,961.4,19.662,25.0,24
Maitri,2015-03-10,-3.496,-5.2,-1.5,966.017,960.0,975.6,21.729,63.3,24
Maitri,2015-03-11,-5.446,-8.7,-0.4,965.412,963.6,968.8,13.192,22.9,24
Maitri,2015-03-12,-2.592,-3.7,-1.8,964.129,962.6,969.6,25.346,30.2,24
Maitri,2015-03-13,-8.054,-11.5,-4.4,969.412,968.6,970.7,17.996,24.2,24
Maitri,2015-03-14,-8.908,-10.5,-6.1,971.892,970.3,973.0,18.883,23.8,24
Maitri,2015-03-15,-10.783,-15.4,-6.1,969.538,968.6,971.8,6.333,16.5,24
Maitri,2015-03-16,-9.862,-11.8,-7.5,971.117,969.6,974.6,7.567,14.2,24
Maitri,2015-03-17,-10.679,-13.0,-7.2,971.629,967.9,975.1,7.45,12.6,24
Maitri,2015-03-18,-10.592,-13.0,-7.9,965.538,964.5,967.5,18.725,30.3,24
Maitri,2015-03-19,-8.612,-9.9,-8.0,967.15,965.8,968.7,24.758,29.7,24
Maitri,2015-03-20,-7.833,-9.5,-6.7,961.083,956.9,965.3,26.662,29.8,24
Maitri,2015-03-21,-10.538,-14.6,-6.9,958.15,956.5,961.1,11.996,24.9,24
Maitri,2015-03-22,-13.746,-16.2,-10.2,966.058,961.6,969.9,11.962,24.9,24
Maitri,2015-03-23,-11.638,-13.2,-9.3,965.833,959.5,970.6,11.088,16.6,24
Maitri,2015-03-24,-11.938,-12.9,-11.3,953.133,950.2,958.7,11.717,20.0,24
Maitri,2015-03-25,-11.721,-13.3,-10.1,949.346,947.9,950.2,18.975,26.2,24
Maitri,2015-03-26,-8.775,-11.3,-6.0,952.338,949.9,955.6,32.417,42.6,24
Maitri,2015-03-27,-10.533,-16.4,-4.9,959.6,955.7,962.0,12.796,32.8,24
Maitri,2015-03-28,-12.992,-15.0,-10.1,961.958,961.3,962.6,11.742,24.5,24
Maitri,2015-03-29,-8.612,-10.3,-7.3,961.183,959.4,962.4,26.463,32.2,24
Maitri,2015-03-30,-8.017,-9.3,-6.5,961.121,959.2,962.6,30.096,36.7,24
Maitri,2015-03-31,-8.74,-11.3,-7.0,961.62,961.0,962.3,24.953,28.6,15
Maitri,2015-04-01,-10.98,-12.4,-9.4,957.467,956.9,958.5,24.173,26.8,15
Maitri,2015-04-02,-10.117,-12.7,-7.9,957.542,955.7,960.8,20.883,25.5,24
Maitri,2015-04-03,-8.254,-11.2,-5.8,971.342,961.9,977.9,20.858,26.2,24
Maitri,2015-04-04,-7.642,-12.0,-4.5,978.783,977.6,980.3,22.688,35.5,24
Maitri,2015-04-05,-6.488,-10.1,-4.0,972.762,969.1,978.6,14.583,28.5,24
Maitri,2015-04-06,-7.617,-12.5,-3.4,965.792,963.5,969.6,10.229,22.6,24
Maitri,2015-04-07,-15.096,-19.3,-12.2,962.621,961.4,963.9,9.258,17.7,24
Maitri,2015-04-08,-17.633,-19.8,-13.8,968.192,962.8,975.3,33.817,63.2,24
Maitri,2015-04-09,-14.342,-18.0,-11.5,964.8,963.2,968.5,29.258,63.2,24
Maitri,2015-04-10,-6.133,-7.4,-5.1,970.625,965.9,973.8,55.825,68.4,24
Maitri,2015-04-11,-9.263,-10.9,-7.3,971.429,958.7,978.3,40.396,64.1,24
Maitri,2015-04-12,-2.775,-3.6,-1.9,959.846,957.3,962.3,25.475,31.9,24
Maitri,2015-04-13,-15.412,-17.4,-13.4,973.754,969.4,977.0,9.271,17.4,24
Maitri,2015-04-14,-14.088,-15.1,-12.7,973.267,968.2,976.4,10.779,21.5,24
Maitri,2015-04-15,-14.442,-17.6,-9.7,959.679,955.7,967.0,6.654,18.3,24
Maitri,2015-04-16,-16.533,-20.3,-13.1,960.421,958.2,963.1,11.042,28.4,24
Maitri,2015-04-17,-12.996,-16.2,-11.2,963.571,958.7,967.7,14.271,30.9,24
Maitri,2015-04-18,-14.875,-17.9,-12.4,964.804,963.9,967.3,10.583,15.7,24
Maitri,2015-04-19,-10.354,-12.4,-9.2,964.671,962.9,967.6,16.25,21.3,24
Maitri,2015-04-20,-11.904,-14.6,-9.4,970.258,967.3,973.9,17.054,27.4,24
Maitri,2015-04-21,-10.917,-14.2,-8.5,971.929,968.5,974.0,24.825,33.0,24
Maitri,2015-04-22,-11.108,-12.3,-10.2,965.667,963.6,968.1,26.379,33.9,24
Maitri,2015-04-23,-12.017,-12.7,-10.7,966.096,964.9,969.8,21.208,27.7,24
Maitri,2015-04-24,-10.196,-11.2,-9.5,975.137,970.5,977.4,21.292,28.2,24
Maitri,2015-04-25,-10.45,-11.4,-8.4,972.683,962.9,976.1,28.612,40.6,24
Maitri,2015-04-26,-6.667,-8.3,-5.7,954.738,951.9,962.6,41.175,50.5,24
Maitri,2015-04-27,-5.929,-6.8,-4.2,958.204,954.8,960.8,40.5,48.6,24
Maitri,2015-04-28,-7.258,-10.7,-4.9,964.35,960.6,968.6,26.808,42.7,24
Maitri,2015-04-29,-12.804,-15.1,-10.6,968.717,966.6,969.7,12.55,25.7,24
Maitri,2015-04-30,-15.021,-16.5,-13.2,965.471,964.4,966.7,7.575,15.6,24
Maitri,2015-05-01,-17.38,-18.5,-16.1,951.527,944.1,959.0,17.927,23.6,15
Maitri,2015-05-02,-19.496,-23.5,-16.1,944.308,937.7,954.7,12.408,24.3,24
Maitri,2015-05-03,-15.192,-17.0,-14.2,954.938,953.3,957.0,23.525,29.8,24
Maitri,2015-05-04,-12.812,-14.1,-12.0,959.9,953.7,968.6,28.537,35.0,24
Maitri,2015-05-05,-9.188,-11.6,-6.5,969.85,966.3,971.8,32.621,36.6,24
Maitri,2015-05-06,-4.837,-6.4,-3.3,959.325,956.5,965.7,35.896,46.1,24
Maitri,2015-05-07,-6.942,-7.7,-6.1,962.908,957.9,968.7,28.158,36.5,24
Maitri,2015-05-08,-7.392,-9.2,-6.8,973.525,969.0,976.4,20.017,32.0,24
Maitri,2015-05-09,-13.783,-16.7,-9.3,976.071,975.7,976.4,8.008,16.5,24
Maitri,2015-05-10,-7.762,-9.0,-7.0,976.442,975.5,978.5,59.667,64.1,24
Maitri,2015-05-11,-8.425,-10.9,-6.6,948.879,942.2,972.2,49.188,68.3,24
Maitri,2015-05-12,-0.825,-2.7,1.1,950.892,946.0,956.8,22.4,27.1,24
Maitri,2015-05-13,-11.229,-14.0,-9.7,961.879,958.1,965.6,20.854,28.1,24
Maitri,2015-05-14,-16.046,-18.3,-14.0,958.692,955.0,963.3,18.117,26.3,24
Maitri,2015-05-15,-14.521,-15.8,-12.8,969.846,963.7,974.7,20.283,25.7,24
Maitri,2015-05-16,-16.096,-20.1,-11.7,976.925,974.9,978.0,11.804,23.6,24
Maitri,2015-05-17,-16.875,-21.7,-10.9,968.254,965.6,974.3,9.742,28.3,24
Maitri,2015-05-18,-10.767,-12.1,-10.2,970.525,967.0,973.6,20.071,27.6,24
Maitri,2015-05-19,-10.038,-13.9,-6.5,968.662,963.2,973.2,16.896,26.8,24
Maitri,2015-05-20,-7.458,-9.0,-6.1,960.517,957.9,963.9,31.812,45.3,24
Maitri,2015-05-21,-10.796,-12.0,-9.1,967.304,962.2,970.5,20.963,27.1,24
Maitri,2015-05-22,-13.008,-15.5,-10.9,968.021,966.3,969.8,13.804,26.7,24
Maitri,2015-05-23,-16.408,-20.7,-14.3,967.262,965.6,969.6,10.571,17.5,24
Maitri,2015-05-24,-21.154,-23.8,-17.2,965.083,962.5,968.6,7.612,13.9,24
Maitri,2015-05-25,-17.862,-21.6,-11.5,968.204,965.1,969.7,15.167,27.4,24
Maitri,2015-05-26,-12.508,-15.8,-10.5,969.467,968.0,970.7,19.983,32.5,24
Maitri,2015-05-27,-14.729,-16.9,-12.9,970.567,968.8,973.7,14.758,21.8,24
Maitri,2015-05-28,-14.783,-15.7,-13.9,974.042,971.0,975.0,12.783,24.6,24
Maitri,2015-05-29,-11.642,-14.3,-7.3,964.408,961.5,970.4,26.958,35.5,24
Maitri,2015-05-30,-8.35,-10.1,-6.2,968.833,963.2,973.6,17.662,26.1,24
Maitri,2015-05-31,-9.892,-10.6,-8.8,971.887,967.5,974.3,15.258,22.6,24
Maitri,2015-06-06,-10.896,-13.2,-9.5,966.029,962.7,972.4,30.483,39.9,24
Maitri,2015-06-07,-17.896,-21.5,-15.6,950.679,946.3,961.6,24.483,36.0,24
Maitri,2015-06-08,-25.8,-28.9,-23.4,987.038,982.7,989.3,60.3,66.6,24
Maitri,2015-06-09,-18.004,-19.2,-16.3,957.717,956.7,958.5,61.121,64.3,24
Maitri,2015-06-10,-7.208,-10.1,-5.2,976.092,974.1,978.5,61.008,67.9,24
Maitri,2015-06-11,-6.862,-8.2,-5.6,964.188,961.4,968.4,61.104,68.4,24
Maitri,2015-06-12,0.0,-2.9,1.9,948.863,945.3,954.9,24.55,30.6,24
Maitri,2015-06-13,-14.925,-18.1,-10.9,983.971,981.1,986.1,13.292,30.0,24
Maitri,2015-06-14,-14.542,-20.4,-10.9,980.175,977.3,983.4,22.246,29.7,24
Maitri,2015-06-15,-19.067,-20.2,-17.1,983.421,980.9,985.1,22.787,27.8,24
Maitri,2015-06-16,-15.992,-17.2,-14.0,983.221,981.8,985.5,21.092,24.7,24
Maitri,2015-06-17,-12.388,-13.8,-11.7,978.175,975.1,982.0,28.492,39.7,24
Maitri,2015-06-18,-11.158,-12.2,-10.5,976.146,974.3,977.4,26.963,32.5,24
Maitri,2015-06-19,-8.492,-11.2,-7.2,969.096,966.6,974.3,34.996,41.6,24
Maitri,2015-06-20,-10.792,-17.1,-7.0,964.546,960.1,967.9,20.925,34.1,24
Maitri,2015-06-21,-16.992,-18.6,-15.1,961.021,959.0,964.6,19.033,25.9,24
Maitri,2015-06-22,-14.475,-17.8,-13.2,967.292,965.0,969.5,20.617,27.4,24
Maitri,2015-06-23,-19.154,-21.4,-17.8,969.308,968.4,970.8,19.375,27.3,24
Maitri,2015-06-24,-19.529,-23.9,-16.8,969.017,966.9,970.3,11.737,21.1,24
Maitri,2015-06-25,-15.792,-17.4,-14.6,964.304,962.8,967.0,21.983,29.8,24
Maitri,2015-06-26,-13.833,-15.1,-11.6,961.479,957.1,964.2,22.475,27.3,24
Maitri,2015-06-27,-10.171,-12.6,-7.5,955.946,954.5,958.5,22.921,28.8,24
Maitri,2015-06-28,-7.783,-9.6,-6.8,965.154,959.0,970.9,20.133,25.5,24
Maitri,2015-06-29,-9.671,-13.9,-7.7,972.846,970.9,974.1,15.812,25.1,24
Maitri,2015-06-30,-13.646,-15.6,-11.5,971.408,969.1,973.8,13.688,23.7,24
Maitri,2015-07-06,-12.133,-13.4,-10.1,967.625,965.0,970.4,26.504,34.4,24
Maitri,2015-07-07,-16.758,-18.0,-15.6,946.154,944.4,948.6,12.408,21.5,24
Maitri,2015-07-08,-26.117,-29.0,-19.8,971.529,962.9,981.3,61.842,70.3,24
Maitri,2015-07-09,-15.254,-18.7,-13.5,958.088,957.4,959.6,61.367,71.1,24
Maitri,2015-07-10,-4.096,-7.9,-1.2,972.629,969.3,976.7,61.983,70.6,24
Maitri,2015-07-11,-5.538,-8.7,-2.6,973.171,969.2,975.5,61.254,78.6,24
Maitri,2015-07-12,0.846,-2.8,4.3,958.262,955.2,960.6,14.288,26.4,24
Maitri,2015-07-13,-24.775,-26.9,-20.7,968.567,964.7,970.9,7.617,13.1,24
Maitri,2015-07-14,-23.417,-26.5,-20.9,967.392,965.8,969.9,9.933,16.4,24
Maitri,2015-07-15,-25.667,-26.9,-24.6,968.796,965.3,970.5,13.654,22.2,24
Maitri,2015-07-16,-22.629,-26.1,-18.5,962.962,960.3,964.8,29.696,36.8,24
Maitri,2015-07-17,-15.021,-17.9,-13.0,953.229,944.6,959.9,25.954,31.8,24
Maitri,2015-07-18,-9.646,-15.8,-7.2,944.221,942.8,945.4,20.158,33.3,24
Maitri,2015-07-19,-10.533,-11.9,-7.2,956.571,944.8,964.1,23.954,30.7,24
Maitri,2015-07-20,-16.833,-23.3,-12.2,960.504,957.6,964.1,15.604,30.4,24
Maitri,2015-07-21,-19.479,-23.8,-14.3,960.854,957.3,963.8,13.375,29.0,24
Maitri,2015-07-22,-12.354,-14.3,-10.3,950.192,946.3,955.8,32.046,39.9,24
Maitri,2015-07-23,-11.704,-18.0,-8.5,955.608,949.9,962.6,21.217,34.6,24
Maitri,2015-07-24,-17.304,-20.2,-15.7,962.65,960.6,966.4,13.288,21.1,24
Maitri,2015-07-25,-14.904,-17.4,-13.6,958.046,948.0,966.7,32.704,62.6,24
Maitri,2015-07-26,-17.596,-21.2,-14.0,954.033,947.9,960.8,61.158,66.4,24
Maitri,2015-07-27,-18.504,-19.9,-16.3,954.696,943.6,961.1,60.908,63.9,24
Maitri,2015-07-28,-17.371,-21.3,-13.5,949.246,940.6,958.1,60.904,63.9,24
Maitri,2015-07-29,-11.588,-15.1,-7.7,949.146,944.8,955.8,61.654,63.9,24
Maitri,2015-07-30,-10.267,-12.5,-8.6,954.829,950.4,958.9,61.846,64.1,24
Maitri,2015-07-31,-11.571,-12.7,-9.8,962.7,959.1,966.2,58.892,63.9,24
Maitri,2015-08-06,-13.862,-20.2,-12.3,968.275,965.7,970.3,15.933,23.9,24
Maitri,2015-08-07,-19.4,-21.1,-17.3,947.35,945.6,950.3,13.975,24.4,24
Maitri,2015-08-08,-23.617,-26.1,-21.2,964.496,961.7,968.8,61.042,63.9,24
Maitri,2015-08-09,-13.117,-14.5,-11.0,963.383,959.9,965.6,61.971,67.7,24
Maitri,2015-08-10,-5.504,-6.5,-4.4,974.092,972.2,975.1,58.417,63.9,24
Maitri,2015-08-11,-6.908,-7.9,-6.3,966.887,961.8,973.2,60.571,63.9,24
Maitri,2015-08-12,-0.583,-3.0,3.0,962.892,960.9,964.6,12.921,19.7,24
Maitri,2015-08-13,-14.812,-16.4,-13.3,956.067,951.1,960.9,62.475,70.7,24
Maitri,2015-08-14,-14.962,-16.7,-13.1,951.783,948.5,953.6,61.058,64.5,24
Maitri,2015-08-15,-15.158,-17.3,-13.7,951.796,948.0,958.4,61.346,65.3,24
Maitri,2015-08-16,-17.342,-18.1,-16.7,959.562,957.5,961.1,59.225,66.9,24
Maitri,2015-08-17,-16.321,-17.5,-14.9,956.625,955.7,957.6,61.0,63.9,24
Maitri,2015-08-18,-14.217,-14.8,-13.6,956.421,955.7,957.8,61.167,63.9,24
Maitri,2015-08-19,-10.533,-13.7,-8.5,949.092,943.4,955.9,60.583,67.6,24
Maitri,2015-08-20,-9.029,-11.9,-8.2,947.254,943.9,954.2,59.054,63.9,24
Maitri,2015-08-21,-11.279,-12.5,-10.6,956.133,955.0,956.5,60.1,65.1,24
Maitri,2015-08-22,-15.221,-18.1,-13.2,955.7,954.5,956.5,61.771,63.9,24
Maitri,2015-08-23,-20.879,-24.9,-18.3,957.533,956.1,961.0,60.137,70.2,24
Maitri,2015-08-24,-21.842,-24.1,-19.2,957.967,956.1,960.9,61.758,63.2,24
Maitri,2015-08-25,-21.867,-27.5,-17.3,965.95,958.3,970.7,61.117,64.8,24
Maitri,2015-08-26,-29.883,-32.7,-27.0,970.783,969.3,971.9,63.083,77.2,24
Maitri,2015-08-27,-25.521,-31.3,-23.2,965.379,963.8,968.9,61.129,63.9,24
Maitri,2015-08-28,-23.158,-24.3,-21.8,959.842,953.1,964.1,60.758,66.4,24
Maitri,2015-08-29,-23.429,-28.5,-17.1,951.842,949.0,958.0,61.758,63.5,24
Maitri,2015-08-30,-23.846,-26.9,-22.0,957.158,952.9,960.8,60.429,63.9,24
Maitri,2015-09-06,-17.475,-20.5,-15.4,964.604,962.6,968.3,17.558,25.6,24
Maitri,2015-09-07,-23.167,-26.3,-21.0,959.55,951.1,967.2,20.704,28.9,24
Maitri,2015-09-08,-19.292,-25.3,-16.5,964.588,956.4,970.1,61.887,63.9,24
Maitri,2015-09-09,-17.862,-23.8,-14.0,962.117,958.5,965.4,61.004,65.5,24
Maitri,2015-09-10,-6.604,-9.6,-4.2,973.671,972.4,974.9,61.317,68.1,24
Maitri,2015-09-11,-5.75,-6.2,-5.2,973.325,962.4,981.2,60.771,63.9,24
Maitri,2015-09-12,-2.158,-6.4,1.6,965.146,963.9,965.9,11.263,16.5,24
Maitri,2015-09-13,-29.892,-33.9,-26.8,936.662,933.2,944.8,60.321,71.2,24
Maitri,2015-09-14,-25.771,-28.9,-20.7,957.854,945.8,965.9,61.562,63.9,24
Maitri,2015-09-15,-26.912,-30.7,-22.1,968.125,966.0,970.5,58.071,66.0,24
Maitri,2015-09-16,-21.379,-27.0,-16.9,970.258,968.1,972.8,60.05,64.5,24
Maitri,2015-09-17,-16.758,-20.2,-14.9,965.812,964.2,968.2,62.412,63.9,24
Maitri,2015-09-18,-21.304,-24.2,-16.7,963.133,961.9,964.6,61.492,75.0,24
Maitri,2015-09-19,-23.796,-27.3,-19.8,966.962,963.4,972.1,61.808,68.9,24
Maitri,2015-09-20,-21.55,-25.3,-18.4,970.808,968.6,972.9,60.508,64.2,24
Maitri,2015-09-21,-19.6,-21.1,-16.7,969.188,967.8,970.3,58.554,63.9,24
Maitri,2015-09-22,-17.554,-20.6,-15.5,968.3,967.0,969.7,61.054,63.9,24
Maitri,2015-09-23,-15.525,-17.9,-13.3,968.233,967.7,969.2,59.783,63.9,24
Maitri,2015-09-24,-20.558,-25.2,-16.5,971.796,968.7,978.5,62.908,74.4,24
Maitri,2015-09-25,-19.175,-26.5,-13.8,977.858,972.2,980.5,60.217,64.1,24
Maitri,2015-09-26,-14.246,-18.0,-10.5,967.925,966.0,971.6,60.017,68.2,24
Maitri,2015-09-27,-14.767,-17.4,-12.9,974.975,969.5,978.8,59.467,63.9,24
Maitri,2015-09-28,-12.408,-14.5,-9.2,972.588,959.2,980.8,60.938,63.9,24
Maitri,2015-09-29,-8.317,-10.1,-6.9,960.538,953.4,965.1,60.592,65.4,24
Maitri,2015-09-30,-8.638,-11.6,-6.6,973.508,951.0,982.1,61.387,66.1,24
Maitri,2015-10-01,-9.046,-10.3,-7.9,983.379,980.8,985.3,60.117,65.9,24
Maitri,2015-10-02,-8.6,-10.3,-7.1,978.979,975.4,984.6,59.808,63.9,24
Maitri,2015-10-03,-5.554,-7.8,-3.6,972.462,966.0,977.1,61.283,64.2,24
Maitri,2015-10-04,-6.188,-7.9,-5.1,971.262,965.9,976.2,60.458,68.4,24
Maitri,2015-10-05,-7.762,-9.0,-7.0,976.442,975.5,978.5,59.667,64.1,24
Maitri,2015-10-06,-7.208,-10.1,-5.2,976.092,974.1,978.5,61.008,67.9,24
Maitri,2015-10-07,-4.096,-7.9,-1.2,972.629,969.3,976.7,61.983,70.6,24
Maitri,2015-10-08,-5.504,-6.5,-4.4,974.092,972.2,975.1,58.417,63.9,24
Maitri,2015-10-09,-6.604,-9.6,-4.2,973.671,972.4,974.9,61.317,68.1,24
Maitri,2015-10-10,-13.321,-16.6,-9.3,976.221,974.4,977.6,59.408,66.0,24
Maitri,2015-10-11,-4.521,-5.5,-3.5,975.575,973.0,980.0,62.429,70.9,24
Maitri,2015-10-12,-0.5,-3.4,2.3,959.113,956.1,963.4,14.642,21.4,24
Maitri,2015-10-13,-7.362,-10.6,-4.9,961.917,961.2,962.8,61.183,78.9,24
Maitri,2015-10-14,-5.433,-9.5,-2.3,964.275,962.6,965.8,62.917,66.5,24
Maitri,2015-10-15,-7.817,-12.2,-3.7,968.113,965.8,970.2,60.512,67.0,24
Maitri,2015-10-16,-10.521,-14.0,-7.6,971.275,969.9,974.1,61.858,63.9,24
Maitri,2015-10-17,-8.462,-10.2,-7.1,977.117,974.6,978.5,60.267,65.6,24
Maitri,2015-10-18,-5.188,-8.3,-1.9,975.642,974.6,977.3,60.971,63.8,24
Maitri,2015-10-19,-8.179,-11.8,-5.1,978.921,977.5,979.5,60.946,68.4,24
Maitri,2015-10-20,-7.917,-11.1,-4.8,978.167,976.7,979.5,61.212,63.3,24
Maitri,2015-10-21,-4.95,-8.8,-1.2,976.442,975.6,977.2,62.25,68.5,24
Maitri,2015-10-22,-6.012,-9.8,-2.0,978.558,977.0,981.3,59.008,63.9,24
Maitri,2015-10-23,-9.829,-12.0,-7.2,977.458,969.6,982.6,62.096,65.1,24
Maitri,2015-10-24,-10.533,-13.0,-7.2,967.838,965.5,969.8,61.762,71.2,24
Maitri,2015-10-25,-11.971,-14.9,-9.6,961.729,959.4,965.1,60.254,63.9,24
Maitri,2015-10-26,-10.004,-13.4,-5.8,962.692,959.5,967.5,62.267,65.5,24
Maitri,2015-10-27,-12.704,-17.2,-8.6,970.921,967.9,972.6,61.333,64.1,24
Maitri,2015-10-28,-13.812,-17.6,-10.2,967.746,964.6,972.1,61.758,63.9,24
Maitri,2015-10-29,-14.362,-18.0,-10.2,967.887,966.2,969.0,60.904,63.9,24
Maitri,2015-10-30,-14.792,-18.2,-10.1,969.7,968.7,970.5,60.1,63.9,24
Maitri,2015-10-31,-12.671,-15.5,-11.1,962.75,959.4,968.9,60.942,74.3,24
Maitri,2015-11-01,-8.788,-11.1,-7.3,956.121,954.6,959.8,61.133,64.8,24
Maitri,2015-11-02,-7.529,-12.9,-4.0,959.233,955.6,963.7,62.633,81.0,24
Maitri,2015-11-03,-12.671,-16.2,-9.3,969.154,964.4,973.3,61.892,66.3,24
Maitri,2015-11-04,-10.517,-13.3,-8.4,975.883,972.5,978.3,61.883,64.1,24
Maitri,2015-11-05,-9.221,-10.9,-7.9,972.879,968.9,975.1,61.379,65.8,24
Maitri,2015-11-06,-6.862,-8.2,-5.6,964.188,961.4,968.4,61.104,68.4,24
Maitri,2015-11-07,-5.538,-8.7,-2.6,973.171,969.2,975.5,61.254,78.6,24
Maitri,2015-11-08,-6.908,-7.9,-6.3,966.887,961.8,973.2,60.571,63.9,24
Maitri,2015-11-09,-5.75,-6.2,-5.2,973.325,962.4,981.2,60.771,63.9,24
Maitri,2015-11-10,-4.521,-5.5,-3.5,975.575,973.0,980.0,62.429,70.9,24
Maitri,2015-11-11,-4.133,-5.7,-3.4,971.408,967.9,976.8,60.467,63.9,24
Maitri,2015-11-12,-0.767,-3.6,1.7,958.042,955.8,961.6,19.721,26.5,24
Maitri,2015-11-13,-4.337,-5.2,-3.7,975.467,970.9,980.3,59.637,66.7,24
Maitri,2015-11-14,-3.692,-4.7,-2.6,980.196,976.4,982.3,62.158,74.8,24
Maitri,2015-11-15,-4.858,-6.5,-3.7,971.783,968.6,975.9,62.425,65.5,24
Maitri,2015-11-16,-5.479,-6.8,-3.7,976.033,970.0,980.5,62.229,64.7,24
Maitri,2015-11-17,-0.421,-4.1,3.7,979.4,975.2,982.1,62.412,63.9,24
Maitri,2015-11-18,1.117,-1.8,5.2,973.171,970.5,975.1,61.546,69.3,24
Maitri,2015-11-19,1.138,-2.6,4.8,966.467,963.1,970.4,61.287,63.3,24
Maitri,2015-11-20,-0.746,-5.0,3.0,959.525,955.1,962.8,59.938,63.9,24
Maitri,2015-11-21,-1.929,-5.1,0.8,958.479,955.0,961.0,60.3,63.9,24
Maitri,2015-11-22,-2.488,-6.0,0.8,965.088,961.1,968.9,60.788,63.9,24
Maitri,2015-11-23,-2.85,-7.1,0.9,970.512,969.2,971.4,61.912,65.1,24
Maitri,2015-11-24,-2.375,-6.1,1.5,966.946,965.9,969.2,60.671,63.9,24
Maitri,2015-11-25,-2.7,-5.5,1.2,963.254,960.0,966.4,62.238,63.9,24
Maitri,2015-11-26,-0.979,-5.4,1.4,966.871,960.5,970.8,61.667,79.5,24
Maitri,2015-11-27,-0.538,-2.6,2.2,967.588,961.1,970.7,60.275,63.9,24
Maitri,2015-11-28,-2.146,-5.7,1.5,957.004,955.2,960.3,61.642,70.9,24
Maitri,2015-11-29,-4.817,-6.2,-1.8,962.208,960.5,963.3,60.667,63.9,24
Maitri,2015-11-30,-4.279,-6.0,-1.9,965.471,963.4,966.6,60.387,64.2,24
Maitri,2015-12-01,0.137,-3.8,4.1,960.146,957.4,964.1,13.883,22.6,24
Maitri,2015-12-02,-0.958,-2.9,0.9,958.379,956.4,962.6,25.308,29.9,24
Maitri,2015-12-03,-2.633,-3.7,-1.8,963.742,962.6,965.1,26.146,30.2,24
Maitri,2015-12-04,-2.775,-3.6,-1.9,959.846,957.3,962.3,25.475,31.9,24
Maitri,2015-12-05,-0.825,-2.7,1.1,950.892,946.0,956.8,22.4,27.1,24
Maitri,2015-12-06,0.0,-2.9,1.9,948.863,945.3,954.9,24.55,30.6,24
Maitri,2015-12-07,0.846,-2.8,4.3,958.262,955.2,960.6,14.288,26.4,24
Maitri,2015-12-08,-0.583,-3.0,3.0,962.892,960.9,964.6,12.921,19.7,24
Maitri,2015-12-09,-2.158,-6.4,1.6,965.146,963.9,965.9,11.263,16.5,24
Maitri,2015-12-10,-0.5,-3.4,2.3,959.113,956.1,963.4,14.642,21.4,24
Maitri,2015-12-11,-0.767,-3.6,1.7,958.042,955.8,961.6,19.721,26.5,24
Maitri,2015-12-12,1.012,-2.5,4.6,965.704,961.8,968.3,16.042,22.7,24
Maitri,2015-12-13,0.717,-3.3,3.8,970.175,968.1,971.8,16.037,26.1,24
Maitri,2015-12-14,1.262,-1.0,3.8,967.246,962.2,971.5,13.883,19.2,24
Maitri,2015-12-15,-0.712,-2.5,0.7,964.321,961.6,965.9,17.779,22.4,24
Maitri,2015-12-16,-0.696,-2.4,0.6,963.863,962.9,964.8,25.942,32.2,24
Maitri,2015-12-17,-0.212,-1.2,0.8,967.642,964.3,969.1,23.75,34.6,24
Maitri,2015-12-18,0.587,-2.2,4.1,967.254,966.8,967.9,16.188,22.8,24
Maitri,2015-12-19,0.346,-2.6,4.3,968.646,966.8,969.8,16.746,29.1,24
Maitri,2015-12-20,1.033,-2.1,5.3,972.45,969.7,974.4,14.504,26.7,24
Maitri,2015-12-21,1.867,-1.7,5.1,968.825,966.4,972.3,12.75,24.1,24
Maitri,2015-12-22,1.975,-1.8,5.3,966.225,965.4,966.9,11.575,21.5,24
Maitri,2015-12-23,3.292,0.8,5.8,967.137,965.7,968.6,14.462,21.1,24
Maitri,2015-12-24,3.738,1.6,5.4,965.892,964.9,967.5,15.329,19.7,24
Maitri,2015-12-25,3.533,0.4,6.6,969.458,967.6,970.4,11.142,20.1,24
Maitri,2015-12-26,-0.075,-2.5,2.6,970.088,969.3,970.9,8.517,11.7,24
Maitri,2015-12-27,0.217,-3.4,3.1,968.046,966.5,969.0,7.663,18.2,24
Maitri,2015-12-28,-1.208,-3.2,0.8,968.404,966.0,970.0,9.983,19.1,24
Maitri,2015-12-29,-2.796,-4.1,-1.1,969.658,968.5,970.7,10.292,15.6,24
Maitri,2015-12-30,-1.454,-4.8,1.5,969.217,968.4,970.2,9.558,14.6,24
Maitri,2015-12-31,0.013,-3.8,2.3,971.404,969.5,972.7,11.633,20.8,24
Maitri,2016-01-01,0.721,-1.5,3.5,972.75,966.9,976.1,61.746,65.9,24
Maitri,2016-01-02,0.662,-2.2,3.5,974.504,969.9,976.8,60.658,65.5,24
Maitri,2016-01-03,-1.571,-3.8,0.7,962.958,959.4,969.3,62.975,67.1,24
Maitri,2016-01-04,-2.246,-4.6,0.6,963.358,959.4,968.8,61.308,67.7,24
Maitri,2016-01-05,-2.404,-4.5,-0.8,969.533,966.4,971.2,61.688,63.9,24
Maitri,2016-01-06,-0.433,-3.5,1.8,961.429,959.0,966.0,60.371,63.3,24
Maitri,2016-01-07,-1.413,-4.9,2.8,961.883,960.6,964.5,61.75,63.9,24
Maitri,2016-01-08,0.65,-3.8,2.4,963.079,962.2,964.5,60.567,64.5,24
Maitri,2016-01-09,1.771,-0.5,4.1,963.096,961.3,965.6,62.5,75.4,24
Maitri,2016-01-10,0.583,-0.7,1.7,967.946,965.7,971.3,60.2,63.3,24
Maitri,2016-01-11,-0.337,-1.2,0.3,967.708,962.6,971.4,60.508,63.9,24
Maitri,2016-01-12,0.767,-1.0,2.4,963.146,961.4,966.1,62.254,64.0,24
Maitri,2016-01-13,2.242,-0.2,4.6,971.454,966.1,976.6,61.25,63.9,24
Maitri,2016-01-14,0.1,-2.2,3.1,977.346,975.9,978.2,62.062,66.1,24
Maitri,2016-01-15,-0.096,-2.8,3.0,970.392,966.8,975.5,61.696,67.0,24
Maitri,2016-01-16,-0.137,-1.7,1.5,968.796,966.9,970.4,60.642,67.7,24
Maitri,2016-01-17,-1.804,-3.7,-0.2,965.196,958.7,970.2,61.038,63.9,24
Maitri,2016-01-18,-1.112,-3.7,0.2,958.258,956.3,961.5,60.167,66.5,24
Maitri,2016-01-19,0.775,-0.9,2.8,964.554,962.1,965.4,62.008,63.9,24
Maitri,2016-01-20,0.317,-1.8,2.2,967.771,964.9,970.3,59.425,63.3,24
Maitri,2016-01-21,0.433,-2.1,3.0,967.546,964.2,970.0,60.858,64.5,24
Maitri,2016-01-22,-1.938,-4.4,1.0,962.675,961.7,963.9,62.262,75.6,24
Maitri,2016-01-23,-1.017,-3.7,2.8,965.3,963.1,966.9,60.512,63.9,24
Maitri,2016-01-24,-0.512,-4.5,3.7,967.604,966.9,968.2,61.725,64.4,24
Maitri,2016-01-25,-1.508,-4.3,2.6,967.788,967.5,968.5,60.0,63.3,24
Maitri,2016-01-26,-3.2,-5.2,-0.3,969.225,968.4,971.2,62.067,64.8,24
Maitri,2016-01-27,-4.0,-7.5,-0.5,974.7,971.4,976.9,58.988,63.9,24
Maitri,2016-01-28,-1.396,-4.9,1.7,973.592,967.9,976.8,61.746,63.9,24
Maitri,2016-01-29,-1.483,-5.7,1.5,956.579,947.6,967.2,62.754,65.8,24
Maitri,2016-01-30,-5.75,-10.4,-1.5,951.5,947.3,956.5,58.462,63.3,24
Maitri,2016-01-31,-3.654,-6.5,-1.1,962.429,956.7,967.5,59.592,66.7,24
Maitri,2016-02-01,-2.137,-3.9,-0.8,969.371,967.6,970.3,60.154,64.7,24
Maitri,2016-02-02,-1.833,-3.1,0.0,968.8,968.2,969.6,58.704,63.9,24
Maitri,2016-02-03,-0.317,-3.0,2.5,970.667,969.2,972.6,60.875,63.9,24
Maitri,2016-02-04,-1.742,-5.0,0.7,972.921,971.9,973.7,61.433,66.3,24
Maitri,2016-02-05,-4.696,-5.5,-4.0,969.354,967.6,971.8,60.6,63.9,24
Maitri,2016-02-06,-3.525,-4.9,-2.1,964.696,960.6,968.1,59.617,63.3,24
Maitri,2016-02-07,-0.971,-2.9,0.9,961.8,959.4,964.3,58.858,64.7,24
Maitri,2016-02-08,-1.425,-2.8,-0.8,966.867,964.5,968.4,62.162,64.6,24
Maitri,2016-02-09,-1.692,-2.7,-0.7,968.142,966.8,969.2,61.863,65.8,24
Maitri,2016-02-10,-0.979,-4.9,3.0,959.363,953.9,966.3,60.633,70.3,24
Maitri,2016-02-11,-3.242,-6.5,0.6,965.521,955.9,974.2,61.042,63.5,24
Maitri,2016-02-12,-3.792,-7.6,-0.4,976.979,974.7,978.1,62.325,63.9,24
Maitri,2016-02-13,-2.042,-6.0,3.1,972.917,968.6,977.3,62.35,63.9,24
Maitri,2016-02-14,-5.888,-7.8,-4.4,968.471,966.8,969.8,60.929,63.9,24
Maitri,2016-02-15,-5.721,-8.6,-1.6,964.692,961.0,966.9,62.075,63.3,24
Maitri,2016-02-16,-5.275,-8.7,-1.4,960.221,959.4,961.1,60.879,67.5,24
Maitri,2016-02-17,-5.688,-8.5,-3.6,955.921,945.0,962.5,60.658,63.9,24
Maitri,2016-02-18,-2.225,-5.1,-0.1,942.567,941.7,944.8,62.254,74.9,24
Maitri,2016-02-19,0.392,-2.0,1.6,949.517,943.4,956.4,62.796,66.9,24
Maitri,2016-02-20,0.35,-2.1,2.0,965.496,957.1,968.9,61.212,63.9,24
Maitri,2016-02-21,-2.875,-5.9,-0.1,965.988,961.1,968.6,61.45,63.9,24
Maitri,2016-02-22,-5.55,-7.6,-3.3,962.025,957.4,972.0,60.212,65.0,24
Maitri,2016-02-23,-1.196,-4.8,1.0,974.604,969.7,977.5,61.796,63.9,24
Maitri,2016-02-24,-0.479,-2.0,0.4,963.579,961.3,968.4,58.571,63.7,24
Maitri,2016-02-25,-1.908,-3.1,-0.7,969.812,962.8,979.6,61.25,63.8,24
Maitri,2016-02-26,-3.108,-4.3,-2.0,979.058,976.2,980.9,60.942,63.9,24
Maitri,2016-02-27,-3.033,-5.4,-0.8,971.108,964.1,976.0,61.133,63.9,24
Maitri,2016-02-28,-1.946,-2.6,-1.4,962.704,961.5,963.9,61.733,69.5,24
Maitri,2016-02-29,-0.6,-1.8,1.0,963.842,963.2,964.6,60.446,63.9,24
Maitri,2016-03-01,-0.325,-2.6,1.5,965.004,963.7,966.1,62.038,63.9,24
Maitri,2016-03-02,-3.058,-7.0,-1.2,958.817,954.2,963.5,60.029,63.9,24
Maitri,2016-03-03,-6.171,-9.1,-2.3,957.196,954.3,960.5,60.458,63.2,24
Maitri,2016-03-04,-6.729,-10.0,-3.2,964.446,960.8,967.2,60.883,64.7,24
Maitri,2016-03-05,-7.229,-10.8,-4.4,967.283,966.2,968.1,60.533,73.1,24
Maitri,2016-03-06,-9.317,-12.2,-6.1,962.217,959.5,965.9,59.725,63.2,24
Maitri,2016-03-07,-8.6,-11.5,-7.2,960.846,959.3,962.6,60.512,65.8,24
Maitri,2016-03-08,-7.304,-9.8,-4.0,967.708,963.0,970.2,61.675,63.9,24
Maitri,2016-03-09,-6.404,-8.3,-4.4,963.712,958.8,969.1,59.092,73.3,24
Maitri,2016-03-10,-5.217,-6.0,-4.4,959.654,958.7,961.0,62.154,63.9,24
Maitri,2016-03-11,-3.658,-4.5,-2.6,964.788,961.7,967.1,61.412,63.9,24
Maitri,2016-03-12,-3.771,-4.5,-3.2,962.167,960.6,963.3,60.375,66.8,24
Maitri,2016-03-13,-3.738,-6.2,-2.3,961.467,960.5,962.4,60.046,65.6,24
Maitri,2016-03-14,-4.3,-6.8,-1.5,960.379,959.6,960.8,58.583,63.3,24
Maitri,2016-03-15,-5.071,-7.8,-1.9,959.471,957.7,961.2,62.333,63.9,24
Maitri,2016-03-16,-5.854,-7.7,-3.0,962.296,957.6,967.7,61.079,64.2,24
Maitri,2016-03-17,-8.15,-11.2,-4.1,968.225,967.7,968.9,59.829,63.9,24
Maitri,2016-03-18,-8.967,-12.8,-5.6,969.483,967.2,972.1,59.692,67.4,24
Maitri,2016-03-19,-9.904,-10.8,-9.0,974.433,972.4,976.1,60.504,63.9,24
Maitri,2016-03-20,-8.954,-11.3,-7.3,961.775,957.7,971.6,60.533,75.3,24
Maitri,2016-03-21,-6.988,-8.9,-6.3,954.367,951.5,958.6,60.367,63.9,24
Maitri,2016-03-22,-10.575,-13.1,-7.5,950.854,948.9,954.6,61.742,64.4,24
Maitri,2016-03-23,-8.383,-10.1,-7.3,960.0,955.0,964.0,60.704,63.3,24
Maitri,2016-03-24,-9.908,-14.8,-7.5,961.492,958.8,963.7,61.608,64.2,24
Maitri,2016-03-25,-13.812,-17.6,-10.9,960.15,957.4,964.3,59.742,66.1,24
Maitri,2016-03-26,-14.929,-17.8,-13.6,964.517,964.1,965.0,60.367,64.3,24
Maitri,2016-03-27,-10.921,-13.8,-8.8,966.696,964.5,968.3,58.029,65.2,24
Maitri,2016-03-28,-9.279,-10.1,-8.7,964.033,962.5,965.6,59.867,72.6,24
Maitri,2016-03-29,-6.829,-8.8,-5.6,946.975,936.9,964.3,58.192,64.8,24
Maitri,2016-03-30,-3.154,-5.2,-2.1,946.871,937.5,961.7,60.817,66.3,24
Maitri,2016-03-31,-3.7,-5.2,-2.3,970.558,962.6,974.4,61.1,64.3,24
Maitri,2016-04-01,-6.367,-6.4,-6.3,960.267,959.8,960.8,62.367,62.6,3
Maitri,2016-04-02,-6.892,-7.5,-6.5,960.021,958.6,963.4,62.538,63.9,24
Maitri,2016-04-03,-5.85,-7.5,-4.7,963.912,962.3,965.4,59.387,64.7,24
Maitri,2016-04-04,-7.808,-10.2,-5.9,968.046,964.9,971.7,61.883,66.1,24
Maitri,2016-04-05,-10.312,-12.7,-8.4,968.658,958.6,972.0,62.492,67.0,24
Maitri,2016-04-06,-9.5,-10.6,-7.4,952.417,947.9,957.7,59.421,63.8,24
Maitri,2016-04-07,-8.829,-12.2,-6.6,964.625,958.1,967.8,60.096,72.3,24
Maitri,2016-04-08,-11.671,-16.1,-8.5,958.925,957.3,963.3,60.667,63.9,24
Maitri,2016-04-09,-14.033,-17.7,-12.1,955.504,954.8,957.1,60.675,63.9,24
Maitri,2016-04-10,-15.217,-16.0,-12.9,954.554,953.1,956.6,60.558,63.9,24
Maitri,2016-04-11,-14.567,-17.1,-12.8,955.517,953.3,960.5,58.871,63.9,24
Maitri,2016-04-12,-18.496,-21.0,-15.9,967.929,961.0,972.9,61.542,63.9,24
Maitri,2016-04-13,-14.987,-21.0,-9.0,972.683,971.1,973.8,59.475,63.6,24
Maitri,2016-04-14,-9.325,-14.3,-5.2,967.675,965.8,970.6,61.446,63.8,24
Maitri,2016-04-15,-10.125,-13.6,-7.6,965.129,962.0,967.5,60.867,63.9,24
Maitri,2016-04-16,-14.925,-17.6,-13.0,959.583,958.1,961.7,61.308,63.8,24
Maitri,2016-04-17,-17.062,-19.1,-14.4,968.496,960.9,977.5,61.496,65.5,24
Maitri,2016-04-18,-11.779,-17.1,-8.5,984.412,977.8,988.9,60.892,67.6,24
Maitri,2016-04-19,-7.125,-10.3,-4.6,989.542,988.7,990.6,61.038,64.9,24
Maitri,2016-04-20,-5.392,-8.9,-3.0,985.517,982.2,989.8,60.95,63.9,24
Maitri,2016-04-21,-6.792,-9.0,-5.1,981.904,980.9,982.8,60.613,68.8,24
Maitri,2016-04-22,-11.817,-16.0,-8.8,976.525,969.3,981.4,60.887,63.9,24
Maitri,2016-04-23,-7.842,-9.6,-6.6,968.108,967.0,969.1,62.221,63.9,24
Maitri,2016-04-24,-5.617,-6.8,-4.1,972.9,967.8,976.6,61.552,68.7,23
Maitri,2016-05-02,-14.182,-15.6,-12.1,975.0,974.4,975.7,61.765,63.9,17
Maitri,2016-05-03,-10.717,-11.7,-10.3,978.521,975.5,981.7,59.992,71.6,24
Maitri,2016-05-04,-10.292,-10.9,-9.6,973.338,964.4,981.6,60.458,69.7,24
Maitri,2016-05-05,-9.646,-11.0,-8.6,969.279,964.6,974.0,58.512,63.9,24
Maitri,2016-05-06,-8.017,-8.8,-7.6,977.029,974.1,978.8,61.033,68.2,24
Maitri,2016-05-07,-8.917,-10.1,-7.5,966.946,957.8,976.9,62.321,68.5,24
Maitri,2016-05-08,-8.779,-9.9,-8.0,959.637,956.7,961.9,59.679,64.0,24
Maitri,2016-05-09,-12.442,-14.9,-10.1,960.1,957.8,963.8,61.475,64.1,24
Maitri,2016-05-10,-10.792,-12.1,-9.4,964.225,963.0,966.8,61.054,63.9,24
Maitri,2016-05-11,-11.667,-12.9,-9.6,970.1,967.2,973.1,61.783,64.3,24
Maitri,2016-05-12,-11.546,-12.8,-10.5,974.25,973.2,975.2,60.479,63.9,24
Maitri,2016-05-13,-13.954,-15.3,-12.0,970.233,968.4,972.9,59.433,65.2,24
Maitri,2016-05-14,-11.654,-13.9,-10.1,969.092,967.2,971.9,61.954,63.9,24
Maitri,2016-05-15,-15.692,-20.2,-10.0,971.975,971.2,973.1,61.333,63.9,24
Maitri,2016-05-16,-18.575,-19.3,-17.0,972.883,971.0,974.0,61.113,65.4,24
Maitri,2016-05-17,-13.433,-16.9,-10.6,966.246,964.8,970.1,61.983,63.9,24
Maitri,2016-05-18,-8.054,-10.1,-6.8,965.421,964.1,966.4,60.729,67.4,24
Maitri,2016-05-19,-7.396,-9.5,-6.2,963.658,962.1,965.5,59.525,64.9,24
Maitri,2016-05-20,-11.158,-13.0,-9.5,961.7,953.8,965.5,61.387,66.2,24
Maitri,2016-05-21,-7.679,-10.0,-5.7,936.771,927.9,952.1,60.363,69.8,24
Maitri,2016-05-22,-6.542,-7.4,-6.1,939.212,929.3,951.6,61.696,63.9,24
Maitri,2016-05-23,-8.254,-10.2,-6.5,955.433,952.6,956.6,60.212,65.7,24
Maitri,2016-05-24,-11.3,-12.5,-9.4,960.029,956.8,962.3,60.779,63.9,24
Maitri,2016-05-25,-9.696,-10.8,-8.1,961.933,961.1,963.0,62.488,68.0,24
Maitri,2016-05-26,-13.008,-17.7,-8.2,958.6,955.8,961.6,61.725,63.9,24
Maitri,2016-05-27,-15.196,-17.9,-12.1,957.679,955.3,962.3,61.208,63.9,24
Maitri,2016-05-28,-9.004,-13.6,-6.5,965.637,962.9,968.6,61.912,63.9,24
Maitri,2016-05-29,-9.892,-13.8,-6.3,967.633,965.5,969.3,60.717,63.9,24
Maitri,2016-05-30,-14.617,-15.3,-13.8,960.504,957.3,964.9,60.742,64.4,24
Maitri,2016-05-31,-13.508,-15.6,-10.9,954.788,952.2,957.1,60.958,63.2,24
Maitri,2016-06-01,-10.292,-11.4,-9.2,949.783,947.0,952.1,59.746,62.9,24
Maitri,2016-06-02,-11.858,-12.5,-10.8,949.208,946.9,951.5,59.946,60.4,24
Maitri,2016-06-03,-12.817,-15.3,-11.5,953.179,952.0,954.0,60.167,60.9,24
Maitri,2016-06-04,-13.608,-17.1,-9.7,950.004,948.6,952.6,60.229,61.1,24
Maitri,2016-06-05,-18.733,-21.5,-11.6,952.196,949.6,953.0,59.971,61.2,24
Maitri,2016-06-06,-13.338,-15.0,-12.3,953.092,950.7,954.7,57.504,60.6,24
Maitri,2016-06-07,-15.688,-17.4,-14.4,957.887,954.5,962.1,60.067,60.7,24
Maitri,2016-06-08,-16.629,-17.5,-15.8,966.492,962.6,968.6,60.404,61.0,24
Maitri,2016-06-09,-15.358,-17.0,-14.2,964.221,961.1,967.0,60.283,61.2,24
Maitri,2016-06-10,-19.183,-23.1,-14.5,962.467,960.0,965.8,60.375,60.8,24
Maitri,2016-06-11,-23.996,-24.7,-22.8,967.188,966.0,967.8,60.6,61.6,24
Maitri,2016-06-12,-19.742,-22.7,-15.5,962.679,954.0,967.4,57.892,60.9,24
Maitri,2016-06-13,-11.583,-16.2,-8.2,944.033,937.1,953.0,59.012,60.5,24
Maitri,2016-06-14,-9.967,-11.0,-8.5,935.504,930.7,948.2,59.812,65.5,24
Maitri,2016-06-15,-9.633,-10.4,-7.9,965.629,950.0,976.4,60.137,61.0,24
Maitri,2016-06-16,-12.55,-15.2,-10.6,979.596,977.2,981.2,59.971,60.6,24
Maitri,2016-06-17,-16.409,-17.4,-14.9,969.517,960.5,978.9,60.104,60.8,23
Maitri,2016-06-18,-14.259,-18.6,-11.7,960.309,959.6,962.0,37.368,68.2,22
Maitri,2016-06-19,-12.617,-13.6,-11.8,965.679,962.2,969.5,16.204,69.9,24
Maitri,2016-06-20,-13.746,-15.5,-12.8,969.046,967.9,970.0,68.429,69.7,24
Maitri,2016-06-21,-18.896,-21.8,-15.3,970.038,968.4,971.2,68.783,71.0,24
Maitri,2016-06-22,-23.888,-25.6,-21.0,969.629,968.2,971.6,69.067,69.6,24
Maitri,2016-06-23,-17.875,-21.5,-14.8,972.062,970.7,972.8,68.692,69.2,24
Maitri,2016-06-24,-15.525,-22.2,-12.8,964.925,959.4,970.4,68.617,69.6,24
Maitri,2016-06-25,-21.208,-23.4,-19.1,957.771,956.5,960.5,68.95,69.6,24
Maitri,2016-06-26,-21.242,-23.5,-17.9,966.317,960.8,968.6,68.7,69.8,24
Maitri,2016-06-27,-18.2,-21.0,-17.4,966.233,963.8,967.8,68.379,69.0,24
Maitri,2016-06-28,-17.675,-18.8,-15.8,961.3,959.1,963.6,68.4,69.7,24
Maitri,2016-06-29,-15.55,-19.2,-12.2,957.421,953.9,959.6,69.033,71.7,24
Maitri,2016-06-30,-9.888,-14.1,-6.5,952.883,951.5,955.3,68.033,70.4,24
Maitri,2016-07-01,-12.129,-16.3,-8.7,949.363,946.6,951.9,68.375,69.9,24
Maitri,2016-07-02,-15.212,-16.0,-14.4,951.642,947.5,956.7,68.762,71.3,24
Maitri,2016-07-03,-16.188,-19.8,-14.5,958.917,957.2,960.8,68.675,69.2,24
Maitri,2016-07-04,-22.075,-23.5,-20.3,964.8,960.9,970.0,69.404,72.0,24
Maitri,2016-07-05,-20.192,-23.2,-15.6,971.033,969.0,973.1,69.021,69.6,24
Maitri,2016-07-06,-22.246,-24.2,-18.2,971.096,965.8,974.0,68.854,69.5,24
Maitri,2016-07-07,-23.762,-29.3,-17.0,959.471,957.0,964.8,68.587,69.1,24
Maitri,2016-07-08,-22.817,-24.6,-21.9,971.988,961.7,982.9,68.329,68.6,24
Maitri,2016-07-09,-24.138,-26.2,-21.8,985.137,982.0,987.4,68.529,69.3,24
Maitri,2016-07-10,-17.767,-21.2,-14.1,977.654,974.9,981.8,68.504,68.9,24
Maitri,2016-07-11,-12.071,-15.9,-10.8,958.654,945.7,976.1,66.562,70.9,24
Maitri,2016-07-12,-12.025,-13.6,-9.8,941.746,938.6,945.7,67.729,68.7,24
Maitri,2016-07-13,-11.388,-12.5,-8.0,954.592,945.4,958.4,68.325,71.5,24
Maitri,2016-07-14,-13.846,-14.9,-12.2,961.817,959.0,963.0,67.804,69.4,24
Maitri,2016-07-15,-13.088,-14.4,-11.6,959.688,958.5,960.7,68.488,69.6,24
Maitri,2016-07-16,-16.283,-18.4,-12.2,969.162,961.1,972.3,68.712,69.7,24
Maitri,2016-07-17,-21.838,-25.0,-18.7,971.392,969.1,972.8,68.975,69.6,24
Maitri,2016-07-18,-23.625,-26.6,-22.3,963.637,955.7,969.1,68.663,69.5,24
Maitri,2016-07-19,-21.446,-22.6,-19.8,947.917,945.0,954.3,68.425,68.9,24
Maitri,2016-07-20,-13.854,-19.5,-11.0,945.529,943.8,949.7,68.296,69.4,24
Maitri,2016-07-21,-15.958,-18.3,-13.7,957.912,950.6,963.2,68.417,69.5,24
Maitri,2016-07-22,-21.775,-23.4,-18.0,966.346,963.5,970.3,68.533,69.5,24
Maitri,2016-07-23,-23.862,-26.7,-22.1,976.179,970.8,979.9,68.762,69.4,24
Maitri,2016-07-24,-19.062,-24.9,-11.2,976.146,966.5,980.7,68.421,68.8,24
Maitri,2016-07-25,-14.604,-19.4,-11.1,968.821,964.6,978.4,68.367,69.1,24
Maitri,2016-07-26,-17.417,-21.8,-14.1,973.742,958.1,982.1,66.729,69.5,24
Maitri,2016-07-27,-13.742,-16.6,-12.3,963.208,954.3,974.6,67.25,68.6,24
Maitri,2016-07-28,-19.017,-20.3,-17.1,975.592,974.8,976.5,68.421,69.2,24
Maitri,2016-07-29,-23.904,-27.1,-18.4,981.688,975.3,985.9,68.4,69.1,24
Maitri,2016-07-30,-23.821,-27.2,-21.8,983.546,979.6,986.1,68.562,68.9,24
Maitri,2016-07-31,-19.917,-21.9,-18.1,968.571,962.0,979.2,68.371,68.7,24
Maitri,2016-08-01,-19.175,-23.6,-15.8,969.483,962.9,976.3,68.938,73.0,24
Maitri,2016-08-02,-14.317,-15.6,-13.4,973.296,969.5,976.4,67.729,68.6,24
Maitri,2016-08-03,-15.371,-17.9,-13.9,973.637,970.0,978.8,68.012,68.9,24
Maitri,2016-08-04,-15.767,-18.3,-11.3,975.512,968.5,979.0,68.408,69.2,24
Maitri,2016-08-05,-8.742,-10.7,-7.8,961.829,956.4,967.3,67.942,69.6,24
Maitri,2016-08-06,-6.767,-8.0,-4.9,962.412,957.7,965.8,67.658,68.7,24
Maitri,2016-08-07,-6.204,-6.8,-5.7,954.021,949.3,958.5,68.046,69.2,24
Maitri,2016-08-08,-8.688,-10.6,-6.5,960.608,951.1,973.6,68.054,69.4,24
Maitri,2016-08-09,-11.483,-13.7,-9.3,975.863,974.1,976.9,68.433,69.3,24
Maitri,2016-08-10,-8.35,-13.3,-5.4,981.3,975.4,987.5,68.417,69.3,24
Maitri,2016-08-11,-8.683,-11.1,-6.8,993.596,987.8,996.6,68.742,69.5,24
Maitri,2016-08-12,-9.421,-11.7,-2.7,991.938,988.9,996.3,68.708,69.5,24
Maitri,2016-08-13,-6.292,-9.0,-3.5,984.238,978.6,990.4,68.312,70.1,24
Maitri,2016-08-14,-13.812,-16.3,-7.2,982.171,978.7,983.6,68.438,69.3,24
Maitri,2016-08-15,-13.088,-16.0,-7.9,967.596,953.1,980.3,68.329,69.2,24
Maitri,2016-08-16,-8.275,-11.0,-6.2,959.012,951.6,967.7,68.104,70.0,24
Maitri,2016-08-17,-12.167,-13.8,-10.8,979.146,968.4,983.6,68.004,70.7,24
Maitri,2016-08-18,-13.817,-18.0,-11.8,980.708,977.5,983.8,68.638,69.4,24
Maitri,2016-08-19,-17.975,-20.6,-15.1,978.358,976.9,979.9,68.742,69.9,24
Maitri,2016-08-20,-17.121,-21.9,-15.8,979.096,976.1,980.5,68.783,69.4,24
Maitri,2016-08-21,-14.0,-15.7,-12.5,969.35,963.4,975.7,68.117,68.9,24
Maitri,2016-08-22,-11.729,-13.2,-9.8,956.725,952.4,962.9,67.908,68.9,24
Maitri,2016-08-23,-10.508,-11.6,-8.8,955.708,952.5,957.3,68.021,69.4,24
Maitri,2016-08-24,-9.088,-10.9,-7.9,959.225,955.7,962.8,68.121,69.0,24
Maitri,2016-08-25,-12.667,-18.0,-10.0,959.854,957.2,962.9,68.25,69.1,24
Maitri,2016-08-26,-17.908,-22.7,-14.6,961.808,959.0,963.3,68.854,69.8,24
Maitri,2016-08-27,-21.375,-24.0,-17.2,964.229,962.4,966.7,68.267,69.2,24
Maitri,2016-08-28,-14.867,-17.9,-11.3,961.962,958.9,965.3,68.508,69.3,24
Maitri,2016-08-29,-10.867,-12.5,-10.0,966.633,961.8,968.6,68.475,69.3,24
Maitri,2016-08-30,-11.979,-13.3,-10.8,963.333,956.7,968.3,68.512,69.3,24
Maitri,2016-08-31,-10.737,-12.8,-9.5,955.358,953.7,957.1,68.417,69.2,24
Maitri,2016-09-01,-12.038,-14.9,-10.0,959.529,957.4,961.0,68.529,69.2,24
Maitri,2016-09-02,-17.167,-19.9,-15.4,954.821,951.9,959.1,68.6,69.3,24
Maitri,2016-09-03,-19.154,-22.6,-17.1,947.038,944.3,951.1,68.696,69.5,24
Maitri,2016-09-04,-23.787,-25.6,-22.1,956.167,949.4,960.6,68.717,69.2,24
Maitri,2016-09-05,-24.75,-27.0,-22.9,961.258,960.6,961.9,68.521,69.6,24
Maitri,2016-09-06,-22.442,-25.0,-20.2,959.158,958.5,960.5,68.646,69.5,24
Maitri,2016-09-07,-19.892,-23.9,-17.0,959.346,957.1,960.4,68.742,69.7,24
Maitri,2016-09-08,-23.758,-27.2,-18.8,949.608,944.9,956.9,47.833,68.9,24
Maitri,2016-09-09,-17.658,-23.1,41.6,946.721,944.5,949.9,35.467,75.5,24
Maitri,2016-09-10,-19.7,-24.9,-17.5,957.158,951.3,959.9,54.983,75.6,24
Maitri,2016-09-11,-25.804,-31.6,-21.3,949.954,947.8,955.2,14.675,18.1,24
Maitri,2016-09-12,-25.1,-33.3,-16.5,951.508,948.8,955.0,17.262,31.7,24
Maitri,2016-09-13,-18.079,-19.7,-16.5,957.875,955.7,958.9,21.871,31.9,24
Maitri,2016-09-14,-13.129,-17.0,-10.6,962.475,958.1,965.6,28.171,40.7,24
Maitri,2016-09-15,-11.2,-12.1,-10.2,966.167,964.6,968.3,35.562,40.5,24
Maitri,2016-09-16,-9.075,-11.5,-5.9,972.354,967.2,976.3,34.067,41.8,24
Maitri,2016-09-17,-11.108,-16.0,-5.9,967.271,958.1,976.4,18.654,31.6,24
Maitri,2016-09-18,-9.942,-13.9,-7.4,967.008,960.5,971.6,32.575,39.6,24
Maitri,2016-09-19,-10.483,-11.7,-8.8,968.692,967.5,970.6,34.892,43.3,24
Maitri,2016-09-20,-13.2,-16.6,-10.7,966.258,964.5,967.1,24.567,32.7,24
Maitri,2016-09-21,-14.529,-17.8,-11.5,961.971,960.6,964.2,14.442,21.9,24
Maitri,2016-09-22,-15.021,-17.8,-13.5,965.204,962.0,968.6,21.775,29.3,24
Maitri,2016-09-23,-13.638,-18.9,-9.0,974.6,968.8,980.8,21.6,31.0,24
Maitri,2016-09-24,-18.683,-21.5,-13.9,985.421,981.3,987.4,15.0,19.6,24
Maitri,2016-09-25,-18.388,-20.9,-16.2,984.542,982.4,986.9,20.175,30.6,24
Maitri,2016-09-26,-16.329,-18.5,-14.8,980.712,979.6,982.0,28.146,34.6,24
Maitri,2016-09-27,-13.588,-15.5,-10.0,982.408,980.8,983.1,23.238,32.1,24
Maitri,2016-09-28,-15.325,-18.9,-11.6,980.192,976.8,982.7,18.129,30.5,24
Maitri,2016-09-29,-18.725,-24.2,-15.1,978.238,976.8,979.4,13.733,17.5,24
Maitri,2016-09-30,-14.838,-19.0,-12.4,976.142,974.5,979.3,23.742,29.5,24
Maitri,2016-10-01,-12.567,-14.1,-11.0,980.233,978.5,981.4,32.3,46.1,24
Maitri,2016-10-02,-10.196,-12.4,-8.5,972.412,965.8,978.2,43.446,50.4,24
Maitri,2016-10-03,-10.487,-13.5,-8.8,963.762,962.2,965.6,21.879,34.6,24
Maitri,2016-10-04,-14.962,-19.4,-11.5,966.863,965.4,968.1,19.175,25.4,24
Maitri,2016-10-05,-13.562,-18.5,-6.4,961.692,956.1,965.7,18.221,28.2,24
Maitri,2016-10-06,-6.079,-7.9,-4.9,952.363,950.6,955.3,28.079,40.6,24
Maitri,2016-10-07,-9.521,-11.3,-8.5,959.696,954.2,968.3,37.367,46.7,24
Maitri,2016-10-08,-9.679,-11.2,-7.5,968.083,965.7,969.8,29.046,37.5,24
Maitri,2016-10-09,-7.129,-11.1,-4.6,964.208,962.6,966.4,27.542,32.9,24
Maitri,2016-10-10,-6.492,-8.2,-4.8,959.704,958.4,962.5,23.854,32.9,24
Maitri,2016-10-11,-9.875,-13.9,-7.1,959.604,956.1,961.4,21.629,32.3,24
Maitri,2016-10-12,-9.812,-14.8,-5.2,946.254,941.3,955.1,24.7,32.7,24
Maitri,2016-10-13,-7.821,-11.7,-5.9,960.863,949.2,969.9,33.1,40.0,24
Maitri,2016-10-14,-10.987,-14.3,-7.2,971.075,970.1,972.0,25.092,34.9,24
Maitri,2016-10-15,-13.621,-15.4,-11.7,968.238,964.5,972.1,26.433,34.2,24
Maitri,2016-10-16,-12.95,-15.1,-11.2,964.05,963.1,964.7,36.425,46.1,24
Maitri,2016-10-17,-9.217,-12.9,-5.6,951.721,942.3,962.5,47.225,53.9,24
Maitri,2016-10-18,-4.138,-5.8,-2.6,941.3,939.6,945.1,35.137,42.4,24
Maitri,2016-10-19,-4.992,-6.5,-3.5,955.642,945.6,961.4,35.008,41.8,24
Maitri,2016-10-20,-6.413,-7.2,-5.2,962.113,960.6,964.6,27.683,33.4,24
Maitri,2016-10-21,-8.242,-9.7,-6.8,958.658,956.4,960.5,31.317,39.8,24
Maitri,2016-10-22,-10.821,-11.5,-9.8,958.146,956.0,962.1,37.717,45.2,24
Maitri,2016-10-23,-10.854,-11.8,-9.7,963.008,961.3,965.0,31.133,37.5,24
Maitri,2016-10-24,-10.3,-11.4,-9.5,966.067,961.1,968.9,38.175,52.1,24
Maitri,2016-10-25,-7.946,-9.7,-7.1,963.192,957.1,970.1,36.796,56.6,24
Maitri,2016-10-26,-5.888,-8.8,-3.3,960.0,948.6,970.5,41.479,50.4,24
Maitri,2016-10-27,-6.262,-7.1,-5.3,951.421,948.4,954.4,39.567,46.0,24
Maitri,2016-10-28,-6.196,-7.2,-5.1,955.046,954.1,955.9,37.5,43.6,24
Maitri,2016-10-29,-7.208,-10.1,-4.2,953.854,951.5,954.9,33.3,42.4,24
Maitri,2016-10-30,-4.617,-10.7,-0.9,944.038,938.5,951.1,29.075,36.5,24
Maitri,2016-10-31,-3.617,-5.5,-1.6,953.217,942.8,968.6,35.571,50.3,24
Maitri,2016-11-01,-3.2,-6.4,-0.4,976.971,969.4,981.8,29.046,35.9,24
Maitri,2016-11-02,-4.825,-7.9,-1.5,979.058,976.3,981.2,23.696,33.3,24
Maitri,2016-11-03,-3.829,-6.9,0.0,973.221,971.2,976.2,23.012,28.4,24
Maitri,2016-11-04,-2.642,-5.2,-0.1,975.346,971.2,977.8,25.938,32.8,24
Maitri,2016-11-05,-0.871,-3.0,1.9,968.9,965.1,972.2,28.312,36.7,24
Maitri,2016-11-06,-5.221,-7.3,-3.7,966.9,965.5,968.1,32.867,43.0,24
Maitri,2016-11-07,-6.75,-8.3,-5.3,968.688,966.7,970.1,27.271,33.8,24
Maitri,2016-11-08,-6.221,-7.5,-5.1,965.838,965.0,966.9,24.004,27.7,24
Maitri,2016-11-09,-5.554,-7.2,-4.1,972.625,967.0,978.7,23.9,27.1,24
Maitri,2016-11-10,-2.846,-6.3,0.4,977.004,973.4,980.2,20.975,29.2,24
Maitri,2016-11-11,-6.425,-9.8,-4.0,980.454,974.9,984.1,15.438,21.8,24
Maitri,2016-11-12,-2.142,-10.4,2.7,983.917,983.3,985.2,13.229,23.8,24
Maitri,2016-11-13,-0.479,-4.0,3.3,986.742,985.8,988.0,19.508,30.9,24
Maitri,2016-11-14,-2.712,-5.5,-1.3,987.971,985.7,989.5,26.542,34.1,24
Maitri,2016-11-15,-2.417,-4.4,0.4,985.508,984.0,987.4,22.104,30.2,24
Maitri,2016-11-16,-1.408,-4.8,1.7,985.996,982.6,987.7,16.312,25.3,24
Maitri,2016-11-17,-1.688,-3.2,-0.1,976.446,973.5,982.2,22.483,31.2,24
Maitri,2016-11-18,-1.95,-4.0,-0.7,975.283,973.5,976.2,20.508,31.3,24
Maitri,2016-11-19,-1.938,-4.6,0.5,976.179,975.1,977.3,18.396,30.2,24
Maitri,2016-11-20,-3.083,-6.1,0.0,975.946,972.8,977.4,19.05,26.5,24
Maitri,2016-11-21,-2.704,-6.2,-0.3,972.092,971.1,973.0,19.088,25.7,24
Maitri,2016-11-22,-3.117,-6.9,0.0,971.742,970.9,973.0,18.25,28.9,24
Maitri,2016-11-23,-3.854,-6.8,-0.6,970.6,969.8,971.2,20.883,32.0,24
Maitri,2016-11-24,-7.196,-8.9,-4.5,973.342,970.2,974.8,14.85,20.9,24
Maitri,2016-11-25,-6.35,-9.5,-2.8,973.867,972.5,974.8,17.792,22.9,24
Maitri,2016-11-26,-6.483,-8.6,-5.4,973.279,972.0,975.0,15.579,21.8,24
Maitri,2016-11-27,-4.075,-8.1,0.2,975.775,974.9,976.6,17.892,23.3,24
Maitri,2016-11-28,-4.488,-8.3,0.1,974.633,972.5,976.1,15.142,25.6,24
Maitri,2016-11-29,-2.012,-8.0,2.6,971.408,970.6,972.3,15.475,22.5,24
Maitri,2016-11-30,-0.208,-5.4,3.8,970.738,969.7,971.6,19.071,28.1,24
Maitri,2016-12-01,1.571,-1.8,4.1,975.083,971.0,979.5,23.892,30.1,24
Maitri,2016-12-02,0.904,-1.5,1.9,976.425,974.4,979.1,21.3,27.8,24
Maitri,2016-12-03,1.588,-1.8,4.5,976.35,974.8,977.7,19.158,25.6,24
Maitri,2016-12-04,2.429,0.7,4.0,973.621,972.5,974.6,17.008,27.6,24
Maitri,2016-12-05,1.717,-0.4,4.3,975.871,973.9,976.8,20.025,27.4,24
Maitri,2016-12-06,0.746,-2.1,4.7,972.4,969.8,975.7,20.238,31.1,24
Maitri,2016-12-07,-0.642,-1.7,1.3,970.996,969.7,972.4,22.088,27.5,24
Maitri,2016-12-08,-0.008,-2.1,2.7,972.454,971.6,973.0,18.05,24.9,24
Maitri,2016-12-09,0.612,-2.4,3.1,970.433,969.3,972.1,13.117,22.9,24
Maitri,2016-12-10,1.754,-1.7,5.2,971.525,969.7,972.4,17.896,26.5,24
Maitri,2016-12-11,0.388,-2.0,3.6,972.825,972.1,973.6,12.854,16.0,24
Maitri,2016-12-12,1.546,-2.2,4.3,976.088,973.5,977.8,14.317,19.8,24
Maitri,2016-12-13,3.179,-1.5,6.2,976.858,976.0,977.5,17.946,26.8,24
Maitri,2016-12-14,2.833,0.5,5.6,975.525,975.1,976.2,22.029,32.0,24
Maitri,2016-12-15,1.817,-0.6,4.9,978.908,976.1,980.6,23.463,30.8,24
Maitri,2016-12-16,1.567,-0.2,4.0,978.338,975.2,980.1,23.358,33.5,24
Maitri,2016-12-17,1.325,-2.0,4.5,974.975,973.9,975.9,20.829,30.5,24
Maitri,2016-12-18,1.379,-0.8,4.0,977.725,976.2,978.7,19.575,23.2,24
Maitri,2016-12-19,1.238,-0.3,3.5,978.408,977.9,978.8,18.715,22.3,13
